true_cbf,pred_cbf,true_att,pred_att
1.1564991,6.2420654,1.6202266,2.0819097
73.55399,76.09093,1.8552415,1.8806906
59.37541,64.03583,2.4530916,2.426384
61.17423,56.5994,0.72118753,0.995145
2.896089,2.3166466,2.7908807,1.8503073
11.967427,7.7870255,2.597155,2.1353264
94.41376,95.42352,1.9351194,1.9524517
83.955055,85.33896,2.3883455,2.4341967
28.165813,25.702908,1.0239103,1.0801827
54.907738,59.470642,1.3870697,1.0002718
52.51123,54.47951,0.75166035,0.9927486
93.25665,90.15554,2.6132135,2.540557
9.6157675,9.530636,2.0584385,2.0538535
87.826935,92.27478,1.2999678,1.2194268
20.596333,19.71849,2.449647,2.1828866
30.734447,30.323069,1.7288402,1.6640178
93.967705,92.90831,2.3831615,2.3262427
56.268063,58.056686,1.9631112,2.0428195
2.9409993,7.248577,2.9450214,1.3003147
93.07967,93.35878,1.3127618,1.268206
72.52924,66.88113,2.1163487,1.946248
81.54141,85.77092,2.0207484,2.0553532
5.832674,4.5487137,2.5024107,2.6123927
26.003447,22.659048,0.5084481,1.129797
36.687057,38.04524,1.9460654,1.8880993
78.19421,78.75111,2.2366908,2.2364168
4.183142,8.991337,2.008609,1.3248644
92.73199,88.75877,0.71251863,0.94021755
19.872602,20.330822,1.7840109,2.0152218
88.32245,90.37341,2.5005498,2.5330377
16.298937,15.151344,1.9988707,2.0886416
23.794207,23.363903,1.1561805,1.4305177
75.760796,79.15956,0.8717549,0.8365365
72.34029,76.108826,2.2822287,2.3065157
80.43078,88.30643,1.4367347,1.0925565
25.74639,23.598837,2.2506866,2.2083774
79.96995,84.857285,1.608909,1.2007583
36.19346,34.707874,1.0336478,1.0067018
81.76641,82.227905,2.2949588,2.2898366
82.41607,85.3141,0.9795279,0.80971014
94.90578,91.14804,1.3379858,1.3292891
10.267626,16.238266,1.6781133,1.2582484
9.773277,6.17725,0.88601375,1.7283567
98.06707,90.502594,1.047137,1.2718012
93.66888,90.29405,0.9650566,1.0755954
43.50308,42.152615,0.94105285,1.0136245
84.11336,88.780365,2.578543,2.5989382
96.390114,90.5216,0.7712285,1.0654011
28.919245,30.90163,1.4375579,1.0578669
89.746284,90.213356,1.0610763,1.0693243
13.314322,13.978203,1.917766,1.9420469
67.4617,67.396484,2.7800944,2.7867618
19.393707,22.811075,2.0442998,1.5374779
66.01165,65.498634,2.2085917,2.173962
42.921432,40.460396,2.877579,2.8133583
10.753798,8.12022,2.6335385,1.6762964
53.179943,53.164284,2.4442198,2.4384656
10.654949,11.074734,1.0652405,1.1404612
83.121124,81.791046,2.9613404,2.9362211
80.81221,82.090576,2.57672,2.5810394
52.94199,53.751434,1.9591739,1.9522401
64.50952,72.32092,1.7179115,1.2006059
42.6538,37.872253,0.7855216,1.0078111
73.905594,67.44499,1.9688736,1.9442474
26.968044,23.834406,0.6750607,1.1292365
4.9019513,5.002598,0.84778094,0.9924636
96.17719,96.818855,1.4975691,1.4933696
10.678392,17.758495,1.7423776,2.2429395
85.431656,91.11903,1.4966351,1.6404947
93.87466,92.78524,2.5914419,2.569184
85.39487,83.54841,2.5644042,2.549543
87.09184,91.865204,2.903043,2.9055488
51.750446,52.518406,1.4583015,0.9894352
41.52793,36.033398,0.8216476,1.1495897
21.559685,18.707172,2.2186258,2.2565827
52.85416,48.479847,0.5261534,0.9620001
71.79351,73.51094,1.7490262,1.6830463
75.848175,69.22837,0.50871724,0.8556104
76.64305,80.32968,2.5520117,2.6154873
43.862003,43.39782,2.732912,2.7279363
87.89865,87.14363,1.7186291,1.7414362
51.139427,52.30847,2.2556686,2.269651
87.80268,90.88352,2.7322395,2.7632804
66.777115,69.87101,2.5468173,2.438706
31.383514,28.993694,0.80339783,1.0511336
45.48025,41.154804,0.7706972,1.1060457
50.65087,50.704754,2.7582147,2.6640584
54.00662,58.846004,2.9019563,2.933475
97.457504,97.96433,2.198091,2.2925491
96.179985,98.33292,1.2926443,1.484204
86.607635,87.29053,1.7825813,1.7884728
24.007154,29.520176,1.9396844,1.923922
36.196495,38.87307,2.521017,2.6207275
17.858456,16.197117,0.91560555,1.1749837
94.235535,95.69429,1.4524446,1.3949385
87.82389,87.94387,1.8413343,1.8003138
50.918068,56.336895,2.4317653,2.825678
23.185133,21.905558,2.0412405,1.997692
67.71025,70.51959,1.0952113,0.9298906
29.828793,31.811237,1.585529,1.6220871
15.486176,9.006237,2.189249,1.8846422
80.0271,88.5121,1.4975317,0.97523725
80.3338,88.14093,1.2777627,0.8983725
31.30297,28.095972,1.0733961,1.0610328
59.766438,61.083145,1.7203653,1.6501107
60.598904,56.61162,1.85352,1.7396877
68.20124,62.921528,2.2613087,2.135531
18.497128,17.59399,2.5378468,2.4838333
6.198287,9.737854,2.6421251,2.4847293
16.234707,16.188,1.203302,1.1100562
83.95667,84.730194,0.67285305,0.81474733
27.651884,28.074867,1.6691895,1.3443755
6.6064234,6.668236,0.7079763,0.92847687
88.26891,93.24681,1.3406334,1.2876778
19.214762,9.153091,2.9214606,2.614867
92.97417,93.459435,2.0588186,2.03125
48.97667,42.466255,0.69477975,1.016192
74.25128,77.406654,0.89881414,0.84519625
73.679955,73.477844,2.877337,2.9399552
74.92188,75.794426,2.5918376,2.5960302
5.8864717,6.2647324,1.5937406,1.2862096
57.17945,56.268497,2.6138606,2.6013608
75.89088,87.1452,1.4387186,0.8558543
21.787157,19.89828,1.6935046,1.2110245
28.062372,27.363203,0.72561723,2.1383421
19.05794,18.422575,1.8127728,1.6806208
20.467367,28.06393,1.3516262,1.5950602
71.867714,86.109985,1.4596211,0.8209607
77.11243,77.754135,2.3077428,2.3454432
48.988987,41.46846,2.991315,2.5237155
74.95481,79.50255,0.78760993,0.76258326
77.66248,79.19266,0.7620501,0.8179436
81.143166,78.13389,2.1678572,2.1181803
83.62321,91.62106,1.4916635,1.1432321
24.813566,23.901356,0.87630737,1.5502553
42.129578,43.583744,1.1272639,1.0066159
58.21199,60.585873,1.8145651,1.8340447
7.244636,6.4269753,0.5297368,0.96345335
20.755894,20.294077,1.699605,1.582106
71.235664,71.86112,1.8600869,1.8484861
58.932606,58.896576,2.074932,2.098116
48.64652,51.13694,1.7233429,1.7646575
95.586685,97.41207,2.4957554,2.538248
25.529839,26.071514,1.1126027,1.1106083
16.473595,20.386637,1.7521595,1.9993806
60.799477,62.97043,2.9374795,2.9059253
62.803734,55.710564,0.6127997,1.5706471
36.444733,32.949196,0.7952227,0.94572544
68.15133,68.94989,2.8110275,2.8307204
89.824745,90.83006,1.2587554,1.2247698
5.7149153,3.6038094,2.8148024,2.607295
52.496967,56.67303,1.6615473,1.1048546
51.729286,54.89744,1.8158448,1.86508
73.68811,83.06232,1.1989939,0.7861325
0.37860036,5.2707825,2.8565218,1.9257928
69.924515,72.71236,1.7320733,1.7130443
21.389,22.126476,1.2809556,1.2008638
59.285023,65.346565,1.0967926,0.97636026
53.401157,50.548737,0.8545707,1.028563
45.134987,42.059437,0.6919237,0.9875246
75.36082,88.14442,2.5386343,2.6835675
30.645334,39.607826,1.4315745,1.0532677
73.42469,66.99319,0.6152476,0.92318994
42.129105,45.32801,2.0069952,2.1501868
16.500195,15.8476715,1.4893175,1.0457902
4.5026264,6.2846375,1.1380187,1.2234747
13.197831,12.903103,2.830591,2.7930367
9.940635,13.168453,1.8106835,1.6587863
85.646965,91.955086,1.2094373,1.1310846
21.466055,19.945688,1.5355095,1.0497463
36.582764,31.121222,0.6558944,0.9948756
87.00906,86.82428,2.5563083,2.5596714
92.320885,91.02221,2.8222759,2.8071132
1.0683336,6.610569,2.1655972,2.1341624
4.7318144,2.7187538,2.610673,1.8400682
62.23796,62.201397,2.0206876,2.0164702
94.51771,93.71211,1.2179434,1.2964915
26.531357,25.06295,2.2754948,2.2286315
45.621315,38.109657,2.7508943,2.484314
96.15268,88.72237,0.60001117,0.92145777
79.6112,68.583015,0.6562438,1.7204757
10.250744,13.024429,0.81260383,1.2820697
77.46681,75.20192,2.370797,2.3131015
92.16413,93.936874,2.2701824,2.2663972
95.16798,97.15578,2.4957972,2.544596
9.682482,13.538471,0.5078425,1.3487406
10.883847,14.490505,1.0071524,1.3564274
29.964195,36.308147,2.320295,2.3891082
74.73112,77.45796,1.8486928,1.8394312
69.37862,69.08158,2.594845,2.6505404
75.42966,80.40394,1.6106777,1.5992341
91.64866,91.81802,1.1819955,1.1202834
82.48093,82.952515,2.834479,2.8330626
51.386757,46.31613,0.5783402,0.9873116
91.08684,92.407684,2.135118,2.1871665
53.948864,57.460033,1.5302513,1.0353769
13.01172,16.54932,0.68810606,0.98185945
10.967068,10.026123,1.8235737,1.1794069
36.677444,35.12407,2.5644033,2.5213752
55.017937,51.649742,2.3942566,2.3127222
58.975094,59.15146,1.8856683,1.889352
97.31558,94.567024,1.240858,1.3286064
21.018044,17.85823,0.645953,1.6596869
56.76434,57.816654,1.9380455,1.962659
70.00593,73.81898,2.0209098,1.998795
16.533228,12.191647,1.3000058,1.8493371
15.364513,11.754738,2.1091487,1.9814744
66.98171,69.90796,2.2297869,2.298543
41.7859,39.647186,0.7936103,0.9805248
91.252464,87.021484,2.6256666,2.5537672
73.01671,77.10415,2.4017234,2.5512304
91.67075,92.77292,1.6434519,1.496353
7.997511,6.4671516,2.8552823,2.7590523
26.295673,22.460781,2.5856087,2.5394816
33.348286,30.647339,1.8730717,1.824496
23.647375,23.779442,1.0697732,1.8594054
27.078426,29.9793,2.4656172,2.5384026
92.481674,88.98694,2.063777,1.9633368
26.680752,26.233555,2.059348,2.0412495
46.641598,35.688885,2.8350127,2.6920166
6.443882,9.363823,1.4178624,1.5805564
62.824577,68.32528,0.921603,0.87745476
50.77855,48.815125,2.5394015,2.504122
75.01011,75.271996,2.4027655,2.4111435
45.63601,50.248512,2.2026606,2.1821966
26.275778,29.663805,1.5621272,1.0146708
44.214016,47.316418,2.85087,2.81609
51.426327,56.756386,2.512057,2.491162
63.49664,68.62668,1.3973517,0.93695974
96.865234,94.421875,1.7229548,1.669588
34.35354,36.328403,0.8725081,1.0468006
87.67442,85.567276,2.7831955,2.7847013
97.610275,92.13319,0.90224105,1.1723453
47.6394,48.396194,1.791494,1.823735
80.68792,84.28699,1.9019023,1.9823892
36.091522,36.61902,2.152435,2.1108947
47.15958,50.002357,1.3104767,1.002518
68.30726,74.723114,1.2070272,0.8811144
12.534798,9.14365,1.9251162,2.0806346
48.063995,46.20636,2.470701,2.4485993
92.881035,91.908905,2.9782584,2.9710271
75.182655,74.23088,1.8926662,1.8772897
21.396154,11.463211,1.8698196,1.2996755
0.9991323,0.86018753,1.0303571,1.8229775
17.969002,20.037151,1.8679088,1.7454209
36.77564,34.642345,0.8240281,1.0209434
45.103935,36.218025,0.6007624,0.96870935
35.126373,40.355366,2.4738994,2.5819333
85.04482,91.08809,1.471882,1.5830555
34.783398,36.794044,1.3278381,1.0182325
76.79357,71.82213,2.9327068,2.880731
67.17524,63.440384,0.6866307,0.9344337
48.720398,46.90871,1.843502,1.8574048
2.6100123,2.6322556,1.2016453,1.8082758
11.277007,11.311882,1.832968,1.6626724
13.347136,11.790226,2.6565845,2.5545416
82.50369,86.77313,0.97071266,0.835329
71.31824,74.07744,1.6536545,1.5011308
14.837451,16.672077,2.1351995,2.0679913
32.20521,19.575819,2.9286873,2.4694252
0.9898234,5.095112,1.0913408,1.3817158
94.26573,94.07045,2.9255724,2.9436457
41.983185,41.08503,2.288504,2.2622223
99.26657,99.519806,1.6077456,1.5829198
34.27042,32.47861,2.136644,1.9779803
54.18697,53.875336,1.8232731,1.7957504
2.8524575,6.8491325,1.4256614,1.283622
14.902584,16.090965,2.1743457,1.7175076
38.81034,37.913513,2.131884,1.8553154
56.213005,54.762157,1.9697005,1.9562498
34.72839,33.436096,1.2107751,0.9757966
60.353844,61.49595,1.0696914,0.99940574
31.813677,31.344326,2.507702,2.4871137
71.04074,74.924255,2.1006713,2.1221898
23.603062,22.632153,1.2355934,1.3416138
26.200209,14.253357,2.9700186,2.8200698
35.587025,20.01434,2.3699899,1.234223
85.66999,85.90844,2.2344484,2.2379737
68.02753,66.80309,2.4001672,2.309701
37.244595,47.08583,1.2397777,0.9533939
8.330697,5.498749,0.97058904,1.5955722
80.55401,90.43303,1.5081878,1.0876336
49.993114,41.96273,0.60427856,1.0301969
51.343403,52.489826,1.6913912,1.6968145
0.53719044,6.049553,1.2089454,2.0727913
16.188526,18.419916,0.6838234,2.3935976
90.27898,86.234604,2.118576,2.0690742
52.414627,50.92086,0.7849789,0.96317923
29.643051,28.000555,1.570397,1.0555472
68.11347,80.06645,1.5156368,0.81379604
94.5656,95.25528,1.5756285,1.5118663
18.879974,13.913017,2.1575756,1.367517
59.641132,60.77419,1.6878767,1.6891676
76.239365,77.59292,2.4939644,2.5011675
20.071867,17.534885,0.80804837,1.0311874
16.406254,18.81617,1.6422614,1.0508575
30.849749,35.281696,1.3665671,1.0149155
54.7618,66.89194,2.5889604,2.7800746
69.19627,66.72618,2.7730196,2.6831155
36.644382,37.47232,1.1907445,1.0410477
58.946644,58.201088,1.6277851,1.6463301
34.992508,30.577028,0.78549093,0.94214845
86.72653,89.988716,1.1630033,1.0813389
94.50352,95.288414,2.9267993,2.8925288
80.74446,84.26594,2.7552917,2.7941594
8.3077135,6.6980934,2.4649384,2.4328291
96.81853,97.368835,2.462615,2.4574566
41.219883,56.03641,2.9006248,2.8293695
20.168884,22.443815,1.5298887,1.0780003
2.7278476,2.100422,2.3447018,1.5767652
43.597004,51.02036,2.2957873,2.423325
66.52635,68.05819,2.2012153,2.202097
26.282547,14.81358,0.90457743,1.383537
31.646168,30.743969,1.1140543,1.0569727
3.66453,12.657997,1.3001022,2.3407469
71.49353,69.11217,1.7293471,1.7224771
57.2579,54.07145,2.1813252,2.115678
88.70292,88.40633,1.9107451,1.9095936
10.441482,6.5978622,2.3194163,2.224558
16.624386,24.904846,1.5999205,1.9739014
61.225662,64.996,2.0305748,1.9749464
9.403685,6.86425,2.9946153,1.3928542
29.849754,29.25719,1.7483562,1.6973242
54.219025,53.28866,1.0664129,0.9832463
92.11451,91.42269,1.0422839,1.2670281
88.15794,94.616,2.4959714,2.5215788
34.195976,29.147097,2.660874,2.4840117
53.473534,54.82994,1.3532126,1.0207686
39.103436,38.653328,2.183093,2.105421
31.295784,39.543755,1.9204273,2.0972013
43.294704,43.536636,1.716691,1.6990668
15.526379,7.4098015,2.6693459,2.328275
54.32555,51.81555,1.918501,1.9684256
27.328043,29.059408,0.5434654,0.9983439
34.88353,37.82817,1.5117004,0.9815007
7.921836,7.60894,2.4824452,2.1666749
14.222381,10.782219,2.6940722,1.2479837
77.836716,78.81235,2.2375038,2.3740237
97.59194,96.93811,2.0976372,2.0907893
47.170647,61.460606,2.6569307,2.7336173
34.956234,27.095736,2.6587348,2.2803779
37.494713,37.597748,1.311051,0.9715787
21.431366,18.319025,0.60275275,1.1362145
32.088455,34.45785,1.2285872,0.94524044
0.72792786,4.317993,2.4249191,2.143687
72.92871,63.38465,2.9608853,2.8835418
14.688405,19.22658,1.5949117,1.1095469
68.10662,66.37826,0.8883184,0.9606718
5.509812,2.9754982,2.616904,1.2688371
73.95746,83.46823,1.2724633,0.7826659
55.68685,65.62943,2.5153131,2.5665257
33.381668,32.61927,2.4956334,2.4324656
70.00829,70.54971,2.3222022,2.3234978
31.10259,41.309067,1.6346956,1.9807397
57.87446,57.033897,1.0867163,1.0949775
20.797222,20.734968,1.2871482,1.0967357
83.61673,84.47715,1.9586416,1.8577877
38.185196,43.134663,1.5436864,0.95364
89.97632,94.72887,1.4398214,1.351677
0.24846457,2.8788414,1.7169392,2.296168
36.407196,40.107372,1.517993,1.0063558
89.93218,90.93122,1.1401181,1.182483
36.953632,39.999603,1.3111329,0.9899056
52.72591,58.14312,1.5442994,1.0209565
39.646202,35.675987,0.7327398,1.0038908
3.743795,7.8733788,1.6591842,1.8646928
77.55346,88.15548,1.4732057,0.9007437
59.65764,59.047325,2.844626,2.7816055
73.728874,74.261826,0.8918954,0.85668766
96.45748,89.822975,0.6095304,1.0205913
87.810165,84.02577,2.179066,2.1707988
22.606218,16.651573,2.3693159,2.378212
67.77426,68.064545,1.8797263,1.868159
18.882767,20.617868,1.1990023,1.0647868
76.3489,76.7471,2.2482507,2.2456307
44.157696,43.80648,1.7202333,1.7046374
63.366196,57.290146,0.60792273,1.0422606
5.702939,8.401188,2.1501565,1.1647753
16.143417,8.788509,2.715821,2.1572325
88.58686,90.64441,2.4785285,2.485274
96.30836,95.37364,1.5179954,1.3697367
19.336052,18.21364,1.8381727,1.29712
75.833046,79.75621,1.7609043,1.5912385
92.327095,97.239105,2.2312775,2.2759445
81.396,81.86994,2.585157,2.5825262
91.656204,92.81215,1.7990589,1.7941898
63.52174,59.70613,0.7015235,1.0234592
88.94477,89.94432,2.8987646,2.900384
55.35255,62.086098,1.6329079,1.3464179
95.8466,93.371086,1.0498403,1.2371991
85.562164,85.54523,2.1074836,2.1073563
72.01107,68.24134,2.433245,2.355282
1.5845952,2.5942192,1.1353033,1.4182104
49.989403,45.70449,0.7183361,0.9436698
33.13979,31.092842,2.9173245,2.9733763
33.249485,29.410124,1.9587662,1.7459838
93.93951,93.877014,2.5446599,2.5492072
9.004101,10.331875,2.1312137,1.5223441
2.6163087,12.96294,0.9818977,2.4992807
90.5867,90.36903,2.3159468,2.3218133
90.09996,86.16818,0.81380653,0.93974614
76.25215,81.82359,2.8002508,2.8714695
9.514802,10.871994,2.5553472,2.6152031
9.599992,3.6812363,2.7663808,2.351799
33.24642,34.57773,2.1281703,2.06107
56.664154,54.96449,2.9842873,2.9391212
7.121491,13.329144,0.8240011,2.398972
98.81225,97.171425,1.9928339,2.1020436
3.3147123,3.3909721,2.4833255,2.3910668
83.233185,90.2118,1.3358973,0.99371237
71.9145,70.54223,2.3352695,2.3165984
90.26628,93.097176,2.770984,2.7763462
8.533199,16.889603,2.235576,2.4238029
45.269196,42.786564,0.87044007,0.98877573
70.8833,77.94862,1.1875584,0.8271724
30.699266,30.756365,2.0390022,1.9618
48.54675,56.81821,1.2475113,0.9710598
0.5684461,10.399025,1.1105406,2.1335473
84.40688,87.62753,1.7366271,1.1892787
74.73182,80.4023,1.1487893,0.7973579
24.604729,24.017176,0.79265,1.0391747
7.970234,12.699684,2.22541,2.2601407
13.157235,11.961098,0.7867306,1.6963903
72.18451,58.34146,2.9566996,2.9350028
17.079025,17.662022,1.5610005,1.0545866
31.470383,39.677612,1.0431682,1.0111797
50.760357,47.36315,0.76818496,1.0233133
85.19972,85.01614,2.1888134,2.205816
23.048183,22.4368,0.87338614,1.6276039
36.99195,33.38831,0.73160577,1.0779226
99.00342,98.1519,1.9540461,1.9588425
30.343552,34.478924,0.93813634,1.2533913
25.034237,23.78501,1.7312305,1.639582
42.92831,44.799488,2.3381963,2.4035819
17.31805,22.33931,2.2577293,2.1402879
1.358529,2.826313,1.0627612,1.9412416
78.79255,74.48777,1.8391721,1.7834897
98.799385,98.453064,1.9523638,1.9523795
8.756656,7.930626,0.50961787,1.5029337
3.0448966,2.9279099,0.59447074,1.356298
71.05923,65.32439,0.53638744,0.95308006
2.635191,2.6365166,2.9559429,2.197837
0.7342987,11.003651,2.154939,2.0692084
85.34398,89.73563,1.489933,0.95871973
74.79807,74.59592,2.1373384,2.1431623
2.0315528,4.0307198,1.5989741,1.9839067
37.951984,34.528378,1.9266977,1.9882555
29.702019,27.444193,0.8297251,1.1011385
62.328983,73.22766,1.5511854,0.98137826
4.377349,8.145279,2.3619142,1.9928843
9.772888,7.457489,0.9353583,2.2130141
48.36147,42.452503,0.756216,1.0123644
90.734,93.95747,1.4159182,1.284096
22.661678,30.396883,1.5060282,1.1355435
12.073208,11.810509,0.92733175,1.0428674
89.14872,90.51207,1.8161987,1.8205371
79.89067,85.896545,1.1392394,0.81121325
48.120804,45.230686,2.6693082,2.6819723
9.194447,6.031784,2.6773872,2.1685877
82.46195,85.006836,1.608634,1.3068496
30.47626,39.60599,2.7079287,2.7881608
13.765035,12.200153,1.8165703,2.2478986
12.643588,20.55863,1.5629631,1.9172739
10.439342,12.041016,1.6856195,1.4783185
37.683525,35.438828,1.8974043,1.9916321
23.009905,19.896212,1.9155291,1.3602308
46.050068,61.412987,2.2952693,2.5562973
5.990454,6.438755,1.500789,1.5627955
69.73887,62.962437,0.682105,0.96981996
54.418056,58.493935,2.2479682,2.2360966
64.53064,58.352013,0.6432245,1.0695627
78.20043,70.12832,0.6162579,1.1525264
35.159737,55.4524,2.921873,2.8040059
20.234661,20.69202,1.4522209,1.6970173
43.882847,45.422104,2.015276,1.9980373
89.41287,87.301056,1.6642001,1.6791887
70.95884,71.95035,1.7899481,1.7907429
14.333907,16.722885,1.5945004,1.055558
56.285152,57.848373,1.6545893,1.5043746
0.41890305,8.143723,1.4314827,2.6177363
23.119844,18.51019,2.3382816,2.0407145
86.363754,85.59727,2.4912798,2.4854267
47.926964,41.613132,2.3058865,2.2775965
90.890625,96.52217,2.7451572,2.7636037
4.243392,11.853638,2.380099,2.3576698
56.49879,56.569656,2.472187,2.4783978
87.872574,86.46748,2.1103706,2.088077
83.54414,77.04204,0.57186174,0.8548434
53.176777,49.76078,0.7589089,0.99805564
65.92372,64.9196,1.0810366,0.97576135
1.4665345,3.911789,1.5483468,2.2842445
18.21375,19.722889,0.75389457,1.7444553
50.71589,61.85767,2.9689727,2.9252176
55.79191,57.648705,2.3121378,2.331421
59.04871,63.52239,0.8189596,0.947582
84.003105,89.64113,1.5890169,1.5074238
0.43064547,5.023323,1.3659861,2.0881371
35.11862,29.102993,2.489187,2.2787743
34.979286,39.252,1.7338101,1.9782059
61.309784,63.631588,1.073642,0.9555559
31.781664,31.266499,1.3201948,1.1388508
62.89039,63.80657,1.0333865,0.96192104
49.590816,49.64407,0.92073256,0.9435144
9.646186,7.77129,1.6672083,1.1552107
57.401913,51.678844,2.518856,2.4310257
43.538784,48.501297,2.4858916,2.641718
89.82379,89.27681,2.0861135,2.07301
89.38277,91.04698,1.1599675,1.0928227
93.04174,97.20418,1.6844119,1.7323341
97.62519,96.368034,2.5770595,2.5979826
90.78243,97.216064,1.9651396,2.0152116
21.929848,20.744339,1.8541465,1.7478437
24.54394,23.433683,1.2690681,1.3348908
66.5471,78.06441,2.5359023,2.623689
21.955435,20.054626,2.150336,2.0093412
2.231728,18.171501,0.66334313,2.76965
20.867603,24.442213,0.6111781,1.8316913
59.676487,61.797813,2.148569,2.1987886
37.302216,38.859653,1.2932936,1.1641455
63.456436,77.98178,2.8058152,2.9230833
22.921091,19.788326,1.7216634,1.5822821
93.43605,93.33783,1.3028374,1.2195585
40.935295,40.27592,1.8895853,1.806191
75.95052,76.92884,1.7825084,1.7817941
77.13144,79.169914,1.6806039,1.6325239
69.39985,68.98889,1.7684418,1.1476902
69.48109,79.38319,1.2838244,0.80887526
95.54431,95.805786,1.9865204,1.9421916
93.064766,95.15468,2.1336432,2.123286
47.597324,45.68206,0.9005477,0.9919398
91.21463,87.68312,0.7670216,0.90091556
21.679495,24.672312,1.3780568,1.2037497
25.236376,23.259552,2.9620655,2.8729482
14.413846,8.718426,2.9614227,1.8333298
97.49684,98.12751,2.1058593,2.0784872
90.07251,89.53843,2.1803617,2.1948967
89.000656,91.54677,2.216628,2.2530215
95.128944,88.85451,0.78334564,1.2524235
18.455177,7.3583336,2.6217465,2.173071
62.519142,57.579468,0.8380864,1.2994839
2.2062652,2.5210266,2.5386539,2.1093805
4.3281794,13.727997,2.9906774,2.457214
38.111153,34.315536,2.4189534,2.520761
4.9515038,26.996351,1.4405649,2.792829
18.354038,12.776161,0.57554656,1.6727343
51.393368,55.307835,2.593679,2.6952786
6.897821,11.827915,1.1658299,1.6703491
49.229626,46.868805,2.0793016,1.9989372
13.545779,12.972782,1.9305842,1.8531866
98.4002,97.860435,1.7942501,1.782197
99.27187,91.20749,0.6266555,1.1461334
38.7686,26.261469,2.8383176,2.6327374
71.9514,61.978016,0.5034636,0.97955674
67.27629,67.162605,2.2919307,2.298379
85.67759,86.53793,0.86874974,0.8241966
23.754004,26.22836,1.8120205,1.8649669
77.07842,79.4293,1.9365358,2.011352
63.695168,62.80146,0.94750166,0.992456
68.995674,69.29463,2.8838162,2.887402
61.230278,63.424625,2.7321289,2.7580097
39.48551,42.825336,1.5319759,0.98813033
44.105675,44.30412,1.798597,1.686969
34.915127,31.74838,1.8257236,1.7987164
97.89176,91.70375,2.9257312,2.906528
87.40014,86.86418,2.511186,2.5193567
88.29591,86.72551,0.71883655,0.8344455
73.422356,72.40083,2.133923,2.100681
8.516971,7.629631,2.1436622,1.8403863
45.21561,44.19244,0.58871675,0.97230375
97.26581,99.06837,1.8908029,1.9316208
26.34226,25.732088,2.620457,2.3099196
7.151235,6.5040092,0.9715933,1.1136816
40.348312,41.40744,2.240174,2.184414
20.37158,20.536367,1.2850597,1.0198148
15.139806,17.36742,1.2141432,1.5359527
29.94508,33.074104,1.5026852,0.9720856
14.374505,16.113033,1.9633132,1.9643743
84.33425,88.13694,1.0898767,0.9011592
8.0211525,7.3892555,0.62830704,2.148815
70.45174,67.38619,1.9446244,1.8776423
4.8080316,9.794765,1.1329587,2.5141542
28.258133,27.785963,1.9647332,1.9135095
21.706438,15.969742,1.1878558,1.621989
10.944926,7.8121376,1.9436897,2.0062785
86.91622,87.51904,2.9886994,2.917605
90.40081,90.84305,2.3522134,2.353106
24.940763,23.41039,0.95020735,1.0138257
42.787956,42.47223,1.7327913,1.7246395
40.028255,33.245956,2.047646,1.6886487
62.479813,56.312866,0.6062005,0.9980007
95.25703,93.64143,1.8602911,1.9066639
3.221106,2.8816109,2.7081943,1.701755
95.03841,91.640884,2.0823994,2.0258853
45.879074,41.428917,1.2105117,1.3725575
69.28378,81.66636,1.2279408,0.79106385
29.52578,28.374418,1.3036397,1.0803556
65.47169,64.60227,2.2499197,2.1867907
61.84452,58.284447,0.81599605,0.95498806
55.615784,50.420525,0.5773905,1.7851343
9.9865465,7.1717453,1.7724496,2.3230422
79.91779,82.213776,0.7642549,0.80003905
51.14135,53.494907,2.8510203,2.8780892
49.66974,50.06607,2.5892432,2.5648508
91.24604,93.73912,2.1429465,2.2618942
74.3114,73.328285,2.4577172,2.4676948
17.34878,16.803543,1.9504058,2.069651
69.904076,77.502464,1.356807,1.5923966
50.276585,51.88834,2.500257,2.5212786
18.531902,17.774292,0.85230935,1.0747527
93.18168,92.1145,2.921926,2.8890495
89.1641,87.62999,2.2104547,2.2368398
35.441643,36.664757,1.6481622,0.98042244
78.08585,78.582245,2.2454743,2.1556828
91.20169,91.93034,1.5945858,1.4818347
7.9981194,6.514122,1.8542184,1.7826238
33.856197,37.53228,1.7902358,1.9382792
27.38636,24.665876,2.3358243,2.1874487
1.1359633,2.8178635,2.1523292,2.2491386
99.733635,97.33447,1.9625852,1.9608232
77.76118,81.81017,2.2083304,2.2655065
41.57482,42.186,1.0251603,1.0105329
44.469845,50.264027,2.8628721,2.7846646
53.298233,48.910965,1.9336346,1.7212621
13.538278,13.33083,1.009534,1.4271582
66.24426,71.78696,1.2061226,0.92377687
17.99183,17.51471,1.8436695,1.812457
10.648848,11.611065,1.3812443,1.0498941
19.11181,18.664335,2.0734184,2.026917
67.99238,59.67079,0.5501602,0.9740939
97.05981,96.333084,1.7570394,1.8030447
24.395338,23.918478,1.6489229,0.9836151
63.352436,70.63335,1.4144561,0.9640734
28.007883,24.492208,0.6401577,1.0536375
97.45041,97.58263,2.4221826,2.412469
76.30546,82.72114,1.0185015,0.78957206
62.209995,58.76374,0.94766957,0.9983064
86.57847,89.0291,2.507392,2.5188742
49.367283,54.54536,1.6567951,1.7291687
91.382774,89.90268,2.4825618,2.466601
56.919254,56.090317,2.4816158,2.4691873
62.41046,66.28053,1.6001886,1.5342506
64.28122,64.11693,2.1144893,2.1338444
56.51344,67.543015,2.9617717,3.0
72.93405,72.6965,1.8611094,1.912613
69.0391,61.482216,2.3584697,2.368146
73.35852,84.9911,1.4151771,0.79682934
39.003765,43.09349,1.5620631,1.0868565
24.080103,20.661789,1.1285046,1.790505
69.38189,74.58185,2.0405881,2.1094947
16.11173,13.529499,1.0181197,1.1205732
77.95725,75.97726,0.6939912,0.86098653
26.172623,17.25655,0.9906248,1.1916509
48.858433,55.90193,2.5526984,2.6273274
93.66982,94.82,2.5176778,2.5129862
93.07046,90.15704,2.3370998,2.341579
55.268627,55.860374,2.5379655,2.537476
87.251335,87.67552,2.0667577,2.0687234
22.327576,21.589987,1.5250348,1.1104331
23.520227,29.661608,2.600328,2.7365916
0.6118195,1.7000656,1.8329313,1.4653641
75.62564,76.5111,2.592471,2.6016715
45.122356,48.267166,2.9241154,2.8136284
31.012737,32.114212,1.582862,1.6107829
65.049995,67.63463,1.7467456,2.0142944
58.645416,61.779724,2.0678465,2.0795999
42.84053,41.674534,1.6137508,1.0230386
44.809284,46.390244,0.896356,0.97375464
29.729782,24.10992,0.63469034,1.0721326
35.779907,35.572956,2.8312037,2.7255714
42.11385,41.825592,2.2080343,2.187795
5.153609,9.231503,2.6701303,1.5344651
33.830013,38.020092,1.5189841,0.9853314
47.310543,48.99392,1.1747178,1.0079967
1.7777927,8.886097,2.8679476,1.9746261
30.381918,33.59949,1.4257084,1.0134465
97.216415,96.756195,1.7631071,1.7523654
33.616226,33.886955,1.9007012,1.8984144
95.27277,95.38397,1.7220829,1.7278894
24.699526,22.053667,1.3105241,1.055929
45.711803,41.444298,0.6566399,0.9626627
56.875202,65.1347,1.2694486,1.1192782
14.527498,12.900181,0.6538605,1.0446131
64.779625,64.5259,2.6589344,2.6331885
83.98813,85.431915,2.037268,2.0363245
17.52775,18.962667,1.1650897,1.3942646
93.53088,95.05516,1.951733,1.9427459
61.20624,56.908394,0.9053017,1.0209055
34.345936,32.981567,1.8225336,1.7591251
73.92318,80.29737,1.0092394,0.86637276
46.385033,49.64652,1.3626668,1.0331932
62.618954,65.744064,2.1960995,2.224801
48.775913,42.55509,0.7451163,1.560035
15.6775875,16.061401,2.2091217,1.3870264
5.205519,7.433693,1.509996,2.6927156
29.308159,7.2533073,2.955218,2.4143653
38.51809,53.276615,2.1017709,2.2723336
34.261852,38.781338,1.5014775,0.98768187
38.539158,47.249424,1.2924422,1.0431725
76.02588,78.563934,1.0079287,0.8006143
25.420824,29.38746,1.1326537,0.97799003
58.356598,55.676403,2.3590486,2.3193753
68.2546,66.46469,2.4427414,2.399763
74.83745,75.48958,2.754913,2.7620811
8.286895,6.4388504,2.7809784,2.549385
3.7241294,4.508999,1.8977762,1.7862552
79.15575,71.8676,2.380834,2.4321976
1.8371546,1.9032364,1.6684004,1.8102266
62.695347,61.626614,1.767895,1.7307243
24.22788,18.989109,0.880563,1.4293952
62.109734,61.08148,2.0323336,2.07626
8.343552,12.137081,2.532321,2.0785818
93.00886,91.336334,2.0121531,1.9850671
36.99996,37.5212,1.6632588,1.2596736
40.60654,45.151367,1.6815622,1.8157915
67.50016,68.19592,2.4116237,2.4302018
77.765594,75.18709,0.7519963,0.8429495
36.364075,29.887407,1.0142096,1.7031382
11.933653,7.7244987,2.598529,2.3848994
37.39078,41.620224,1.4797237,0.98551387
27.613153,28.397446,1.2076296,1.1423788
38.088978,38.38883,0.72010314,0.988
44.248146,47.736206,1.5849222,1.1081126
39.950356,35.63852,0.61491406,1.0192146
82.461075,81.666016,2.1795607,2.1542773
97.19715,95.56211,2.2898412,2.2757883
58.375988,60.721508,0.7992136,0.99531376
13.993321,12.830524,1.0798976,1.3196944
35.773952,35.042603,2.0724673,2.0414696
60.656353,65.47275,1.6099162,1.1190522
47.65493,46.91001,0.8892857,1.0355737
38.50944,35.625046,0.68104446,1.0400231
57.243313,68.099304,2.8279004,2.8494034
43.71867,43.804367,1.0625058,1.0025959
90.57717,94.1023,1.3995228,1.2819967
10.212112,6.0769997,2.8588727,2.5470166
20.740707,13.760513,2.338643,2.094349
51.434814,51.40827,1.6484175,1.6963147
26.026657,24.201897,1.4353158,0.97996694
75.12834,73.31828,0.77838624,0.88874376
89.34211,92.84425,2.8503845,2.8044543
27.856142,27.315313,2.6702666,2.7979236
90.334305,86.48837,1.7809983,1.7370768
95.67089,92.5549,2.854612,2.7831757
75.95204,73.72609,2.335132,2.1831179
43.183746,42.591408,1.717397,1.843467
88.42926,92.07701,1.4375589,1.1850357
28.71701,14.592846,2.3872895,2.0598955
48.2798,63.084957,2.4869168,2.638777
23.402987,15.560997,2.5689428,2.0969167
53.178394,50.215324,0.7999637,1.000782
50.598305,49.56475,2.9995632,2.965725
76.825386,75.234276,2.5144129,2.5231724
26.03755,25.63994,1.1633675,1.0282118
33.671158,34.08366,2.008689,1.9296734
34.906128,30.418434,0.8570854,1.0531197
36.977062,35.42243,2.523066,2.53337
81.72775,80.27313,2.0614402,1.9482858
28.383648,21.668945,2.3856535,2.2520552
96.067345,90.61835,0.8134256,1.0468044
36.784332,42.459404,1.5981699,1.5195737
59.1072,57.11695,2.3507404,2.3092675
52.111206,47.47646,0.56842804,0.9769868
93.93563,96.94348,1.97534,2.0453942
33.825027,40.767002,2.6088586,2.3862133
50.16542,50.242294,2.572749,2.4361846
52.00858,51.158627,2.2139187,2.171359
28.259066,27.55765,1.9527347,1.8918843
49.162525,48.64338,1.8171849,1.7538638
19.39035,7.4449005,2.6802657,2.228572
59.644886,61.196327,2.5448499,2.582233
68.14275,68.74484,1.7865695,1.6567156
98.7006,89.46378,0.51654285,0.9715008
34.503845,34.144962,1.9354607,1.8998076
8.414109,6.6144753,1.1668282,1.5061125
88.78377,88.171875,2.8833077,2.9029016
58.210293,63.931065,1.5441293,1.033478
21.59033,24.755505,1.1479884,1.0612456
2.2432647,6.8404274,0.90891397,1.807088
80.30482,85.727554,2.726342,2.7945247
50.45457,50.461613,2.225786,2.194226
53.71706,54.03344,1.8947122,1.885935
38.490185,42.60603,1.477911,0.99733746
96.967735,94.66731,2.657995,2.6165113
32.426556,35.0281,2.5851288,2.5482836
6.9253316,6.8068733,2.5462346,2.5209947
79.37277,87.34828,1.3330452,0.86156636
20.426733,11.457066,2.234693,1.4262972
55.366554,60.772476,1.5884298,0.96085244
96.57844,97.909164,2.1691506,2.1909728
52.02291,53.384598,2.4178386,2.450885
37.335632,27.818836,0.5134521,1.1510589
82.77681,76.48648,0.7931806,1.3010838
46.929203,47.29224,1.690739,1.6594734
30.925356,20.513681,0.69307464,1.7282739
72.03101,66.04077,0.5707011,0.9767088
5.2176313,4.738613,1.4391282,1.577463
29.11625,30.223116,1.300087,1.0786538
51.22667,55.321434,1.2400835,0.95712507
58.417015,58.451725,2.8674662,2.877591
5.5031557,4.2719536,2.7978356,1.658201
38.76587,37.38226,1.0861666,1.0758703
6.15529,7.261196,2.0892015,1.8330346
52.70901,51.202766,2.3338325,2.35299
20.484766,18.689644,0.8079397,1.8407174
62.684772,66.232346,2.4514518,2.439055
98.31456,97.331604,2.0999608,2.084271
20.945284,13.520439,2.293801,1.9497843
80.99315,84.2775,1.0216664,0.7984461
24.164385,28.537743,1.9998653,2.0988898
89.55945,88.54677,2.4251802,2.419548
87.00242,85.02162,2.3007033,2.2595534
44.999123,42.92396,2.4919195,2.4896135
74.8679,75.14842,0.8616286,0.8705648
24.884502,19.484135,2.9931674,2.9096823
88.47643,96.44096,2.5305686,2.6008465
97.415085,88.31802,0.66994447,0.941588
59.218567,59.13649,1.7387571,1.6385889
6.703179,10.877361,1.478013,2.534431
36.30972,36.88089,2.0910714,2.1405807
59.225838,61.809563,2.5403106,2.548699
68.53869,78.14719,1.3872166,0.8316768
46.49831,48.520542,1.0998296,1.5915402
72.45574,76.51876,2.4706223,2.5572863
52.741035,52.549496,2.973074,2.9434612
32.78648,28.299538,0.6062138,1.116756
17.546505,18.986715,0.99635816,1.5574766
63.85764,65.58849,2.1541271,2.178605
47.243805,46.231224,0.8177818,0.99329615
96.81376,97.7914,2.8207765,2.896428
82.62392,78.647064,0.562104,0.8158349
55.471573,58.5162,1.444604,1.075
60.335957,59.350864,2.3326273,2.3477364
12.588402,14.109226,0.93734,1.199787
95.11849,94.830505,1.2995864,1.3236
26.381773,23.341547,0.6585869,1.0377083
66.0785,72.96209,1.4665474,0.9735625
32.59821,32.331387,1.8653992,1.6907836
69.55662,58.68371,2.8873563,2.7649827
98.820404,98.179955,2.0071564,2.1123226
29.712421,32.875557,1.6448659,1.5018157
53.54651,52.373512,1.1298165,1.0150046
8.178846,6.4295807,0.8748554,1.2247621
22.27175,22.550568,0.56035435,1.0591078
68.19949,71.93779,2.0977957,2.168868
44.114384,41.72074,2.6422856,2.6003582
46.47434,44.567734,1.1803765,0.9473888
74.87736,81.11877,0.74346906,0.79915196
41.615803,42.58126,1.1638494,1.0070403
87.66,86.03256,0.7048812,0.99170333
47.45189,49.674118,1.8990166,1.9576582
78.58015,86.37285,1.8816004,2.1651497
27.070597,30.424168,1.4815332,1.0319327
40.25806,41.158325,1.0209734,1.0702163
37.710438,34.709892,1.1838708,0.9339618
67.34343,70.38129,2.614784,2.6399035
50.99246,44.9994,0.6101431,0.95735127
41.97346,48.345108,1.5207381,1.0412233
44.74251,39.110996,0.5902018,1.3051677
39.720737,31.640482,2.7663853,2.517243
99.20275,97.249115,1.593609,1.5652375
75.54347,69.36903,0.5265248,0.93707895
93.18582,91.11962,0.9794977,1.0528468
99.51774,97.864,1.6413928,1.6369659
24.374401,23.8966,1.2392294,1.0617248
94.294106,88.54051,0.74527675,0.9617264
91.08244,90.04022,2.1051745,2.0943365
18.047123,8.480072,2.4462457,2.1316411
2.6172326,10.726288,2.2642863,1.4414188
68.16504,68.13651,2.3727777,2.3699753
71.36635,72.82101,1.833993,1.829709
81.16551,87.76091,1.3516741,0.9098031
7.903878,6.589245,2.2610583,2.0257752
28.855284,25.166887,0.5574918,1.0857822
69.92875,74.81552,1.1298925,0.8690674
31.826159,30.89238,2.1079936,1.9660786
28.613031,29.773088,1.3830566,1.0304666
39.95124,39.184418,2.4548862,2.6708143
30.355482,30.23277,0.747811,1.42612
65.32369,71.506744,0.9501496,0.92762506
62.00884,42.98471,2.8149407,2.4850485
41.63405,37.71541,2.327615,2.213869
94.773476,87.65789,0.51656544,0.8661337
58.87709,61.77279,1.1465197,1.0652072
30.29196,29.395985,1.04479,1.481615
22.309855,29.165789,1.2963367,2.0341606
97.71656,93.51184,1.165723,1.6009123
6.603092,7.4508743,2.3790207,2.2383573
41.643177,44.497387,1.8959291,2.003943
70.34228,71.752594,2.0557256,2.048202
68.059006,66.8147,0.794749,0.91668147
68.533844,80.93756,1.1993737,0.7846823
71.85255,68.85185,2.8689446,2.842323
45.767975,45.400352,2.1485264,2.120542
52.291325,52.693527,2.466739,2.4586673
25.350079,25.461939,1.8759084,1.7602614
10.365389,10.853298,0.93425435,1.1645856
18.803705,14.533611,0.874827,1.3567331
39.42256,40.25747,2.6316051,2.667323
0.9741359,10.4023285,2.3540769,1.6383097
46.17391,43.847275,0.74957186,0.99081165
38.62652,38.38939,1.8498797,1.8149537
96.326225,95.08681,1.8966777,1.9178731
97.262344,93.44318,1.1167018,1.2640419
53.026585,47.429035,0.7280548,0.9636749
24.672886,23.030048,1.6653005,1.1874251
11.7563305,11.663612,1.3596348,1.164079
15.573154,12.986019,2.7617526,2.1302507
87.66976,83.91042,2.2516847,2.266417
70.99417,71.62543,2.3560638,2.3736832
56.90894,52.642635,2.2817304,2.191245
37.842434,42.40583,1.454893,1.395426
62.656178,60.151352,0.8749118,0.9921905
75.884,80.43365,0.80119693,0.7927736
50.966904,48.075344,1.8209461,1.6993606
29.005539,26.495573,0.80247694,1.0636728
58.826595,60.398457,1.1918015,1.029921
38.154247,42.680794,1.9847193,2.2677133
42.868557,42.652428,0.95876324,1.0384467
83.46886,83.60074,1.8617985,1.9151541
43.104313,46.01925,2.5671875,2.592434
27.490107,26.677164,2.9685893,2.9230995
95.33139,94.90585,1.6078006,1.6321218
22.87692,21.191975,2.5696175,2.5271628
27.540064,19.372923,2.7656035,1.9665915
2.8796146,10.303482,0.5215307,1.109508
70.97046,79.03219,1.2936012,0.8958852
74.480606,76.399826,2.21035,2.2320101
61.953484,63.117832,1.1211456,0.9873465
44.61279,45.59853,2.8622072,2.855331
22.2227,19.467648,2.3000755,2.2434235
67.664734,63.115036,1.0419449,1.174504
61.66714,61.529938,1.802711,1.7912992
45.12776,45.22927,2.5957673,2.5689616
1.5873947,7.781357,2.142707,1.2431815
51.209244,52.052216,2.0160315,1.9855858
77.533134,78.236885,1.9582276,1.9345288
25.798187,27.987167,2.277576,2.2379675
22.283037,19.14617,0.8845389,1.1939206
73.70649,87.986984,1.4775993,0.9510901
40.29,39.565994,2.3343546,2.372703
55.05763,49.34026,2.2324226,2.0713491
43.72401,44.59604,1.9372871,1.9397993
30.29413,24.713743,1.6952173,0.9883645
97.08813,93.14523,2.758419,2.7030306
52.47212,56.61626,1.3798307,1.0085859
7.327099,7.584114,1.604286,1.4547276
53.537884,62.213272,2.3835242,2.455667
57.130283,52.299755,2.3716338,2.3222418
52.57364,53.92763,2.740697,2.75812
16.05448,17.10851,2.0053837,1.7068008
18.83837,12.044071,0.70194376,1.2531807
90.906715,95.12966,1.8711067,1.9331033
8.806285,8.313221,2.1766417,2.077731
57.219784,69.15255,2.7852917,2.963388
32.07741,29.536919,2.9477816,2.8923178
88.046524,86.909134,0.8366744,0.85346746
30.623455,30.473139,2.6732023,2.6870093
70.72433,73.7693,2.2025294,2.2400858
18.552696,14.248894,1.3028198,1.2709999
62.754887,53.797237,2.7047956,2.483794
44.918762,38.087402,2.9382782,2.6453233
69.31611,76.34649,1.3256664,0.863968
29.159918,27.562508,2.7105792,2.6079476
6.983333,6.27483,2.799016,2.823934
18.88496,18.486134,2.0117059,1.9897913
88.886635,88.48149,2.7032077,2.7062695
38.763477,39.019203,1.8726505,1.8250997
59.875954,51.694763,2.87375,2.57781
88.050575,88.496544,0.92184484,1.2162156
23.754711,21.325607,2.2546942,2.1984203
57.65369,56.888927,2.6739616,2.5123253
15.954798,14.42588,1.753495,1.4737692
46.97886,40.430824,2.1610222,2.0752966
8.735555,9.234947,1.5333576,1.3024333
5.080925,7.972435,1.7269158,2.5419877
15.871935,17.88583,2.5114455,2.3497994
91.070984,95.19017,1.3769517,1.3902181
42.43203,43.416847,1.157778,1.0948983
95.094795,93.691696,1.0734155,1.301167
50.26607,45.978016,0.6640488,1.000817
94.25211,94.23864,2.9176283,2.9215193
23.641605,20.814562,0.87722427,1.1006699
69.99213,70.99757,2.0762658,2.0868702
57.78361,65.36389,1.5246825,0.97681975
0.97454816,5.6023293,1.590762,2.3400824
84.432945,84.0078,2.570157,2.5748243
29.103191,27.522299,2.0621984,1.9961187
77.19443,80.295074,0.71855897,0.79325396
97.58676,97.03729,2.3237748,2.3370633
61.663494,53.267185,0.5233331,0.9654196
79.91689,73.91432,0.56518596,0.852581
37.94462,36.234127,2.2669106,2.140083
61.9341,62.28585,2.6720684,2.6406791
47.456745,36.465073,2.9989564,2.7742262
12.865161,11.922497,2.208395,2.199084
74.05194,70.29411,0.682361,0.8844656
28.28109,38.527184,1.8203398,2.2701395
68.53914,79.67282,1.5971252,1.7478942
96.78946,97.086685,2.5627022,2.5505972
78.61625,78.78119,2.5069954,2.4589689
77.35769,74.014435,2.9392283,2.9222546
24.641142,26.586462,1.4631276,0.972457
19.384804,15.56245,0.66009766,1.224909
5.241242,4.7512436,1.7457379,1.350136
47.18806,45.07362,2.5355825,2.4940403
41.237015,31.812866,2.9672112,2.74054
46.101994,58.593307,2.8731554,2.9463654
78.6791,78.25955,2.333648,2.3289905
76.87101,83.63149,2.2199929,2.268352
81.54614,74.93208,2.3514922,2.2910237
51.111237,54.97886,1.6025087,0.9883844
74.4191,76.58377,0.6306686,0.7832492
36.552814,33.680725,0.84245676,1.5879029
95.62782,93.88887,1.2005917,1.5561441
39.12943,45.337666,1.5221188,1.0650808
32.32867,38.23735,2.8573034,2.814587
52.79662,49.673737,0.6087362,1.8847762
16.931269,16.776314,2.0085082,2.00866
96.640274,92.16489,1.0300851,1.2853018
36.312695,36.486977,2.1584613,2.2187598
3.1841326,1.4067459,2.625212,1.4159987
43.349274,43.021667,2.229645,2.2035332
12.188873,11.931805,1.5546374,1.3559116
62.105843,70.47273,2.666422,2.8154702
29.762411,29.341558,2.2315423,2.2881498
76.37405,77.757774,2.4070263,2.432703
74.87598,82.30339,1.0503222,0.89587414
89.32747,91.39101,2.0442963,1.7988061
93.97203,93.755005,1.2625248,1.2605225
87.31791,87.97833,1.7245648,1.7311538
6.5127497,9.388817,2.4446087,1.6111307
63.114063,60.1632,2.6470008,2.6060762
15.18327,14.3323555,1.1350495,1.1066787
95.60236,94.97914,2.693259,2.6760273
9.462558,8.951431,2.909852,2.3534303
61.061172,61.09423,2.1414428,2.1257856
75.37202,81.44088,0.9675176,0.7955806
37.530567,37.544586,1.8829241,1.8617438
97.77693,88.72331,0.5063406,0.9452344
75.44339,84.625626,1.2194048,0.7904698
11.764632,9.033096,2.9679453,2.4568546
32.947243,33.49166,2.533339,2.5179834
50.195786,56.339603,1.4509587,1.0025055
4.065638,3.4333458,1.3134408,1.6434523
33.633068,33.984344,2.6730742,2.6106868
57.572628,56.62118,2.2219002,2.1413317
7.246673,7.5715027,1.8244356,1.9115736
80.16589,86.731926,2.1151912,2.1822772
61.72158,70.10402,2.566202,2.6561506
9.772015,24.711739,2.1059592,2.8029242
2.9646616,4.5289764,2.7611156,2.3090231
80.7294,86.55875,1.448356,0.8759408
69.12042,70.58288,2.7092736,2.6860154
97.951324,96.20654,1.6039519,1.6074294
7.7091618,8.990959,2.9054713,1.7342783
97.173256,90.29784,0.8552046,1.1865475
61.41367,61.637543,1.7488753,1.7527485
53.130802,53.375305,2.9127429,2.909451
13.43688,17.310074,1.4082415,1.127415
67.626396,64.32889,2.9318538,2.8865137
58.462105,62.465275,1.1978701,0.9994974
9.00313,5.7276955,1.6239936,1.7134221
48.460285,42.883694,2.779442,2.5607793
78.93624,77.02789,0.62043124,0.8173653
42.30856,41.719376,2.2181954,2.183622
52.02335,56.29241,1.4380422,1.0123076
5.8745174,6.7153206,1.3642437,2.5175226
97.6175,96.94542,2.8844254,2.9447882
95.260544,89.19757,0.65961015,0.9637798
2.9029229,5.8554153,2.7571855,2.242039
96.77086,89.038994,0.7408906,0.9222687
91.8262,93.798935,2.421637,2.4955058
63.044914,77.15332,1.0769993,1.7508883
8.823259,9.495743,2.7383265,2.1819553
3.430249,6.8194084,0.66218287,2.0920389
79.19453,89.04457,1.466244,0.95841515
26.558277,30.247133,1.6939244,2.0000954
94.2465,93.63397,2.5758252,2.6627774
12.551992,13.315048,1.0168324,1.9832965
27.24119,29.22171,1.3739815,1.045043
29.724138,30.715025,2.5296881,2.506014
86.93183,86.76888,2.951487,2.8948617
68.81219,74.22837,1.2430031,0.83448064
86.52046,85.69177,2.3699064,2.3515806
78.03125,80.34454,2.9521618,2.9568033
10.155363,14.162357,2.5381906,2.8114557
52.76365,52.9112,1.0654483,1.0073204
91.58848,90.03424,2.8977478,2.8485017
16.891418,17.654305,1.9141643,1.5805031
75.44731,75.56617,2.601003,2.595205
87.21185,75.181076,2.5893939,2.363155
21.73302,20.220047,2.130023,2.0902224
57.60278,52.608685,2.4345253,2.4685955
16.59537,17.252907,1.2059324,1.1169534
81.86527,82.85539,2.0255816,2.021824
28.846493,26.027405,0.701663,1.1293839
74.50997,74.36825,0.97193444,1.0595692
62.50782,56.97872,0.8421988,1.0769053
37.236492,37.39441,2.6052027,2.4369028
19.329378,14.810879,2.649622,2.6308012
18.939743,21.959112,1.4648902,1.1370509
41.30555,44.392296,1.5802574,1.1175191
15.611217,14.93832,2.2990222,2.0691724
80.845535,81.87788,2.2253554,2.2262428
11.640739,8.826897,2.1050088,1.6596643
32.666893,33.555096,0.74458325,0.9482166
17.364885,16.220577,0.99067634,1.8948289
48.751568,34.9349,2.9339426,2.5453305
32.318886,35.499424,1.473352,1.023663
54.920918,54.859303,1.9285731,1.949289
83.68359,83.87165,1.8575072,1.8519003
28.768908,27.75171,1.7493145,1.0660647
66.63249,66.98612,1.9781393,1.9771057
50.588657,54.347668,1.4904283,0.97267014
80.76849,80.033005,0.74710894,0.7896542
13.394176,12.502003,1.0621657,1.0610895
95.45542,95.417404,2.4235134,2.4923086
49.320107,44.753944,0.73724705,0.99178183
46.995216,53.186745,1.7994576,1.6697776
93.95057,93.211,2.0113804,2.01657
93.06787,94.033905,1.8780825,1.8935004
97.30396,96.136444,1.5577445,1.4807553
91.763145,93.907486,2.9728785,2.9462209
1.5792835,3.8860397,2.8816006,2.8049705
73.52898,77.70183,1.8275462,1.6729884
15.970436,16.455933,1.3872132,1.0382812
27.627756,30.584396,2.158117,2.0681314
55.667015,62.248264,1.5308362,0.99958944
56.994167,53.594242,0.65760416,0.9955006
39.73996,40.236153,2.7708645,2.7571898
72.37234,72.71832,0.98846936,0.89823675
73.070816,72.288506,0.97271025,0.891542
37.06941,30.371693,2.860908,2.6356795
3.565259,3.9938965,2.1035826,2.3639364
40.950523,39.96116,2.40934,2.3917642
73.793396,73.39233,2.7385647,2.707073
12.557083,13.247059,0.59993035,1.4179577
23.020271,20.465405,0.82756853,1.3608372
32.932423,32.282078,2.596225,2.5762634
39.75404,36.474163,1.1100944,0.9987397
40.515896,44.2995,1.5675424,1.0304195
27.506788,28.74465,1.0723085,1.0217314
59.692486,66.15975,1.232202,0.94341457
63.33271,64.8757,1.2086102,0.9591891
29.70102,29.498613,1.8118827,1.7731131
2.0242026,3.5786133,1.6026458,2.3989983
76.66409,84.69289,1.2564666,0.8044582
21.235273,23.827497,1.2400867,1.1744095
90.81249,90.415016,2.4711568,2.5042648
14.746492,10.852642,0.65212893,1.2119038
1.9715551,4.245369,2.388705,2.5084205
65.105354,59.674988,0.6597223,0.9995871
33.21403,27.510435,2.867725,2.5822277
25.38306,24.073372,0.91717577,1.1281441
89.342735,86.02997,2.0330348,2.0845428
69.047935,70.98424,1.8621765,1.7203132
7.9102798,10.326752,2.9766955,1.3298454
92.9528,92.49431,2.323219,2.3114927
4.058005,4.8871536,2.5457838,2.2173228
33.154137,34.316223,1.1919551,1.5506935
54.980495,49.96942,0.6361702,1.0095075
41.80635,37.95836,2.1388028,2.04174
20.411787,18.147907,2.297999,2.4158216
74.37828,74.389275,2.2459428,2.251102
21.492157,16.228123,2.4121633,2.4309323
83.90256,87.080215,1.8296516,1.8233966
1.9563389,3.913208,2.9537444,2.1681094
90.40019,86.923744,0.52108884,0.839795
8.919334,18.55311,1.341945,2.4506102
88.5893,90.3488,1.161538,1.030554
33.091167,35.944645,1.6387086,1.5721719
81.805565,83.83741,0.59236956,0.7675203
68.831604,76.807846,1.269123,0.84552777
3.4275756,13.491814,2.3491442,1.1827557
67.90068,72.24536,0.7780577,0.922087
95.51974,90.162994,1.0434613,1.2424728
67.079025,75.32378,1.3770092,0.9065826
22.691633,16.548656,2.6632695,2.6524
0.36782685,6.402149,2.0990105,2.7262928
95.31309,94.70228,2.808054,2.7100272
62.3246,69.48675,1.5218024,0.89524645
24.135029,23.812218,1.2403092,1.145405
14.43822,11.536114,1.1661606,2.4109054
44.468857,51.143547,1.9018234,2.0514617
66.94915,66.95169,1.0201334,0.928218
51.301197,48.55135,2.642312,2.4062343
50.43,59.10992,1.3159608,0.91187567
82.27561,82.8701,2.609971,2.6222303
26.771624,16.788517,0.9313093,1.3968995
78.200676,81.782,1.8556639,1.8427825
71.64329,79.09887,1.2409528,0.83768404
22.58525,22.072206,2.0303795,2.0381472
56.185226,56.23553,0.6353858,0.9662009
32.415054,35.954586,1.4217412,1.5204418
21.786722,15.488331,2.811965,2.488
96.580864,97.100296,2.033663,2.0503666
20.818228,15.379391,2.718548,2.2485166
37.818634,37.330494,2.7142305,2.6601996
6.5235567,3.8563576,1.4300879,2.2503462
88.56952,87.51037,0.8395233,0.86476994
36.533913,41.639145,1.4648887,1.0021021
53.678425,53.547466,2.9744635,2.9521964
77.1086,79.85024,1.0049647,0.793439
80.152885,86.593,1.754631,1.8301685
68.721466,70.89856,1.9708095,1.9980849
5.91091,8.738934,1.2400829,2.5253341
81.37881,81.3844,0.7044137,0.78825927
86.33456,82.15404,2.6871204,2.632947
88.704475,88.92046,1.8515123,1.8554187
1.0851446,2.482376,2.3107023,2.6918306
4.277285,7.6809807,1.5402583,2.420134
0.69518757,8.081387,2.2362926,1.2065009
77.24643,79.15475,0.7706771,0.80521345
70.79766,72.08174,1.9548442,1.9430802
27.708715,34.69583,2.6841228,2.609262
54.814644,60.408833,1.4470465,0.96181124
74.41332,73.83652,1.8249158,1.8257322
50.297623,45.808163,2.8986812,2.8132265
68.92438,63.333298,0.61540675,0.9826546
26.75818,28.780966,1.577977,1.119622
69.10338,69.6004,1.7695942,1.762223
0.39548647,6.4293175,2.0355725,2.0732281
21.216434,20.274794,1.7109656,1.5138217
71.94183,71.49312,0.9575343,0.92108333
29.81387,22.687885,0.59067523,1.0996201
70.39623,67.45356,2.1183424,2.0620904
48.04932,44.619152,0.8445977,0.94018143
30.64886,32.023064,1.3183312,1.0256245
44.151176,42.23858,2.393134,2.279447
47.12118,48.430546,0.903789,1.2542077
33.588036,36.23738,1.7105088,1.4375682
62.43682,79.17741,2.377895,2.5244417
66.65903,54.796036,2.8600054,2.8179412
95.198364,95.96341,1.4417573,1.3744998
35.926983,32.80711,2.645362,2.3888133
15.97396,12.718826,2.4190001,2.1924937
40.407364,35.90461,0.96959746,1.0156581
78.80871,72.18682,0.53500634,0.9379045
93.343475,91.9425,1.0853152,1.1663406
64.716255,71.75981,1.5679181,0.92008567
94.98543,93.04622,1.1493335,1.2182
16.975891,14.4215355,2.5135398,2.316079
48.04997,50.623238,1.527602,1.0006576
15.069771,19.026989,1.44124,1.7793399
73.61075,75.069244,1.7569861,1.7314857
8.699773,9.517883,1.5809408,1.889687
44.11267,47.03035,1.6331494,1.2756463
91.81987,92.881836,1.7352312,1.7456044
76.69139,80.30515,1.758575,1.6145942
83.79438,87.08017,1.010005,0.8412783
38.525444,43.295776,1.7424138,1.790075
23.662046,10.404404,2.6326919,2.407899
72.03942,64.16005,0.5731463,0.96106327
5.43547,9.086201,2.6314988,2.5133646
48.510387,46.270153,1.7030367,1.5534527
63.474346,63.279102,2.619447,2.5742383
43.685555,43.927547,2.2418826,2.2249053
1.7633326,5.6797104,2.868976,1.5966034
40.621918,42.339447,1.8154991,1.9021188
55.058666,54.450096,1.4682106,1.16226
63.615414,65.15471,1.0975754,0.98765296
59.847137,59.71885,2.841726,2.8349938
85.33096,89.202805,1.3563293,0.96245927
20.138096,19.089823,0.7242715,1.4233493
32.75472,32.480865,1.4334375,1.2813927
61.881268,69.34886,1.2045858,0.82183903
68.874435,69.74595,2.7738721,2.7596092
53.43062,51.578865,1.7667977,0.97420174
81.9178,86.27842,1.0373242,0.8234654
86.12565,81.98489,2.6638427,2.5778766
34.95593,38.374195,1.5392579,0.9975448
30.52874,27.645452,0.6455143,1.0933867
34.31089,29.730278,0.54124177,1.4266989
28.082275,30.19086,1.2848595,0.9765129
50.6352,50.855186,1.9441838,1.9553099
46.489273,38.62668,0.57125044,0.9351299
54.148163,59.443203,1.5409406,0.98354316
13.882989,12.800659,0.68887085,1.0495676
34.63966,35.911198,1.2012421,1.4456465
23.431477,14.579441,2.5752761,1.9871149
75.55969,89.823326,1.4738039,1.0682831
97.09062,94.78981,1.147562,1.3206809
1.3347887,10.200977,0.8674747,2.3032045
59.208424,53.212246,0.56148267,1.0024555
55.532017,48.792034,0.53252494,1.0684869
29.95993,31.664154,1.3594985,1.0388215
95.372765,96.48214,1.5545096,1.4899423
96.45119,96.746025,1.445928,1.5095298
87.11562,92.97913,1.4677739,1.2465866
27.39369,26.360125,1.961128,1.870967
13.992915,15.318691,0.9903721,1.0376091
86.87784,86.991776,2.8325567,2.8344445
34.16502,29.141697,2.9268486,2.8797815
27.000875,24.055588,2.4588356,2.0692635
31.222616,29.470037,2.51203,2.5144858
79.56613,84.306465,2.9198086,2.9673712
90.69114,90.80827,1.186281,1.0547996
17.228027,6.909069,2.8131828,1.9295486
56.098858,55.42976,0.8832237,1.106638
46.31,44.7154,1.84983,1.7819593
14.837238,14.427921,0.94522476,1.084213
13.717154,10.105942,2.5943615,2.2608063
26.434803,33.3351,1.782995,1.9231791
21.547577,23.985373,1.2830437,1.5474038
64.30271,62.878174,1.7678806,1.6052061
70.51349,86.2579,1.5326909,0.784182
57.099483,57.92929,2.1424797,2.1972587
84.7546,85.24516,0.79918694,0.79534554
60.261387,62.28254,1.8801924,1.9094316
30.184368,25.08028,2.2305298,1.9766645
24.394796,26.809002,2.0409083,1.846857
76.81731,70.14229,0.6259098,0.9422606
43.178165,41.863216,2.9958766,2.806365
23.132402,22.028925,0.96814513,1.0598791
1.0835848,7.75848,1.6988133,2.3842065
83.71184,87.009964,1.9529757,2.0391445
8.601611,7.354328,2.7886267,1.8001002
29.873255,31.731562,1.5885652,1.1789092
61.966496,63.49501,1.9300551,1.9108114
97.0513,96.025314,1.4311174,1.4152164
36.900475,30.170708,0.6152977,0.99777466
39.822,49.204315,2.4495032,2.6233025
87.83222,87.767105,2.360681,2.3563044
96.93742,88.15765,2.849333,2.8082752
81.20628,88.22776,1.4462181,0.95922834
29.61822,33.69262,1.7266351,1.8623546
10.731944,9.548271,2.1734452,2.218808
40.789837,46.070477,2.3286192,2.5869982
12.7070465,16.801842,2.0066512,2.4960523
25.824877,29.48772,1.2156302,1.0471458
39.542366,44.03195,2.0584118,2.0613377
8.275699,7.3715897,2.089552,2.323864
80.63539,75.92831,0.68192965,0.80524045
16.113388,18.009623,1.3864236,1.0493476
89.71114,87.17636,2.856739,2.8421814
70.87528,81.78203,1.547111,1.2129456
21.06632,16.868206,0.63365847,1.2054507
42.70686,39.434772,2.447092,2.3668554
99.212204,94.67976,1.1055324,1.3245865
11.698641,10.632793,0.56604236,1.0518136
40.641815,38.092083,0.84863216,1.1645749
47.999268,48.44167,2.6164274,2.593182
63.465736,64.11331,0.9982838,0.95083505
72.76245,75.87476,2.4648526,2.4427428
78.35223,83.01816,1.0369738,0.8220051
90.77727,91.17107,2.5323982,2.5441115
59.710865,61.181564,1.9635504,1.7994803
8.400495,5.897434,0.52855,1.8948764
55.611088,54.926212,1.0078868,0.9979534
29.315907,28.49168,1.7313814,1.603687
60.968422,61.78845,1.9107511,1.9332181
42.20649,41.192177,0.9259362,0.9872322
11.90282,9.227848,2.5053372,2.2670448
78.02373,72.510086,0.5433274,0.9563841
36.768513,36.142174,0.51509476,1.0158355
52.361755,61.196033,2.2536247,2.2343488
90.16558,91.28239,1.7521303,1.7653145
84.35989,81.618416,2.0088475,2.0241745
20.884274,20.266172,1.0831119,1.1100538
35.893406,35.20539,2.2243304,2.3638492
24.311565,16.574116,2.634682,2.4962654
11.543147,7.5269814,0.5368323,1.1914926
39.4527,37.910137,2.9797857,2.9267464
97.752625,88.907394,0.57754683,0.92377126
19.120314,18.396978,1.8010557,1.757267
3.1423416,8.509289,0.64206064,1.1871719
97.04264,89.99289,0.66608393,1.0449026
54.909542,62.020878,1.5869504,0.9335463
84.76962,86.316956,1.0260571,0.8387836
56.102192,55.8593,2.2507207,2.1735845
16.263672,11.436867,2.3674045,2.0726972
85.27422,85.28993,1.9716446,1.9713545
98.83058,90.54508,0.70697266,1.1320539
28.322575,18.129694,2.8457367,2.756547
34.527637,26.122417,0.53301895,1.2983539
12.143766,6.4340706,2.9835112,2.5115244
96.98668,96.2352,2.6471276,2.6698856
37.492958,39.7978,1.6410532,1.2383337
14.456436,28.264187,1.5128258,2.7392268
24.975965,22.239672,1.7069916,1.3129022
1.9298271,5.4404907,2.0616665,2.2929368
54.066998,54.727276,2.8661952,2.8746948
16.583729,15.002403,0.7038985,1.1438694
70.89599,66.01131,0.67934644,0.9393208
20.934658,37.13414,2.462086,2.7165637
77.21692,75.39437,0.8012075,0.8801705
40.833538,38.965096,2.478242,2.4299042
38.392883,38.41225,1.0777196,1.0025883
65.666794,65.97215,1.0278752,0.96627057
69.38846,70.31796,2.8398364,2.882623
46.99036,46.107895,2.4471505,2.4266515
17.78959,17.048164,0.9164296,1.0808907
68.39773,71.077614,2.078069,2.0274172
45.423687,56.1806,1.8342474,2.2662656
32.644108,35.439636,2.2021456,2.2820644
50.334946,51.21826,1.0763488,0.9817344
59.19086,59.39566,0.72928923,0.8993436
88.95144,88.32746,2.7745533,2.7262065
44.385654,44.72067,2.2056966,2.15347
76.89676,77.1724,1.0323246,0.75342846
95.533455,97.80969,2.1915908,2.1915824
27.771173,24.646729,2.4602811,2.4122834
52.97345,52.89607,1.5504159,1.401957
25.2294,24.051601,1.0587728,1.063923
7.0411744,7.5083694,0.85490435,1.2651764
71.3568,70.89888,2.3891046,2.4681802
43.709637,43.59656,0.935848,0.8974181
40.15518,46.620865,1.243655,0.9716751
19.08576,18.06885,2.069417,1.9877514
33.78909,31.386883,2.877987,2.8643293
53.120502,43.56298,0.64192015,1.0186479
10.620315,9.399281,2.8184762,2.6265993
13.319463,12.042274,2.8324313,2.7091022
3.777602,7.0698166,1.6748358,1.6545827
12.625633,9.867538,2.3792467,2.3248737
27.583544,26.98972,2.001311,2.0509574
57.5893,51.810417,2.493238,2.4024575
61.427155,61.02191,2.146024,2.1110291
50.017742,49.60636,2.3116496,2.2984982
61.95484,74.18818,1.5269241,1.1718702
92.986275,95.60229,1.4878198,1.353013
37.137886,43.250076,2.9533265,2.8408384
9.418274,6.3032913,2.2956545,2.1541495
52.9483,53.754738,1.1731414,0.95558965
46.13304,42.746395,0.5452957,1.0181293
80.305695,87.59679,1.2588332,0.8873789
14.84661,13.028782,0.9235984,1.746756
5.0313444,7.289562,1.8093197,1.5765569
73.55169,79.12493,2.7583053,2.8274055
17.436491,13.666065,1.5969987,1.3389541
81.20013,83.09648,1.3565743,1.1529524
8.399951,7.831955,2.3503673,2.099521
8.416268,18.95269,2.1938436,2.3890448
11.399679,9.138256,0.5455359,1.2573419
57.849125,62.339592,1.5746092,1.1436808
64.24004,65.13286,1.7991233,1.8069369
56.62547,59.406685,2.4263096,2.4116197
87.45582,89.95383,1.3176403,0.9860599
58.1602,56.471985,2.6011536,2.5361261
93.92845,94.8197,2.0239015,2.021482
33.965775,34.518208,1.9613633,1.9080787
95.36115,92.42,1.0190284,1.2494657
45.00695,42.527313,2.723188,2.7302709
97.93615,96.099976,1.9437659,1.9026806
93.48159,93.07311,2.903877,2.87774
53.311726,51.677544,1.0514833,1.0343442
66.47389,63.767906,0.55545676,0.9565545
83.68203,81.16106,2.5459182,2.523009
12.833166,11.846577,1.7124542,1.803137
47.886772,52.957664,1.2330695,1.0460596
91.02332,90.91455,1.8628346,1.862499
68.4174,60.56511,0.84952444,1.1423278
52.19008,49.47769,2.791174,2.7722788
18.060183,25.916088,0.5638618,2.465407
48.71184,48.610676,2.8386977,2.8624547
49.948498,50.02999,2.30135,2.2745667
55.895245,53.625797,2.2043037,2.0901504
67.65689,66.16353,2.280654,2.2586422
37.25024,40.69151,1.6040063,0.9728118
36.256504,36.762566,1.2128013,1.0417628
13.243338,12.659554,1.9191802,1.527169
14.086373,14.342991,2.5058293,2.4744532
82.77818,88.56033,1.880105,1.9089115
9.897409,5.8466682,2.716188,2.3316627
77.19229,81.61,1.9596596,2.1047773
14.800016,14.422699,2.010253,2.2745771
43.29207,46.116165,1.8913313,1.8756037
22.216738,23.972013,1.1488291,1.0663979
61.770084,60.536713,2.4471917,2.311881
38.84628,35.755283,1.659519,1.5521696
1.1545373,11.36858,1.2150651,1.913244
97.15388,96.337296,2.0551968,2.0151987
41.034126,41.336906,1.7025263,1.6228043
66.15278,77.42854,1.4868934,0.82431155
98.14394,92.29974,2.3064997,2.2838485
40.095654,37.27426,0.75772107,1.0165288
90.39136,85.492615,0.58864456,0.7937002
64.76475,68.69812,2.4628787,2.6123388
97.13243,90.61836,2.9288206,2.8448794
92.26358,89.09013,2.229174,2.2058942
19.435726,11.735302,2.589218,1.96972
11.249984,8.026791,0.629449,1.4705427
66.58465,73.44005,1.1407813,0.8806073
97.13169,95.9962,1.2847414,1.5146978
21.793108,22.645288,1.800031,1.240653
67.339485,77.73651,1.6652411,0.8631185
83.03871,85.953735,0.9330619,0.8218016
32.203087,11.86718,2.9941144,2.2762396
81.5974,88.68205,1.9684168,2.0116072
94.900024,95.23429,2.1448202,2.1495087
20.812279,17.764652,0.8309451,1.2325673
27.540367,28.667562,2.2693038,1.7847515
30.063189,23.361511,0.8129656,1.4720545
23.330078,18.829184,0.63213986,1.2853756
11.205028,15.676472,2.485645,2.4350522
64.570786,69.47153,1.5871698,1.0864292
34.24057,35.401215,2.327076,1.98454
31.934217,35.1958,1.3256106,1.6017334
31.325495,28.819742,2.0011704,2.0052004
3.2789872,12.440872,1.6281713,1.1064118
95.15568,93.87413,1.8679453,1.8509121
86.697784,85.96365,1.7805933,1.7727009
61.33867,63.32705,2.7385437,2.72979
1.8560435,9.712753,1.4882195,1.9019126
99.67743,97.110596,2.7760851,2.7959378
77.42884,77.64033,2.1306634,2.1434348
22.868557,17.010956,1.9477333,1.8395132
66.048874,58.4783,0.6228159,0.99770504
93.02602,89.2917,0.8667859,1.1965959
73.63336,75.604836,0.9674216,0.844284
81.71727,78.44228,2.4721966,2.4821825
44.104565,35.176235,0.57457376,1.6720407
57.04751,56.47423,1.0612848,1.0219606
29.869312,36.262115,1.2031586,1.0802543
81.21396,86.21925,1.6051902,1.1959422
78.947235,86.49191,1.493914,1.1301012
66.88141,60.11544,0.65234256,0.978835
63.152424,69.904175,1.4628309,1.0113008
13.072982,15.674557,1.6980225,1.2191164
99.72746,97.47353,1.9402685,2.0262835
73.5708,87.23334,1.5337008,0.8637048
7.963709,14.56089,1.435316,2.0548012
49.49936,52.424335,2.905839,2.973998
46.412292,52.823475,2.7097259,2.6315374
8.214932,7.8430405,1.3448378,1.1387966
37.92871,33.219383,2.6076674,2.4246895
13.136806,5.6895943,2.9338157,2.135534
12.845958,14.7545395,2.9142978,2.8159704
5.878137,7.7642975,2.1282134,1.541382
65.704155,71.388794,1.3696809,0.8929782
60.20703,57.384144,0.82537115,0.99315614
94.89808,88.623535,0.64869374,0.9438505
11.763002,12.989742,2.4710476,2.2352266
69.918304,82.22279,1.547779,0.79917276
87.40933,90.062454,1.8295074,1.8999026
40.526165,40.769817,1.9809719,1.9742583
49.48197,46.23438,0.76021886,1.0016062
3.6428456,11.40163,2.9031892,1.9243114
46.74629,42.80899,2.0748272,1.9320142
96.44788,95.62218,1.2621636,1.3502873
68.83161,69.98337,1.9949144,1.9551251
94.79692,83.51204,0.60082114,0.8394459
33.685944,34.049557,1.2127088,1.5004399
27.028717,22.3296,0.52426755,1.1645434
55.897602,56.690292,2.4239824,2.4403753
55.797348,55.38861,2.655045,2.655342
28.602161,28.44896,2.42813,2.4363284
21.298027,18.667242,1.0774996,1.1539401
43.743176,40.772175,0.77249086,0.95212376
24.816355,17.920368,2.9056633,2.5970654
50.551014,50.64421,1.0208979,0.92459655
37.87888,41.35909,1.2755045,0.9576376
72.13748,66.45378,2.2438571,2.2037816
19.430557,23.181007,2.1211143,2.2094908
80.17647,74.74827,0.5464774,0.8692659
18.800053,21.364983,1.2941548,1.589361
38.312603,41.78446,1.4538335,1.0163202
26.818047,27.655134,1.9552203,2.0799417
74.38333,78.136665,2.4598346,2.4867337
28.985853,21.554499,2.22069,2.1462736
1.9360331,10.395908,2.80777,2.6785073
46.83775,45.537067,1.0435133,1.0908451
86.47785,92.44479,2.608195,2.6282215
52.534515,55.32296,1.3329788,1.0714996
38.55782,48.189392,1.2185057,1.6796615
60.77954,59.807358,2.1782932,2.1442592
34.322025,33.94024,0.88880265,1.0242236
36.0374,42.27474,2.3213515,2.3058524
47.216404,51.534035,0.6337351,0.99457866
43.220257,46.675198,2.7819662,2.8806195
58.978996,58.03641,2.9790545,2.9089584
28.073408,25.81299,0.91224045,1.1312711
88.470764,89.37392,2.386424,2.3640976
49.537533,50.153564,1.6034281,1.7876179
40.564182,36.19546,2.5696704,2.3834367
95.63956,95.48018,1.8551676,1.8757803
3.8145685,5.5466766,2.5395536,1.8300447
65.337685,67.48817,2.4580195,2.4330697
59.66773,55.494644,0.8560263,1.0281665
46.926952,40.620567,2.5340111,2.5766797
58.74936,63.022797,1.8893126,1.9290829
30.428463,30.40203,2.500846,2.318817
78.48372,82.57239,2.1586623,2.2168374
14.752149,9.617252,0.65877783,1.5064874
15.898221,14.829346,1.06352,1.0457046
81.88245,69.34667,0.53465366,1.7113458
31.805084,39.285652,2.609987,2.7651162
74.5758,73.10096,1.9672674,1.9585593
88.04071,92.05394,1.2020581,1.1216881
85.54214,84.953415,1.6939605,1.7025512
83.8881,81.63174,2.9854078,2.9141784
2.776273,11.065178,0.8313287,2.3703005
55.729782,60.571457,1.5447122,1.810632
70.30089,63.799313,0.5658027,0.9578864
42.26428,41.911674,2.7178538,2.6857438
11.560545,11.307659,0.8121836,1.0668406
9.650433,9.884632,1.5786377,1.9238071
41.977093,43.856735,2.3998637,2.4322097
36.027615,36.72771,2.0836742,2.0384016
14.576419,14.149929,2.230435,2.1965086
49.87778,52.19346,1.6343147,1.0122435
14.809962,10.83894,2.9204922,1.9296503
46.8397,41.188004,0.67676014,1.2625554
84.90124,87.6093,2.3483436,2.3856685
15.272088,16.673206,1.7250817,1.0842073
25.645838,21.488722,2.9616868,2.8893805
49.32555,42.09598,0.8141595,1.0173163
24.23365,16.22873,2.3299546,1.5804998
79.83597,87.33037,1.2619205,0.8560898
40.32404,53.574253,2.4123547,2.583122
46.83306,47.664154,1.7578651,1.7574141
21.242308,14.305489,2.6530967,2.2837992
21.443413,24.893618,0.67560697,1.7222831
58.05869,52.299484,0.59757274,1.0019233
36.874954,40.480434,2.0016873,2.177786
54.451984,61.15844,1.6308689,1.0412487
48.280403,45.526237,0.6670644,1.0031306
33.271996,28.654564,2.6627662,2.4350004
51.06191,53.40512,2.0281897,2.0398927
20.529394,20.113472,1.1689652,1.0752511
20.200367,10.389233,2.9324324,2.447135
95.1389,94.066246,1.2431595,1.2962416
52.123856,52.1845,1.1424232,0.95199406
53.8661,49.54103,2.560625,2.5044653
80.59175,76.98568,2.2618492,2.239824
61.01271,60.75519,2.3718603,2.3849597
33.128902,30.114923,0.71280986,1.1040807
37.81803,41.058384,1.4194981,1.0069617
6.187183,7.7229996,2.7117822,2.2563365
3.8616016,9.543819,2.0830462,1.7728062
2.1881409,6.079769,1.3188304,1.687716
44.13829,43.593533,2.675103,2.692928
97.94955,92.08158,2.5264828,2.3722887
12.409334,13.00172,1.145247,1.0862064
10.626352,8.589466,2.4558785,2.4074595
50.288773,52.410652,1.1681058,0.99275357
73.10157,75.137886,2.0213473,2.0260975
70.0796,71.8723,1.0105704,0.8986778
17.201195,15.535339,0.8131921,1.2135723
72.92909,72.4539,1.8667176,1.8065574
98.5716,95.300354,1.1190045,1.368852
47.48675,49.44811,2.1432378,2.1629963
18.657051,16.564205,0.83997536,1.1212964
19.458189,19.28153,1.8222784,2.0778208
81.38115,82.74536,2.0028765,2.0225132
95.68526,90.0508,0.7508297,1.0209252
44.30549,43.365414,0.9872516,0.95183665
36.065315,28.748966,0.5650908,1.0690236
70.29873,78.4777,1.2249155,0.8196261
9.683342,11.090488,0.5037588,2.2437313
10.814775,8.035973,2.413956,2.0297234
17.120573,11.946175,0.8706935,1.2942598
92.077255,91.28801,1.0190609,1.1062908
55.203014,62.22728,1.5565594,0.9677239
55.538944,57.33448,2.1557438,2.1466076
43.46201,29.701962,2.772022,2.1473038
58.261803,55.182255,0.93609345,1.0625575
79.36196,85.35684,1.0298939,0.7946244
37.506092,36.275494,2.5852287,2.5215254
61.328194,61.096664,2.771475,2.7740464
28.886469,29.462507,0.97673273,1.0207655
44.936127,48.369854,1.0863438,1.0506217
92.47135,91.64647,1.9455738,1.9645549
25.975271,28.511547,2.0225983,2.0406897
27.52613,30.938915,2.002845,2.240304
76.84856,80.36743,2.4954376,2.5364141
39.545036,39.83895,1.0641239,0.986091
86.76582,88.160965,0.96252805,0.91256946
89.46261,88.96115,0.98191947,0.9635212
55.64861,57.96412,0.757799,0.987716
66.11603,69.40769,2.7486913,2.8641503
55.313484,55.480774,2.7657192,2.7981668
82.32007,77.9953,0.676575,0.8684526
43.986683,39.593838,1.7815006,1.6186366
55.521523,49.074894,2.7392578,2.6084175
39.176792,35.425934,0.64429444,1.0185426
93.98811,88.2233,0.7050141,0.9322898
72.63101,84.74286,1.4166163,0.7888992
44.5667,44.69506,1.8710469,1.8619037
1.4694172,6.027561,2.9311237,2.2036803
90.991585,91.18591,2.7603662,2.7311773
6.5531554,6.3707657,1.6278032,2.3432357
59.045006,63.587097,0.8697422,1.0337102
84.89783,88.243576,0.9035307,0.9151334
23.449865,20.219954,1.663599,1.1322167
24.11156,15.637478,2.984193,2.752204
39.807026,42.202335,1.3499093,0.9944344
9.437387,12.561481,0.56829566,2.01786
41.193745,34.948902,2.894872,2.7923746
17.520187,39.49576,2.8746393,2.9361475
17.940472,9.515984,2.5479553,1.2805959
87.638664,82.46976,0.53868717,0.8648467
29.713434,30.515833,2.817994,2.835555
79.30723,88.43443,2.5903726,2.767025
20.120403,19.700264,2.4880483,2.4689875
46.328693,46.187805,2.9180279,2.8883846
21.530283,21.411167,2.3365998,2.2061367
53.456577,47.05068,2.4744058,2.3302884
27.113829,11.947479,2.854687,2.6229057
89.03669,87.41046,2.904823,2.897986
4.7330275,7.658222,2.8417363,2.2297823
67.236565,69.08731,1.9470482,1.9117302
31.785282,24.220778,2.6284087,2.559073
70.25023,63.13654,2.2748384,2.1946661
67.517815,67.22273,2.259439,2.2473354
52.24977,56.849724,2.0911574,2.1457705
76.08836,87.97159,1.4915715,0.97308475
34.059322,32.302483,2.3015914,2.2095783
81.25368,86.80292,1.5983528,1.1699823
82.745155,83.41627,1.8354366,1.8140099
40.846973,34.431976,2.2208555,2.0494423
75.75573,69.79149,0.58943504,0.91496146
65.93032,61.07559,0.6433189,0.9733115
15.203873,13.058411,0.9319837,1.6584203
29.366262,32.340317,1.3911244,0.96904826
83.51209,87.54872,1.7858949,1.9091024
12.002877,4.410095,2.966702,2.0874257
31.045048,45.85999,2.0338383,2.6046283
94.622536,94.57981,2.4698484,2.468864
92.527336,93.20863,2.0593836,2.0966263
0.9460761,2.202118,2.4763145,2.1247768
57.575947,55.19832,2.7713203,2.7005272
7.777619,6.116535,2.2046282,2.373585
53.760605,56.21095,1.2128555,0.9885837
24.814508,36.120316,2.2766485,2.3375554
90.72981,90.93456,2.8864818,2.8488264
5.9876137,5.6031303,2.5224817,2.4866142
82.47348,85.43097,0.94358724,0.81956726
36.039196,35.644356,2.282582,2.2498522
65.102806,64.56627,1.8806999,2.015953
92.082794,92.94072,1.6883129,1.7148765
68.741875,70.50055,1.6866641,1.6291875
71.72672,69.72823,2.8097312,2.7990522
94.66336,87.79021,0.6231961,0.8871963
76.601456,78.389946,2.4624877,2.4582837
16.70271,11.416019,2.6000834,2.252823
32.742958,31.478067,2.4837682,2.4733787
63.99996,63.1916,2.5616693,2.5309112
41.753746,43.70488,0.93963796,0.93456995
74.61518,78.56081,2.3877754,2.4310431
71.117615,70.36013,2.1999314,2.136138
38.869987,38.363464,1.1181065,1.0667683
20.677717,19.102318,0.88745576,1.1192037
12.780643,13.804798,2.4114506,2.388701
93.53693,86.75204,2.6198156,2.585678
2.3030293,16.280228,2.36079,2.6667974
89.04185,88.89755,2.8587291,2.8703551
53.91467,54.752304,2.5374207,2.513527
63.84635,69.28269,1.5884305,1.0917617
56.637997,60.074577,2.0565472,2.061729
22.739822,22.392807,1.0328516,1.127305
63.866634,63.776115,1.9654248,2.0129676
36.482384,37.399864,1.1617343,1.1329236
53.188953,47.41582,0.5152835,1.0224895
54.77328,51.15201,0.5172029,0.9813659
25.311699,40.406643,2.8135102,2.786049
50.98099,49.9316,0.6915128,1.7469918
72.410805,85.443924,1.4963001,0.8027103
97.806725,97.09065,2.9099972,2.9188976
6.5304923,6.6879997,2.1953707,2.5582378
97.68045,79.5883,0.5120612,1.184247
36.37832,40.220978,1.4744655,1.0442924
30.4501,29.129572,2.1077375,2.0031357
63.99688,65.18312,2.4473839,2.4429016
9.052176,12.923592,1.7261829,2.3151276
33.8338,31.059341,0.6608706,1.750479
18.049353,15.903461,1.8845185,2.175668
1.6213832,3.0517235,1.1985819,1.6726397
80.23427,83.60976,1.7054716,1.755522
99.007614,96.12799,2.9456522,2.939034
88.956375,87.303925,2.4749613,2.4474752
89.74728,96.78218,2.830541,2.8900208
37.395424,33.702206,2.6317918,2.4965105
87.34456,78.723,0.5613511,0.8872539
59.44225,79.014046,2.1019588,2.3782134
83.27367,91.44589,1.9396999,2.0207114
85.07435,90.11407,1.2725409,1.0029805
22.569424,21.180534,1.4937518,1.1807206
3.9518661,13.388565,2.1702158,1.7803762
59.76239,59.058945,1.7348883,1.7262759
37.492558,36.451458,2.7152529,2.5604918
26.80379,31.028318,1.6470162,1.6215718
34.394688,36.176163,1.7241076,1.4266058
20.162329,25.0863,1.556231,1.0950887
0.5722429,15.338467,1.9057009,1.9491394
56.19321,66.41178,1.7315433,1.8082379
5.1223693,27.30075,2.7665653,2.8885868
81.95825,82.42441,2.5023487,2.507238
3.2199411,12.085621,2.5041997,2.4336786
26.959484,29.153206,1.2624203,0.9838262
12.8048315,12.891087,0.90048254,1.6058089
83.079155,88.37984,1.1744788,0.95497197
4.5654874,11.227016,1.3901151,2.1389718
14.55425,6.2182884,0.7834963,1.4918828
14.1178055,8.024185,2.7194881,2.593813
69.8037,73.86302,2.3693027,2.385816
47.775063,51.168087,1.7182617,1.6291018
4.9562974,5.6953926,0.5504557,2.304185
32.05011,18.4221,2.8105683,2.190194
59.13051,58.33894,1.99395,1.9291482
84.18729,83.790955,1.8960589,1.8809017
21.877964,20.363827,1.8762038,1.7828035
69.818504,74.132965,2.6326358,2.7185457
29.995493,29.700102,1.0651007,1.0683964
80.21167,85.393005,2.5231838,2.471885
19.88813,19.72402,1.6736859,1.6901345
61.85555,62.814747,2.3783414,2.3992178
87.63081,87.0583,2.5734038,2.540312
97.52695,98.280716,2.7128747,2.7620068
85.07374,85.070724,2.2176692,2.2348764
56.272427,53.0639,0.90854925,0.99694353
70.688995,70.33409,1.768933,1.7401398
70.7147,71.4469,1.9120091,1.9139035
99.94309,98.60257,1.7282165,1.6553383
38.57365,42.310463,2.3161068,2.1186552
52.417828,57.701134,1.495665,1.0244629
21.441196,19.38877,0.51386636,1.1380327
67.810165,67.71854,1.7176443,1.746339
54.170586,61.815994,2.6226935,2.664348
61.878952,59.241417,0.8944719,0.9506358
19.803831,17.354462,0.56656736,1.057235
63.865097,58.3698,0.5492897,1.0005584
74.78716,86.75935,1.5477071,1.7528567
16.359035,23.055431,1.9515007,2.021577
27.916544,30.49304,1.5081931,1.0392356
55.98161,53.95795,0.9281336,0.9833525
76.89055,84.32678,1.1051381,0.8291715
78.58645,89.24675,1.4079387,0.94564885
36.266727,34.89406,0.6964893,0.93076265
77.79831,86.704,1.218231,0.8340017
81.30402,85.895096,0.8506767,0.83300436
36.063908,35.099117,0.75993097,0.98335344
49.673023,50.046383,2.447033,2.48623
11.150925,13.707981,2.12931,1.6014357
39.449257,40.621616,2.4002354,2.415936
69.11942,68.347565,2.9356954,2.9158669
72.42983,79.17165,1.1614063,0.80813104
73.7709,74.27973,2.4199522,2.429885
27.176619,20.88891,2.3095746,1.9903823
14.659836,23.41698,1.2643893,1.0792158
54.765408,54.4009,2.432675,2.2831168
93.293755,87.64634,1.0629605,1.0184727
85.94883,92.994156,2.5709822,2.6101964
46.411446,46.621304,1.6490399,1.204984
6.635162,5.00148,1.9049678,1.7108234
73.7568,78.18701,1.6826184,1.1637537
85.777725,83.328026,1.8865268,1.8372729
99.063416,92.57028,1.1306518,1.3908893
84.85509,79.49308,2.3488643,2.234676
86.721886,72.95007,2.9785137,2.7959156
93.723465,91.09889,2.8720472,2.8259292
36.223614,44.008083,1.9399813,2.257883
92.83503,87.37454,0.6975554,1.064866
56.29433,56.297417,1.6498708,1.5515965
68.03249,72.27658,0.9964569,0.9679209
82.559326,84.066895,2.9059134,2.886934
17.560436,12.395729,2.3000815,2.2572079
19.09193,18.903168,1.6658968,1.4570292
70.47407,67.272354,0.6387284,1.1018277
7.1657224,9.959488,1.976353,2.0513916
94.53141,94.34198,1.6528392,1.6607838
99.3465,92.31587,0.89233947,1.1840186
46.7965,41.27149,2.529841,2.292461
73.21358,72.6201,0.82349575,0.911054
61.299152,62.697945,1.6724256,1.5698094
24.28873,20.856384,2.181905,2.3468723
21.924858,24.31479,0.9230795,1.0989159
88.49907,82.04245,2.8483307,2.8735797
98.786156,93.4173,0.794865,1.4293118
8.498737,12.4530945,2.9609413,2.5729485
86.880325,77.13914,2.5636735,2.4113996
34.012947,33.815308,1.2271221,0.98266464
2.1900272,3.8734436,1.9734075,2.7184284
50.276264,51.765427,2.8145878,2.8328233
34.628403,32.687603,0.7586584,0.998334
38.43995,41.718544,1.4902889,1.5371354
88.59611,87.90033,1.7981282,1.8089675
50.57392,53.33977,2.8075304,2.7424555
80.55925,82.10726,2.357662,2.3276412
16.258501,17.183048,1.393173,1.1134961
27.979736,25.183594,1.9034132,1.7684909
20.164093,17.127632,2.7027419,2.52771
0.18718737,7.8117447,2.3555841,1.9610198
61.268913,63.377262,2.4164672,2.4396734
12.102507,12.84375,1.3505514,1.0645788
84.15436,89.08299,1.2041041,0.9665269
70.82402,62.625004,1.0521592,1.5762525
21.757736,20.789461,0.8932481,1.0428364
47.54645,49.633537,2.6475868,2.6815012
37.313168,31.497866,0.5322143,1.0182507
82.131516,88.247635,1.17686,0.92184913
27.523512,22.301294,0.56881696,1.6297044
98.01924,90.47826,0.68976957,1.1136016
86.582466,82.77727,2.6906402,2.651857
44.37047,44.11502,1.1053395,1.0138805
53.31079,52.351242,2.5542262,2.535419
9.05852,13.130402,1.3964975,2.3394523
82.475395,79.3716,0.5534186,0.77581185
73.357666,85.85363,1.4916342,0.87546504
28.762285,29.619358,1.7250375,1.9150906
94.59103,87.58571,0.6829269,0.90184766
97.16489,89.67393,0.59082603,0.9612867
32.50716,32.952847,1.8974594,1.9366697
65.63589,77.25892,2.7312818,2.8843193
60.982483,56.74203,0.7718329,1.195307
20.510069,20.403913,1.2497628,1.112187
87.02008,90.333145,1.2479651,1.0696003
91.994,91.48395,2.6919253,2.6022506
13.171408,16.281887,1.5383499,1.6337961
39.208748,30.983482,0.80673677,1.2525456
19.364912,19.393229,1.8743145,1.1939456
21.820406,21.184517,2.0033505,1.5969218
85.70578,86.52083,2.9441566,2.9135675
29.437286,26.200325,0.7655585,0.9938732
52.62198,44.931404,0.7332446,1.000521
53.24972,52.220623,1.1817907,1.1265666
7.22375,7.5159454,1.4410181,1.4682994
3.5649164,10.371086,2.7889676,2.3609195
46.07106,47.447968,1.7502669,1.5084139
3.0288835,4.363167,1.9418554,1.4014844
37.196136,35.96692,0.85241944,1.7338939
57.55314,62.78746,1.1485348,0.9623049
48.525867,49.667065,1.1499028,0.9669345
88.775475,87.99953,1.9753706,1.9688191
78.73884,79.25026,2.3347995,2.3366313
53.893394,48.840103,0.74777645,0.9598065
26.819834,25.541277,2.2045448,2.1572716
46.39996,44.263153,2.2673075,2.2548234
68.1035,65.97911,0.85093665,0.9720573
66.81283,72.196304,1.1550257,0.90026516
14.315322,13.597771,2.3928132,2.3661156
76.89022,77.30008,2.9121678,2.9113438
11.242981,11.122532,2.0762756,2.0496738
74.42145,83.12875,1.6641303,1.1458461
39.934143,39.177277,1.8013123,1.8207741
23.806879,18.167519,2.2144308,2.116982
41.67922,44.891975,1.3512436,1.0047708
41.67876,42.238678,0.89364016,0.9795028
44.045452,55.583405,2.3165686,2.3906758
77.46457,77.41435,0.7466673,0.85186124
83.57538,83.64618,2.265293,2.2566402
6.075599,7.021385,1.1056138,1.2324733
66.765434,76.48467,2.1909308,2.2560277
52.543694,50.76916,0.93279463,0.96362674
30.348944,31.981394,1.3292277,1.0369835
69.51235,66.883095,2.8213382,2.8282783
74.83315,83.59274,2.6295884,2.7474756
8.155663,4.5544357,2.4166324,2.5215294
76.5226,87.001114,2.336647,2.4653184
21.433615,18.67239,1.033746,1.2559836
2.8711348,2.275467,1.4987311,1.5877689
51.087753,54.63713,2.4757037,2.6203809
15.021009,13.979813,0.69615704,1.5046988
36.629963,30.281507,2.6717236,2.7179682
91.83934,85.0282,0.82450485,1.3516898
77.73264,77.488434,0.91533697,0.88535494
81.37192,79.46745,0.6546027,0.80691457
95.91999,97.17804,2.2338367,2.2547126
52.047066,63.23068,1.2220302,0.96652395
46.826485,47.808857,1.9547005,2.0138693
41.804985,40.754925,0.8898027,0.94726354
15.753142,13.557671,1.8075598,1.4160913
14.194792,8.833172,2.4120672,2.4955096
89.496635,90.37454,2.6994996,2.6921854
6.3394895,8.550522,1.1248815,1.146038
51.363262,48.071754,1.0689957,1.173552
27.337759,35.837955,1.4722705,1.0028623
33.954617,35.826668,1.4384534,0.9849446
40.98324,41.074146,0.9123313,1.0321248
50.84749,51.307484,2.0632815,2.054212
10.764447,12.241955,1.5251107,1.1283467
81.0688,81.268845,1.6598002,1.6743926
84.36194,90.34911,1.3521296,1.0375586
46.84123,49.00315,1.6293794,1.4544326
6.1326513,5.7612305,2.7309234,1.5516028
27.006226,25.144104,2.3512635,2.2904463
75.99532,90.84343,1.5728091,1.0552366
96.98808,95.919075,2.1942952,2.206936
54.103886,59.32309,1.9269136,1.9493635
7.7017264,5.7220535,2.4077463,2.3902793
76.99534,85.33776,1.0666765,0.81757456
56.795555,55.188995,1.2642219,1.2907783
12.290347,14.452358,1.1112374,1.6827161
39.942387,39.60121,2.1772013,2.1738546
97.47582,88.45973,0.55697423,0.9512813
17.973267,16.767124,0.97340024,1.3512385
17.655554,15.439053,2.6313899,2.531876
37.128735,40.44057,1.8966238,2.0037541
24.7398,26.133165,1.437789,1.0656025
37.787956,49.543877,2.1395018,2.4113052
97.041595,94.36768,2.2432287,2.2021058
47.353638,42.172222,2.5461998,2.4610112
67.96813,61.36277,0.6850634,1.0068262
78.25032,75.78191,2.8474705,2.7803414
58.712673,53.535564,2.1457179,2.048427
38.75621,38.726166,1.0976903,1.013899
25.179512,23.22946,2.609849,2.8017871
91.67106,91.856766,1.6962634,1.7170467
87.153984,89.29989,1.0532287,0.9992204
86.982834,92.75435,1.7390054,1.8104259
98.47942,90.46283,0.68083256,1.0377514
35.8796,21.583006,2.861175,2.6243346
25.793102,22.84139,1.8932736,1.2696586
42.25952,41.484207,1.0977559,0.98996705
35.556656,39.84656,1.7624934,1.9383211
38.00719,36.34618,2.4732964,2.461318
53.951424,45.619568,0.507913,0.92171115
78.43983,82.99689,2.4912477,2.5096903
72.74908,67.46612,2.9880264,2.959745
43.509254,45.571007,2.264518,2.2926197
34.563496,32.411762,2.2101352,2.1085505
71.74301,74.906586,1.6624842,1.6329184
18.036072,11.790337,1.7122824,1.5367815
55.74625,62.450607,2.6449754,2.7263908
48.43655,49.455933,1.7822546,1.8044561
78.63155,84.3037,2.6632717,2.7403595
12.406329,13.731579,1.3942802,1.8142505
0.5086169,9.943691,2.0451095,1.9035153
89.666115,90.650894,2.2867706,2.256794
80.243126,78.13391,2.954864,2.9448533
92.65429,94.84063,1.5322413,1.3508016
7.527062,5.0444603,2.740065,2.5890582
25.022068,21.447273,1.8600827,1.4000154
94.8104,85.55742,0.6148103,0.903262
40.917797,37.896156,0.87292784,1.1793518
40.974865,36.091965,0.63128585,1.010725
89.41895,85.1718,0.51789117,0.82768065
91.47518,98.19901,2.1814194,2.2172766
99.31651,91.94597,0.8545263,1.2274393
10.574988,9.96265,2.4090843,2.3591943
39.8181,37.61212,1.084791,1.069015
88.084915,91.26294,2.8041735,2.8443005
54.32273,61.973625,1.5215638,1.0008147
95.08329,87.38457,0.75703853,0.8591613
88.52744,88.61885,2.4918027,2.483684
59.94335,60.644623,1.0272413,1.0139244
60.202774,60.000717,2.8882732,2.8687613
40.637688,33.303223,0.84745777,1.5227495
36.810677,42.06217,2.24763,2.2315285
53.456448,45.709976,0.63869244,0.9648251
99.079124,89.552505,0.5219995,0.9795706
90.31827,89.920456,1.1176151,1.1230028
43.496304,45.7588,2.4344394,2.3656375
34.612057,30.951984,0.88449997,1.3340158
7.7588816,9.339066,0.7428493,1.999185
25.125397,21.78418,2.8095307,2.7258291
35.88001,31.451807,0.79107106,1.5345855
33.63421,35.413002,2.356335,2.648464
47.569653,46.785362,0.9801884,1.0505587
7.73558,7.4465294,1.5110685,1.4694128
62.491596,62.316986,2.8170934,2.821758
55.421543,50.065323,0.5428515,0.9860896
1.4828259,8.238834,0.5578411,1.5224879
63.655052,52.52016,0.67473924,1.4734843
99.56105,97.53766,2.8472273,2.8544729
70.46573,77.61641,2.4118762,2.4972615
71.42135,70.05334,2.8542504,2.8467002
47.08732,30.368866,2.7858465,2.7125032
56.18321,56.00444,2.5767722,2.5666735
66.23715,57.73008,0.79509497,1.4595292
99.30957,96.68527,2.226217,2.2299929
21.543505,38.44772,2.346651,2.8144445
30.579287,31.09141,1.8324685,1.7751316
9.240475,10.160229,2.5293078,2.5822792
85.17854,85.79088,1.7648522,1.7664894
30.61083,30.612778,1.0591924,1.0163515
9.101521,9.128288,0.97395194,1.0898743
79.030266,81.109024,1.6748399,1.6532514
38.94344,39.624985,2.5579543,2.5387444
45.662094,46.174335,2.0993106,2.0835047
27.521685,16.143532,0.5610762,1.1751556
70.593,67.866394,2.5811644,2.575267
26.482462,27.058868,1.6284513,1.1416292
50.32606,51.269775,1.129426,1.0013185
49.887722,50.543175,1.290037,1.0336499
73.28756,71.66846,2.3446813,2.3689535
90.17825,91.70543,1.2285173,1.1398331
58.20684,58.3376,1.8612089,1.8494673
48.860577,49.574287,0.9658871,1.2004684
64.31059,69.67728,1.9846481,1.8513516
98.13777,97.78497,1.7283678,1.7220695
99.82522,93.42192,0.8579748,1.1946256
12.003401,9.978699,2.685638,2.0848691
5.0018516,4.471493,1.2370167,1.7305182
19.488375,7.6376877,2.8785543,1.4214753
76.99215,79.44975,0.9795792,0.7696118
36.20382,33.981224,0.65073425,0.99599713
98.22031,97.65298,2.338663,2.300683
76.68946,89.10733,2.859056,2.8831215
19.033516,14.552479,2.6349525,2.5666547
87.98344,89.728714,1.7656641,1.531041
40.301804,36.741283,0.707969,1.8455939
74.79105,75.94075,1.9986444,2.0152895
88.27112,94.81886,2.2467213,2.1449256
2.3871124,2.6789894,2.2159467,1.7955421
97.842224,93.720566,1.0705899,1.2704747
76.275055,69.012856,2.9853275,2.9481244
26.406359,25.060831,2.708379,2.6827588
61.785236,68.635376,2.522162,2.5425267
17.501106,15.881378,2.5569003,2.2540932
92.08522,89.666275,0.8697914,1.0397614
21.957045,20.451202,1.0812975,1.1008779
24.787626,25.818913,1.4363137,1.0678909
72.07462,69.2327,0.88381344,0.9247104
60.04404,59.731674,1.7416584,1.7326882
69.46073,78.24009,0.9531466,0.79541004
74.42922,76.62803,2.2388856,2.2702014
32.374912,31.057041,1.2216499,1.5561862
79.590866,80.52231,1.7673116,1.7894286
81.889694,88.28981,2.636859,2.7442517
37.03565,38.323483,1.0476123,1.0273352
48.39145,50.033123,2.5169356,2.5261965
16.975601,5.201679,2.9393492,2.471709
49.39912,48.594078,2.2388892,2.2232602
43.618866,39.818893,0.8134599,0.9391582
7.859473,11.360287,1.166929,2.59645
12.487378,12.544117,0.9873048,1.0652125
65.72439,75.8062,1.8338279,1.0498486
70.61595,65.574104,2.3658812,2.340644
8.547112,6.427784,2.0047982,2.0626745
8.350123,7.8415833,0.9063383,1.1536038
14.537366,17.996675,1.5984132,1.2938259
65.95534,61.61824,2.9710898,2.9247434
26.18626,18.260283,2.5049014,2.1475532
58.78438,59.83321,1.9595805,1.9655683
29.788021,30.90806,0.9270944,0.9904199
7.830094,7.9398613,2.8392909,1.8134856
89.02065,90.689514,2.0268364,2.0225835
81.11627,87.52774,1.594894,1.0754027
45.33882,43.35715,2.371576,2.2771597
32.1332,28.730167,2.7429597,2.676896
26.06209,13.521671,2.6634853,2.6146338
62.57297,53.51068,0.6964498,1.1991519
14.97332,13.9654045,2.6785033,2.897685
59.65228,60.57735,1.9403294,1.9481896
6.3586993,7.662636,0.6064092,2.2265646
69.59605,68.93587,2.0397227,2.082077
50.077477,54.165012,1.4671906,0.9666695
37.52746,36.48097,2.9669716,2.9112802
21.301226,18.024853,1.0392395,1.1942451
94.39548,90.245575,0.7394071,1.191361
7.300661,9.402199,1.5603174,1.137254
17.306097,14.606857,1.7787776,1.6746548
78.272644,83.09804,0.8140666,0.7832846
30.504158,34.53309,1.2251439,0.9948964
62.545113,64.67665,2.0465724,2.0458612
22.485106,22.529676,1.1948864,1.0731599
94.63563,86.7593,0.9074484,1.234822
12.569576,13.328114,1.3224007,1.2486862
58.848576,66.312775,1.3896811,0.99100983
97.641685,90.29801,0.79052955,1.03545
53.704235,57.77092,1.089968,1.074097
27.12518,29.52023,2.975833,2.8272963
14.974303,14.9794235,0.9031028,1.4251696
74.022285,78.313126,2.4101665,2.4420972
53.953102,52.400154,1.7743902,1.081698
2.8922853,7.5816,1.2939589,0.92684525
31.659632,31.180107,2.327142,2.2971733
92.64514,90.98398,0.9288487,1.0667095
16.828485,16.22863,2.1751742,2.1364646
67.49502,69.57339,2.8515863,2.885445
62.799484,66.680466,1.6047217,1.1560234
78.50703,82.48282,1.9152607,2.0379055
10.206725,11.628307,1.3681372,2.0502994
34.568516,34.613045,2.5739944,2.2386076
13.720791,15.804077,2.762724,2.3200326
87.86363,93.45443,1.4922177,1.5602093
54.12957,50.98609,2.1053722,1.964717
40.930428,41.745968,1.7561407,1.7515935
33.399677,35.304787,1.4222862,1.0076647
50.6439,47.70545,0.78977,1.0002558
17.47194,22.807156,1.8180424,2.21693
20.329231,19.216028,1.01449,1.0909247
23.486217,14.207123,2.0443141,1.8578206
25.07155,26.13112,0.8748302,1.9709666
76.458,88.08503,2.3012664,2.479976
37.641064,36.460625,2.1243021,2.0343068
84.754616,92.6196,2.3585804,2.4826684
22.086403,21.050299,2.5358102,2.5350914
42.424423,42.52861,1.1239098,1.0062962
17.254358,15.81847,1.7985448,1.6372054
98.60614,97.26961,1.9801633,1.9684651
22.50616,12.3773,2.908828,1.8386333
11.303556,17.53519,1.7464771,2.3091853
41.695885,44.229504,1.1749568,1.1644552
70.871216,73.061806,1.7749246,1.7607439
43.02865,40.030228,0.8681646,0.9539123
49.52983,51.66686,1.6841854,1.4560025
17.087936,18.39369,1.4988075,1.062597
0.7834491,19.29735,1.0565288,2.8426032
84.17453,85.17874,1.0876609,0.877431
95.06674,87.98247,0.63680726,0.9607742
83.0271,89.24041,1.2680949,0.9648286
42.534256,41.455055,0.8784337,1.0293252
59.927887,63.30886,0.78926826,0.9789833
58.435555,59.899315,1.9720116,1.9565978
50.240494,50.902653,1.069077,1.0223671
83.98294,74.52259,2.884478,2.8668165
87.618645,88.69075,2.4999669,2.497272
60.066307,54.930088,2.4599223,2.4460387
80.54462,81.31117,1.739843,1.7393168
0.8386612,5.8121223,1.109549,2.3350844
34.38432,38.623882,1.4365305,1.7202424
54.540203,62.164703,2.652791,2.662693
71.38972,78.150856,2.345501,2.4250176
50.16201,55.608795,2.5350578,2.5993237
85.246124,86.12939,0.7583577,0.8376484
50.002087,53.464157,1.4553311,0.98246545
10.953462,10.53458,0.83139706,1.0609021
94.137146,95.12929,1.3615901,1.3526981
13.632455,12.746506,0.5282582,2.64179
76.265205,89.96225,1.4907295,1.1433392
37.097725,32.86741,2.6662176,2.5698779
4.564557,5.709976,2.436702,1.7839602
55.937992,59.4665,1.7547529,1.7527806
14.86054,15.012165,2.6095006,2.5685372
8.11393,7.823532,2.9389958,1.4210701
30.080797,25.99958,1.2992063,1.4336783
53.914715,54.696255,1.1555463,1.0065111
25.791286,23.943823,0.8987747,1.0683253
12.673566,15.91143,1.7590916,1.4560598
63.605484,71.39232,1.4132766,0.93749523
93.68494,91.56529,0.99397534,1.1117496
95.52853,92.62353,1.6842124,1.5639986
81.56073,87.73496,1.5697002,1.1737583
47.841766,41.316883,2.775529,2.4844046
93.7491,95.33632,1.4131534,1.5795131
2.404284,2.570591,1.7147759,1.950486
24.91896,25.1401,1.4822131,0.99346644
21.91796,22.331978,1.9769197,2.0165014
7.077767,10.990986,1.9244511,2.3652635
56.500034,60.083916,2.476897,2.3959384
78.54584,75.583374,1.6546671,1.810913
17.700453,25.766157,1.4773741,1.0955837
94.54284,94.03775,2.5681496,2.6104817
17.945723,13.443199,0.7756766,1.8779987
15.543215,14.591885,2.2146387,2.011121
4.6033745,9.254547,1.0068885,2.4353187
78.08223,86.32757,2.9830596,3.0
38.259144,39.642807,2.4222798,2.4451296
64.88462,64.11334,2.2157109,2.1768827
6.323842,5.781563,2.0721843,2.2521772
59.353844,53.118233,0.57001173,1.002439
81.682495,84.07243,2.307656,2.3304064
46.687656,49.729374,1.2315645,0.9454079
97.93899,97.40936,2.8583827,2.9284248
0.2822449,0.98316574,1.7965462,2.2904663
53.494736,58.559036,0.59796196,0.95925796
12.971978,12.000568,1.7471247,1.4106208
76.90271,79.531624,1.667419,1.5619577
24.149277,25.20716,1.3092158,1.0395837
88.15615,92.42569,2.135304,2.1743212
74.00307,74.06604,1.9108053,1.9130219
26.1107,23.746433,2.9165788,2.867139
83.232574,83.398285,1.9045147,1.9148724
41.235188,39.62993,1.8052502,1.6818672
24.583256,23.065174,2.1849735,2.1371725
8.31305,9.538628,2.864305,2.2236164
22.627316,21.988941,1.8786321,1.915722
21.838963,9.903118,2.7880561,2.2675285
33.935646,41.05573,1.9396114,2.0852273
38.710266,43.49953,2.346294,2.3379722
50.863155,50.847603,1.9889662,1.9885929
38.01835,41.819794,1.7504479,1.9288113
28.83872,28.542152,2.7726405,2.7769575
15.360647,15.321896,1.6698135,1.854398
10.408422,14.814121,2.2262788,2.3802383
66.24678,69.43451,2.78656,2.7845044
54.417053,54.247112,2.8908174,2.8691015
61.58875,66.27657,1.2731895,0.98838776
28.343403,33.43143,1.7201784,2.0246615
66.62199,66.50641,2.145184,2.0899487
47.66283,45.370846,2.207469,2.1848366
24.1181,17.74987,2.2660902,2.0321188
93.647095,92.73511,1.023583,1.2100921
43.028416,43.35619,1.7539814,1.761025
40.538036,40.493137,0.8282937,1.0339801
56.460056,60.36688,1.9848634,2.0194442
70.57871,73.71885,2.1290226,2.166369
48.995853,49.020786,1.697844,1.6168444
47.65203,49.37075,1.9477298,1.9741814
22.24348,22.395311,1.6728997,1.5324337
64.90367,65.061516,1.7688618,1.7713089
98.350365,97.04741,1.3624012,1.4392811
61.217957,62.997253,1.1790385,1.0461235
41.45411,41.226585,0.8485729,0.9275044
17.518301,13.673069,0.5070574,1.2031858
81.00506,84.44774,2.092895,2.113213
2.3213885,11.528408,0.91124755,2.0844734
51.591072,45.238842,0.67606544,1.0250595
28.267206,28.393843,2.9235373,2.7293088
93.52654,90.2372,2.6822357,2.6767344
22.844719,11.026855,2.3003783,2.1715655
57.268208,48.900757,0.51729494,0.94764405
67.60799,68.2334,2.6004422,2.624146
60.22841,51.06142,2.7733502,2.5229259
65.632065,66.08015,2.0346625,2.0053914
7.0384526,5.805073,0.80158126,1.4033214
1.2076724,1.1239281,1.0412209,1.6699942
3.509266,6.938469,1.3649455,2.5106504
6.9355164,7.1720924,0.9266598,1.8335096
33.211403,31.871578,0.8361213,1.4486547
93.595024,96.78395,2.8603938,2.872243
4.3873334,2.7379837,2.5762687,2.1876285
3.867004,7.0583115,1.7202617,2.5385127
17.967316,8.632088,2.7314065,2.3181396
53.36647,46.469437,0.6425918,0.98704684
68.6601,67.4268,1.0013263,0.9381881
90.84078,90.60063,1.7038738,1.2388105
40.246017,45.83503,1.4335283,1.3376504
35.335438,37.622456,1.8780807,1.7975596
22.880466,23.994614,1.0561576,1.3347132
82.68424,88.779465,1.6067144,1.0846695
13.117399,9.934044,1.4172688,1.19381
27.656435,31.079905,1.5064846,1.1751709
4.2262025,5.8859406,2.8375854,1.2818232
49.208553,48.504055,2.393379,2.4941225
78.004555,79.797195,2.041521,2.0364604
77.23913,75.51892,2.445724,2.3899484
17.568235,10.63586,2.9746964,2.3664832
21.028788,24.670553,2.7247262,2.5871558
41.68427,46.971382,2.2097883,2.150598
89.8293,90.25986,1.1182228,1.1075115
6.1566014,12.713493,1.4588919,2.4355204
96.43125,92.00957,0.9473571,1.1329024
34.663956,38.33465,2.18889,2.1307473
7.3994956,11.28957,2.3225477,2.5315058
88.08676,89.30725,1.0756524,1.0097396
84.023796,80.52854,0.5332185,0.7953346
19.38831,15.923672,1.0523256,1.0592453
28.27001,27.744541,0.895099,1.0172646
16.57063,12.663776,1.9987655,1.7196516
88.352165,84.06246,2.8875854,2.7926707
17.382751,16.619846,2.0377214,2.003232
80.741684,82.265274,2.3242557,2.349614
27.938162,27.22286,1.273778,1.0043551
76.562355,72.38077,2.7655077,2.667388
88.01749,88.70729,2.8636348,2.8621292
33.274742,37.42581,1.1470889,1.3695675
79.595566,86.25162,1.1676301,0.8225965
18.635168,18.45879,2.5270898,2.5118003
14.622615,18.151352,2.0165658,2.446103
26.877714,32.805428,2.356128,2.4136376
79.8848,86.495346,1.592994,1.5261796
52.329887,59.21473,2.7043433,2.7741318
19.042301,10.753006,0.58520234,1.5873905
56.641106,54.792557,0.95692414,1.0158277
48.470432,48.703102,1.1351428,1.003909
85.44174,86.07381,2.1978128,2.1606252
92.92637,91.32439,2.3097968,2.3065646
83.105415,87.21003,1.049315,0.85126364
38.131832,43.57236,2.503623,2.3557115
63.605957,57.812454,0.72423,0.95534986
3.8152366,2.9107208,2.132484,2.462819
99.473495,98.22011,2.3921914,2.3972263
75.28574,81.34929,2.5327263,2.5594113
75.58411,83.586365,1.1449336,0.792318
27.68985,27.053572,1.5738441,1.6321242
85.01095,89.7712,2.8450456,2.784247
85.94668,90.94737,1.2959769,1.0656561
36.010864,37.295044,1.6310264,1.6066624
47.300285,49.020046,2.9871924,2.9618762
94.91587,97.46208,2.0405097,2.0391238
63.929276,54.995434,1.0371107,0.9377471
16.27805,19.284868,2.5753253,2.5863183
62.70573,73.31552,1.7352796,1.777596
23.168474,24.530998,1.9313469,1.8195035
40.900707,36.13674,0.5195559,1.0284111
65.99138,67.3445,2.7658615,2.738792
44.121456,44.741238,1.3900077,0.9934345
90.39147,86.288055,2.7284493,2.7029903
23.351688,19.424822,2.6034327,2.6959805
4.329384,7.6900597,2.4632392,1.8018333
20.167158,18.981937,1.3519171,1.1274121
88.59073,88.96015,0.9046706,0.96166354
32.92033,30.99032,2.7824621,2.7622313
72.39458,74.07156,2.47948,2.4928908
25.798788,22.058308,1.3982741,1.4332476
59.126976,57.17875,2.950826,2.952619
4.424572,11.273167,1.5840075,1.3490025
82.85312,83.49643,2.6844602,2.6956978
86.43051,86.640656,2.3804476,2.4234676
51.61612,52.193623,2.6217566,2.6233668
37.567196,35.883396,2.6610408,2.442841
41.221825,37.651333,0.57084334,0.9899523
47.53069,42.190197,0.513586,1.1936854
78.30736,75.05086,2.0966983,1.9835918
94.848404,91.75554,2.800789,2.791654
66.88941,66.214645,0.9818277,1.0602022
28.300869,24.103382,2.2718017,2.057514
75.2845,67.73941,2.7286103,2.576417
63.36506,65.67846,1.8291441,1.8712208
24.44674,12.139511,2.920983,2.7860687
96.73806,96.94627,1.3676385,1.4365188
78.444916,84.92392,0.9524168,0.9201357
32.057877,28.184895,2.5825338,2.5534809
31.371338,24.695066,2.8527343,2.643793
36.78764,34.875854,0.8317693,1.0069478
66.51505,79.30965,1.6000148,1.4676037
25.265867,22.984987,0.6830225,1.2504139
87.895134,90.09218,2.6895905,2.7269044
89.541275,94.19797,1.4551947,1.3192315
6.771832,6.4032707,2.0562904,1.8925433
28.76598,25.971596,1.3819494,1.26513
8.609708,8.515064,1.0185107,1.4955711
63.551285,68.47409,1.5996062,0.9411088
27.812038,32.716385,0.55985314,1.3530247
48.56465,46.55849,2.2740293,2.2129035
7.2767053,8.95491,1.4586927,1.4261386
72.752235,73.96971,1.9932284,1.9772922
47.03885,48.875828,2.1314266,2.1220741
20.17117,17.995567,2.9645638,2.9001598
99.42432,94.40215,1.0780983,1.2800183
36.168198,34.02187,1.0341616,1.5206147
62.5013,72.18898,1.6241086,1.4677485
75.20014,82.6445,1.0000098,0.75514644
47.414867,49.463108,0.7232417,1.5815256
90.210396,93.014786,2.800726,2.8281302
54.522804,65.55884,2.529185,2.4937205
54.35334,55.066452,1.1544414,1.5614008
39.967064,47.0689,1.528134,1.220509
50.186523,64.7874,1.9784181,2.1820974
27.055445,22.126709,2.235444,1.9990479
5.6286664,6.1126785,2.525716,2.1375322
36.248505,34.637012,0.9791099,1.0208638
4.458537,5.800171,1.6365188,2.508405
60.213497,63.46677,1.8364527,1.8546104
19.067411,17.198414,2.7731802,2.6299694
81.406265,82.13793,1.7109447,1.7221465
95.921486,96.97938,1.9746302,1.9693735
32.820618,39.855404,0.8172051,1.8262355
21.176933,19.039791,0.9116804,1.1005621
36.412926,34.29945,0.9034097,1.0847108
82.07595,73.76724,2.2464151,2.1820009
80.00819,89.819336,1.4407892,1.0111713
10.060765,14.515156,1.3955741,1.1702927
24.417435,21.076944,1.9549863,1.7052274
59.757088,59.949112,2.716332,2.7133932
60.180996,66.86676,1.6905584,1.8096012
24.750515,24.401735,1.1629038,0.9995783
32.910347,42.89867,2.9211073,2.8377538
94.50487,89.6838,0.9615547,1.5846248
67.266716,68.445786,2.486279,2.4739442
78.419624,80.20089,2.4836025,2.4911635
30.80815,33.469997,1.4418948,1.0145725
86.51531,86.19085,1.7722038,1.7426835
66.54944,75.93326,1.3017762,0.82792836
94.25081,94.878876,1.3955462,1.5552173
91.318146,91.60139,2.876653,2.8807492
55.160576,57.05366,1.2416679,1.489892
31.502718,33.801666,2.228068,2.1438873
19.343632,10.771088,0.93618566,1.6597507
55.04707,54.854553,0.927735,1.0239881
26.860415,29.72073,1.4920675,1.0358326
27.131468,23.198458,0.9682325,1.1157281
71.67705,86.25057,1.4824606,0.8146067
67.4201,69.309494,2.2396483,2.2534413
86.62592,85.59434,0.9987841,1.1537714
16.327778,15.228119,0.67128277,2.0829988
48.06937,40.240906,2.7796323,2.4539056
7.7235904,9.574013,1.6916304,1.4125104
74.710754,80.112015,1.0966818,0.79733014
64.15331,65.05135,1.050494,0.9775799
42.698666,46.233105,1.8862381,1.8929678
51.854645,51.374474,2.6084666,2.5877323
35.372543,31.404945,2.492854,2.3522058
82.05491,75.70417,2.6947715,2.6075425
44.3492,37.021202,2.9888322,2.8711584
85.643295,90.79715,1.4131408,1.0602419
95.21592,93.34511,2.3914526,2.3869393
72.94796,77.18582,2.8808916,2.6834989
72.98301,81.493385,2.1660097,2.3129416
87.36071,86.92563,2.045861,2.001073
12.792835,9.802792,0.9922545,1.2354167
59.961773,60.875576,2.0342288,2.0283844
26.311846,24.8835,2.6716542,2.6370864
8.150695,6.610214,2.4879587,1.5663854
68.18395,67.26258,2.3783386,2.3373628
87.10898,86.6491,2.040151,1.9935489
58.601833,60.261448,2.2912486,2.357036
40.018463,39.525623,1.9184334,1.9383737
95.91885,97.47839,2.4583466,2.47158
71.52712,64.63135,0.5537422,0.9495641
29.52281,32.485615,2.6308918,2.7983408
54.4659,47.774147,0.74573374,1.0101839
95.241875,87.32639,0.6099409,0.8736722
45.780575,45.337605,0.9691097,0.9800257
75.68558,84.94762,1.624475,0.9493422
44.35586,49.823746,2.699082,2.7334697
64.78803,65.53233,1.6437577,1.7492609
44.80097,50.896076,1.516244,0.9670934
5.5506625,5.903984,1.6319181,1.2999456
74.718666,81.242676,0.9723229,0.8086355
84.82978,80.01012,2.782,2.6981654
46.365585,46.11184,2.5872288,2.5778632
99.21841,89.045105,2.5633254,2.3503897
93.36137,94.41413,2.9444711,2.9409971
9.871711,10.040901,1.7233528,1.6227678
64.95373,63.980324,2.6122084,2.598925
39.509087,37.41085,0.83705604,1.0161083
6.3851633,8.787922,2.0447242,1.8038483
75.03142,79.68996,2.7732334,2.8324208
68.53282,68.39378,1.8951926,1.9011219
36.09499,36.03508,1.3105612,1.0388513
1.0359025,6.019741,1.2403451,1.4558823
9.258545,16.569653,1.0640941,2.1390395
72.7112,84.41077,1.1192191,0.7760781
56.218143,59.407215,2.127887,2.2142584
27.915316,27.632183,1.9603642,1.93747
43.161446,41.21078,2.3436854,2.269705
17.857546,15.846115,0.8535549,1.1551726
98.366585,90.602264,1.1259177,1.3548311
80.57652,83.261826,0.8835197,0.78073066
28.992699,28.275871,0.9956392,1.3699965
28.079159,14.245716,2.650148,2.221664
61.69686,62.80723,1.109313,0.9473168
5.458243,7.960266,2.3403754,1.8787016
23.04381,28.418236,0.5838112,1.0705504
19.684753,20.77744,1.5073301,1.1028624
15.260216,25.19902,0.5841131,2.2465386
89.82474,89.79268,2.9310534,2.940813
53.056206,56.978817,1.9325353,1.9770383
31.292997,25.693998,0.67741936,1.0314634
27.15957,17.31569,2.511229,2.4754012
89.06784,85.628235,0.8295069,1.0799756
20.004812,19.438553,2.0286756,2.0027742
53.459373,61.97948,1.2947171,1.7204287
22.367786,21.65859,2.0124807,2.244594
17.119831,20.327436,0.60252494,0.97179383
34.236004,37.740463,1.4834235,0.99178916
18.585213,17.963478,1.0376568,1.1150894
6.295817,4.011894,2.5826108,1.8978348
14.243497,15.723705,1.5608202,1.0876665
10.141087,10.392681,1.2937756,1.2348391
65.151596,69.05841,1.2853531,0.94766515
35.882973,28.69561,2.300649,1.9206225
33.682568,37.06756,1.3755007,0.95965254
83.57723,83.64429,2.26602,2.2562551
10.382587,11.683067,1.1453526,0.9837437
34.404827,30.990816,2.0245562,1.8885695
59.66328,60.482616,0.8815742,0.95331043
70.09256,64.03397,0.81009275,1.2614005
59.484066,59.870296,2.3401546,2.308484
24.154034,20.451145,1.7333719,1.2418346
21.563189,21.865936,0.97717345,1.1200422
9.162096,9.931881,1.4567268,0.9813393
62.955788,61.17929,2.592649,2.5521505
10.47321,10.75602,2.399427,1.5772192
44.990597,43.063694,0.87599784,1.1346914
67.58883,75.74476,1.6082124,0.9867592
90.10878,88.01062,1.9156389,1.9023252
77.20726,81.4578,1.6647675,1.6774307
86.007515,85.64378,1.6230527,1.6097975
5.428044,4.76923,0.50461584,1.5312842
72.708336,74.05128,0.9667061,0.798936
45.96955,44.68555,2.7287323,2.6467624
2.9213052,2.889717,2.272487,2.2368507
72.990425,85.72456,1.1812326,0.80427426
50.902897,57.293797,1.6187365,1.8284079
15.992994,12.383762,2.9879727,2.9085193
45.38184,40.956936,2.9425519,2.8456364
57.591873,61.47818,2.9879813,2.985386
46.758667,48.46522,1.7478424,1.8726988
55.27571,56.98992,2.015704,2.0038676
89.96335,90.19071,2.311238,2.3419802
53.550552,66.11838,2.7512407,2.785476
66.86233,67.93807,2.2627587,2.2605996
91.70524,94.4905,2.8443465,2.8410354
90.0244,91.108795,2.3304784,2.520718
49.834473,53.713226,2.8086336,2.728682
0.60568726,6.2919197,1.8652233,2.0499833
5.8260193,5.854374,1.8922274,2.1396604
64.25885,57.564415,0.5774583,1.0163105
49.14032,48.51765,0.7681513,0.9692868
18.92093,13.381477,2.924693,2.78313
60.264698,59.88454,2.694976,2.6992629
36.970177,30.964117,2.704963,2.4915464
16.055365,7.613266,2.5527968,2.1490242
84.37264,83.611145,2.1284077,2.1182106
46.264072,43.94717,2.9751358,2.88231
99.41085,90.316635,0.74686354,1.2136838
73.4253,80.742226,1.7590765,1.8543184
57.201057,54.61286,2.3064456,2.3278332
73.126564,76.3429,0.71383756,0.8188444
65.12167,64.64511,1.1303374,1.0535886
69.516235,82.998245,1.3712387,0.7708896
76.10251,80.09724,2.2733912,2.3166802
66.42462,70.937744,1.96404,2.0060139
77.36155,89.54614,1.5373074,1.0325705
7.8428235,4.6565437,2.9173489,2.0665014
99.24964,86.1299,0.5659861,1.6834847
95.16211,95.409134,2.4903104,2.4758701
91.1332,94.94145,1.562938,1.3230166
15.660172,13.92429,0.69256854,1.1452285
44.673256,47.69191,1.7017952,1.0109723
27.99527,26.466429,1.0518919,0.87352735
82.18379,83.505905,2.6355414,2.650455
71.97994,80.56308,1.6169373,0.96788484
32.689392,43.1536,2.8189144,2.8670645
68.949234,76.736015,2.361532,2.3649185
50.51457,50.351624,2.3126895,2.2908514
41.196983,40.756393,1.6933706,1.4914004
34.214252,42.208057,1.4771657,1.014971
64.159225,74.060776,1.5427334,0.848886
69.940735,72.17088,1.9897037,2.0723598
48.55234,53.76871,2.0522277,2.005239
95.20479,94.438705,1.2566465,1.3118826
61.217598,56.58098,0.75433105,0.9957444
15.46674,14.703587,2.735334,2.3147497
12.992679,20.553343,0.913954,1.1863341
54.637203,61.08582,1.5318803,1.0493081
69.17528,68.503365,2.720051,2.7014153
12.564444,13.304333,1.8359132,2.1519446
83.437164,82.56935,2.9749858,2.954868
53.819515,58.32134,2.643566,2.7826147
89.74855,94.91471,1.8490331,1.860315
65.432465,66.68602,1.8867726,1.8960549
49.739914,49.6841,0.524801,0.98292756
16.382267,16.569977,1.3411053,1.1302459
78.683395,72.37865,0.5429303,0.8821205
43.62908,43.116474,1.0143245,0.95535415
38.01284,34.274883,0.964961,1.0231552
92.898346,93.487915,2.5037696,2.5176768
39.78388,43.147682,0.85889816,1.0374718
35.600872,42.48349,1.5946765,1.4073869
19.783411,27.860823,1.8130533,2.452374
54.536823,57.11028,2.0409348,1.9642135
12.675306,9.705421,2.6822362,2.1037583
2.0215573,3.0529137,1.9258868,1.2759053
4.3047414,10.227215,2.8431122,2.558682
46.46134,45.835567,2.632631,2.5198917
94.97464,91.51811,2.885164,2.910396
26.570484,24.762602,0.8644105,1.0815052
36.39786,29.239931,2.6970978,2.451797
7.8025675,14.787029,2.3005059,1.0229748
13.655115,15.507881,1.5078083,1.0880504
16.894176,15.562176,0.8582291,1.0798161
39.865112,43.54191,1.2280055,1.7421952
51.47808,53.847958,2.1821656,2.2018497
10.902052,11.510815,1.8219479,1.9748666
41.88885,48.21128,1.6715161,1.1304073
87.60559,97.673164,2.6317754,2.710942
30.239624,31.361256,1.44022,1.3096068
28.76662,34.78085,2.4641805,2.6863284
36.60303,38.447033,1.1589127,1.0102661
22.332159,20.835577,1.333355,0.9927829
35.859333,36.056,1.6655469,1.3533554
77.75031,73.43771,0.5530097,0.90413815
45.025757,49.82888,2.884841,2.899444
16.230505,19.360605,1.5375897,1.1041964
64.02389,63.57192,1.1216229,0.9973833
38.482536,33.15972,0.518165,1.0065854
10.713559,6.19635,1.2695317,1.6049844
71.719765,74.782486,1.0965364,0.86545056
36.778473,29.223923,0.5130272,1.0244031
65.72217,74.46997,2.779063,2.668322
94.634926,94.68854,1.3369578,1.3383739
47.777706,50.37481,2.7315238,2.8261826
21.902418,16.321556,2.5945122,2.1135004
35.2146,40.003082,1.320932,1.5830706
97.75457,96.92317,1.7469718,1.7318392
66.437805,66.4501,2.3032517,2.3038402
37.551617,40.93651,1.4544165,1.011083
7.2902904,6.4082985,2.1830943,1.6679277
54.023457,53.967724,2.6911726,2.6642847
94.163185,93.432175,1.763338,1.7608331
3.338953,8.859795,0.9788389,2.14567
99.19173,91.563,0.90336514,1.1148462
57.28049,55.334145,2.0906494,2.0655603
89.962975,87.706276,2.9290926,2.9545405
77.474915,78.51561,2.820984,2.8316703
75.455605,82.876724,1.4318044,0.92223173
36.472626,41.579613,2.7321072,2.5802538
22.626318,21.05378,1.6121832,1.0334258
57.578423,56.560726,1.1463773,1.0691133
6.9280143,8.235004,0.693519,1.2635821
78.126976,87.23377,1.1583117,0.8891256
90.4755,83.41794,2.9142041,2.8088536
12.566197,12.381844,2.392595,2.372136
99.93428,99.24501,1.4552122,1.5058775
13.337294,12.847038,2.9602354,2.8643646
4.5169992,10.361343,0.5237034,2.2442088
10.90234,5.6093407,0.61754936,1.2809942
25.715153,23.338152,1.5108957,1.0609043
93.1962,93.77643,1.2775921,1.2819761
9.266156,8.174049,2.632806,2.5508277
46.245502,45.35828,2.1823208,2.1931138
96.89943,97.3465,2.8129325,2.817356
25.783575,24.926954,1.9921153,1.7191566
50.827515,62.004482,2.8662102,2.8875632
18.140902,15.882511,2.5284235,2.4483495
14.112711,15.291115,1.6344788,1.0816267
98.87094,89.537445,0.77234423,1.1845391
94.806526,98.1874,1.7328815,1.7598219
73.52808,84.383865,2.4351583,2.4783208
23.021097,20.948488,0.8568692,1.0853491
10.70046,10.57188,2.1495812,2.133952
63.603477,70.16875,2.4126604,2.4687119
63.49858,67.400826,1.6707249,1.2745111
52.917652,56.87513,2.0038617,1.9784526
15.996489,13.73592,0.5421482,1.1717265
2.0578346,4.0564117,2.6148622,1.9819462
1.8336138,7.1056824,1.8848081,1.5381256
33.595753,34.74836,2.3304727,2.3617456
99.195274,96.182816,2.845128,2.77546
16.3034,9.742451,2.5659227,2.0537102
70.46454,76.24051,2.77573,2.86338
92.270546,90.16014,0.94974995,1.0416138
52.228863,55.91049,1.2561294,1.032661
33.78438,31.675392,2.738234,2.5056489
50.13168,50.054424,2.3624618,2.3482933
70.56828,85.685936,1.5386407,0.8110158
61.251965,61.064087,0.8559606,1.0140445
20.623255,17.448868,2.1394408,1.8829528
4.3962655,10.078194,0.8999309,2.2802067
9.736653,7.34573,2.797257,1.5506959
25.757227,23.906437,0.90373623,1.0771123
91.0987,90.41176,0.97246784,1.0802577
32.258587,15.422192,2.9620697,1.4301245
53.05533,52.892563,1.9558082,1.916647
10.341565,11.334908,1.4161417,1.112939
76.41409,89.43829,2.8416145,2.837959
97.88002,97.26229,1.5692593,1.5689293
0.6332764,4.527069,2.1399949,2.1595678
52.46059,56.23866,2.4818645,2.5343795
39.813755,41.228577,1.2075475,0.97655404
89.06862,92.802444,1.3550991,1.1988063
11.275414,11.26696,2.3596616,2.341947
20.112429,20.494051,1.575698,1.0957526
63.96208,66.9066,2.205705,2.1959057
77.26589,91.53125,2.6996288,2.7838352
37.590416,39.595802,2.3693779,2.3727322
85.18776,86.8907,2.0261502,1.9506025
7.036771,6.7233734,2.2819648,2.2743406
53.967537,51.440475,0.77327746,0.9742592
11.62359,12.763546,1.2824944,1.10094
96.28397,94.69533,2.9708455,2.9653735
13.639211,13.95813,1.4255441,1.7835199
60.417683,61.523727,2.3990963,2.380199
10.769123,8.292145,0.85632807,1.9914898
76.60005,81.22185,1.6497046,1.5867118
31.660362,27.964811,2.7586179,2.4920716
10.933966,10.576855,1.7782221,1.1758181
17.79438,25.24579,2.055813,2.5651984
85.661934,83.215034,2.5004663,2.4917893
52.147675,44.66511,2.1006382,1.987505
28.68996,23.963825,2.9167511,2.7558165
27.349821,31.420492,2.4422364,2.66601
8.094713,6.8641014,1.1553867,1.4929442
22.40587,19.898024,1.340347,1.6172136
54.742603,57.084793,1.7871895,1.8144097
61.059093,63.130093,2.868833,2.9516244
66.47683,69.14276,1.8649389,1.840796
26.49643,24.983313,2.2010474,2.043432
46.921917,42.110344,1.0849801,1.067059
99.68082,97.03884,2.9828596,2.98251
8.660173,10.095264,2.0145454,2.104812
10.0548725,7.4386444,2.386974,2.2175808
43.80887,52.322567,2.0299547,2.0336657
3.369508,2.619152,0.8999399,1.363156
6.4141726,6.651016,1.7313915,1.5225383
13.968368,11.859329,1.4717251,1.9780357
89.99704,89.46809,2.0611455,2.0653565
75.89655,81.511024,1.0116569,0.78979677
18.277512,17.639797,2.2359316,1.4984827
1.6171911,10.9073715,0.93355894,2.0512805
68.65339,67.37252,0.8700649,0.95571953
29.874508,33.503563,1.2415689,1.0485682
27.9514,22.297771,0.6960657,1.2742426
23.273876,21.212904,0.91414905,1.1699392
87.762634,90.56642,1.2632668,1.0351387
95.18792,94.41163,2.6242745,2.6170416
56.044544,54.72496,2.8935804,2.6639135
31.168715,34.92695,1.3000028,0.9964482
83.31227,80.18463,2.093952,2.0670292
64.658066,64.37103,1.0947987,1.0127335
57.45371,48.244442,0.5736686,0.96637607
14.173333,11.658936,2.2013555,2.2139523
46.93061,45.216576,0.5545642,0.97446483
97.28149,91.54268,0.69155234,1.1442657
32.96176,30.411205,2.1428034,2.013908
29.791487,28.206253,1.0028297,1.0810711
38.92156,37.262844,1.8584609,1.719311
63.626392,65.28632,2.1519158,2.2402344
21.68504,16.847034,1.0012623,1.3498113
43.031387,39.609863,2.667015,2.6780343
75.165054,75.13286,2.3237228,2.2294447
75.15819,75.145996,0.8872009,0.92604065
13.188818,14.625988,0.60408825,1.4465257
0.0432645,3.971531,0.9274077,2.376087
19.323969,20.258644,1.2574862,1.3765328
96.39124,92.89061,0.9651965,1.2015667
69.38107,79.24974,1.2846372,0.8021785
19.5037,17.518597,2.631606,2.6000226
13.511306,7.950077,0.5995055,1.4889766
58.75397,55.377808,2.4178004,2.2830644
80.419754,79.12037,0.65562433,0.8066931
9.046383,9.0816765,1.3115807,1.7426757
50.856674,48.72626,0.5486,0.94703925
31.597599,25.036123,0.82128334,1.6493086
98.338936,97.23538,1.4099871,1.4327383
8.072935,10.743568,2.6264453,2.6832016
97.235176,89.15538,2.876743,2.760749
14.11761,13.571392,0.5495777,1.1422162
68.29662,77.038345,1.1866843,0.82775575
72.05301,83.20813,1.6288642,0.8980132
39.804058,36.48371,0.668342,1.46313
35.22859,35.77395,1.252515,0.9750993
5.299434,4.125435,0.7421185,2.4640872
3.166176,9.4692955,2.581197,2.3166366
24.818033,22.404114,1.2302369,1.0031936
30.79267,31.542082,2.4372454,2.3626335
48.644295,46.54635,2.950397,2.8612037
19.457962,23.651623,1.5443568,1.5427933
95.83609,94.186584,2.289596,2.2595358
89.720085,92.37578,1.3013527,1.2136936
38.442818,49.47213,2.485526,2.7083907
10.454663,11.397659,0.7353429,1.1173711
70.766075,65.460846,0.70667034,1.1071889
90.759384,94.27097,1.4766129,1.3065057
51.54847,51.99078,2.2538283,2.3037548
79.291794,81.88211,2.6734776,2.708392
75.447624,85.67087,1.2057483,0.831155
74.04804,80.83774,1.1245422,0.81529474
27.266626,18.446941,2.5482771,2.2318685
24.87496,16.246708,2.3304393,1.2460107
19.163425,20.250896,1.4372224,1.0954244
22.44691,17.76046,0.852227,1.4082694
57.662132,72.33273,2.8279724,2.988593
18.058575,16.935356,0.8093941,1.1780078
31.561323,30.003115,1.0556322,1.1333787
32.401077,34.713028,1.6565585,1.021898
38.180958,40.296074,1.127233,0.977996
74.84323,75.19755,0.8625482,0.83094984
26.059639,24.376324,1.7857594,1.5755396
41.2082,41.433372,1.1777982,0.97591823
1.8939754,3.2091522,1.2503933,2.3346946
56.842674,56.585674,1.069997,1.0161583
5.073875,13.012135,2.747149,2.0920205
17.540993,15.622128,0.8979147,1.215689
38.325047,31.597168,0.6478611,0.9989778
37.025826,41.382153,1.5444387,0.96738786
92.53456,95.762955,1.5116806,1.3762949
44.988922,42.982044,2.2706082,2.1770687
43.505146,44.70038,2.2818983,2.275686
5.1604943,8.463867,2.612672,2.287102
0.8040926,0.592556,2.8766744,1.5500431
79.26912,79.797134,2.1924462,2.1941369
35.144066,37.33158,0.88423866,0.93545616
7.518705,10.866215,2.23188,2.144345
36.596424,27.645046,2.2604594,1.5639608
4.3801107,5.8173523,1.4381453,0.93443775
65.361694,73.53078,2.6893108,2.789525
69.697685,73.38011,0.943617,0.8329719
86.63373,82.05806,2.3818514,2.3045194
96.2914,96.94624,2.0175567,2.0515876
96.63198,94.68775,2.8832054,2.8843029
22.493168,19.236475,0.71564907,1.7507641
98.127525,90.551895,0.5978436,1.0443727
72.54611,75.48738,0.9975814,0.8575068
46.78819,48.421093,2.488565,2.533667
84.62662,89.33932,1.2182565,0.96299803
40.55994,44.03942,1.4105468,1.0024129
83.70825,88.69337,2.3444064,2.2916331
67.08287,64.10108,0.9102201,1.0573466
77.62796,77.44604,0.81806827,0.8010362
31.060122,27.316849,0.70874226,1.7082448
4.6727276,4.241375,1.9427744,2.4046214
36.678005,37.919823,0.72227854,0.9912851
85.077,81.056465,0.5130717,0.7859196
74.03651,85.719055,1.5606246,0.8565578
27.411299,25.321175,2.4888647,2.4557354
29.449545,30.214218,1.3491881,1.0539407
9.073847,7.867672,0.61758685,1.2343662
47.97925,49.418827,1.8305603,1.7573377
99.75161,98.57939,1.469007,1.4927411
48.807266,48.63042,0.8059718,0.9878609
87.95034,90.79109,1.2813772,1.086022
44.444668,46.202778,0.7870044,0.96536237
54.455017,48.746666,0.7162657,1.1191688
89.12114,91.12243,1.2688755,1.1223986
94.843124,94.847275,2.0563211,2.0355434
86.00173,86.37472,2.8321424,2.8440623
98.23366,94.90685,2.8346732,2.8016663
19.406305,18.884882,1.0002782,1.0664761
62.797787,60.9981,0.98916334,1.0691235
31.508013,39.10344,1.1058586,0.952123
33.1927,36.094223,1.5631025,1.7289896
63.90327,68.2725,2.2116654,2.320364
6.2597547,7.652897,1.050349,2.1376793
59.2051,59.254234,2.5223095,2.5767436
94.59262,89.02763,0.6847797,0.9565741
4.070754,8.899033,1.2850914,2.0854328
91.85518,92.306465,2.6566086,2.6928096
15.865505,15.9458885,2.6365826,2.6048288
97.771805,91.932526,1.232072,1.1044772
90.570526,78.17237,2.6013174,2.4189103
61.18486,74.41649,1.3903701,0.92686045
14.551654,15.168381,2.1383028,2.1596808
10.073062,9.748661,0.9485247,1.0263226
45.389915,48.54804,2.786059,2.6251264
62.739826,64.6857,1.7047176,0.96152145
2.672335,2.5914688,2.634257,2.4837613
31.417007,25.178776,2.6560917,2.5638938
57.83457,59.964905,1.7337258,1.735151
59.32515,60.395164,1.125436,0.9727658
7.021732,4.896759,1.0646063,1.2047288
58.66078,64.72478,1.5970769,1.0716977
58.47466,65.81712,2.500545,2.6115017
53.485188,59.270462,1.5466594,1.0653332
50.510612,47.68173,2.4257534,2.3496687
80.47601,88.00123,1.9619304,1.973336
82.68895,82.87964,1.8650564,1.7919837
43.120865,42.527107,0.9701367,1.0137038
3.2622602,16.84964,2.3578448,2.7009196
84.22896,79.544586,2.8859422,2.919715
68.63297,68.96697,2.1935778,2.227229
63.027912,63.16562,2.1521173,2.1392004
95.432465,91.52275,2.3108604,2.240019
88.16995,97.211075,2.3791997,2.4607716
28.10718,32.79334,1.7682796,2.1443622
37.65122,38.92819,2.9745271,2.9203095
29.546824,27.207548,2.5005307,2.3040533
89.46506,91.035805,1.0422219,1.0477469
5.35548,5.535301,0.8430214,1.2330229
73.40071,73.26297,2.3266656,2.3267236
78.964935,87.06783,1.2583408,0.85471004
25.127872,29.05822,1.706377,1.7140205
98.814995,98.75169,1.505964,1.4965127
74.34117,77.58742,2.3732224,2.2765584
88.049065,91.32506,1.1549182,1.1051444
80.5626,76.477356,2.2373013,2.1937428
53.232437,54.31161,1.8284805,1.8069679
18.821184,15.456554,0.85761297,2.4416037
27.739054,25.464884,0.9159831,1.0735838
57.34324,49.545353,0.5052699,1.3002373
68.77981,68.21382,0.82257986,0.8822747
19.266552,19.876398,2.4155312,2.4186165
87.887886,89.13945,2.1097012,2.1216688
21.467627,17.781254,0.60147804,1.071044
30.575254,31.2582,1.3681,1.0285947
89.76902,94.44438,2.5983825,2.6601467
30.278952,36.27453,1.4992428,1.448535
10.305757,16.419147,2.4045289,1.7051264
45.926636,42.608498,0.68271893,1.0847919
19.499872,12.202293,2.2529025,1.8243481
91.37338,91.208046,2.5713756,2.6086144
34.952267,35.99321,1.3626012,1.4590279
8.253631,8.348286,2.031144,2.2874522
59.87424,57.61285,1.034386,1.128611
63.449234,64.060486,2.800987,2.7350252
95.84458,91.81672,0.9473324,1.1676261
6.006116,6.310444,1.2471374,0.9685701
63.157665,68.17589,1.2887917,0.954309
4.832545,5.987545,1.9447895,2.1227639
13.866129,9.403057,2.5169024,1.9434047
88.37056,85.94533,2.3942902,2.4129243
1.9699886,3.121235,2.8063374,2.1777635
33.3773,32.82056,2.2430682,2.2066128
72.11688,72.79827,0.98131895,0.9056046
27.906828,27.772694,2.8604836,2.8337126
64.78624,62.838337,2.986433,2.9703374
31.788982,19.61611,2.682656,2.4051468
11.418367,14.195492,0.8284709,2.0678954
6.7022715,7.8665466,1.203789,2.0013022
77.570496,80.37146,2.8646352,2.8668237
40.870674,45.30452,1.5288486,0.9586074
0.15683372,3.4364128,0.79272705,2.0629296
88.67367,88.183754,1.8927326,1.9938453
43.931755,44.29525,1.7248937,1.7876177
93.52949,95.8004,2.4938397,2.5395603
24.885878,23.32725,0.87773645,0.9897486
27.253515,24.16715,2.9584143,2.8993554
33.596138,33.90792,1.0749724,1.0383842
80.36578,77.77954,2.705279,2.5475662
91.822685,94.89693,1.5160438,1.4237002
93.41581,94.41218,1.6148745,1.597816
22.537315,23.515177,1.5733387,1.3578062
79.494865,86.62795,2.569286,2.7179503
60.142315,61.110565,1.3481492,1.026854
5.761605,8.394047,1.2425189,1.753619
64.6416,65.55382,0.8430522,0.89947814
46.423115,52.54673,1.4158853,1.6315585
46.267345,47.598904,2.7069516,2.748505
1.5967717,4.981388,2.2909281,2.3849535
6.838425,7.713936,1.6454109,2.0812507
76.67132,87.10072,1.4576674,1.1203017
76.72069,76.1599,2.649657,2.640153
34.238853,36.803864,1.5968925,1.0641263
23.745716,23.248281,1.6973522,1.6695688
89.38272,93.24986,1.407082,1.1876369
82.22371,88.338875,1.2395171,0.9364729
94.57131,92.93535,2.4593046,2.4699516
58.284092,58.271683,2.2843716,2.276697
77.13412,81.73445,0.65850544,0.7984886
53.949047,58.67236,0.75262016,0.9744192
14.442534,14.416801,1.764415,1.8416238
67.93152,66.033905,2.5322826,2.5915065
71.50208,64.27306,0.58628166,1.0115649
23.396437,22.569307,1.0771929,1.1434823
63.79644,62.523224,2.4365687,2.4414296
41.06141,42.471764,1.259427,1.05054
64.40553,63.264862,0.9324821,0.9895498
7.127447,8.385227,0.69391084,2.0109496
26.94709,29.781914,1.2727132,1.6449866
19.1985,16.521988,0.58142245,1.1647443
51.60083,54.95679,1.8473577,2.0391078
76.68448,88.504074,1.5559181,0.96084696
94.84269,94.548584,2.7834246,2.7778997
62.046223,59.091213,1.813796,1.958828
3.919834,6.957737,1.8523581,1.9520967
74.5797,77.145874,2.1480792,2.1056955
50.199333,49.097866,1.9778503,1.9481803
2.8438518,3.6325645,0.98523766,1.7754459
41.732685,42.381363,2.7826204,2.7727747
15.633809,21.826965,0.9744058,1.1257625
4.849394,6.095661,0.6825386,1.9779601
54.618042,55.467247,2.2531075,2.1197166
2.5486977,3.3164864,2.329087,2.6413138
43.332336,40.774994,2.4226685,2.5298338
12.210825,10.877033,2.7058723,2.539758
24.67575,17.553432,2.8288543,2.7461994
84.11329,79.87343,2.263763,2.3267853
91.27399,91.21336,2.4996996,2.5132732
80.91819,85.840164,0.84833884,0.81583923
2.4473991,13.916733,0.53264153,2.0800612
44.153164,47.505306,2.6077762,2.4800978
75.550255,70.83925,0.60752577,0.9364183
13.730328,12.398979,2.7667172,2.541729
83.37107,80.46227,2.349393,2.2903388
34.829124,36.313797,1.29181,1.2468319
98.95834,97.52447,1.9291989,1.9255531
46.00363,42.337265,0.5697321,1.084954
7.8951054,3.6455612,2.4819367,2.1521258
9.007027,11.483601,1.0830023,1.5986999
93.36291,90.01824,0.96660894,1.0940616
4.9576936,9.952381,1.6374774,1.8557045
9.717983,12.075001,1.6744087,2.3850355
52.63541,52.732376,1.0106173,1.000879
52.083477,54.423832,1.0093179,0.987067
39.910233,41.525276,1.6876485,1.2860248
10.421041,19.158005,2.738879,2.771349
19.736212,18.47452,1.7280992,1.4998451
40.654434,43.99426,1.2315769,1.1556543
72.99307,79.9868,1.1093925,0.79969627
17.25108,19.230904,2.061531,2.091141
47.011234,45.61327,2.308762,2.1463704
27.990528,20.105806,0.7225916,1.1516889
33.23283,47.720795,2.0441291,2.3719864
71.62031,76.662674,2.051676,1.9412354
97.87467,98.676865,2.2937787,2.3258162
30.477968,32.702644,1.9943882,1.692126
31.91094,19.298004,2.989783,2.6135087
77.874855,84.26341,1.4347295,1.1080673
50.434654,43.277855,1.8855387,1.7541394
66.325294,60.93879,0.5900367,0.985564
63.675396,61.12772,2.393979,2.3617787
68.76626,66.28803,1.1944797,0.93444055
82.380455,85.94287,2.5457487,2.6304364
83.88612,89.201485,1.1941847,0.9611884
98.34693,98.53924,2.6979609,2.7156758
2.9745247,10.448864,2.2491434,1.7967901
71.5325,78.02306,2.738925,2.792613
10.484772,10.271,1.2567265,1.7925038
6.4436235,5.840824,2.1026642,2.1611445
38.334217,33.280457,0.6591315,1.427434
16.359173,12.532452,1.8693417,2.0489528
17.23029,13.395447,1.636764,2.0887434
73.1413,81.68567,1.0515771,0.7985819
27.351683,19.835869,2.9108646,2.6404438
61.5116,53.316963,0.511584,1.0241474
43.84511,46.647156,1.2555072,0.9949115
47.887703,50.46522,1.586322,0.938226
92.083916,94.16437,2.254669,2.2582886
72.370224,85.257095,2.3345664,2.5495927
36.82523,39.942852,1.044389,1.4831624
39.598114,41.58889,1.6156844,1.1133325
84.54822,87.061646,2.2501988,2.320279
35.613094,24.721153,2.6620486,2.4725323
79.848305,86.514244,1.6799406,1.4834818
6.8171544,14.108822,1.8019785,2.0542977
51.830086,52.724884,1.8569871,1.8785558
19.21035,13.719856,0.8558037,1.1060731
41.457893,39.49005,0.7036381,1.3096572
6.6132746,5.8275337,2.4252803,2.300035
97.85541,94.716324,1.9411856,1.9609401
2.006816,6.5612373,1.2246032,2.30725
23.050907,31.44209,1.9779508,1.6261704
70.33829,70.269684,2.3605847,2.3595095
52.40347,56.632927,2.137597,2.1128476
57.1274,49.23478,2.3056316,2.045768
59.212864,59.65828,1.9010979,1.8862609
25.476934,25.826975,1.4004205,1.3193891
16.714645,19.053698,1.0564901,1.017849
56.598366,54.595222,0.51947707,1.518424
7.048708,8.454521,1.7177161,1.672159
78.61812,81.65834,1.5996943,1.4485698
48.515633,45.93343,0.8401811,0.99986684
46.809322,46.48381,1.894136,1.9229127
37.603065,41.859177,2.4654455,2.4218512
70.333694,75.0267,1.7298561,1.703639
3.3006928,14.813278,2.6167035,1.9248614
27.23506,22.558046,0.892447,1.1480575
63.443466,71.23459,1.4280956,0.95316863
25.768902,22.708721,1.3413864,1.1234154
75.53231,76.24819,2.5511973,2.5467339
94.75519,90.794525,0.93382436,1.1418397
49.858055,54.60439,1.4786832,0.9536805
96.013115,93.73295,1.2264358,1.3414942
41.27112,39.36082,2.3224502,2.3376653
54.62582,67.82886,1.6551763,1.6353992
63.586693,73.52972,1.6004298,1.7316645
78.87745,81.13664,1.9346361,1.9516444
27.591042,22.049192,1.1016366,1.0971274
51.03524,52.645454,2.8706217,2.8759527
2.1104288,2.8802032,1.7326378,2.0880768
37.286446,34.44175,2.471373,2.3261213
52.956573,49.426117,2.5316172,2.4808972
70.929276,67.20436,2.008161,1.9991292
8.513022,10.906925,1.6658441,1.0003328
56.23139,61.010544,1.2466328,0.9857172
43.27885,43.448395,1.1700954,1.0291216
57.60175,62.243664,1.0071058,0.92151016
73.540596,81.236946,1.1125431,0.80983645
99.2374,96.19878,1.2645578,1.3899932
83.27134,71.16107,2.5288668,2.4451663
9.533018,9.145748,0.9597416,1.2458758
86.85199,86.2158,2.1142313,2.1006713
57.619854,65.01017,1.4887668,1.0200752
30.214981,17.79203,2.2768857,1.8917847
79.24519,83.97464,2.3061345,2.3767743
79.67824,81.35945,1.6667786,1.7428454
28.898039,21.886442,2.8908827,2.8000116
29.474064,30.482656,2.3209245,2.239943
78.90028,87.022736,1.2369163,0.8814676
98.423744,96.96985,2.8368468,2.826934
59.72047,69.25985,1.6166574,0.96644634
12.896818,10.410145,1.0630825,1.4808189
56.721077,59.06707,0.9621986,0.97684914
41.945324,44.636826,1.277614,0.97674835
58.82548,59.982048,2.0475554,2.0363495
52.273796,60.119045,2.1547434,2.268139
98.43301,97.31024,2.0026598,2.0055852
73.733826,81.719406,1.2935928,0.76891
80.596985,83.430756,2.556238,2.4577096
97.19933,87.54514,0.64465445,0.88861895
56.177948,63.76808,2.8749886,2.7552276
65.46475,79.11894,2.6526196,2.8452897
52.73106,53.95088,2.1078155,2.0553675
5.7755322,7.3737564,2.60807,2.485948
66.11251,68.37206,1.6627799,1.5707092
83.25494,85.36418,2.5109215,2.5426908
18.497967,15.09927,2.5273638,2.3260138
30.18169,30.90696,2.1490643,2.1949923
70.55337,80.392914,2.4291246,2.539731
23.349674,20.856525,0.7996378,1.6394703
16.021204,20.744497,1.4463701,0.9942812
6.2453914,11.322426,1.9820123,2.1980321
10.79714,12.300098,1.5463895,1.8906518
96.77449,92.66369,0.7510751,1.1678109
18.206322,17.613266,1.8009069,1.714579
48.40031,43.35969,2.198788,1.9842911
22.552763,21.83975,0.71876717,1.0996325
18.584911,10.378128,2.4078598,2.5408008
17.14546,18.256926,1.6720515,1.129386
91.23202,90.66379,2.237479,2.257799
26.559702,26.291233,1.560277,1.0334978
91.96532,96.26169,1.3770242,1.3841592
5.192533,13.944218,2.883825,1.4035369
73.585594,80.45756,1.1005204,0.7958597
24.413969,22.778238,1.7774531,1.5853857
96.05498,92.44803,0.890167,1.1593779
67.83944,64.336,0.5733936,0.9646738
40.360287,35.370743,0.6081404,1.0367918
60.416454,62.440727,1.9255421,1.8767828
99.1663,96.22049,1.2684568,1.3737952
29.086626,29.671803,1.6115613,1.1262383
49.261944,47.15515,2.9325738,2.9207509
41.350655,44.07994,1.267585,0.9806419
24.326143,24.359188,1.2174535,1.0750656
12.610026,13.565098,1.36577,1.0860991
43.980362,39.31024,0.6737095,1.0264564
48.90156,51.515503,2.5127704,2.535225
26.177399,22.328339,0.63719445,1.0690207
68.00719,83.20575,2.5897336,2.8305874
11.536682,11.034012,0.7132462,1.0508956
33.235596,35.85914,2.0727503,2.1266487
7.366581,7.6934395,0.8204698,2.089999
19.663862,19.080416,2.027969,1.9748982
33.7609,32.12596,2.4753788,2.6126742
86.20077,84.4869,0.68446237,0.7818361
38.428078,30.280886,2.8365088,2.626718
83.08703,85.13681,1.9384052,1.9862776
31.80517,31.701624,2.3589587,2.3357906
85.55195,86.8642,1.7345657,1.7366925
54.17825,54.393322,1.8753479,1.8803682
64.55502,73.74466,1.5642115,0.9239089
65.319725,64.76169,1.7310033,1.6225662
87.325584,84.01756,2.896394,2.9154797
46.74158,45.718147,0.7327651,0.9992499
31.151026,31.17403,2.1393201,2.1425676
30.473291,19.005978,2.664718,2.4209752
5.5176177,9.694965,1.9018488,2.3617725
57.626312,53.711468,0.6224006,1.0161855
49.01466,50.681473,1.3356676,0.9824987
26.494074,26.11748,1.7590847,1.662065
10.327866,11.384384,1.6305401,1.2564566
21.125683,21.718458,1.5660014,1.1749806
67.36888,82.072754,2.3924785,2.4912071
16.194963,16.323662,0.8671923,1.3677495
73.74021,82.731155,1.2383947,0.7804009
41.034576,41.302868,0.7367317,0.9938146
90.14108,90.82623,1.0674775,1.1288095
1.5584061,3.9509315,2.1684418,1.8604776
97.43175,97.5157,2.1342158,2.1423938
9.670409,9.76453,2.062868,1.7203803
7.359354,10.365101,1.6216918,1.966986
54.828274,49.626648,0.61511993,0.9890505
42.275253,42.024292,2.1345353,2.1042376
44.722107,45.432816,1.0006809,0.9830514
61.74579,56.2536,0.7050292,0.9627118
15.109076,10.230415,2.6706414,2.4590414
1.6907556,7.163624,1.9561584,1.7212217
0.7617753,1.5669212,2.3153975,1.5767827
33.079967,33.32735,1.793669,1.7748606
31.056332,26.925257,0.6592067,1.0480654
45.47357,42.555256,0.83798945,1.0122159
23.213074,18.990217,2.0625858,2.03215
97.868965,92.3145,0.7244162,1.2036414
9.754017,7.7820473,1.7436761,2.0678108
28.885508,28.324497,2.1515696,2.1365848
10.801505,7.82872,2.9883618,2.754927
52.34526,54.366417,2.145461,2.2291522
74.675476,90.13382,2.2167141,2.3823245
71.696785,83.3126,2.9411998,2.9585073
49.83118,42.756256,2.808959,2.7273445
47.492004,46.560814,2.1408055,2.0578487
72.527214,79.28487,1.2267168,0.8080534
57.95168,58.465405,1.0679002,0.990333
54.33662,51.470314,0.86049485,1.0018089
59.9352,68.625145,2.0360746,2.1838574
95.22118,94.61593,1.9727567,1.9767038
65.467285,56.35215,2.4090118,2.2702353
20.135372,16.52829,2.12923,1.3221967
9.727405,10.681587,1.1684109,1.0540712
94.69057,89.54469,0.79212,0.9994523
17.602749,12.163174,2.9596617,1.9366535
39.40475,39.47113,1.9291751,1.9483886
3.7918093,7.234295,1.4142355,2.517746
94.642136,94.94786,2.9515705,2.984384
20.730658,20.224102,2.0681236,2.0868008
73.85535,70.005684,0.6898907,0.9256358
59.469048,55.39246,0.7001713,1.0077151
84.87589,84.62748,1.6215518,1.4449883
42.50854,39.48678,0.98332995,0.9850899
16.706387,4.0427475,2.8257384,1.5510021
33.982716,28.819931,0.8234378,1.0435413
79.7882,81.373245,2.8511329,2.8883972
47.184277,50.683655,1.4023662,0.9793375
60.16359,53.11776,0.69543004,1.1039954
4.935766,5.1101875,1.0055073,1.1248411
1.3966957,2.396328,0.82675934,1.3044364
23.703375,20.105404,1.7372386,1.2898674
15.770278,14.274189,2.507751,2.3827982
18.97467,27.670103,2.3358788,2.3739352
99.08618,96.61186,1.2886614,1.4098394
53.628513,58.059444,2.1741838,2.228774
57.676605,64.71734,2.4376447,2.5213294
84.44537,85.15722,1.6456343,1.4554317
7.11869,8.228516,2.0248258,1.7312669
77.53026,76.99209,1.931137,1.9075873
27.321253,19.899586,2.564548,2.3229222
10.957383,8.790112,1.7499312,1.814338
54.666317,54.918087,1.1122257,1.0063999
21.862991,17.965488,2.9563153,2.8459084
66.53622,67.462296,2.5130038,2.526425
16.113754,16.931461,2.4676998,2.733086
53.94889,53.51937,1.1198229,1.6498908
41.754448,41.89132,2.3534763,2.3358881
80.05417,86.70556,0.93116164,1.4615421
16.49418,15.711876,2.6083217,2.5163677
41.860905,39.59793,0.6048464,1.1219845
55.91027,56.649456,2.2882085,2.286771
64.92017,68.2301,2.0056634,1.889898
58.2582,52.714027,0.88283527,1.0004591
44.21599,40.46424,1.837473,1.9356985
11.131124,15.317368,2.1113691,2.2067778
18.43167,15.991112,2.2946618,2.185833
62.217922,71.67855,1.4496704,0.89368206
17.598383,13.872562,2.532893,2.236739
30.509527,29.845484,0.98230964,1.202552
62.527817,67.96796,1.0577004,0.9568851
67.36561,72.27121,1.7586014,1.7218647
70.31106,72.259544,1.9182364,1.9091905
73.960396,81.77287,1.9836609,1.9684141
32.897797,30.6202,0.87131655,1.0791943
21.763535,22.827513,2.4463527,2.597992
73.58641,75.5661,1.7397283,1.7608513
96.99076,95.806274,2.3754692,2.3360095
12.106006,9.348427,1.4453455,1.421217
33.212807,33.024178,1.1159605,1.2591194
15.565664,15.483639,1.7123011,1.5941048
33.613445,35.848484,2.5620153,2.6158888
2.0758333,8.105015,2.0636864,2.5576768
0.97381294,2.9003754,0.629493,2.2945771
96.20682,94.81944,1.3713112,1.3041651
49.027,55.99226,1.9291387,1.9640661
18.19747,16.464043,2.2698934,2.3312395
52.034492,50.550674,0.9492664,0.9851374
88.839966,83.735176,0.80878496,0.89356166
21.171034,21.18476,1.0579283,1.0895381
57.982006,41.15798,2.9804444,2.4334793
99.4384,99.56752,1.5577773,1.5679609
45.259487,48.411278,1.6650691,1.4893004
36.274193,34.760887,2.094704,2.095069
92.59032,90.217514,2.12653,2.0277126
77.03655,78.616714,2.0491045,2.0632057
34.954098,30.724796,0.6676199,1.0613488
82.72542,82.698875,2.0565536,2.0516706
86.83375,87.06117,2.1489556,2.1465418
79.43295,80.28744,0.5603556,0.9161796
87.43233,88.90525,2.0844672,2.0929124
17.431284,20.901503,2.2182136,1.1330385
71.59887,71.82176,1.7841219,1.3940144
86.27741,84.33559,2.8755503,2.8242898
74.29768,80.14007,1.9583852,1.9948485
35.511833,34.155003,2.2385032,2.141774
29.734169,30.996881,1.9072194,1.858937
26.4169,25.729927,2.7251446,2.6656365
94.09107,89.32759,1.1854527,1.4302139
24.894373,22.913662,0.69749963,1.2376709
80.35127,84.43324,0.9549902,0.80724657
68.55612,82.432175,1.5249426,0.7716857
99.10205,92.91059,0.9121521,1.200057
26.018488,26.335491,1.3020191,1.2348249
24.75814,22.239742,0.6414437,1.7074832
57.433746,54.890408,0.910949,0.99506325
33.675835,29.172232,2.3807132,2.4122992
84.40525,85.45961,0.9763099,0.7811263
46.92628,47.330666,1.6895779,1.6618171
23.989765,14.576099,0.5172879,1.0682509
67.50927,68.31133,2.3509386,2.3675835
62.172775,70.85239,1.2636561,0.97990435
81.44806,84.11257,1.7471106,1.7212893
84.03266,79.536865,2.0947514,2.018007
37.548058,35.210896,0.8309037,1.0146452
2.747193,4.0912437,2.6705308,2.0032144
5.8355994,19.739677,1.3711591,2.7539105
66.533394,69.718544,1.199634,0.89353955
31.21731,25.927204,0.6873417,1.1359658
25.985115,24.228596,2.0121157,1.9524344
29.490911,25.418598,0.5424248,1.0212772
55.4398,56.785027,1.8121845,1.842901
6.529473,5.7199135,2.199184,1.1280909
18.298086,27.073118,0.5081654,2.2976801
41.405655,49.9504,1.7277938,1.9777613
35.457836,37.667206,2.4702199,2.638548
77.77606,79.43129,2.019385,2.0276875
21.11233,20.65955,1.5808645,1.433604
55.833828,55.214058,2.0542872,2.0353482
11.9323845,8.223724,0.7367767,1.754535
26.772724,25.249651,2.1544242,2.0578825
30.065376,28.356747,1.8125602,1.7833866
94.01473,91.13718,1.0431688,1.1347842
54.90069,54.654503,1.1312053,0.98391384
87.80755,90.42944,1.1499035,1.0604789
75.8976,82.148026,2.2733884,2.3156438
1.0966884,12.604031,1.1910095,1.1138513
17.091908,15.834148,0.62791175,1.0678349
56.504105,56.01881,1.7486061,1.7358482
79.793144,89.66461,1.468722,0.97709256
0.46757707,13.372902,2.721186,1.9239416
2.4499738,5.385887,2.2321327,1.7087946
84.851944,85.39081,2.7581148,2.7641048
30.157106,28.504171,2.4663663,2.4759824
94.56205,89.357834,0.8522077,0.9666436
66.01972,66.027664,1.7981654,1.9353354
37.868385,38.481422,2.1655293,2.1402833
93.34067,94.78955,2.05185,2.1036878
69.59914,66.13284,2.8384953,2.8726408
39.2489,35.820236,1.0163383,1.0067089
6.3404346,9.177284,0.56622624,1.1457398
96.70446,93.21375,1.0827868,1.2544992
31.037903,33.17537,1.390199,1.0329089
90.88787,85.17236,0.5200802,0.82445514
5.957959,7.1846237,2.066264,2.0699587
92.55741,86.62294,0.63678753,0.86025196
0.9451894,1.7485847,2.2259688,1.7543926
75.31229,74.35851,2.9062068,2.826623
67.668304,67.11705,2.4641943,2.4568598
46.12434,49.46965,2.6268523,2.5144887
83.842255,84.03296,2.2306294,2.2240846
81.8125,89.57535,2.7666268,2.8200355
82.0234,83.351204,1.8147937,1.8374346
67.85822,77.24015,2.9801145,3.0
99.35768,95.393814,1.1679335,1.358741
79.055244,73.00324,2.9375386,2.9290757
63.33719,62.35816,0.9413827,0.98074186
84.82546,95.37747,2.751052,2.8607087
15.257458,14.340038,1.066194,1.4628885
24.415668,18.652094,0.6957878,1.1973411
48.153572,47.28246,2.9584718,2.9388747
63.129665,62.58065,2.9526331,2.947395
96.64572,95.9026,2.2479212,2.2365701
45.12117,45.14774,2.7701418,2.7756062
17.869144,15.371017,2.9588237,2.8283782
8.052638,8.803619,2.928467,2.6679382
6.7618437,6.4585342,2.480411,2.390857
76.42918,83.55574,1.1635346,0.78311807
55.891396,60.280865,1.5804912,1.0569146
28.60265,28.787989,1.9495656,1.8589776
14.756813,16.248512,1.9059368,2.0344439
93.47489,93.18907,1.1191621,1.4447083
65.45105,67.5624,1.1773489,1.1950234
81.88362,81.28278,2.3506258,2.3380828
58.476166,66.25543,1.3005266,0.9514819
29.33477,29.128445,2.6636312,2.650488
80.92162,76.186264,2.6887624,2.6607928
30.339056,32.579346,1.7720448,1.7403147
66.67177,61.144142,2.5969565,2.2697272
45.316246,42.07637,0.74233174,0.967407
0.5706674,6.5761223,2.8354568,2.5123932
21.773897,16.720291,0.54922366,2.022112
12.398937,17.06258,2.6936247,2.165931
99.0519,96.32951,1.3417358,1.3867856
28.595089,36.131317,2.4989092,2.4779305
91.08318,89.596924,1.75137,1.6673377
47.842045,48.847836,1.8688486,2.0064602
67.55522,57.266766,0.6084179,0.98771334
10.674889,9.657223,0.83056486,1.1565132
49.58169,55.465878,1.509659,0.9648703
81.60835,77.19972,2.8217497,2.723876
60.75328,59.82057,2.8128207,2.8140821
59.227222,67.4374,1.5251484,0.96457857
31.742258,24.357857,2.0795624,1.9046929
83.730804,84.31836,2.1461782,2.1583471
6.592438,11.433659,1.5533013,1.3782417
25.95056,30.554575,2.5188901,2.3502812
72.90643,76.83921,1.7656103,1.6464882
62.296722,55.061035,0.58394104,1.1492525
5.802687,8.9473,1.0942963,2.071224
44.512123,46.45191,1.9717293,1.8319811
82.70993,81.023575,0.66086644,0.77555794
42.569885,46.906586,1.4989988,1.0329362
92.64013,84.31551,0.65195626,0.95479816
2.0343719,4.026024,0.99114925,2.4489293
89.077644,89.17619,1.7284248,1.736177
79.88398,82.23332,2.5201807,2.5570104
19.843334,15.007565,1.15341,1.1638054
57.550095,56.41258,2.9957807,2.9942784
21.921492,19.467493,1.3238406,1.0463778
70.685745,75.09885,2.0130908,2.1075659
75.752495,78.46853,2.0290747,2.041752
4.6611295,11.22076,2.020784,1.9383558
33.924137,28.63977,0.66155213,1.3421434
71.932205,78.94496,2.6701455,2.6606307
72.148224,76.21935,2.175206,2.2164083
98.90494,94.53661,1.6611973,1.6746309
14.0441,21.865166,2.3443532,2.740193
43.24318,41.694775,1.336613,1.1781378
44.37083,39.68083,1.8155962,1.6547207
65.558876,76.75702,1.4001783,0.83466625
40.356064,37.5216,1.1474072,0.9339742
99.646286,96.751465,1.2727115,1.4848878
77.81841,84.96585,2.3570852,2.4241014
19.098618,9.926464,2.657047,2.4441996
86.89321,83.71148,0.806592,0.75753146
14.177054,11.564861,2.2808533,1.8864316
17.898836,14.781387,0.6433761,1.0847101
42.305084,46.968224,1.7220709,2.019759
74.05795,85.46617,1.4078252,0.80156887
96.38924,93.472946,2.5942597,2.5583684
61.67236,61.62017,1.7912389,1.7224272
20.556831,13.328461,2.8076527,2.519127
65.1149,66.26991,2.0821533,1.9288179
26.503477,21.297722,2.4187455,2.2138572
78.05909,83.86023,1.607264,1.1464193
22.883934,29.75876,1.560086,1.4662237
68.1277,63.36322,0.8147103,0.9724168
43.18854,47.87427,1.5360231,1.0084848
77.23804,81.99076,1.6523017,1.1860272
29.583937,25.097418,2.0784223,1.573153
28.293358,30.982927,1.180138,1.0979455
54.4125,47.851097,0.57345843,1.0575187
27.883371,29.367718,2.441819,2.497213
12.959602,9.534824,0.5743829,1.6516371
49.459217,46.973976,1.8114552,1.6437352
1.1812593,9.018242,0.735285,2.6855593
3.782231,8.730846,2.982111,2.144263
67.56943,60.194878,0.5632629,0.971408
22.748919,20.998367,2.3152604,2.2573223
47.046696,49.8484,2.5266042,2.6328354
87.85168,82.24602,2.8403022,2.8100233
60.190697,54.773388,0.53513896,0.9476797
91.003,92.63159,0.97809076,1.1598222
7.554143,8.678818,0.8566403,2.5521455
20.613813,19.170225,2.254415,2.2593179
67.50228,62.414925,0.52346486,0.9655953
4.4199724,4.755657,2.288299,2.2594142
6.1532927,15.862595,2.8465996,2.730258
77.98151,84.38643,1.1970516,0.7815485
29.956696,38.08502,2.9388585,2.952588
79.942894,79.54506,2.2284224,2.2315454
4.9344907,2.9560547,2.5478084,1.7169832
45.52787,40.467213,0.54559153,1.0044439
60.303394,59.446693,0.9888844,0.99150693
71.62078,79.815674,1.3812504,0.83682024
63.26667,64.93335,2.3352442,2.2524107
57.239807,58.05037,0.8799892,0.9800356
68.988846,65.39956,2.8808799,2.9222293
3.8554327,7.0268974,1.0139426,1.9525776
94.417534,97.720276,2.4450853,2.3732362
97.55235,96.86853,1.6269717,1.6228732
61.331768,57.532337,1.7669076,1.2746388
58.044296,61.719116,1.6913897,1.8528752
67.44919,63.068565,0.85652834,1.0323858
25.166338,31.681452,1.3940358,1.0674253
54.754826,64.21031,1.3381729,0.9541756
25.801832,26.275589,0.91919804,1.0538055
43.85432,45.377647,1.2711358,0.9262476
20.438637,19.781559,1.0620018,1.1087185
38.406635,40.256073,1.2548805,0.9719384
36.847202,37.339664,1.0134025,0.9278205
73.29769,65.93112,2.3525453,2.302813
55.59589,56.72145,2.065976,2.0580578
45.955208,44.375137,2.0320594,2.0032759
21.331635,20.129297,1.9395299,1.8161212
70.206795,80.275665,1.2600149,0.7906059
38.428703,41.904533,1.472712,0.9804604
5.2821083,6.450054,0.600273,1.4101633
9.121679,14.335991,1.02296,1.1967174
19.698782,19.318222,1.9108893,1.849272
35.37697,34.026382,2.72727,2.6888776
8.565461,8.452019,1.429936,1.6013345
36.160915,41.647636,1.7267541,1.6727676
70.90017,79.08072,2.3264875,2.3982103
89.3679,89.91617,2.7694812,2.7691565
31.985037,33.901627,2.0653384,2.132676
92.741066,94.589554,2.5343869,2.466246
89.48444,87.484634,2.6367857,2.6249576
20.28604,21.285776,1.8063368,1.0705085
70.88999,72.76575,2.7462332,2.780972
33.42614,27.043789,0.59005797,0.96244085
48.313576,48.49293,1.7683449,1.2359399
26.032246,18.973122,0.7466335,0.9300063
85.51172,81.06832,2.84804,2.8103924
32.67836,40.381454,1.4308884,0.9942201
52.842377,52.48832,2.72217,2.678911
4.478777,13.376053,2.7693124,2.4506342
65.11596,74.99046,1.4859586,0.8691742
65.049614,73.886826,2.8664584,2.7831445
52.521347,49.50026,1.7983552,1.5475816
87.411766,92.468994,1.3629421,1.1417582
91.40123,78.86362,2.7469387,2.64742
87.02362,87.01834,2.103908,2.0991688
77.80807,85.153015,1.5946224,1.0316035
84.417595,88.609406,1.3056257,0.9207742
17.313967,14.889797,0.6261243,1.4302249
61.13737,64.17142,1.3277466,0.95989114
71.221344,82.208206,1.8743824,2.0490665
60.630642,49.577854,2.3164644,2.1644514
65.703,65.8864,2.5942638,2.5988083
68.90208,66.86408,2.2694635,2.2145796
97.81081,97.44098,2.8745317,2.902554
87.464874,87.56485,0.9293291,0.86921954
99.211784,95.17591,2.9213412,2.8698688
73.50501,83.08775,1.4072022,0.82430017
78.13585,76.419395,2.5804074,2.6343544
37.246994,35.37163,2.5843596,2.4448166
97.88124,97.48843,2.6856256,2.789022
18.78881,22.446375,1.5660518,1.6461302
94.18065,94.07298,2.1224275,2.1022377
30.10552,30.373384,2.0154207,1.9934392
53.507477,61.440216,2.2524219,2.3585591
21.438463,22.413115,2.3944783,2.4888716
99.75028,97.57538,2.706032,2.693169
84.33852,83.539536,2.5495098,2.5317726
33.578583,30.987885,2.2025526,2.1773436
9.182264,13.0513115,1.822534,2.033378
49.5735,52.51243,1.2974871,0.996975
56.499165,56.26165,1.7931143,1.7829701
79.74987,79.51277,0.6693759,0.78552365
94.312355,86.61966,0.59192157,0.9001917
69.61668,73.83255,1.6157286,1.2207698
74.89111,74.39465,2.3189597,2.2996247
51.14274,55.786148,1.7765521,1.800902
94.259705,93.43246,1.1700743,1.2022688
19.271345,25.422426,1.9629675,1.9346876
87.458015,87.44934,2.1423783,2.0812318
53.057167,47.817795,2.4914362,2.4659555
30.631102,27.485775,0.82024634,1.1457306
69.853065,74.61242,2.7483845,2.789835
81.12734,81.30073,2.9952354,2.963653
72.062836,71.058426,2.2945306,2.3160791
44.27607,43.042255,0.946882,0.9611104
83.03129,82.653336,2.9867008,2.970842
86.54342,86.7469,2.9677022,2.9602175
3.6197262,3.2699509,2.6462126,2.2109103
33.21802,36.107674,1.7563266,1.9976208
45.48188,44.951485,1.951011,1.9524505
51.800617,56.223705,2.7998202,2.7584891
87.92459,89.224335,1.7613825,1.7560984
27.798935,23.23765,2.8706212,2.8401692
22.246105,11.7151985,2.6930907,2.4064326
5.613779,5.2093277,0.9697265,1.1596859
42.03956,40.613564,2.3655777,2.2534018
92.39819,92.01808,2.984586,2.973391
72.73955,70.26433,0.52572733,0.9400399
88.26637,85.09299,2.7182302,2.6314323
9.982221,14.772598,1.9117777,1.3562989
73.11813,71.678024,0.88522536,1.2715878
98.2509,94.24774,1.2780988,1.3068612
62.544495,60.740288,2.3886666,2.4074454
32.20062,28.157154,0.59580743,1.0801718
10.534722,10.039318,1.8796312,1.8741542
6.0613165,5.4262886,1.6277385,1.5739349
58.326054,62.155815,1.2476107,0.93098307
30.33384,41.72803,1.8690658,2.3125188
13.927907,13.972813,2.4379056,2.4257848
46.82342,45.607967,2.9938483,2.8898048
28.609747,29.911167,1.5905435,1.1828295
13.675291,14.053665,2.5544493,2.534241
91.90343,88.48012,0.8274272,0.98864734
45.445755,45.959137,2.099656,2.137131
71.68919,81.798584,1.373247,0.77949405
55.986916,57.88585,2.7786145,2.8584685
96.599785,95.552956,2.1431746,2.1310968
36.80237,38.064125,2.65965,2.4890056
31.232567,31.364195,1.0219691,1.0378392
25.062082,23.74774,2.6976542,2.7939596
24.694283,26.020512,1.5578773,1.036578
17.70249,18.192577,1.6189799,1.2462329
76.93367,72.486176,0.6591014,0.9049478
96.73744,98.65797,2.3416002,2.3451219
73.78632,71.9916,2.9235072,2.9082146
70.240585,63.924015,2.2161357,2.0603302
95.20381,90.27196,0.7280174,1.0010055
64.89514,69.33588,1.1081066,1.7902352
43.14855,42.682964,2.1875634,2.1630092
48.076965,47.222775,2.1298044,2.060695
0.13260072,0.083366394,1.5717434,1.891111
81.734764,87.70031,2.6466708,2.6929739
99.30763,98.31561,1.8899702,1.8970639
57.96831,55.774986,2.0019894,2.0950549
77.70569,78.93399,0.8408018,0.8270458
6.9696884,7.5042114,1.4191427,1.1895396
83.65689,80.77518,2.2879624,2.344892
41.234646,43.745853,2.7266731,2.712246
16.158129,16.26289,0.60805297,1.0748575
91.66987,96.37246,2.4560049,2.4968116
34.88359,36.881203,1.4532611,1.0989382
94.58513,83.627975,0.7730109,1.4123282
7.0855837,5.040169,0.6458856,1.4357898
77.4257,79.11235,2.9193137,2.9214706
69.05301,69.00642,2.9358227,2.9364371
54.724915,56.81048,1.5421594,0.9473025
69.328606,63.00421,0.5005195,0.9629812
12.033051,8.833431,2.5120845,2.1746807
46.649597,56.43266,2.9256206,2.870033
53.05393,50.929707,2.7160757,2.6745825
6.371617,9.113266,1.6020743,1.9304208
17.656921,19.64275,2.1706243,1.4201765
7.2002277,10.976185,1.0423766,1.448812
99.73566,92.06424,0.8336795,1.1848099
26.801111,28.661192,1.5613238,1.0761769
13.320664,17.327938,1.3162441,1.5494925
55.72821,54.81349,0.9229432,0.9636716
29.46022,29.73969,0.59688276,0.9946518
70.7777,79.10112,1.2261527,0.8073567
86.95518,83.589676,0.5709674,0.8010057
84.19995,79.40096,0.6417117,0.80670714
29.766678,35.436634,2.6938365,2.7636733
13.103253,13.424984,1.5086157,1.3564974
0.85621196,5.3246994,1.603252,2.3602605
39.73645,41.647682,1.0299395,0.9679882
7.0946584,7.627922,1.672694,1.9412833
11.67528,11.646011,0.9895377,1.1315002
71.66261,77.79315,1.1336336,0.8460705
30.799791,30.136665,0.5523463,1.0617008
97.08256,98.54518,2.2271302,2.281086
52.517075,52.35623,1.7828487,1.7732728
70.19523,76.35883,2.2431338,2.371626
77.074455,71.807175,0.66844136,0.9120159
26.82051,27.523605,1.4802884,0.978815
71.24572,58.66102,0.6366047,1.5060786
61.45783,60.35527,2.7666173,2.764337
43.852665,47.265877,2.7056231,2.669233
87.26707,92.60028,1.5368036,1.2342699
36.96776,36.866856,1.7517835,1.6024437
0.8693014,9.380482,1.9641764,1.6394925
59.778038,64.51486,1.5400695,1.06427
31.286964,26.892586,0.7730722,1.13693
84.08239,83.757454,2.0618043,2.0998485
81.05156,90.25678,1.6063672,1.6608498
36.68561,32.002777,2.6094382,2.594027
52.205566,53.26366,2.8525813,2.8683662
76.51257,89.44902,1.5291202,0.95444983
21.336218,19.671698,2.2308724,2.1671941
26.978497,27.137407,1.1968287,0.99630904
67.48136,66.19949,2.2117522,2.1726363
66.41009,58.961384,2.957613,2.9247966
27.855453,28.554983,1.7023268,1.3406011
66.65729,66.14548,0.9468259,0.96971387
87.39538,89.30882,1.0599527,0.97523975
60.200603,67.17557,1.216621,0.975932
26.320147,29.429379,2.5775533,2.5873723
33.881012,40.567886,1.9677852,1.9806826
68.784386,76.19336,1.3019935,0.8136346
54.13119,61.530426,1.3293396,0.95396626
16.0777,10.268948,2.6896915,2.3474746
5.7277565,6.908745,0.62120134,1.5897821
19.762568,14.347752,2.7541118,2.4818246
78.844795,87.032104,1.6373149,1.1140046
42.252968,45.613907,1.4044816,1.0147449
57.740116,57.096493,1.7545087,1.7371621
15.478302,15.155148,2.1465096,2.1079168
82.81056,84.7334,1.9635566,1.9576839
88.473236,89.5227,0.8916197,0.98626053
57.03505,58.436962,1.6174682,1.7718545
25.04594,21.755072,2.8054335,2.884699
98.55216,95.12354,2.954168,2.9031966
88.62426,94.07242,1.6008083,1.4337655
36.186974,39.21933,1.4010456,1.0222325
67.68022,69.476715,1.9912964,2.084068
99.454544,93.55054,1.0558449,1.2596471
63.677616,63.289,2.1766796,2.1249347
52.19978,54.256474,1.1694918,0.9755638
57.914417,61.34409,1.193316,1.0317742
68.7974,69.77227,1.0616487,0.9273949
82.15764,82.77405,1.8467784,1.8506875
55.461926,55.300785,2.4153645,2.4080365
86.2214,91.362495,2.8793733,2.831325
68.13169,63.73211,2.1082344,2.0810394
60.8237,60.241215,2.2486415,2.2418137
48.96676,45.136673,0.8259469,1.1726944
3.8700223,4.257351,0.54897684,1.3336647
38.917908,42.99816,1.4627315,1.0069057
99.81068,97.89048,2.4913468,2.4878309
73.68548,76.090324,0.79175496,0.9136198
17.719526,11.235523,2.5737753,2.383474
25.362885,16.99673,2.5673864,2.6181512
64.05484,63.411964,2.3039935,2.2619815
48.973587,48.850197,2.3117163,2.3028972
85.19734,85.25772,2.2339475,2.2101195
93.523766,94.15445,2.8613784,2.8930657
9.455307,12.259377,0.6182188,1.126708
8.38408,8.140999,0.8625206,1.2552083
15.608747,15.461758,1.7077308,1.5582169
72.96597,83.88393,1.3266629,1.0125792
73.45883,74.37044,2.0580127,2.0477965
25.076601,25.851511,1.4200064,1.0628917
19.00907,19.91684,1.4724479,1.119935
95.28673,95.02147,2.1288333,2.1132686
73.41146,74.09079,2.4295313,2.4231875
83.52246,89.34739,1.6687068,1.710177
29.351543,32.81981,1.8220314,1.9006869
94.23903,94.73908,1.025629,1.3160958
24.54737,24.197632,1.2406332,1.0514398
6.187299,10.182568,2.9131446,1.6948928
46.630535,62.25215,1.5155016,0.98234326
11.505766,10.553669,2.129348,1.6237276
49.78362,44.615345,0.89645267,1.0115072
97.4091,92.24521,2.7388637,2.6995397
79.02932,85.342316,0.875985,0.76939833
69.602325,81.39632,1.4286736,0.79145837
20.219105,20.5691,1.9086795,0.9967409
41.026897,35.751724,2.4946887,2.2723255
15.454847,15.102875,0.8919069,1.1998363
63.23987,69.80898,1.5759542,0.9728356
4.827673,8.465912,2.4707754,1.9031966
8.337015,5.4870834,2.7820365,2.2731433
12.052328,4.8632355,2.7457218,2.482926
71.69829,69.700836,2.9454906,2.9282022
88.59337,91.4256,1.3142704,1.0816946
30.89114,29.652557,2.8015018,2.795077
1.432502,11.390682,2.1642392,2.2092605
67.31564,69.38692,0.6957856,0.9133369
35.428345,33.30329,1.0527241,1.002042
50.896084,56.32247,1.4459484,0.94974744
26.996391,28.610538,1.247029,1.1045471
47.374058,48.556427,2.899867,2.930846
55.082836,58.269592,2.233458,2.1471205
20.473866,21.625206,2.0046086,2.2047696
75.24931,65.06585,0.5395777,1.0554692
9.794685,9.155998,2.4694173,2.553093
13.822057,16.719093,1.5606339,1.6273389
34.99633,37.671513,1.4310386,0.9772076
52.957306,58.725845,2.4914098,2.520998
39.369114,36.580273,2.0188048,1.3278778
59.632713,55.535316,1.8682741,1.7965839
64.851135,68.22516,2.4744422,2.5352135
32.41758,34.926113,1.3802599,0.9673079
55.098194,62.713104,2.1693842,2.2572443
35.188385,16.230587,2.8210146,2.4281633
73.91102,76.94084,2.8243794,2.7819877
62.757473,70.63768,1.4419746,0.87473845
93.88823,89.70805,0.8720143,1.2434864
59.69183,63.260204,1.249598,0.9807634
89.85857,93.45549,1.8441783,1.7912707
18.321201,22.416645,2.3517177,2.213963
41.122257,36.0607,2.8755984,2.59228
63.90774,63.99817,1.8649824,1.8618425
59.443424,59.089153,2.3064418,2.2728162
65.93464,65.89862,2.9690695,2.9502559
70.83741,80.95045,1.3352437,0.7958945
93.51467,93.20009,1.6114119,1.2531707
11.244647,8.290478,0.96902865,1.6303881
90.5369,88.51968,0.6723478,1.0293424
35.335693,34.97141,2.2940652,2.2708259
11.320763,13.870613,0.96248245,1.9134214
17.537329,16.795273,1.6610087,1.728862
51.352337,57.95877,2.1417053,2.2594447
88.25828,93.95399,1.5046549,1.2750264
13.967782,14.843754,2.6057823,2.6289318
90.58473,98.041176,2.6824868,2.762889
31.78759,51.819664,2.943059,2.9856005
29.687689,25.219978,1.2600933,1.4722521
61.870106,55.76887,1.8269577,1.7740844
63.039047,66.0528,2.71642,2.5583155
7.6808476,7.225807,1.4825809,2.1728048
9.681935,8.706474,0.84642804,1.6193975
28.630306,27.113455,2.9507792,2.8495047
50.63893,54.42479,1.9328271,2.1247199
15.879717,11.272305,2.379703,2.1535032
97.83635,95.937035,2.7189426,2.7084122
33.809605,35.415894,1.2106885,0.9317081
5.3790865,4.70232,1.9684141,1.8526298
0.058971677,4.613426,0.86251074,2.3802404
53.28567,58.05407,1.3319819,1.0243416
45.45051,48.088585,1.4483224,1.0385029
47.029316,31.231243,2.893093,2.783103
70.532585,70.97998,2.953376,2.9661782
43.51575,44.81952,1.0092746,0.98074144
47.527573,47.243652,1.2553822,1.081405
99.85188,93.38408,1.0501156,1.2727053
32.218285,34.61856,1.2653538,1.6544642
61.16794,61.586426,1.1367211,1.0152022
79.534805,73.90425,2.8125806,2.8478851
95.28519,94.317406,1.2761533,1.2889166
2.1977768,2.2216377,1.9499278,1.9997339
93.02899,93.46889,1.3509172,1.2510602
5.116864,6.7164116,0.8618341,1.7947215
7.4839044,6.6255035,0.87156445,2.4286053
40.09817,40.63032,2.7303767,2.7004948
76.62341,88.32906,1.4967723,0.9574238
7.4564247,8.005806,2.3221774,2.4049478
97.15934,96.61299,1.8466967,1.8206501
31.059332,32.788086,1.4657377,1.001084
18.452791,14.061558,2.9014409,2.8414845
17.007578,17.81287,1.4433742,1.0829868
65.76248,64.6129,2.4073339,2.3914828
73.37105,68.893936,0.58297515,0.96485037
63.452084,66.40333,1.1327899,0.93230766
55.94156,56.767433,0.830247,0.95955044
32.439735,28.15044,2.85454,2.6212976
86.39093,87.42697,1.3535206,0.84825087
16.08006,15.06443,1.2678591,1.170164
44.461754,46.90644,1.4837471,1.0950582
7.7659307,6.1443024,0.9578891,1.2817123
20.05083,17.961166,2.850578,2.2120705
95.31302,90.677925,0.8737232,1.0578091
98.650925,96.30338,2.210404,2.2194932
27.675497,26.682981,1.917997,1.8455567
22.244555,22.608019,2.4461243,2.508882
62.139034,60.51544,0.6117769,1.0413768
91.792885,83.904564,0.559788,0.8485933
75.03147,73.49575,2.103057,1.9947726
33.402466,28.423723,1.9581957,1.5983201
78.25599,76.57297,2.5907788,2.5575974
21.908398,20.19053,1.6780262,1.6196768
77.04064,84.785904,2.7824955,2.8446896
67.82607,68.87368,2.047268,2.0424235
12.476322,13.583649,1.8984197,1.5789505
11.648028,12.157524,1.2160103,1.0933301
37.45595,40.56593,2.1069455,2.1001
69.84212,76.47151,1.6622826,1.5263984
14.670778,14.210651,2.115844,2.1184335
6.3554144,7.002598,1.8352599,1.7429421
2.5818646,6.6534805,0.70614845,1.3114427
0.6270266,26.0562,2.731083,2.7539864
72.12604,71.007,0.75987023,0.8680044
70.77576,66.54158,2.1511102,2.121813
76.75861,80.3366,2.268362,2.352712
12.856436,12.343246,0.94085836,1.0846467
4.369015,6.5470276,1.2981849,1.8580528
76.95609,73.98287,0.65988934,0.8786248
21.137877,13.363216,2.8516395,2.6998487
8.739661,11.967072,1.3765953,1.2696961
3.2811127,4.059452,1.2366238,1.4599311
72.1789,84.372314,2.4963126,2.6604483
3.025729,11.190861,0.88221264,1.7007589
63.244183,53.488327,0.5913352,1.0134525
35.239094,34.61608,0.98463213,0.9851233
51.32356,52.683743,2.2704222,2.0568736
56.979633,57.996452,1.2569593,1.6184765
54.40252,59.80754,1.2918663,0.97654766
68.528076,73.81055,1.2300427,0.8918454
42.47335,48.0188,1.0499269,1.8701588
73.77578,84.19652,1.3389016,0.79081017
13.2579565,9.617683,1.0988293,1.5094538
57.330734,62.3588,1.5958595,1.0548992
62.850433,64.47682,2.873178,2.8172445
0.5464928,2.5065536,0.77406466,1.9967835
28.760672,21.505611,2.9015205,2.2829533
74.919365,81.87535,1.1553324,1.0194832
41.5551,39.73387,1.7227659,1.7751222
25.463095,26.029476,1.3200053,1.2595263
31.69932,32.465866,1.71998,1.6644236
22.900131,18.14488,0.73746884,1.2184952
45.656013,45.694016,1.3599333,1.0889754
74.39913,69.88871,0.65794426,0.8545005
68.6979,62.146694,0.62078834,1.0093853
59.146526,63.279053,2.3369663,2.356658
94.40821,96.97238,2.4587834,2.4504492
86.88614,89.02902,1.1177385,1.0377896
47.16632,44.414562,2.8682323,2.4211335
63.551327,64.28318,1.340814,1.0690675
1.0744039,2.1752167,1.8939553,2.1213012
39.487103,47.04445,2.6651514,2.639277
7.1428065,6.7316933,2.264941,2.067183
8.871029,13.208107,2.1943195,1.0647581
29.422945,23.179502,2.2960124,2.3509984
9.85515,9.475681,2.3788505,1.9342124
60.034767,60.42887,2.1322992,2.1048758
8.427103,8.701809,1.8080778,1.424477
3.7250288,21.61447,2.3002076,2.5847404
39.996017,47.069633,2.3488512,2.7136524
69.22961,69.25278,1.8877189,1.8847177
7.222113,6.8685265,0.7594108,1.1711763
10.888154,11.481567,1.7246383,1.5492349
34.737404,35.030724,2.7553892,2.6947901
33.93358,42.74942,2.7942505,2.8795733
6.2448363,26.575357,2.3915641,2.5540807
34.103657,32.96765,2.1052332,2.0825334
84.55197,90.49222,1.338014,1.0506146
98.88656,98.11003,1.9411259,1.9177386
74.387,85.89717,1.3923383,0.80734354
86.17047,88.238144,1.9251287,1.9464356
77.33162,88.943726,1.473518,0.9507062
12.394012,18.065716,1.9897256,1.95257
60.966175,57.01774,0.8391053,1.3678269
13.395692,8.748692,1.649976,1.280878
22.37928,14.95821,2.9943304,2.494776
96.60514,94.01729,1.112515,1.2801638
18.509836,19.062088,2.0391054,2.0752778
87.49669,85.208176,2.7721732,2.782096
59.061687,58.52646,1.0293543,1.0412896
44.37001,41.28984,2.604479,2.5339656
49.134506,38.912876,2.9881115,2.8586757
76.64936,86.18844,1.2699536,0.81488895
23.061846,21.796442,0.9609172,1.0688453
73.01187,74.369095,2.1222088,2.0722167
11.787281,8.245235,1.0210725,1.8930187
41.24037,36.68775,2.0560484,1.8166488
78.08013,87.64938,1.4213423,0.8841679
12.330351,13.4430275,1.5924156,1.3027887
19.240122,16.504559,0.9633379,1.233413
6.9101486,6.3233795,2.046053,1.9875165
78.00815,77.96936,2.5104995,2.4667058
91.84296,94.558105,2.5607653,2.6057513
50.124763,49.297176,0.983142,1.0059302
34.94781,37.454037,1.8218075,1.8928604
5.201308,8.52058,2.0405066,1.0906384
94.39942,95.555954,2.0469067,2.028848
45.987244,46.636734,2.7127635,2.7083845
5.3592215,4.63015,0.53880787,1.910184
94.00521,97.53522,1.1057916,1.4452398
38.078682,34.541145,0.9769923,0.94688624
45.640408,49.564133,0.78449255,0.99744225
80.13827,84.6749,0.96715987,0.7812718
21.086214,24.30115,1.9067422,1.7844844
73.15557,74.1505,1.961429,1.9611642
46.656513,46.733395,2.2942195,2.2618597
1.697445,4.897461,1.158696,2.0114675
93.17958,93.91144,2.1586094,2.2098293
69.496994,79.533356,1.3607504,0.80429775
61.393635,63.063473,1.679349,1.6332821
11.102612,9.850124,2.5726674,2.4846768
84.53831,82.69454,0.6821493,0.77910554
37.1855,36.500214,2.8921518,2.8658454
17.047533,13.424423,2.3412232,2.217752
39.17787,40.050896,1.8891661,1.7876855
2.0069067,12.766785,0.8950343,1.3443089
43.92271,45.121696,1.0877066,1.004752
69.97133,68.39305,2.025338,1.9224089
71.06081,78.556305,1.6294473,1.035047
81.38392,82.394,1.9243264,1.9462544
51.917164,53.458344,1.0773957,0.9730661
64.43019,60.397705,0.7819656,1.2146366
8.006617,8.651794,1.6036572,1.4702928
92.70792,89.99222,0.8784881,1.013557
28.061563,23.111876,2.3516738,2.206438
11.605969,13.2849655,0.6370402,1.042407
40.842987,40.886204,1.0566299,0.99375814
15.109698,11.635151,2.4643548,1.2302935
28.213665,24.483168,0.96170026,1.0390232
41.418816,33.79114,0.6754977,0.9913524
89.85688,93.50108,1.3626182,1.2962323
41.795677,40.140472,1.0636089,1.3229809
75.75373,73.33189,2.0116525,1.8790207
65.12233,65.3281,2.8145096,2.7784731
79.54293,72.765625,0.8493804,0.8298052
21.57753,10.185047,2.986241,2.4662154
38.071667,40.15412,2.5173817,2.528476
73.1953,78.39272,2.5546277,2.6206632
12.193393,13.341751,1.4116687,1.0722802
37.411507,35.621605,2.924096,2.835937
50.727207,52.238117,2.9290626,2.9399648
48.033054,48.511227,2.0474813,2.0472097
48.909527,47.78495,2.6794872,2.7898917
82.822525,85.00597,1.0364765,0.81615186
1.6424319,9.02541,0.7197071,2.2200913
99.435646,98.70616,1.808174,1.7812449
48.08646,44.12736,0.54681253,1.1172135
62.68062,65.43361,1.3820779,0.99533474
63.45399,67.11404,1.850501,1.8764243
32.610123,31.974062,1.833668,1.7398065
85.055824,87.99018,2.1548622,2.1288285
47.94862,42.413998,2.9459367,2.6853468
6.153164,16.134876,2.4789195,2.3980112
69.923546,69.731316,1.797448,1.6761729
84.993835,84.11449,0.71439016,0.78183013
91.6294,87.80442,0.7173996,0.92041737
15.37866,20.237919,1.6864568,1.2338471
53.847572,55.25389,2.4983883,2.4847987
75.89965,94.12708,2.6845474,2.8503575
91.18318,92.47072,1.2101924,1.211121
51.170303,57.021416,2.8589203,2.8164637
88.55329,88.7069,2.444018,2.4568732
64.741806,66.94051,1.1667076,0.9294142
79.78194,89.24065,1.4182594,0.9784726
23.841888,24.124176,1.6364071,1.3217819
23.47338,28.046076,1.7864788,0.98970574
21.09813,23.3594,0.72314453,0.9929951
17.605017,19.523249,2.5994976,2.5158777
49.71671,51.711285,1.2381985,1.0001522
13.085875,9.870888,2.566602,2.2876792
21.394312,19.844208,2.354002,2.275185
21.126894,19.124165,2.6755018,2.090975
14.21968,15.397301,1.2778947,1.1841791
69.30923,69.84628,2.0327501,2.0252905
36.182945,35.844643,2.3208532,2.2801836
50.335426,50.6771,1.1006958,1.0412395
86.1963,86.436806,0.96122676,1.4017258
86.22838,88.61714,1.2619966,1.582552
56.17049,47.336723,0.7212118,0.9333935
29.335709,32.838688,1.359259,0.94783807
74.562965,81.52299,1.1652427,0.81823546
30.31614,33.124557,2.010072,2.2561433
10.222992,6.393173,2.549545,1.8806233
66.30181,67.16772,2.4539087,2.449261
82.632996,89.57054,1.27259,1.0529666
26.20414,20.882797,2.565316,2.5689065
97.856255,97.24389,1.989731,1.9695693
73.721405,71.87079,2.4490337,2.4256809
29.371117,26.47729,0.55643153,1.3721042
17.578465,16.246845,0.77932346,1.0910356
13.198803,13.989796,2.406581,2.45243
77.78479,70.08162,0.791484,1.0950807
90.40681,88.7489,2.3612227,2.4003928
8.581321,6.4490547,0.65614235,1.1755823
7.4440584,4.867386,2.7482378,1.9079248
30.849377,28.533072,0.81034386,1.2094116
82.44251,81.8988,2.3437319,2.1738234
19.402729,20.268673,1.1885715,1.3702805
32.77434,17.496284,2.9468424,2.7370515
37.98851,36.33152,2.1261704,2.2246835
2.7953837,4.377754,1.8982912,2.148068
50.60722,50.82314,1.027847,1.0070624
54.174473,56.460915,1.6134182,1.5010505
32.6463,24.70169,0.6457899,1.0954401
93.82951,92.69406,2.8310192,2.8169794
58.388367,58.55714,2.75242,2.7391458
89.70183,90.94533,2.5951214,2.6010833
11.343687,18.466045,0.6551934,1.2002522
41.11151,42.77378,1.9213398,1.78047
15.203265,10.191532,2.9804175,2.1395967
39.012028,42.438057,1.0426717,0.98876554
56.59576,56.41709,2.2134757,2.187062
45.43733,39.655758,2.1797235,2.0353515
0.53878856,8.634132,2.1743965,2.1814842
49.745903,55.79486,1.4921657,1.0431387
82.870766,83.78058,1.8508439,1.8276865
52.276115,55.410942,2.5262027,2.654234
3.6874948,4.772621,2.0636,1.7390993
4.376863,4.950596,2.8488235,1.7504412
18.311886,12.458714,2.9507613,2.5502114
80.43567,78.81174,0.8547916,0.8921055
62.33824,58.92037,0.5261994,1.0119658
83.77891,86.19388,1.0364199,0.86333144
10.757943,16.698498,1.3619802,1.0023601
95.2914,98.25003,2.0704026,2.1289306
19.495792,14.48114,2.22119,1.9740963
12.517177,12.680637,1.9305574,1.9247909
20.937763,17.050354,0.6725526,1.2983167
4.7133107,2.0178375,2.8600812,2.2379723
92.39206,85.71951,2.943417,2.8916068
84.41752,76.193436,2.546086,2.5569491
40.58085,37.614147,2.9905007,2.8340244
91.484474,91.92822,1.1918677,1.1411209
86.78391,85.405525,1.6787925,1.5003527
37.287136,36.855118,1.9199995,1.9043369
88.71224,92.11397,2.9631155,2.971352
11.788359,5.9088936,2.770834,2.5390904
29.847307,30.298988,1.1562545,1.3991885
45.99412,38.919052,1.8428181,1.5815932
73.891304,81.521835,1.3308744,0.76686645
75.906975,76.409004,2.6169863,2.6217318
77.40399,79.329346,0.90958095,0.9655847
87.01692,91.68677,1.381521,1.1633555
35.366096,36.70506,1.4055487,0.99088156
61.244846,55.928722,2.7562065,2.6300578
36.55182,31.310755,2.6327188,2.639196
56.78017,58.71279,1.9601909,1.9469606
30.42346,24.46796,1.2404603,1.078769
40.43426,41.782974,1.3317885,1.0121638
56.10296,54.037254,2.4960663,2.4892435
14.935431,8.580765,2.4145937,2.4285462
19.5691,19.13183,0.8372427,1.0110132
64.66133,62.741127,0.7877158,0.97070855
73.421005,72.51341,2.3755064,2.3487248
47.0816,53.46745,2.5605567,2.55126
54.59065,59.889458,1.5368404,0.93747264
99.04768,98.03845,2.3696592,2.3657913
81.05823,66.81062,2.7987905,2.604867
78.17151,84.035995,1.2273121,1.5041486
71.59762,83.82678,1.3684582,0.77470386
86.777054,87.423546,2.514349,2.5365899
9.148927,7.304283,2.043439,1.7134058
21.854673,21.341036,1.73047,1.6961637
77.08961,85.16196,1.2375642,0.81036514
84.712326,88.11819,1.7101701,1.7602388
95.85454,97.6528,1.5845017,1.452909
96.817085,89.514755,0.6382677,0.99925274
22.391973,21.026155,2.307756,2.408938
59.212486,69.50492,1.2600634,0.8580308
18.347824,16.831596,0.7275854,1.0089576
37.19956,35.399456,0.9397295,1.0094305
70.35473,74.46733,2.5754015,2.6231687
11.196795,10.216068,1.9104395,1.87106
72.07555,75.91455,2.34345,2.400023
11.526749,13.274124,1.5748752,1.0498337
80.79728,86.77999,1.5788145,1.0178685
26.66272,31.01054,1.4436276,1.703024
1.2635825,10.216988,1.1783131,2.0361001
75.94118,69.435425,0.68761444,1.0623065
87.84529,82.58178,0.562024,0.75027615
80.50184,84.58437,2.1037295,2.1622214
91.41125,92.88646,1.5916588,1.584121
54.267212,67.35275,1.4874225,0.90226275
45.537548,45.918274,2.43509,2.4198449
28.015982,22.704407,0.80577624,2.1065521
62.295406,50.654087,0.65830463,0.93480873
75.42752,85.54668,1.0950776,0.7979307
75.974976,82.79212,1.5588723,1.3807611
21.20024,21.941246,1.3103302,1.6422352
79.336525,80.99559,1.396184,1.6449775
77.67391,79.67078,0.852713,0.80375123
90.55214,91.335915,0.82139057,1.0692525
41.11991,43.647614,1.6876965,1.6825413
43.75744,43.582653,2.5808873,2.5209305
77.04966,88.43965,1.5321759,1.0784049
53.130005,57.03718,1.5604507,1.078403
1.407984,6.5234566,2.7073824,2.127988
51.839123,48.20232,0.7221827,0.99921685
95.685524,91.68776,0.93179524,1.1685696
81.06507,85.60424,1.312669,0.8030455
19.582012,27.016214,0.95113146,2.1805615
83.62604,86.538765,2.7532191,2.7691557
17.131433,11.533703,2.7845905,2.4904397
29.360786,28.385128,2.843518,2.811599
14.101128,14.695869,1.9733429,2.0063775
59.265347,61.34242,1.1131657,0.96576834
99.96646,94.193474,1.1024063,1.289843
31.604347,31.426626,1.817564,1.1237292
38.914795,44.945255,2.4052203,2.483643
51.132385,36.67133,2.8800483,2.5861135
4.8265266,2.8448982,2.616668,1.7351952
44.330807,41.089428,2.7268972,2.559261
62.9353,65.86291,2.6377637,2.6478596
31.127771,31.292093,1.8174835,1.6112484
22.553396,19.846489,2.5075054,2.4763293
51.612095,47.955624,0.79101443,0.9855463
87.2379,88.687454,1.9317456,1.9335172
62.772,68.36548,2.0808997,2.1766877
57.27388,56.95623,1.8695792,1.8439189
54.745304,48.296795,0.7684337,1.2131038
71.949615,82.18031,1.2044141,0.77366185
34.657135,36.893753,2.278751,2.5240693
45.096233,37.0391,2.9136784,2.8051076
92.80417,93.625,1.1507689,1.3846359
55.556488,56.500217,1.1076691,0.95992917
44.737926,46.866867,2.6964428,2.793355
53.529675,60.55856,1.3990328,0.9857121
28.153687,26.690506,2.3466055,2.298235
81.50046,76.204834,2.9180737,2.8686564
90.49599,90.20083,1.7770602,1.6501932
90.200806,94.28909,1.2918028,1.3065047
87.87894,87.61969,2.4527495,2.4589682
25.84906,22.760433,0.66091454,1.4213866
97.194145,93.978485,2.7451801,2.681477
40.984707,43.49749,2.9733212,2.9551835
39.40953,39.957184,1.6370472,1.0929289
8.103075,8.99189,2.7080216,1.6619684
53.880318,59.28826,1.8326259,1.7761632
76.95836,73.4129,0.7082983,0.8871051
48.90613,45.861164,0.7768337,1.0025339
91.43836,91.30655,2.5823336,2.5850165
33.026142,28.327614,0.6237797,1.1996887
35.828075,31.196022,0.70855045,1.0276338
44.90188,45.08089,2.491082,2.3322487
37.518967,47.784233,1.3905873,0.9805582
93.59108,90.80444,2.9526136,2.9275045
37.17008,34.646477,1.6471848,1.7543222
37.653282,39.249023,1.8047469,1.832843
21.874441,20.551966,2.7427864,2.701528
74.99239,76.29904,2.847128,2.7825866
57.74391,71.5345,2.6879454,2.8104472
51.440807,57.228703,1.4517827,0.9515661
38.68564,40.850906,1.0911815,0.93342435
14.187904,9.930321,0.9376448,1.35907
69.981445,71.93837,1.7591714,1.7981548
45.332005,45.98276,1.7805551,1.8631138
80.10612,78.210144,1.8650253,1.8478758
88.94239,92.89638,1.5629402,1.2420654
47.351635,44.97585,2.0624053,2.1014774
90.34729,87.16802,0.5626324,0.88405484
42.40874,42.515327,1.7464596,1.7153205
93.587814,86.61912,0.5675343,0.9123159
89.17792,93.238686,1.8850254,1.8746505
86.49935,82.770706,0.5015692,0.772454
54.86781,57.983273,2.8703704,2.8690271
92.836426,88.46801,0.89283174,1.0398741
12.101423,10.909847,2.8316371,1.5618163
29.714577,27.23385,0.7535318,1.0479751
91.409676,87.26251,2.6204715,2.5784197
43.38688,39.40808,0.64633226,1.0063334
38.97444,37.958096,2.3017247,2.2661154
87.62117,82.998795,0.5293349,0.8012622
43.51106,40.4227,1.8419423,1.8719785
15.796639,16.26707,2.440399,2.6884856
79.70893,84.58986,2.0299344,2.1989958
42.540146,40.28294,0.60136503,0.97877985
89.82162,89.97987,0.8675469,1.0286493
41.042572,31.349308,2.6188147,2.3412392
24.872862,21.848328,1.7157853,1.8968375
83.94662,85.13837,1.139612,1.3318352
45.093006,42.56889,2.7190652,2.7119622
96.89722,96.136475,2.528594,2.5172703
92.44362,96.83099,2.1411083,2.1976023
36.456535,37.547012,2.5837376,2.544393
38.24341,35.011246,0.62993175,1.1167271
42.00915,42.177776,2.3133492,2.299982
69.13074,61.18641,0.5051816,0.9968721
34.75337,42.903053,1.4944415,1.834591
82.7955,84.17857,1.7054647,1.7195853
94.51166,94.34236,2.761383,2.7587333
7.9375176,9.982544,2.1873376,1.9454429
97.06828,89.85161,0.68217105,1.0123827
27.458393,23.9997,0.5553838,1.0381901
20.55212,16.266811,0.5381523,1.1954368
9.835635,8.24139,2.841939,1.404408
98.32852,95.920975,2.6816046,2.683206
20.592093,21.527676,1.8408123,1.5948426
12.420352,10.743462,0.6573071,1.2164094
45.25596,43.49599,1.0446321,0.99732083
37.639874,40.057865,2.935444,2.9582148
77.40512,76.630196,0.82246923,0.876245
94.286644,93.40461,1.193835,1.2530282
54.327988,57.55909,2.3996494,2.4925299
65.57889,66.98398,0.8570201,0.9295617
0.13946854,0.33867264,0.7036543,1.4415597
60.84256,59.483425,0.92730266,1.0952513
98.81215,96.51857,1.6223098,1.5099221
23.837027,20.277815,1.9699908,1.7700014
2.462356,5.89476,2.7947147,1.5923581
65.14913,61.978992,2.8000064,2.727654
59.00899,65.97017,1.2769244,0.96670616
57.201973,62.93609,1.4228046,1.0080854
96.31229,95.1989,2.7837803,2.7416923
64.98989,77.73985,1.6023887,0.93079895
38.191105,30.859138,2.6403265,2.620022
36.324024,48.30087,2.860874,2.9387527
37.368923,36.601627,1.1160506,0.94753504
36.942314,38.393944,1.2111751,1.347923
63.026817,67.31073,1.4349172,0.95280457
46.958183,50.693142,1.6581364,1.0367968
61.406757,66.303535,2.7197793,2.7361324
39.85975,41.558136,2.4480941,2.3217416
53.017067,55.484066,1.4335763,1.2970271
99.548134,97.76416,1.5397732,1.4476545
67.42851,64.97749,1.0761031,1.0096002
99.39617,97.27828,2.11495,2.0507777
39.073383,39.432533,2.343646,2.319792
61.34536,51.685837,2.703413,2.5427184
59.583794,65.998665,2.3890834,2.33505
40.264927,43.022602,1.3459201,1.1459961
1.030729,1.7218704,1.5911595,2.1636264
28.75907,28.001682,2.4664426,2.3835878
81.49781,85.923164,1.8806316,1.9260118
43.01169,42.97187,1.4164122,1.1532476
20.616219,21.801228,1.1858237,0.9858433
79.610794,88.38469,1.5625942,1.0097841
4.408512,7.3715477,0.9620488,1.7113883
84.09273,82.99177,1.9188381,1.920463
19.013231,16.949596,2.4163651,2.0048842
94.09844,94.69107,1.3796186,1.3335906
5.869501,6.0498505,1.6291887,1.1760814
6.628873,9.981319,0.88736546,1.1658797
75.74222,69.332504,0.7105272,0.8861109
70.04658,82.56723,2.5283997,2.6119328
79.26104,78.84275,2.5794108,2.5759532
55.850945,54.72351,0.79129374,0.9835065
76.24706,82.48463,1.6270176,0.9556495
15.409323,6.603031,2.4365506,1.8934045
28.513567,23.414524,2.360897,2.355071
84.73007,86.27959,2.6493456,2.6681082
35.4711,33.096325,1.0232106,0.9769674
25.61285,22.45238,1.6806165,1.1648048
33.140003,35.138664,1.8127207,1.6630937
64.71989,61.754314,0.59827787,0.96052337
72.713394,73.30877,2.2568965,2.2573743
51.711773,56.57924,2.7329314,2.7589414
48.602882,45.072678,1.0659602,0.9917983
90.88339,91.71178,2.3676054,2.3784857
79.30197,80.09787,1.8676775,1.8629504
82.567,87.72958,1.5869294,1.1860992
51.73109,52.44219,2.2333424,2.2084107
85.1911,84.851746,0.82511735,0.79296213
82.91419,79.1363,0.7942444,1.0007973
27.869043,28.830328,1.2814368,1.0102849
75.017555,76.99925,1.9344089,1.9324881
98.62801,96.524994,1.761964,1.679007
76.028275,76.45431,2.947582,2.943409
68.069466,75.95164,1.2951492,0.8644307
83.0989,83.26399,1.8576672,1.8702989
58.32251,58.895134,2.0635862,2.0373614
3.8959255,3.4887695,2.9692626,2.9664297
45.794415,48.26158,1.3519076,1.0246482
96.08536,89.51874,0.74418175,0.97658515
97.29822,94.68405,1.1565866,1.3072515
10.756915,9.981033,0.66006273,1.0536635
17.879229,13.566341,2.965865,2.0200863
38.320175,34.612278,2.179988,2.3089547
48.400635,50.79182,1.2512823,0.99771774
66.84556,64.32854,0.5496223,1.5362079
73.003716,79.49196,1.1055818,0.80568933
83.44046,85.156235,2.185875,2.2221375
30.797043,27.344315,0.81176466,1.1627564
26.823257,26.005297,1.162409,1.0350945
93.60059,93.8074,2.229244,2.2872322
27.18012,24.499878,0.516712,1.0670831
0.008608005,10.451054,2.456067,1.6075038
64.317055,49.716824,2.8658981,2.563323
25.338251,23.52216,2.7705007,2.6960664
10.081579,9.947109,1.3237032,1.3753529
88.58481,93.39662,2.2355855,2.325593
89.387474,88.64671,2.996923,2.9779139
6.19434,8.811516,2.1362586,1.8615255
23.306011,21.133966,1.2106749,1.0030811
75.77347,78.22541,0.92798895,0.8135294
52.870354,51.829723,2.158217,2.0627713
2.7488532,8.808235,1.309454,2.7962415
47.080673,41.942944,1.8998924,1.538871
67.19474,68.88327,2.931279,2.9384608
80.262085,78.304344,2.0297382,1.9349241
97.86271,97.466995,2.763799,2.7363076
98.20744,96.422745,2.3160012,2.2094405
38.00741,37.46481,1.2620667,0.9891435
86.70365,86.9095,0.8531245,0.8360504
20.033672,18.76019,0.7799206,1.2419846
53.955406,53.819565,2.3375013,2.3262677
16.1998,16.895748,1.5245035,1.0334613
56.74,56.779144,2.1066427,2.088191
99.568954,96.54767,1.7716023,1.7075771
51.969578,47.623383,2.9477034,2.8716586
40.588593,40.294373,1.7577673,1.7403289
93.31078,94.02834,2.1437793,2.1426952
80.055016,80.49376,0.8164964,0.8196422
27.71273,29.528927,2.467666,2.598125
67.03072,80.33182,1.5831,0.7900598
28.24441,14.614456,2.9657936,2.7693825
15.913646,9.946114,2.1005523,2.4802327
55.41887,52.25575,2.845855,2.7835574
5.15854,7.765003,0.7724284,2.2087717
42.428207,42.301598,2.2769856,2.2531693
52.037903,48.782436,2.2549725,2.1993425
91.2501,87.088936,0.7590796,0.84789675
35.22534,30.640202,0.8910503,0.9590287
16.393188,16.33033,2.186827,1.9641141
95.28491,96.42175,2.0267775,2.0305476
10.437994,10.506054,0.84684145,1.1783997
13.333667,10.951981,2.417667,2.1658077
51.680992,54.848473,1.1539049,1.1142471
20.005354,16.602398,1.9315082,2.235724
77.81543,78.4442,2.269238,2.2776725
23.996819,23.309198,1.3336574,1.9677367
50.46867,48.298103,1.1345763,0.9793377
15.405539,13.696293,1.0056119,1.0943218
53.713997,54.558586,2.8040326,2.6808407
93.961555,87.84438,0.5050201,0.88133687
36.26502,15.722572,2.7464917,2.5592632
43.63817,50.83978,2.752521,2.781688
2.4841106,10.339916,0.8970775,1.9899889
80.35345,81.29573,0.7973846,0.7865191
16.406116,15.122391,2.225643,2.4949434
8.544453,13.045109,1.9185753,2.0576541
90.59871,97.483406,1.5194775,1.5714223
3.6242573,10.039532,1.6942052,2.1389928
94.82092,94.205124,2.2136035,2.2158859
59.874893,64.83277,1.2980566,0.9986572
64.29252,64.17909,1.8007675,1.7941537
58.595875,59.074398,2.1706734,2.0958714
98.84087,95.27053,1.898843,1.859444
39.873848,42.409767,0.76677805,0.9982398
33.008873,31.021961,2.4647543,2.4689555
5.561489,4.043869,1.4195442,2.0572238
5.6748343,6.0452156,1.2619016,1.3206128
44.017204,42.287388,1.937812,2.1084018
97.82954,91.17532,2.28529,2.181685
12.862059,13.118866,2.4047623,1.358655
68.27438,68.45369,2.9293425,2.9043512
0.5700323,2.587944,0.88998467,2.3231292
32.8858,33.492332,0.96779674,0.96466804
14.867939,18.42683,0.5518307,1.1429064
5.5922475,9.50618,2.1580477,2.2938623
13.868275,13.980015,1.9366544,1.9478232
62.936886,60.11533,2.7089298,2.7150652
2.8939543,10.104668,0.7872349,1.4135932
7.0099034,6.9552345,2.9369304,2.9229012
15.433994,15.0886345,0.65142494,1.6736038
69.68629,70.383224,0.97049767,0.9308886
16.629004,15.926365,0.76001066,1.1929673
21.580711,17.333279,2.4119432,2.1641607
96.20529,88.68054,0.71282226,1.0265763
21.400303,31.609232,2.805288,2.863093
21.780842,20.968315,2.506762,2.4006627
5.364354,10.280724,2.4112687,1.8274637
44.19712,39.803986,2.7745523,2.7431319
48.665306,47.952114,1.7657061,1.7356225
73.631256,67.41922,0.69731545,1.4640241
73.43332,80.08878,1.1688472,0.8159598
80.46627,79.063644,2.1895514,2.1743917
70.878586,83.08353,2.385822,2.6122854
44.343914,27.691257,2.9626725,2.3452585
12.490638,8.37505,0.66023904,1.3184859
13.406962,10.30196,1.0636505,1.5923417
42.92536,40.399456,1.1180869,0.92668605
36.405277,34.408897,1.4773784,0.973082
65.227,55.96225,1.9317601,1.7951638
5.4069266,19.539478,2.5987742,2.5692072
32.939606,28.432932,0.5197418,1.0545905
5.0526075,3.9398346,0.6344548,1.4409019
86.64699,90.87782,1.3139303,1.1423894
27.290882,26.834852,1.9321382,1.9255571
59.611324,63.22714,2.7935724,2.797194
93.48027,94.453,2.4824665,2.4946506
26.49739,26.69072,1.0597553,1.7841578
51.941463,53.76652,2.5608783,2.5955708
76.02925,86.901505,1.3750017,0.89636415
51.411766,48.58864,0.8042951,1.029938
20.16575,19.293964,0.9228384,1.5091921
85.17885,84.929825,0.7661006,0.8075859
35.4653,32.039253,0.6596462,1.0484874
28.245955,26.504822,2.5211577,2.4750314
58.45261,53.229717,2.7847018,2.678406
16.542728,16.76295,0.90132934,1.1383848
8.652549,9.156338,0.83493704,1.3960259
99.08533,96.85307,1.6999907,1.596335
97.60195,98.23822,2.5461414,2.4982324
80.66701,74.914764,0.557455,0.869555
86.74537,91.116165,1.3885512,1.0566394
85.240486,90.95302,1.3976758,1.0765595
87.32437,87.92845,0.9738938,0.891404
86.044846,87.44158,1.0940554,0.8593082
15.541788,15.24427,2.1385126,2.1074204
41.535027,41.244984,1.6244848,1.2781246
97.070335,86.1345,0.6030807,0.8878067
96.788055,98.25756,2.177606,2.179261
12.848404,14.802425,1.3849882,1.1582735
98.078865,93.29138,1.0266707,1.2434347
38.81646,38.513466,1.3783004,1.5204577
20.566084,18.361576,1.3696282,1.6608063
45.12331,46.46492,2.1438744,2.2019987
6.5334907,11.214512,2.715352,2.7399993
80.286385,83.14833,2.0929272,2.1374707
64.7269,65.85899,1.0293717,0.9296851
18.860575,14.219589,2.142883,2.2538707
93.68678,94.17207,1.2989944,1.2946819
77.18363,86.370926,1.5398135,0.8807355
31.519373,31.172104,1.7906073,1.1942009
52.65189,53.202267,2.681147,2.766099
69.68651,68.63485,2.9808931,2.9522562
50.19201,42.677544,0.50833553,1.0771904
92.65778,93.10771,1.2295742,1.2426155
54.14683,57.665207,1.2337339,0.9732103
21.655045,21.342707,0.97824305,1.1388271
18.089418,11.133575,2.7152045,2.6282635
77.92985,83.06398,1.574114,0.7784305
86.36987,91.76206,2.560496,2.7044733
53.072166,57.11427,1.8569684,1.9986746
92.222855,95.96309,1.5309135,1.4132236
97.234604,96.51119,2.178008,2.169999
50.099052,49.962086,1.070454,1.0103359
10.338372,4.6730804,2.7327359,2.184839
31.51153,33.942863,1.4076746,1.0285732
42.53881,40.938683,2.3915052,2.2773297
11.4923,14.97974,1.53625,1.1584089
69.292725,77.15485,1.9200922,2.0461144
17.205599,8.111149,2.814077,2.3122845
53.676598,49.79239,0.811893,1.0527294
34.640644,38.390873,1.516251,0.99503815
11.042471,11.20808,1.1696489,0.9768557
37.17988,37.674812,2.2783995,2.2581675
36.108917,35.223915,2.696804,2.6228049
46.7611,45.48714,1.002053,0.98507684
69.57512,75.488495,1.5936313,0.8364655
9.915298,5.899025,2.424584,2.4978588
79.18639,83.5885,0.93598396,0.7700257
79.98496,81.78297,2.280462,2.308237
38.642838,32.35917,2.7397623,2.6953151
38.461323,56.704086,2.5511174,2.738921
73.09151,77.32887,1.8382723,1.9463186
37.168507,30.98927,0.7822469,1.6032358
39.978077,34.168888,0.8077982,1.1203191
93.96282,94.674126,1.3748702,1.5014585
89.03375,88.82839,2.1452978,2.1679168
82.71067,82.54549,0.81637263,0.79846436
60.784756,68.195526,1.2225617,0.93906784
99.13848,98.4343,2.0352921,2.023666
21.004248,19.086048,2.7086158,2.6707513
69.697815,81.083435,1.4727612,0.7924213
44.702198,46.815853,2.0977566,2.2265933
53.400265,51.502426,0.7574316,0.98082346
42.42645,44.787617,1.9155506,1.7518265
71.995544,72.48173,1.925123,1.8308934
80.61262,88.61819,1.3231727,0.9245886
56.316185,54.700386,2.5120163,2.4664066
86.87144,87.55371,2.943361,2.9333787
43.668472,43.610085,1.8991883,1.975171
91.97988,93.063705,1.3302263,1.1948388
51.128235,51.97397,1.8275435,1.8054254
92.60373,95.26178,2.3409755,2.4356515
9.920914,8.471832,1.4108797,1.6096168
28.975277,33.772835,1.5968122,1.669503
91.18384,90.41301,2.389199,2.412644
76.60587,80.90089,0.7609135,0.7634198
19.621647,12.641552,2.9440386,2.6774263
59.56565,62.63106,2.4967558,2.537963
40.667805,50.730648,2.5374854,2.6842654
25.690277,27.541143,1.4101777,0.9997578
40.402924,40.847683,1.9796203,1.9673898
30.635689,29.269423,1.7993379,1.6581334
82.3855,83.78693,0.8663879,0.7775166
13.854583,18.463015,2.1585836,2.587021
10.871221,10.7424965,0.7264727,1.453772
80.597916,79.27423,1.8952342,1.9245735
34.96593,32.084644,0.8911721,1.0219927
38.315536,42.684807,1.4111543,1.0082444
78.641304,73.43113,2.2918603,2.1912396
29.335623,28.55413,1.1669884,1.0394973
15.646983,25.44375,2.454836,2.4820197
57.55626,68.70276,1.3350484,1.0268207
8.290054,8.916443,0.8955753,1.6937438
16.504976,14.2809105,1.2875872,1.934951
64.60031,67.57034,2.4802864,2.4444199
45.453953,49.70505,1.6083637,1.5857822
29.200502,27.368126,0.7400862,1.0915437
83.30662,88.59596,0.9607053,0.9569917
74.52999,76.98179,1.0333368,0.83464295
8.379347,9.700367,1.128833,1.1892302
93.09851,95.619064,1.863844,1.8314977
7.945641,8.205299,0.6173161,1.390767
12.5466795,15.215446,1.4698373,1.80429
71.64248,71.303314,0.88310933,0.8305801
48.95665,49.067856,1.3429688,0.9372092
50.939323,57.431026,2.9053688,2.9688435
19.176353,19.458183,1.8317375,2.1180868
57.635895,58.90083,1.2307097,0.98918754
71.31395,65.35304,0.7447333,1.5204667
78.38537,81.536316,1.5640799,1.6493359
67.14558,79.206726,1.2701344,0.784189
32.482212,24.41689,1.9560521,1.9031175
87.87724,87.95187,1.95509,1.9639086
65.8483,68.47393,2.7189326,2.7477899
80.044914,90.48042,2.033359,2.1281924
87.71048,88.7202,1.9067641,1.924657
46.70888,46.42843,2.2079487,2.1201394
85.49394,87.52255,0.9648723,0.8891537
47.18703,46.771233,2.8457704,2.8134694
29.159533,23.550053,0.5371689,1.4916018
83.52242,80.61669,2.1651826,2.0837944
35.128822,29.217525,2.7860227,2.821325
98.13307,98.10612,1.423379,1.4546947
70.55395,68.320816,2.4180326,2.3396215
6.1146507,9.956547,2.7675421,2.4860644
55.10387,59.67065,2.7546394,2.8461392
74.64335,84.963684,1.329938,0.7943785
52.8671,52.560543,1.7534341,1.0691775
70.53015,70.72511,1.1743175,0.8741229
74.279564,76.54562,2.6838512,2.7197814
91.365746,93.81261,1.7012806,1.7399288
83.46355,83.85539,1.7413303,1.7515548
75.0104,86.08721,2.1133955,2.3513007
87.374535,81.035446,0.5164643,0.7794613
21.624653,15.868229,0.5505072,1.2233765
45.47103,43.841705,2.16181,2.1079402
92.94975,87.23616,0.66884565,0.93869823
11.150308,5.6552773,2.9944355,2.4037821
93.694,91.64488,2.64897,2.6237323
26.050978,24.243422,0.9301369,1.0475228
0.040583484,0.0,0.9070554,2.3036506
37.502018,41.122322,1.49603,1.0589747
60.540867,59.397533,1.7497338,1.7427175
72.18053,83.48816,1.3690896,0.7745545
56.389805,61.012016,1.3959109,1.0114764
24.606766,21.985489,1.1222247,1.0123651
31.078537,23.401922,0.56777203,1.0267818
95.77567,95.306305,2.0958076,2.0880358
92.66722,95.96221,2.0943177,2.1745667
26.79033,21.795649,1.1656475,1.9613839
92.9604,97.429596,1.4716709,1.4583154
54.353485,52.05322,0.9898202,1.0514617
50.627026,44.05906,0.97879493,1.2876339
28.064545,22.119434,2.6709814,2.7455313
75.02654,75.94269,2.6363218,2.567319
36.44725,37.268185,1.1215757,0.9989742
65.517296,66.598465,2.5963547,2.5898836
49.213966,54.619682,1.0288988,0.9603898
15.527499,9.684414,2.7742417,2.571629
90.511215,96.268394,1.4067571,1.3846054
20.71676,19.493576,2.0168734,1.8869153
48.10414,46.326828,2.367615,2.292697
89.72098,87.62313,0.71972686,0.8668204
34.246567,33.89715,2.7338395,2.7837832
61.53923,56.213333,0.65468276,0.99042165
29.870636,28.144226,2.93762,2.8804002
19.849474,19.79135,1.6434492,1.407341
40.01267,40.42963,1.1436756,1.0101621
39.87599,45.22735,2.0130336,2.1598966
68.14804,85.62833,2.7010012,2.852429
58.75782,49.513237,0.58201563,1.3338699
57.313507,51.746292,0.59489083,0.9962364
45.433838,44.303368,2.406132,2.3581204
32.34569,36.190895,1.7113134,1.5740745
69.75115,66.20689,2.0504708,1.924833
72.198944,75.074936,1.1663215,0.84098786
74.935974,76.64909,1.8030176,1.7462748
66.78408,70.918686,1.1793222,0.9155622
16.416094,14.624344,1.7087222,1.0888267
80.7857,84.15831,0.85392755,0.7807807
30.986843,27.14469,0.94210815,1.0675597
32.377934,29.719759,0.8122324,1.1563611
95.22217,94.021736,1.138267,1.2517679
35.64449,43.22267,1.8765799,1.9884648
79.43275,83.11583,2.1331282,2.1915243
90.82479,94.19133,1.4416227,1.284887
67.96832,67.82795,2.141752,2.1313186
0.09309919,5.185795,2.6259735,2.3137448
41.166416,40.805374,1.8856099,1.851302
57.532726,65.00819,1.5096766,0.97675186
76.643,78.504196,1.7647464,1.7366954
48.27091,48.18209,2.6144834,2.6111534
10.855835,4.927021,2.9347904,2.4709022
20.404303,10.525261,2.7373762,2.5785336
32.2576,30.761885,2.3907733,2.3420708
83.62048,79.26355,0.5586644,0.8025972
95.208565,97.44115,1.439121,1.433811
75.91589,76.03831,1.859377,1.8758996
99.722755,97.16188,1.3653688,1.5469674
51.10817,44.07978,2.6470969,2.5027611
35.300213,36.45422,2.8220875,2.8198867
64.679405,47.938427,2.963175,2.7643275
25.308077,30.683756,2.060576,2.137077
52.708645,48.568363,1.9078872,1.9052429
0.5883489,5.0302315,2.1106324,2.2829564
10.884972,10.703388,0.58603173,1.3776885
4.9302893,8.489941,1.5122048,2.2353876
73.00374,72.071815,2.1350222,2.0212722
73.26147,76.89137,2.9872015,2.913797
86.177216,89.05917,2.0206144,2.0493586
25.852613,32.83162,2.6182098,2.796195
23.108784,20.442812,0.8933738,1.5677818
10.421404,12.314732,1.6026614,0.9751491
91.174866,92.691666,1.3310889,1.6241909
42.540833,45.047874,1.2956163,1.0206821
69.64154,64.40583,0.73132557,0.9707868
72.14833,70.33285,1.0267981,1.1999215
92.186646,93.48309,1.5865097,1.5100349
39.893356,30.65345,2.987865,2.5467098
92.61101,88.288666,0.81914353,0.96465284
65.86219,71.84653,1.2521249,1.1197078
89.99088,91.850235,1.4766519,1.6666337
93.23773,90.43616,2.3062534,2.2884622
98.44695,97.454346,1.6142608,1.5958494
19.562674,18.589458,2.1306405,2.17869
37.921883,35.91513,0.83347124,1.0259502
50.193153,48.831013,2.481535,2.6612654
66.940735,66.1845,2.2502444,2.2399728
71.63118,65.43951,2.5872474,2.454171
33.80123,33.41799,2.1451635,2.1079323
29.760534,29.100616,0.8579224,1.0570109
21.5868,18.743235,0.6666244,1.122282
8.885474,8.680927,2.1790223,2.1646757
93.02869,86.40947,0.52399874,0.8497303
19.548367,17.168312,1.0776837,1.1489081
45.146816,50.4113,2.8372593,2.8985844
43.316765,44.471775,2.7002141,2.3993292
11.377194,12.531376,1.4878435,1.8236269
18.065327,11.453136,2.6752677,2.2918875
53.02416,49.38044,2.704679,2.580186
40.11128,49.882748,2.5228739,2.792197
90.05539,92.92165,1.3984485,1.2205322
40.280727,34.68637,2.882543,2.7883635
84.34086,81.959175,2.466757,2.3911934
20.077408,21.398106,1.4002287,1.0575039
10.350666,14.867352,1.7549224,1.8407736
80.57748,81.16539,0.7911234,0.7958696
62.51977,64.95433,2.1187646,2.1080573
75.71331,68.48685,2.3767097,2.3176186
97.19134,94.68637,1.3589466,1.5014049
60.17872,53.477688,0.57953376,1.0037837
32.505203,33.878616,1.528397,1.8489798
83.992714,77.72899,0.7234323,0.9168989
81.40259,76.21158,0.5030917,0.8400425
90.56292,88.64913,1.866745,1.8248821
72.36645,63.86715,0.517145,0.9871648
26.071934,30.847885,2.1343684,2.257686
73.70092,80.11372,1.6892033,1.4016738
62.22077,63.001305,1.9454188,1.9403977
62.163765,70.979836,1.5876771,1.0193212
93.34703,95.06534,1.8088553,1.797036
69.16598,83.947266,1.522578,0.8770009
15.761592,17.536354,1.3998435,1.087863
20.396105,18.269909,1.8942021,1.8034631
57.530464,55.582348,1.0585288,1.2921392
95.80644,95.574295,2.21546,2.2033956
11.342929,10.767666,0.686464,2.316546
24.560863,21.450317,2.4157872,2.313939
61.830338,59.32833,2.9211278,2.8771503
16.379807,16.118225,2.4673216,2.4177325
49.39663,49.501297,2.5017729,2.4977508
89.51117,89.253876,2.2714353,2.267933
93.2747,91.69882,2.3613126,2.3360598
42.910362,37.473595,0.7467008,1.0236902
90.71909,91.77917,1.6170236,1.562515
88.79444,87.91841,0.8432444,1.0920539
7.712587,5.2494583,2.445666,2.235243
66.92988,72.41378,2.096882,2.09177
41.638496,44.548717,1.5795208,1.0953517
72.61626,79.85629,1.3373998,0.7685826
37.13938,38.567467,1.6870258,1.7631556
77.4356,81.37921,1.6374104,1.3585109
58.32826,57.89134,1.8564658,1.8248777
22.088634,20.232422,1.799978,1.8119388
45.892635,47.86412,1.6646905,0.9812758
77.84276,79.91722,2.9027827,2.808839
69.66515,73.5782,2.1423106,2.1202672
41.191956,45.761753,1.3548063,0.96918374
22.653751,21.924887,0.9640488,1.0879939
59.809734,60.2494,1.7140568,1.5978248
34.230972,30.515413,0.6012485,1.2213854
31.316288,30.255663,2.9013708,2.8689709
68.049126,58.816666,0.6584765,0.95245427
64.77105,57.211067,2.3513021,2.2331421
88.78212,86.97579,2.459276,2.4781609
90.33463,83.891556,0.80405396,1.5703108
90.77988,77.43807,0.59843725,1.1418134
31.668985,35.107784,1.2970629,1.587452
91.01593,92.74788,1.9961385,2.0019946
88.2342,89.5253,2.7305157,2.7467954
57.051884,60.21422,1.3606291,1.0282804
85.48761,85.70262,0.7722557,0.79970336
85.48627,92.12761,1.5978062,1.0793571
55.90985,49.4842,0.60187125,1.016125
7.4960766,10.312267,0.9480218,2.2627933
29.264505,26.771479,1.3915954,0.99130565
9.29218,9.209911,2.0196643,2.6535993
39.410866,39.199963,2.5752528,2.597719
70.11965,63.67953,0.7148943,1.3280988
62.26243,72.26073,2.0053742,2.0696216
80.81475,74.9308,2.272466,2.2693207
14.093804,15.190411,2.447893,2.6827984
36.355972,34.052197,2.0862076,2.1055517
35.433186,33.073997,1.7796743,1.2407167
30.369978,25.325842,0.60099226,1.0381131
84.436966,92.645584,1.3854793,1.2007631
99.774414,92.141235,0.76297325,1.254825
36.712322,37.212143,1.1911262,1.0760485
12.389809,15.218414,2.206473,2.5287366
43.219112,44.2233,2.0871496,2.0833087
39.550728,30.962847,2.646215,2.3899312
35.194412,31.378693,1.3306195,0.96658814
37.75997,37.619007,2.093172,2.0235155
38.377342,34.208775,2.8296545,2.7106879
38.499897,36.18244,0.9505552,1.049392
69.39588,70.586555,2.8606803,2.924155
86.48063,92.633896,1.3573391,1.1433847
3.0276482,15.14753,0.74752647,2.5132055
54.750362,55.080585,1.8636514,1.9175448
11.785051,10.703865,0.50101006,1.0602584
33.88137,42.164787,2.7805488,2.8302624
53.026115,49.7237,1.9889303,1.9838336
65.30177,58.772903,2.5269172,2.4203815
86.94987,85.37628,2.0250642,1.9457955
66.93508,65.42583,0.74253845,0.97552556
52.93985,50.0961,0.79947245,1.0025709
3.975946,10.542023,0.5777414,2.381466
58.892136,60.735886,2.9489,2.9278617
59.606583,59.632446,1.0126237,1.0016668
77.28975,88.0059,1.4207083,1.012009
83.424675,81.117226,0.7079753,0.80716443
19.0289,17.714828,0.8338329,1.1600249
28.84857,18.820219,2.8419597,2.667831
10.179165,10.255634,0.87474734,1.237339
23.415895,24.825306,1.4716609,1.0725422
10.48119,14.989208,0.7697937,1.1769397
95.65608,92.1172,0.97523075,1.1513728
57.888096,61.526684,2.470267,2.2905428
49.31167,48.13546,1.1026517,0.93901956
93.44195,88.80693,0.72030854,1.0120817
75.454124,78.75409,2.6893575,2.6923282
49.81849,54.702446,1.6519581,1.3836083
67.33138,80.28984,2.770106,2.8260083
59.039154,67.339386,2.8769743,2.971175
45.701183,48.310898,1.858181,1.8577155
64.94572,65.67156,2.2707944,2.2640908
90.324196,86.868,0.61747634,0.8731461
93.90996,88.79739,0.7937269,0.9536986
54.769432,50.26696,0.67413926,0.9969228
32.24464,33.32728,2.16438,2.1541147
94.43239,94.72835,1.8254151,1.8101511
55.201103,61.15747,2.533135,2.5024357
26.389372,21.917706,2.4447467,2.3850682
42.724606,43.959465,2.5377274,2.5366926
69.485016,82.05054,2.1475937,2.219179
64.605965,69.59109,1.666644,1.8305589
3.2923577,9.117119,0.5983674,2.5540915
68.001396,68.70656,2.409043,2.544461
79.67174,81.999664,2.2014525,2.2002332
61.0467,61.04876,1.8003771,1.800577
39.690903,40.84664,2.4132926,2.4012318
62.797207,56.85086,2.672865,2.6329238
49.89324,61.52855,1.5208318,1.6531383
5.6211777,10.185341,1.9570723,2.4283438
10.977442,18.461597,2.420437,2.240628
19.06929,18.718412,1.9617004,1.9403342
13.374149,13.454597,0.5822612,1.1860764
27.155428,27.336277,1.0025396,1.0479887
30.770947,35.045006,1.4406065,0.96016717
59.19231,52.148785,0.6414814,1.0208778
28.826511,31.31614,1.0437155,1.9437141
44.685875,53.41035,2.4804332,2.8002548
75.74996,70.9256,2.7005994,2.5881157
71.76594,72.345856,2.013239,1.9883709
46.199394,46.08153,1.9475107,1.9132032
4.4294977,10.262711,2.452042,2.632031
74.020615,68.20447,2.1362464,1.9721745
43.533344,39.588463,1.0403465,0.96715385
70.49247,73.51995,2.0292418,1.8312572
58.195786,60.25911,2.0509002,2.0669298
65.35595,61.51341,1.6228412,0.9957418
92.6304,91.53798,2.4166777,2.4169002
69.598755,81.667755,1.485922,0.7984896
34.4717,28.579702,0.6636489,1.0708051
46.84945,49.709984,1.4610686,0.99878997
51.75013,57.502903,1.3439511,1.0740788
79.03939,86.74418,1.6027594,0.8550699
47.10581,47.328156,1.0407897,1.0297
64.70189,67.59323,2.5638745,2.5246933
97.572876,96.68152,2.3430097,2.349094
73.32196,68.47871,0.57176214,0.9439253
87.224754,91.72677,1.6240308,1.6000445
64.5616,62.087776,0.96428955,0.98569405
62.396255,56.854427,2.906006,2.7966
89.6724,86.80855,0.6974535,0.83321905
40.919834,53.09531,2.7971933,2.9228966
77.0246,75.64289,2.7493796,2.7255323
20.637613,16.085487,1.9887428,1.9217075
65.724525,68.66222,1.9337765,1.8851706
23.888653,16.574982,2.7428281,2.476634
64.762405,65.017654,2.7691422,2.7375436
14.041336,13.146954,2.095651,2.0605876
78.80989,81.14892,1.6629374,1.622428
56.36596,60.970505,1.3590317,0.99871737
98.559425,95.593056,2.9845583,2.9954967
87.67885,87.79702,1.7360401,1.7441144
92.66246,91.021545,0.94618815,1.1056092
41.541714,43.436626,1.2656912,1.0237408
42.968716,41.489655,2.6607838,2.6653562
43.43043,40.402065,0.7526665,1.0083253
18.614815,15.7340355,2.4475641,2.090171
99.427864,89.09256,0.8738109,1.197325
36.225338,37.421787,1.2603065,1.7158327
38.256073,42.33269,1.4977747,1.0046935
12.480876,9.944145,1.9704866,2.1284804
92.45112,90.43073,2.593051,2.559823
20.422014,23.713474,2.790988,2.852566
68.09417,67.20617,2.6460927,2.5999355
70.61752,77.41962,1.6175735,1.1369667
6.0456,6.4246597,0.50461406,0.96614444
49.907555,55.389977,1.3579793,0.9857137
2.5974195,2.9400978,1.3838614,1.0863018
44.817123,54.060486,2.1194837,2.4776804
4.306005,11.954258,1.7559408,1.4651606
41.772705,43.244404,1.4098686,0.9847657
79.173836,80.88086,0.8099839,0.7930436
72.572266,74.27701,1.6858648,1.6029862
63.916565,61.055584,2.9861333,2.9218678
49.10424,39.857674,0.78982574,1.0083735
11.035409,10.911327,2.5572298,2.537919
58.43285,60.037384,1.3126366,0.9248811
73.88144,78.49203,1.7201805,1.7166222
52.182907,57.929504,1.1063997,0.9842065
90.655334,81.59346,2.4696612,2.3667064
86.28059,85.91967,2.0406272,2.0030062
8.344342,15.358322,2.7405605,2.2463043
75.223404,72.20296,2.8591228,2.8681722
66.507385,64.10142,2.321393,2.2762666
99.61357,89.30968,0.52235854,0.9343728
50.634716,50.17858,2.310107,2.2139528
99.48666,94.71324,1.2131516,1.4671814
71.445435,79.469185,1.333617,0.80032295
67.88273,69.51118,2.0498064,2.069733
65.86468,61.156895,0.68668014,0.99068725
11.76461,18.35486,2.00607,2.4019055
53.71672,59.335957,1.6792897,1.7970566
34.546078,32.93183,0.89463234,1.0669286
42.971577,44.212982,2.4252627,2.4292822
94.96688,95.51295,1.0446751,1.368974
71.81856,66.89844,2.8855546,2.8894575
99.35209,97.544876,1.9334893,1.9446006
79.24339,84.15578,2.0900836,2.171391
17.891855,8.87241,2.6475701,1.9263968
67.375496,70.34755,1.0157506,0.9867948
67.538155,66.46898,2.7355783,2.7186465
64.05293,62.88749,2.3017547,2.2585025
6.0548086,10.680992,2.8330686,1.2289608
62.371403,56.68457,2.465264,2.3626873
18.738205,16.888706,0.60127455,0.93045366
87.30773,87.49983,2.1553757,2.164645
70.96417,67.09155,0.8751551,0.8195069
79.2168,80.60399,2.6666973,2.6727228
40.61466,37.014816,1.0906711,1.0442858
42.04244,43.23745,2.8698022,2.8620644
38.018295,40.597836,1.4631647,1.3950044
28.62434,23.542088,0.79421777,1.3597643
5.299621,5.78648,1.2422531,1.1974468
17.990091,16.325382,0.58854765,1.1427834
74.39968,85.30583,1.2740821,0.8050582
68.07926,79.50254,1.5860535,0.93578887
49.47282,49.444477,2.6579916,2.619139
6.5214267,10.614414,0.953472,2.4209728
64.75997,70.8131,1.3078874,0.9295026
25.385628,29.21865,1.6999451,2.0125947
27.790863,36.83219,2.8481476,2.9454741
53.17341,53.516815,2.9032702,2.899898
19.557245,20.491522,1.2847557,1.0858073
9.494133,15.744198,2.611914,2.785005
82.20533,81.44148,2.4737043,2.5310323
62.18779,60.51433,1.0181946,0.9823762
40.907394,41.44215,1.918127,1.8945482
56.767242,60.43588,1.3080653,0.99811333
41.334183,41.159393,1.7595836,1.731558
27.490532,28.974567,1.1600562,0.9895073
4.9619203,6.078724,1.7492539,2.5338333
23.620163,21.303019,2.077091,1.9833832
7.188963,5.2824287,1.0631334,1.0172887
21.496807,20.229033,0.93371415,1.0818448
74.47807,81.323586,1.124463,0.8010131
88.64228,91.24684,1.5268776,1.3247168
27.568697,28.266573,1.9171792,1.8861946
74.161316,75.248184,1.8650421,1.8720138
60.341057,63.796062,2.92239,2.9775722
7.823578,12.424847,2.4881256,2.586284
67.59153,65.58727,2.874314,2.895576
88.39225,90.05312,1.0801617,1.0237198
26.557783,21.259129,0.9669719,1.1168593
41.541973,41.937668,1.6559659,1.6735786
41.17818,37.298103,2.0984488,2.075334
54.150513,54.782795,2.1384745,2.098342
86.030174,85.617096,2.421123,2.4140131
27.311619,28.48725,1.1176276,1.245189
47.66796,47.641228,1.6627674,1.1875573
19.369741,13.538761,2.0651243,1.9342843
94.40708,93.23924,2.58068,2.5847719
34.156754,33.333183,2.7289183,2.7002463
95.54311,95.29619,2.7357218,2.7445881
75.920074,74.71208,2.7065434,2.6468692
18.380163,16.915222,1.2735881,1.7013596
84.63369,91.35304,1.4451392,1.1066867
2.275655,5.63694,1.031943,1.8949606
6.845008,9.860699,1.8701516,2.6048076
76.25646,89.566574,1.4218197,0.9777361
37.4538,40.607742,2.690184,2.5958815
10.114531,10.23679,1.8750246,1.8641791
16.01141,20.09083,1.4246172,1.8455943
75.291916,80.00206,0.8785904,0.7865625
72.236244,81.11398,1.369315,0.77783644
66.51678,71.109535,2.5811517,2.5154126
