true_cbf,pred_cbf,true_att,pred_att
1.1564991,6.5731583,1.6202266,2.1227295
73.55399,74.988335,1.8552415,1.8977137
59.37541,64.35451,2.4530916,2.442638
61.17423,56.340714,0.72118753,1.0099411
2.896089,2.3058052,2.7908807,1.8473958
11.967427,8.865448,2.597155,2.1364765
94.41376,94.07547,1.9351194,1.9587235
83.955055,86.6331,2.3883455,2.4437265
28.165813,26.760695,1.0239103,1.0463123
54.907738,59.188347,1.3870697,1.0070653
52.51123,54.43599,0.75166035,1.0044127
93.25665,91.81709,2.6132135,2.5496542
9.6157675,10.132992,2.0584385,2.0373797
87.826935,91.63365,1.2999678,1.2099377
20.596333,22.477625,2.449647,2.224416
30.734447,31.055752,1.7288402,1.6313776
93.967705,93.608215,2.3831615,2.3361318
56.268063,57.494484,1.9631112,2.0567226
2.9409993,8.004753,2.9450214,1.2951112
93.07967,92.82965,1.3127618,1.257373
72.52924,65.33699,2.1163487,1.9486108
81.54141,85.578674,2.0207484,2.063717
5.832674,5.4214287,2.5024107,2.64013
26.003447,23.639376,0.5084481,1.0826058
36.687057,37.501328,1.9460654,1.9076197
78.19421,78.17592,2.2366908,2.2470224
4.183142,10.058575,2.008609,1.5199049
92.73199,87.74626,0.71251863,0.95951825
19.872602,21.367613,1.7840109,2.0145493
88.32245,92.26483,2.5005498,2.5436494
16.298937,16.20301,1.9988707,2.1148865
23.794207,24.70918,1.1561805,1.4001188
75.760796,76.73241,0.8717549,0.9356484
72.34029,75.862656,2.2822287,2.310933
80.43078,87.85474,1.4367347,1.1683943
25.74639,25.928713,2.2506866,2.2345574
79.96995,83.72119,1.608909,1.2965975
36.19346,35.152756,1.0336478,1.0129726
81.76641,82.043304,2.2949588,2.301663
82.41607,81.8235,0.9795279,0.91326106
94.90578,90.86098,1.3379858,1.3214892
10.267626,17.15728,1.6781133,1.2662557
9.773277,6.741337,0.88601375,1.7311573
98.06707,89.82348,1.047137,1.2788936
93.66888,88.976974,0.9650566,1.09149
43.50308,42.591316,0.94105285,1.0123876
84.11336,89.7405,2.578543,2.6025329
96.390114,89.3651,0.7712285,1.0803578
28.919245,31.49977,1.4375579,1.057367
89.746284,89.43316,1.0610763,1.075702
13.314322,14.44799,1.917766,1.9092115
67.4617,67.77475,2.7800944,2.7853947
19.393707,23.574913,2.0442998,1.6041017
66.01165,65.6465,2.2085917,2.1798255
42.921432,40.029934,2.877579,2.8186893
10.753798,9.075195,2.6335385,1.6594383
53.179943,53.770885,2.4442198,2.4527159
10.654949,11.797771,1.0652405,1.1376727
83.121124,81.143,2.9613404,2.9230695
80.81221,83.09096,2.57672,2.5863442
52.94199,53.429173,1.9591739,1.9692883
64.50952,67.549614,1.7179115,1.2871958
42.6538,38.51721,0.7855216,1.0021894
73.905594,66.93121,1.9688736,1.951834
26.968044,24.9828,0.6750607,1.0894053
4.9019513,5.3428345,0.84778094,1.0216744
96.17719,95.86464,1.4975691,1.4739661
10.678392,20.438948,1.7423776,2.284449
85.431656,90.35097,1.4966351,1.6581786
93.87466,94.01457,2.5914419,2.5782232
85.39487,84.99658,2.5644042,2.556541
87.09184,91.74945,2.903043,2.8950214
51.750446,52.32955,1.4583015,1.0144275
41.52793,36.624023,0.8216476,1.1380908
21.559685,20.515308,2.2186258,2.2703795
52.85416,48.72051,0.5261534,0.97279507
71.79351,71.86018,1.7490262,1.7013013
75.848175,69.45223,0.50871724,0.9285458
76.64305,80.51757,2.5520117,2.6177104
43.862003,44.56586,2.732912,2.7284832
87.89865,86.50208,1.7186291,1.7594548
51.139427,52.289574,2.2556686,2.284822
87.80268,91.76262,2.7322395,2.7679286
66.777115,70.360825,2.5468173,2.4262185
31.383514,29.741789,0.80339783,1.0344884
45.48025,41.410656,0.7706972,1.1183748
50.65087,51.500004,2.7582147,2.6695545
54.00662,58.627117,2.9019563,2.8903954
97.457504,99.150116,2.198091,2.3111603
96.179985,96.87841,1.2926443,1.4790993
86.607635,86.80831,1.7825813,1.8067466
24.007154,30.690224,1.9396844,1.9715216
36.196495,40.11007,2.521017,2.6236756
17.858456,16.627796,0.91560555,1.1295469
94.235535,95.06445,1.4524446,1.3891225
87.82389,87.18758,1.8413343,1.8155205
50.918068,56.020897,2.4317653,2.814372
23.185133,22.892511,2.0412405,2.0049648
67.71025,69.524994,1.0952113,0.9557112
29.828793,32.595295,1.585529,1.5695833
15.486176,9.321587,2.189249,1.8257705
80.0271,86.46954,1.4975317,1.0274591
80.3338,85.84799,1.2777627,0.9442987
31.30297,29.13746,1.0733961,1.0705233
59.766438,60.740395,1.7203653,1.625006
60.598904,56.646645,1.85352,1.75762
68.20124,63.039276,2.2613087,2.1449192
18.497128,18.495459,2.5378468,2.489532
6.198287,11.018646,2.6421251,2.5740108
16.234707,16.67086,1.203302,1.0718106
83.95667,81.08438,0.67285305,0.94931155
27.651884,29.101429,1.6691895,1.2694982
6.6064234,6.9602966,0.7079763,0.9960961
88.26891,92.73201,1.3406334,1.2723147
19.214762,11.381611,2.9214606,2.6615176
92.97417,92.856155,2.0588186,2.044687
48.97667,42.61262,0.69477975,1.016982
74.25128,73.71606,0.89881414,0.9151485
73.679955,73.71217,2.877337,2.9262576
74.92188,76.16258,2.5918376,2.6003032
5.8864717,6.637459,1.5937406,1.2637562
57.17945,57.18683,2.6138606,2.6092076
75.89088,84.370766,1.4387186,0.9237779
21.787157,20.807829,1.6935046,1.217467
28.062372,28.047531,0.72561723,2.1841152
19.05794,20.467648,1.8127728,1.7575873
20.467367,28.84981,1.3516262,1.6583127
71.867714,82.91054,1.4596211,0.91146815
77.11243,77.718475,2.3077428,2.3554988
48.988987,39.76684,2.991315,2.4939256
74.95481,76.78083,0.78760993,0.8660687
77.66248,75.75716,0.7620501,0.91871536
81.143166,77.647026,2.1678572,2.1329427
83.62321,90.8716,1.4916635,1.1502913
24.813566,24.711922,0.87630737,1.5996855
42.129578,43.687294,1.1272639,1.0311065
58.21199,60.281994,1.8145651,1.8555406
7.244636,6.701935,0.5297368,1.0114768
20.755894,21.147339,1.699605,1.4925216
71.235664,70.78846,1.8600869,1.8652588
58.932606,58.680977,2.074932,2.112047
48.64652,50.792374,1.7233429,1.7904568
95.586685,97.314415,2.4957554,2.5472686
25.529839,26.995642,1.1126027,1.0979099
16.473595,21.582771,1.7521595,2.009949
60.799477,63.075325,2.9374795,2.8826566
62.803734,56.619396,0.6127997,1.563179
36.444733,33.914795,0.7952227,1.0074176
68.15133,69.26431,2.8110275,2.826033
89.824745,90.145004,1.2587554,1.2510386
5.7149153,4.2297935,2.8148024,2.6319637
52.496967,57.48363,1.6615473,1.1135879
51.729286,54.587975,1.8158448,1.9034796
73.68811,79.452286,1.1989939,0.9008227
0.37860036,5.2101097,2.8565218,1.9228989
69.924515,71.107025,1.7320733,1.7215507
21.389,23.087484,1.2809556,1.1392196
59.285023,65.1311,1.0967926,0.97494256
53.401157,50.401222,0.8545707,1.0498275
45.134987,42.08593,0.6919237,1.0181109
75.36082,88.86331,2.5386343,2.67892
30.645334,39.79437,1.4315745,1.0838588
73.42469,66.69362,0.6152476,0.96621174
42.129105,44.33224,2.0069952,2.167714
16.500195,16.437088,1.4893175,1.0200665
4.5026264,6.8461304,1.1380187,1.2276114
13.197831,14.438965,2.830591,2.7853036
9.940635,14.332008,1.8106835,1.7070746
85.646965,91.649734,1.2094373,1.1229024
21.466055,21.052633,1.5355095,1.0309672
36.582764,31.729017,0.6558944,1.0021086
87.00906,88.595184,2.5563083,2.567541
92.320885,91.375755,2.8222759,2.8072538
1.0683336,6.8480873,2.1655972,2.1937246
4.7318144,2.9605026,2.610673,1.8188944
62.23796,61.876694,2.0206876,2.033952
94.51771,93.137726,1.2179434,1.2854023
26.531357,26.650671,2.2754948,2.2440999
45.621315,38.513733,2.7508943,2.4777756
96.15268,86.88403,0.60001117,0.95516056
79.6112,67.36372,0.6562438,1.7414048
10.250744,13.571674,0.81260383,1.275121
77.46681,74.8886,2.370797,2.3265834
92.16413,94.069435,2.2701824,2.2741923
95.16798,97.192764,2.4957972,2.5526218
9.682482,14.205631,0.5078425,1.3681495
10.883847,15.325077,1.0071524,1.376461
29.964195,37.747852,2.320295,2.4150524
74.73112,76.1196,1.8486928,1.8522391
69.37862,69.72823,2.594845,2.6535113
75.42966,79.25794,1.6106777,1.6308985
91.64866,91.02615,1.1819955,1.1130483
82.48093,82.53755,2.834479,2.8270576
51.386757,46.2821,0.5783402,1.0148523
91.08684,92.33261,2.135118,2.1988087
53.948864,57.518185,1.5302513,1.0374758
13.01172,17.11195,0.68810606,0.9609607
10.967068,10.427288,1.8235737,1.177531
36.677444,35.35847,2.5644033,2.5457733
55.017937,51.878254,2.3942566,2.3237293
58.975094,58.399773,1.8856683,1.9097743
97.31558,93.21395,1.240858,1.3524163
21.018044,18.238625,0.645953,1.5892322
56.76434,57.396217,1.9380455,1.9806702
70.00593,73.325745,2.0209098,2.0194504
16.533228,13.211029,1.3000058,1.8474153
15.364513,12.7539215,2.1091487,2.0094287
66.98171,70.01062,2.2297869,2.3131905
41.7859,40.061985,0.7936103,1.0123491
91.252464,88.87497,2.6256666,2.5610564
73.01671,77.428345,2.4017234,2.5582943
91.67075,92.69417,1.6434519,1.4867502
7.997511,7.6272697,2.8552823,2.7856832
26.295673,25.401747,2.5856087,2.5585566
33.348286,31.2814,1.8730717,1.8631135
23.647375,24.661226,1.0697732,1.8757623
27.078426,30.874361,2.4656172,2.5518813
92.481674,88.38542,2.063777,1.9795523
26.680752,27.402994,2.059348,2.0602183
46.641598,37.338066,2.8350127,2.7103605
6.443882,9.831375,1.4178624,1.5747604
62.824577,68.27219,0.921603,0.95358753
50.77855,49.45333,2.5394015,2.5112672
75.01011,74.813484,2.4027655,2.4086611
45.63601,50.3456,2.2026606,2.2011096
26.275778,30.367937,1.5621272,1.0154073
44.214016,47.400898,2.85087,2.809966
51.426327,57.551533,2.512057,2.496781
63.49664,67.650665,1.3973517,1.015944
96.865234,93.44368,1.7229548,1.6753842
34.35354,36.779423,0.8725081,1.0762322
87.67442,85.9108,2.7831955,2.7847657
97.610275,91.48808,0.90224105,1.1774015
47.6394,46.858913,1.791494,1.8306515
80.68792,84.26214,1.9019023,1.9924799
36.091522,37.27957,2.152435,2.1295142
47.15958,49.865547,1.3104767,1.0260623
68.30726,71.95482,1.2070272,0.9270977
12.534798,10.405437,1.9251162,2.1381469
48.063995,46.79718,2.470701,2.4379067
92.881035,92.14168,2.9782584,2.9576142
75.182655,73.2285,1.8926662,1.8906555
21.396154,11.964157,1.8698196,1.2920609
0.9991323,1.4980927,1.0303571,1.6614901
17.969002,21.829124,1.8679088,1.8017734
36.77564,35.06093,0.8240281,1.0258583
45.103935,37.11294,0.6007624,0.9507215
35.126373,41.30317,2.4738994,2.5847692
85.04482,89.79937,1.471882,1.6181486
34.783398,37.157562,1.3278381,1.028103
76.79357,72.238396,2.9327068,2.8732438
67.17524,63.57267,0.6866307,0.9711107
48.720398,46.66166,1.843502,1.8897378
2.6100123,2.7006645,1.2016453,1.790048
11.277007,12.063374,1.832968,1.6895826
13.347136,12.692913,2.6565845,2.5469847
82.50369,84.28221,0.97071266,0.90636325
71.31824,71.94374,1.6536545,1.5575795
14.837451,17.478008,2.1351995,2.0497713
32.20521,22.038076,2.9286873,2.4907484
0.9898234,5.721821,1.0913408,1.390442
94.26573,93.786736,2.9255724,2.9270463
41.983185,41.22422,2.288504,2.2719617
99.26657,97.67297,1.6077456,1.6039634
34.27042,31.840376,2.136644,1.9700625
54.18697,53.628227,1.8232731,1.8162127
2.8524575,7.354702,1.4256614,1.2922771
14.902584,17.34517,2.1743457,1.7322618
38.81034,38.745358,2.131884,1.8870269
56.213005,53.779003,1.9697005,1.9636091
34.72839,34.018623,1.2107751,0.9923604
60.353844,61.184814,1.0696914,1.0048969
31.813677,31.884043,2.507702,2.5296776
71.04074,74.47229,2.1006713,2.13592
23.603062,24.63314,1.2355934,1.3301997
26.200209,15.782871,2.9700186,2.8964305
35.587025,21.602486,2.3699899,1.2959247
85.66999,85.98547,2.2344484,2.2481244
68.02753,67.008286,2.4001672,2.3156388
37.244595,48.53072,1.2397777,1.0240277
8.330697,6.025646,0.97058904,1.5311863
80.55401,89.24977,1.5081878,1.102701
49.993114,42.319675,0.60427856,1.0954523
51.343403,52.471474,1.6913912,1.696636
0.53719044,6.3062897,1.2089454,2.0030558
16.188526,20.70784,0.6838234,2.4021974
90.27898,86.456665,2.118576,2.081717
52.414627,51.197033,0.7849789,0.9884502
29.643051,29.00041,1.570397,1.06712
68.11347,76.43566,1.5156368,0.965246
94.5656,94.559654,1.5756285,1.4804995
18.879974,14.971085,2.1575756,1.3303974
59.641132,60.217514,1.6878767,1.6729333
76.239365,77.94371,2.4939644,2.5096664
20.071867,18.612257,0.80804837,1.0452688
16.406254,20.024601,1.6422614,1.0584332
30.849749,35.81222,1.3665671,1.0279379
54.7618,67.474335,2.5889604,2.7774262
69.19627,66.13661,2.7730196,2.6675072
36.644382,37.881523,1.1907445,1.0478076
58.946644,58.102406,1.6277851,1.6452051
34.992508,31.623358,0.78549093,0.9879098
86.72653,88.782616,1.1630033,1.0775386
94.50352,95.27176,2.9267993,2.8876123
80.74446,84.12354,2.7552917,2.791048
8.3077135,6.8307076,2.4649384,2.4774652
96.81853,97.406296,2.462615,2.4761803
41.219883,54.63222,2.9006248,2.799519
20.168884,23.70161,1.5298887,1.0579505
2.7278476,2.5340233,2.3447018,1.6091
43.597004,51.629578,2.2957873,2.449089
66.52635,67.78309,2.2012153,2.2118688
26.282547,16.449093,0.90457743,1.3746924
31.646168,31.9374,1.1140543,1.0965462
3.66453,13.676422,1.3001022,2.3811877
71.49353,68.122925,1.7293471,1.7553337
57.2579,53.834644,2.1813252,2.1273336
88.70292,88.20682,1.9107451,1.9277303
10.441482,6.819332,2.3194163,2.2376533
16.624386,26.051744,1.5999205,1.9954224
61.225662,65.015686,2.0305748,1.998993
9.403685,7.7216606,2.9946153,1.3601973
29.849754,29.998468,1.7483562,1.6771609
54.219025,53.13062,1.0664129,1.0025074
92.11451,90.45025,1.0422839,1.2705109
88.15794,96.1781,2.4959714,2.5363135
34.195976,30.341646,2.660874,2.4960356
53.473534,54.41338,1.3532126,1.0360262
39.103436,39.201504,2.183093,2.1271963
31.295784,39.35013,1.9204273,2.113142
43.294704,43.48211,1.716691,1.6834877
15.526379,7.8517036,2.6693459,2.288292
54.32555,50.621006,1.918501,1.9625994
27.328043,30.125103,0.5434654,1.0005355
34.88353,38.57515,1.5117004,1.0189447
7.921836,8.448914,2.4824452,2.1309032
14.222381,11.558201,2.6940722,1.2318602
77.836716,78.816666,2.2375038,2.386377
97.59194,96.49428,2.0976372,2.1088223
47.170647,61.545906,2.6569307,2.7333193
34.956234,27.413097,2.6587348,2.242435
37.494713,38.084232,1.311051,1.025203
21.431366,19.651426,0.60275275,1.1178191
32.088455,35.279057,1.2285872,0.9845219
0.72792786,4.239235,2.4249191,2.187336
72.92871,63.678143,2.9608853,2.8728824
14.688405,20.240124,1.5949117,1.1079091
68.10662,66.19971,0.8883184,0.96753407
5.509812,3.5155869,2.616904,1.2918153
73.95746,80.06044,1.2724633,0.8972471
55.68685,66.67351,2.5153131,2.5743203
33.381668,34.106525,2.4956334,2.447339
70.00829,70.72751,2.3222022,2.336293
31.10259,41.449577,1.6346956,2.0179918
57.87446,56.55875,1.0867163,1.1186824
20.797222,22.01055,1.2871482,1.0654471
83.61673,84.12543,1.9586416,1.8780787
38.185196,43.295666,1.5436864,0.99997437
89.97632,94.10333,1.4398214,1.3280263
0.24846457,3.4577866,1.7169392,2.2826455
36.407196,40.204033,1.517993,1.0119513
89.93218,90.657715,1.1401181,1.2187421
36.953632,40.25953,1.3111329,1.0113201
52.72591,57.95246,1.5442994,1.0245327
39.646202,36.042503,0.7327398,1.0178635
3.743795,7.9195137,1.6591842,1.8961543
77.55346,85.98619,1.4732057,0.9516553
59.65764,59.047306,2.844626,2.7787411
73.728874,73.209145,0.8918954,0.9279612
96.45748,88.45477,0.6095304,1.0426762
87.810165,84.20802,2.179066,2.1854672
22.606218,19.625856,2.3693159,2.4581866
67.77426,67.28318,1.8797263,1.8892462
18.882767,21.45005,1.1990023,1.0341517
76.3489,76.25537,2.2482507,2.2564116
44.157696,43.654514,1.7202333,1.6956806
63.366196,57.03618,0.60792273,1.052268
5.702939,9.418976,2.1501565,1.1664388
16.143417,10.208576,2.715821,2.1836061
88.58686,92.199036,2.4785285,2.493116
96.30836,93.870285,1.5179954,1.3916714
19.336052,19.058474,1.8381727,1.3315941
75.833046,76.74479,1.7609043,1.6432312
92.327095,96.54481,2.2312775,2.287708
81.396,82.77386,2.585157,2.5876954
91.656204,92.34267,1.7990589,1.8100097
63.52174,59.09017,0.7015235,1.0337374
88.94477,90.139114,2.8987646,2.8906708
55.35255,62.88354,1.6329079,1.419869
95.8466,92.9225,1.0498403,1.2401357
85.562164,85.58011,2.1074836,2.116785
72.01107,68.551735,2.433245,2.3717136
1.5845952,3.2648926,1.1353033,1.3657365
49.989403,46.446632,0.7183361,1.0336423
33.13979,34.419918,2.9173245,2.9931483
33.249485,29.385489,1.9587662,1.7949588
93.93951,94.80649,2.5446599,2.5592325
9.004101,10.869007,2.1312137,1.530916
2.6163087,15.7612,0.9818977,2.5089338
90.5867,91.08134,2.3159468,2.3309975
90.09996,83.2482,0.81380653,1.0997965
76.25215,82.2175,2.8002508,2.8675447
9.514802,12.872414,2.5553472,2.6332943
9.599992,3.6785011,2.7663808,2.3161368
33.24642,35.218563,2.1281703,2.0849686
56.664154,55.625515,2.9842873,2.9260798
7.121491,14.797234,0.8240011,2.4620154
98.81225,99.319115,1.9928339,2.1361828
3.3147123,4.1547203,2.4833255,2.3812318
83.233185,89.00548,1.3358973,1.0071397
71.9145,70.674126,2.3352695,2.3293543
90.26628,93.2932,2.770984,2.7753735
8.533199,18.915419,2.235576,2.4305398
45.269196,42.926258,0.87044007,1.00897
70.8833,75.19057,1.1875584,0.91786677
30.699266,31.848495,2.0390022,1.98517
48.54675,56.739525,1.2475113,0.99130124
0.5684461,11.934105,1.1105406,2.179311
84.40688,86.85759,1.7366271,1.3365258
74.73182,77.17576,1.1487893,0.9078748
24.604729,25.18528,0.79265,1.0113438
7.970234,15.07003,2.22541,2.2764833
13.157235,12.262493,0.7867306,1.7466191
72.18451,57.458984,2.9566996,2.9147224
17.079025,18.477354,1.5610005,1.0443668
31.470383,39.540657,1.0431682,1.0525138
50.760357,47.151905,0.76818496,1.0508118
85.19972,85.08948,2.1888134,2.2164466
23.048183,23.13202,0.87338614,1.6453451
36.99195,33.934593,0.73160577,1.0751647
99.00342,97.85275,1.9540461,1.9759003
30.343552,35.447884,0.93813634,1.325625
25.034237,24.65424,1.7312305,1.5881747
42.92831,45.01461,2.3381963,2.41454
17.31805,24.478954,2.2577293,2.1947165
1.358529,2.8383255,1.0627612,1.8921977
78.79255,72.40669,1.8391721,1.7884569
98.799385,98.27428,1.9523638,1.970056
8.756656,8.501362,0.50961787,1.4919583
3.0448966,3.372383,0.59447074,1.2838633
71.05923,65.17818,0.53638744,0.96250325
2.635191,2.661995,2.9559429,2.2134895
0.7342987,11.896229,2.154939,2.1239173
85.34398,88.60145,1.489933,0.98145396
74.79807,74.19858,2.1373384,2.1558785
2.0315528,4.0637894,1.5989741,1.9358797
37.951984,33.47444,1.9266977,1.9878674
29.702019,28.34737,0.8297251,1.0688462
62.328983,70.53711,1.5511854,1.0786071
4.377349,8.325336,2.3619142,2.030034
9.772888,8.408001,0.9353583,2.1559422
48.36147,42.709427,0.756216,1.0376624
90.734,93.50205,1.4159182,1.2881924
22.661678,31.55476,1.5060282,1.1240027
12.073208,12.121548,0.92733175,1.0660968
89.14872,90.20292,1.8161987,1.8540089
79.89067,82.85661,1.1392394,0.9043952
48.120804,45.19891,2.6693082,2.6820982
9.194447,6.4257164,2.6773872,2.1978302
82.46195,83.742874,1.608634,1.4252911
30.47626,40.37346,2.7079287,2.779335
13.765035,15.293739,1.8165703,2.3077598
12.643588,20.601933,1.5629631,1.9188241
10.439342,12.471233,1.6856195,1.3866409
37.683525,35.736103,1.8974043,2.0000644
23.009905,21.566431,1.9155291,1.4039963
46.050068,61.756485,2.2952693,2.5660305
5.990454,6.9560356,1.500789,1.5480378
69.73887,63.344433,0.682105,1.0139861
54.418056,58.38874,2.2479682,2.2479088
64.53064,58.219215,0.6432245,1.0730708
78.20043,67.437355,0.6162579,1.2361894
35.159737,54.45744,2.921873,2.7912593
20.234661,22.554003,1.4522209,1.718031
43.882847,45.435413,2.015276,2.0152447
89.41287,87.32226,1.6642001,1.6733683
70.95884,70.65507,1.7899481,1.8000958
14.333907,17.562698,1.5945004,1.0418096
56.285152,57.442696,1.6545893,1.4588014
0.41890305,9.612358,1.4314827,2.7245512
23.119844,20.54605,2.3382816,2.0747824
86.363754,86.71559,2.4912798,2.493216
47.926964,41.784565,2.3058865,2.2809412
90.890625,96.637924,2.7451572,2.764213
4.243392,13.152813,2.380099,2.4156811
56.49879,57.37078,2.472187,2.4922173
87.872574,86.77921,2.1103706,2.096034
83.54414,73.990715,0.57186174,0.95129925
53.176777,49.60156,0.7589089,1.0235043
65.92372,63.847015,1.0810366,0.9864748
1.4665345,3.8079185,1.5483468,2.2603407
18.21375,20.620367,0.75389457,1.7614884
50.71589,63.454895,2.9689727,2.9079387
55.79191,58.11573,2.3121378,2.34594
59.04871,63.914684,0.8189596,0.9694815
84.003105,89.50963,1.5890169,1.4983423
0.43064547,5.4610558,1.3659861,2.176528
35.11862,30.78567,2.489187,2.3202837
34.979286,39.743664,1.7338101,1.9917927
61.309784,63.827225,1.073642,0.9662127
31.781664,31.778429,1.3201948,1.1865826
62.89039,63.53285,1.0333865,0.96617895
49.590816,49.64691,0.92073256,0.9842531
9.646186,8.422176,1.6672083,1.1747389
57.401913,52.588062,2.518856,2.41959
43.538784,49.21683,2.4858916,2.647811
89.82379,89.38039,2.0861135,2.0828469
89.38277,90.16396,1.1599675,1.1092057
93.04174,96.43706,1.6844119,1.740457
97.62519,96.813255,2.5770595,2.6085076
90.78243,96.58862,1.9651396,2.0287194
21.929848,22.662128,1.8541465,1.828005
24.54394,24.491762,1.2690681,1.2688569
66.5471,78.43829,2.5359023,2.6253934
21.955435,22.280346,2.150336,2.0645769
2.231728,20.236856,0.66334313,2.7701697
20.867603,25.588415,0.6111781,1.8417035
59.676487,61.908356,2.148569,2.214924
37.302216,39.456345,1.2932936,1.1692868
63.456436,77.96192,2.8058152,2.905037
22.921091,20.799028,1.7216634,1.6144892
93.43605,92.883,1.3028374,1.2211022
40.935295,40.286827,1.8895853,1.8266764
75.95052,75.43294,1.7825084,1.7922648
77.13144,77.70714,1.6806039,1.6591314
69.39985,67.44977,1.7684418,1.2570608
69.48109,76.28552,1.2838244,0.92330515
95.54431,96.85827,1.9865204,1.9699743
93.064766,94.82437,2.1336432,2.1285675
47.597324,45.663692,0.9005477,1.0196333
91.21463,86.0603,0.7670216,0.95720726
21.679495,25.976522,1.3780568,1.1751761
25.236376,26.196203,2.9620655,2.8637772
14.413846,9.60281,2.9614227,1.9390968
97.49684,99.15619,2.1058593,2.1050491
90.07251,89.798676,2.1803617,2.204959
89.000656,91.9369,2.216628,2.2608476
95.128944,88.10182,0.78334564,1.2845883
18.455177,8.164051,2.6217465,2.2049642
62.519142,57.50441,0.8380864,1.3198022
2.2062652,2.8493195,2.5386539,2.095666
4.3281794,17.324917,2.9906774,2.4966016
38.111153,36.124252,2.4189534,2.5469341
4.9515038,30.029161,1.4405649,2.800477
18.354038,13.723282,0.57554656,1.6599302
51.393368,55.994812,2.593679,2.6997426
6.897821,12.565098,1.1658299,1.7024982
49.229626,47.182323,2.0793016,2.0176365
13.545779,13.146538,1.9305842,1.8694487
98.4002,96.61996,1.7942501,1.7888833
99.27187,90.75177,0.6266555,1.1066821
38.7686,29.3958,2.8383176,2.644044
71.9514,62.23572,0.5034636,0.9730517
67.27629,67.19916,2.2919307,2.3105664
85.67759,84.34524,0.86874974,0.8985541
23.754004,27.677097,1.8120205,1.9519027
77.07842,77.95502,1.9365358,2.021267
63.695168,62.451214,0.94750166,0.9971845
68.995674,69.61519,2.8838162,2.8778749
61.230278,63.997078,2.7321289,2.7590652
39.48551,42.80153,1.5319759,1.01603
44.105675,44.503246,1.798597,1.7021658
34.915127,32.372288,1.8257236,1.8505847
97.89176,90.55626,2.9257312,2.8731313
87.40014,88.67257,2.511186,2.5292861
88.29591,84.762665,0.71883655,0.9155907
73.422356,71.8828,2.133923,2.113697
8.516971,7.8634567,2.1436622,1.8383572
45.21561,44.87376,0.58871675,1.0060647
97.26581,98.09514,1.8908029,1.9267924
26.34226,28.833755,2.620457,2.3565967
7.151235,6.9324036,0.9715933,1.1553254
40.348312,41.849586,2.240174,2.2043748
20.37158,21.4691,1.2850597,1.0148878
15.139806,17.996428,1.2141432,1.4544747
29.94508,33.746445,1.5026852,1.0428662
14.374505,17.022491,1.9633132,1.9834177
84.33425,85.820175,1.0898767,0.94719714
8.0211525,8.471695,0.62830704,2.1331892
70.45174,66.59706,1.9446244,1.9008466
4.8080316,11.6228485,1.1329587,2.5891275
28.258133,28.464806,1.9647332,1.9267532
21.706438,17.698189,1.1878558,1.6725166
10.944926,7.9894257,1.9436897,2.0396335
86.91622,85.99191,2.9886994,2.8842797
90.40081,91.651924,2.3522134,2.361698
24.940763,24.486374,0.95020735,1.0020812
42.787956,42.653236,1.7327913,1.7245729
40.028255,33.19822,2.047646,1.713533
62.479813,55.970997,0.6062005,1.0139673
95.25703,93.21028,1.8602911,1.9124686
3.221106,3.1186104,2.7081943,1.6736009
95.03841,91.32388,2.0823994,2.03968
45.879074,41.94901,1.2105117,1.3405128
69.28378,78.46916,1.2279408,0.9035984
29.52578,29.29345,1.3036397,1.0631762
65.47169,64.98019,2.2499197,2.2038682
61.84452,58.55104,0.81599605,0.9723988
55.615784,50.311737,0.5773905,1.8074723
9.9865465,7.695503,1.7724496,2.3754601
79.91779,78.42514,0.7642549,0.90385836
51.14135,53.592552,2.8510203,2.8688972
49.66974,51.0184,2.5892432,2.5691566
91.24604,94.032364,2.1429465,2.2904148
74.3114,73.99873,2.4577172,2.4770784
17.34878,18.218842,1.9504058,2.0761054
69.904076,73.77029,1.356807,1.6813759
50.276585,52.739475,2.500257,2.5335526
18.531902,18.34148,0.85230935,1.0519145
93.18168,91.36038,2.921926,2.8658848
89.1641,87.93892,2.2104547,2.242362
35.441643,37.11551,1.6481622,1.0087924
78.08585,77.552704,2.2454743,2.1659613
91.20169,91.87665,1.5945858,1.458092
7.9981194,7.320118,1.8542184,1.7184048
33.856197,38.094654,1.7902358,1.966572
27.38636,27.063463,2.3358243,2.2246609
1.1359633,3.4080238,2.1523292,2.2351348
99.733635,99.36557,1.9625852,1.994293
77.76118,81.59851,2.2083304,2.2677593
41.57482,42.63901,1.0251603,1.0158677
44.469845,50.07222,2.8628721,2.7842715
53.298233,49.302547,1.9336346,1.7452968
13.538278,13.761986,1.009534,1.3686683
66.24426,69.59896,1.2061226,0.9512454
17.99183,18.025469,1.8436695,1.793881
10.648848,12.395718,1.3812443,1.1036592
19.11181,19.495857,2.0734184,2.027155
67.99238,59.752525,0.5501602,0.994253
97.05981,95.47151,1.7570394,1.827857
24.395338,24.89481,1.6489229,0.9979075
63.352436,69.09767,1.4144561,1.0100135
28.007883,25.597704,0.6401577,1.0335637
97.45041,97.20099,2.4221826,2.4229484
76.30546,79.00058,1.0185015,0.90518254
62.209995,58.621193,0.94766957,1.0386376
86.57847,90.71269,2.507392,2.526291
49.367283,54.198063,1.6567951,1.7481632
91.382774,91.57477,2.4825618,2.4764433
56.919254,56.832336,2.4816158,2.4841042
62.41046,65.320175,1.6001886,1.5372399
64.28122,64.02256,2.1144893,2.1485934
56.51344,67.06947,2.9617717,3.0
72.93405,71.79235,1.8611094,1.9241892
69.0391,61.843163,2.3584697,2.374734
73.35852,81.622345,1.4151771,0.90235156
39.003765,43.397102,1.5620631,1.1060674
24.080103,21.310902,1.1285046,1.7890038
69.38189,73.987404,2.0405881,2.1191201
16.11173,14.004021,1.0181197,1.0963991
77.95725,73.49036,0.6939912,0.93700165
26.172623,18.514725,0.9906248,1.1890507
48.858433,56.785732,2.5526984,2.6340756
93.66982,95.61698,2.5176778,2.5254748
93.07046,91.19075,2.3370998,2.3438406
55.268627,56.82387,2.5379655,2.5483997
87.251335,87.892426,2.0667577,2.0794866
22.327576,22.513826,1.5250348,1.110632
23.520227,32.24285,2.600328,2.7456863
0.6118195,2.4493332,1.8329313,1.4478931
75.62564,76.88644,2.592471,2.6053298
45.122356,47.849823,2.9241154,2.816727
31.012737,32.85267,1.582862,1.6225785
65.049995,68.165085,1.7467456,2.007506
58.645416,62.01632,2.0678465,2.096362
42.84053,42.10216,1.6137508,1.084652
44.809284,46.80049,0.896356,1.0041454
29.729782,25.295025,0.63469034,1.0728879
35.779907,36.684242,2.8312037,2.719288
42.11385,42.192505,2.2080343,2.1999288
5.153609,10.0167885,2.6701303,1.6004788
33.830013,38.311424,1.5189841,1.0063155
47.310543,48.88668,1.1747178,1.0348363
1.7777927,9.573036,2.8679476,1.9578849
30.381918,33.685722,1.4257084,1.0186687
97.216415,95.37756,1.7631071,1.75496
33.616226,34.194836,1.9007012,1.914519
95.27277,94.11273,1.7220829,1.7317879
24.699526,23.393566,1.3105241,1.0968641
45.711803,41.57699,0.6566399,0.99809927
56.875202,63.59872,1.2694486,1.1508443
14.527498,13.2310295,0.6538605,1.064357
64.779625,64.766495,2.6589344,2.6344814
83.98813,85.30272,2.037268,2.047085
17.52775,19.832016,1.1650897,1.3036349
93.53088,94.93828,1.951733,1.9633987
61.20624,56.723564,0.9053017,1.0480068
34.345936,33.36107,1.8225336,1.7764294
73.92318,76.45838,1.0092394,1.0337367
46.385033,49.46558,1.3626668,1.0513053
62.618954,65.87376,2.1960995,2.2411232
48.775913,42.26796,0.7451163,1.59018
15.6775875,16.746395,2.2091217,1.4034326
5.205519,9.079052,1.509996,2.7700477
29.308159,8.1972275,2.955218,2.4160223
38.51809,54.034645,2.1017709,2.291915
34.261852,39.16017,1.5014775,1.0027553
38.539158,47.178886,1.2924422,1.09654
76.02588,76.37413,1.0079287,0.9882083
25.420824,29.772154,1.1326537,1.147869
58.356598,55.86382,2.3590486,2.3359876
68.2546,66.81656,2.4427414,2.4149175
74.83745,75.39157,2.754913,2.7620144
8.286895,8.016533,2.7809784,2.5453708
3.7241294,4.798424,1.8977762,1.7679155
79.15575,72.14868,2.380834,2.417521
1.8371546,2.1518593,1.6684004,1.8243806
62.695347,61.209606,1.767895,1.7551844
24.22788,20.992733,0.880563,1.4543204
62.109734,61.847683,2.0323336,2.1032941
8.343552,12.690609,2.532321,2.126246
93.00886,92.093704,2.0121531,2.0051513
36.99996,37.488205,1.6632588,1.3038125
40.60654,45.342457,1.6815622,1.8351656
67.50016,68.408,2.4116237,2.4461322
77.765594,72.816185,0.7519963,0.97073555
36.364075,30.9651,1.0142096,1.7628313
11.933653,9.21492,2.598529,2.3838944
37.39078,41.809082,1.4797237,1.0076437
27.613153,29.191425,1.2076296,1.1330225
38.088978,39.032513,0.72010314,1.0133238
44.248146,47.685627,1.5849222,1.1228082
39.950356,36.03454,0.61491406,1.0277398
82.461075,81.41262,2.1795607,2.172935
97.19715,95.44664,2.2898412,2.2833972
58.375988,60.675476,0.7992136,0.9960453
13.993321,13.910591,1.0798976,1.2852086
35.773952,35.617584,2.0724673,2.0533583
60.656353,64.64575,1.6099162,1.1713217
47.65493,47.128258,0.8892857,1.0644493
38.50944,36.05367,0.68104446,1.0465074
57.243313,67.04849,2.8279004,2.8290935
43.71867,43.900818,1.0625058,1.0258086
90.57717,93.864914,1.3995228,1.2704873
10.212112,6.237339,2.8588727,2.5450277
20.740707,15.469154,2.338643,2.1440775
51.434814,51.25005,1.6484175,1.7321805
26.026657,25.515469,1.4353158,1.0026349
75.12834,71.8542,0.77838624,0.94029874
89.34211,92.920845,2.8503845,2.8021765
27.856142,30.5983,2.6702666,2.8191252
90.334305,86.147156,1.7809983,1.7474948
95.67089,92.63791,2.854612,2.7845027
75.95204,73.815506,2.335132,2.1921017
43.183746,42.8577,1.717397,1.8720405
88.42926,91.730385,1.4375589,1.1827844
28.71701,16.052158,2.3872895,2.0892775
48.2798,63.29532,2.4869168,2.6334176
23.402987,17.35851,2.5689428,2.116872
53.178394,50.019165,0.7999637,1.0258061
50.598305,50.291725,2.9995632,2.959097
76.825386,75.794395,2.5144129,2.5313587
26.03755,26.66149,1.1633675,1.0130917
33.671158,34.279762,2.008689,1.967967
34.906128,30.895803,0.8570854,1.0659907
36.977062,36.463085,2.523066,2.5480063
81.72775,79.63887,2.0614402,1.9612248
28.383648,24.470404,2.3856535,2.2873511
96.067345,89.756714,0.8134256,1.049679
36.784332,42.768578,1.5981699,1.4961051
59.1072,57.324177,2.3507404,2.3238854
52.111206,47.400993,0.56842804,1.0060475
93.93563,99.0615,1.97534,2.077253
33.825027,40.963715,2.6088586,2.4041784
50.16542,50.950497,2.572749,2.4402578
52.00858,51.11604,2.2139187,2.1855404
28.259066,28.2451,1.9527347,1.905503
49.162525,48.188427,1.8171849,1.7773713
19.39035,8.082451,2.6802657,2.1802764
59.644886,62.135376,2.5448499,2.5907316
68.14275,66.51709,1.7865695,1.697524
98.7006,87.77833,0.51654285,0.9989483
34.503845,34.439182,1.9354607,1.9163477
8.414109,7.0385933,1.1668282,1.4621726
88.78377,88.323006,2.8833077,2.8930182
58.210293,63.024075,1.5441293,1.0427678
21.59033,25.842628,1.1479884,1.062649
2.2432647,7.0432014,0.90891397,1.8501091
80.30482,86.22011,2.726342,2.7949872
50.45457,50.428825,2.225786,2.2073133
53.71706,53.6628,1.8947122,1.9090147
38.490185,43.456085,1.477911,1.0194135
96.967735,95.244225,2.657995,2.6233697
32.426556,36.02356,2.5851288,2.5595667
6.9253316,8.038395,2.5462346,2.5172846
79.37277,85.3374,1.3330452,0.9179329
20.426733,12.104694,2.234693,1.4147557
55.366554,61.23768,1.5884298,0.9757844
96.57844,97.131165,2.1691506,2.2052116
52.02291,53.887306,2.4178386,2.4675698
37.335632,28.809782,0.5134521,1.1349981
82.77681,73.68946,0.7931806,1.4255893
46.929203,47.173046,1.690739,1.6172457
30.925356,21.143906,0.69307464,1.7770658
72.03101,65.43179,0.5707011,0.9845752
5.2176313,5.254936,1.4391282,1.506485
29.11625,30.855894,1.300087,1.0672773
51.22667,54.96338,1.2400835,0.97577626
58.417015,59.13871,2.8674662,2.8674736
5.5031557,4.6811447,2.7978356,1.606622
38.76587,39.105556,1.0861666,1.1481211
6.15529,7.584934,2.0892015,1.8393389
52.70901,51.647,2.3338325,2.3616767
20.484766,19.363197,0.8079397,1.8404309
62.684772,66.82833,2.4514518,2.4522295
98.31456,96.80031,2.0999608,2.1016681
20.945284,14.361111,2.293801,1.9243946
80.99315,82.09906,1.0216664,0.90326405
24.164385,29.996876,1.9998653,2.1231022
89.55945,89.68062,2.4251802,2.4325526
87.00242,85.03645,2.3007033,2.2796469
44.999123,43.50707,2.4919195,2.5068686
74.8679,72.98447,0.8616286,0.9409731
24.884502,22.646477,2.9931674,2.8995461
88.47643,96.45674,2.5305686,2.6087947
97.415085,86.21991,0.66994447,0.968851
59.218567,58.706123,1.7387571,1.5973992
6.703179,12.876774,1.478013,2.5624378
36.30972,37.541004,2.0910714,2.1746738
59.225838,62.78145,2.5403106,2.5567586
68.53869,75.197685,1.3872166,0.91533923
46.49831,48.039425,1.0998296,1.5655423
72.45574,77.10661,2.4706223,2.5639791
52.741035,53.05914,2.973074,2.9354436
32.78648,29.77314,0.6062138,1.1981989
17.546505,20.01099,0.99635816,1.5744306
63.85764,65.525734,2.1541271,2.1926854
47.243805,46.709213,0.8177818,0.99474007
96.81376,97.87522,2.8207765,2.8940914
82.62392,75.82595,0.562104,0.91185296
55.471573,58.35056,1.444604,1.1023446
60.335957,59.83539,2.3326273,2.3606057
12.588402,15.331749,0.93734,1.2540575
95.11849,94.32885,1.2995864,1.3275409
26.381773,24.356,0.6585869,1.0176828
66.0785,70.56977,1.4665474,1.0746691
32.59821,32.447193,1.8653992,1.7717556
69.55662,59.2708,2.8873563,2.7647653
98.820404,97.522095,2.0071564,2.1347673
29.712421,33.675415,1.6448659,1.4355494
53.54651,52.086464,1.1298165,1.0422952
8.178846,7.1018143,0.8748554,1.2101457
22.27175,24.049856,0.56035435,1.0289156
68.19949,71.37622,2.0977957,2.1872747
44.114384,42.478237,2.6422856,2.607582
46.47434,44.625362,1.1803765,0.9925787
74.87736,77.92689,0.74346906,0.9187963
41.615803,42.704212,1.1638494,1.0291862
87.66,83.28636,0.7048812,1.0933058
47.45189,49.5568,1.8990166,1.9856443
78.58015,86.802765,1.8816004,2.1551375
27.070597,31.617243,1.4815332,1.0137764
40.25806,41.597435,1.0209734,1.0922055
37.710438,35.40595,1.1838708,0.9824053
67.34343,71.02811,2.614784,2.6423647
50.99246,45.04871,0.6101431,0.9968188
41.97346,48.138313,1.5207381,1.0687523
44.74251,39.84247,0.5902018,1.3628751
39.720737,32.76848,2.7663853,2.549698
99.20275,95.843704,1.593609,1.5553818
75.54347,68.75641,0.5265248,0.9554728
93.18582,90.32073,0.9794977,1.0622034
99.51774,96.10213,1.6413928,1.6502527
24.374401,25.029446,1.2392294,1.0278671
94.294106,87.13306,0.74527675,0.96576136
91.08244,90.49657,2.1051745,2.1050236
18.047123,9.078945,2.4462457,2.0865612
2.6172326,11.25341,2.2642863,1.4517223
68.16504,68.53779,2.3727777,2.3833666
71.36635,71.73307,1.833993,1.8370588
81.16551,86.006836,1.3516741,0.93954486
7.903878,6.341072,2.2610583,2.0586348
28.855284,26.15459,0.5574918,1.0574939
69.92875,72.96301,1.1298925,0.92984504
31.826159,31.518295,2.1079936,1.9848775
28.613031,30.813828,1.3830566,1.0270983
39.95124,40.610058,2.4548862,2.6709247
30.355482,31.138416,0.747811,1.4192853
65.32369,69.97222,0.9501496,0.9426286
62.00884,43.239185,2.8149407,2.4881687
41.63405,38.089993,2.327615,2.2116919
94.773476,85.312065,0.51656544,0.9382635
58.87709,61.461792,1.1465197,1.1346157
30.29196,30.291609,1.04479,1.3935398
22.309855,30.098911,1.2963367,2.072811
97.71656,92.50093,1.165723,1.6294492
6.603092,8.046871,2.3790207,2.2146685
41.643177,44.752037,1.8959291,2.017942
70.34228,71.41513,2.0557256,2.0674205
68.059006,66.57281,0.794749,0.9320793
68.533844,78.77028,1.1993737,0.89783764
71.85255,69.142746,2.8689446,2.838521
45.767975,45.5878,2.1485264,2.1355832
52.291325,53.34531,2.466739,2.4731472
25.350079,26.783596,1.8759084,1.8042605
10.365389,11.217651,0.93425435,1.1618667
18.803705,15.377617,0.874827,1.3738374
39.42256,40.87743,2.6316051,2.6726348
0.9741359,11.047203,2.3540769,1.5805054
46.17391,43.84062,0.74957186,1.0203106
38.62652,38.739414,1.8498797,1.8346995
96.326225,97.17722,1.8966777,1.9573052
97.262344,92.98487,1.1167018,1.2423477
53.026585,47.52927,0.7280548,0.9974745
24.672886,24.902998,1.6653005,1.2679119
11.7563305,12.512901,1.3596348,1.1454057
15.573154,14.200684,2.7617526,2.196572
87.66976,83.3883,2.2516847,2.279849
70.99417,71.95408,2.3560638,2.387484
56.90894,52.782776,2.2817304,2.2122207
37.842434,42.104156,1.454893,1.476693
62.656178,59.912613,0.8749118,0.9968031
75.884,78.1064,0.80119693,0.913004
50.966904,48.377373,1.8209461,1.7349349
29.005539,27.441265,0.80247694,1.039138
58.826595,59.914745,1.1918015,1.0401657
38.154247,43.166,1.9847193,2.2709346
42.868557,42.7597,0.95876324,1.0696375
83.46886,82.213974,1.8617985,1.9210442
43.104313,46.925045,2.5671875,2.6002162
27.490107,28.953741,2.9685893,2.9072995
95.33139,94.25985,1.6078006,1.6362472
22.87692,22.936441,2.5696175,2.5344007
27.540064,21.658203,2.7656035,2.0423782
2.8796146,10.643944,0.5215307,1.1363469
70.97046,74.93753,1.2936012,1.0323355
74.480606,75.904625,2.21035,2.2421794
61.953484,62.774784,1.1211456,0.9918187
44.61279,45.67111,2.8622072,2.846317
22.2227,21.524633,2.3000755,2.2655566
67.664734,62.67491,1.0419449,1.2036183
61.66714,60.92263,1.802711,1.8087676
45.12776,46.12271,2.5957673,2.5784738
1.5873947,8.589127,2.142707,1.2153883
51.209244,51.901253,2.0160315,2.0018737
77.533134,76.83656,1.9582276,1.9476547
25.798187,29.364004,2.277576,2.291869
22.283037,20.004011,0.8845389,1.1582265
73.70649,85.499146,1.4775993,1.0028698
40.29,40.58254,2.3343546,2.4132078
55.05763,49.46836,2.2324226,2.0896494
43.72401,44.680607,1.9372871,1.96144
30.29413,25.936161,1.6952173,1.0028467
97.08813,93.91634,2.758419,2.7037508
52.47212,56.34185,1.3798307,1.0200851
7.327099,8.02626,1.604286,1.4392989
53.537884,62.728992,2.3835242,2.4708452
57.130283,52.992126,2.3716338,2.333666
52.57364,54.456593,2.740697,2.7578902
16.05448,17.785133,2.0053837,1.6362057
18.83837,12.993847,0.70194376,1.2296891
90.906715,94.66748,1.8711067,1.952457
8.806285,8.929646,2.1766417,2.0543158
57.219784,69.78471,2.7852917,2.9445496
32.07741,30.910257,2.9477816,2.880651
88.046524,83.91651,0.8366744,0.92839444
30.623455,31.813128,2.6732023,2.6848562
70.72433,73.5962,2.2025294,2.2557118
18.552696,14.792854,1.3028198,1.2762117
62.754887,54.48291,2.7047956,2.4974308
44.918762,39.139656,2.9382782,2.6473198
69.31611,73.422386,1.3256664,0.92381454
29.159918,29.664837,2.7105792,2.6147437
6.983333,6.8734818,2.799016,2.8542066
18.88496,19.294342,2.0117059,1.9903798
88.886635,89.39326,2.7032077,2.7082334
38.763477,39.29267,1.8726505,1.8435204
59.875954,51.130093,2.87375,2.60629
88.050575,86.82424,0.92184484,1.3322355
23.754711,23.572088,2.2546942,2.2170484
57.65369,57.443703,2.6739616,2.5169444
15.954798,14.7507515,1.753495,1.4169667
46.97886,41.06788,2.1610222,2.0677493
8.735555,10.028851,1.5333576,1.2715684
5.080925,10.052338,1.7269158,2.5343046
15.871935,20.426838,2.5114455,2.372718
91.070984,94.86963,1.3769517,1.3952253
42.43203,43.46625,1.157778,1.1154902
95.094795,93.283005,1.0734155,1.3036535
50.26607,45.91892,0.6640488,1.0271921
94.25211,95.17302,2.9176283,2.909861
23.641605,21.83485,0.87722427,1.0851961
69.99213,70.74908,2.0762658,2.101649
57.78361,64.900665,1.5246825,0.98341995
0.97454816,5.6657715,1.590762,2.3285613
84.432945,85.25435,2.570157,2.5808496
29.103191,29.26305,2.0621984,2.028095
77.19443,76.1899,0.71855897,0.90553874
97.58676,96.56297,2.3237748,2.3450572
61.663494,53.014988,0.5233331,0.98990244
79.91689,72.804794,0.56518596,0.99204946
37.94462,36.831184,2.2669106,2.1442616
61.9341,62.990845,2.6720684,2.6431198
47.456745,38.25418,2.9989564,2.766551
12.865161,13.3573,2.208395,2.1946883
74.05194,70.20915,0.682361,0.9560744
28.28109,38.745075,1.8203398,2.2313907
68.53914,78.26063,1.5971252,1.7689226
96.78946,97.07588,2.5627022,2.561437
78.61625,79.50048,2.5069954,2.4677415
77.35769,73.702446,2.9392283,2.9072864
24.641142,26.932335,1.4631276,1.0198028
19.384804,16.579685,0.66009766,1.2267506
5.241242,5.117111,1.7457379,1.3338459
47.18806,45.52165,2.5355825,2.5025754
41.237015,33.321922,2.9672112,2.749928
46.101994,58.689445,2.8731554,2.9460697
78.6791,78.14707,2.333648,2.336011
76.87101,83.25438,2.2199929,2.2752666
81.54614,74.68048,2.3514922,2.3033848
51.111237,54.76169,1.6025087,1.0127516
74.4191,74.505295,0.6306686,0.9223975
36.552814,34.281006,0.84245676,1.5538538
95.62782,93.51102,1.2005917,1.5357827
39.12943,45.361153,1.5221188,1.0905257
32.32867,39.249607,2.8573034,2.8072376
52.79662,49.626377,0.6087362,1.9090633
16.931269,17.448078,2.0085082,1.9990491
96.640274,91.73531,1.0300851,1.2915233
36.312695,37.2108,2.1584613,2.2393913
3.1841326,2.2293053,2.625212,1.3951002
43.349274,43.30577,2.229645,2.2196457
12.188873,12.5801735,1.5546374,1.3822582
62.105843,70.62211,2.666422,2.8113108
29.762411,31.798656,2.2315423,2.332749
76.37405,78.14013,2.4070263,2.4396496
74.87598,78.68489,1.0503222,1.0627775
89.32747,91.51437,2.0442963,1.8264775
93.97203,93.25116,1.2625248,1.2610345
87.31791,87.9433,1.7245648,1.7383764
6.5127497,10.097935,2.4446087,1.6108547
63.114063,61.18394,2.6470008,2.6128774
15.18327,14.753468,1.1350495,1.0981082
95.60236,95.25441,2.693259,2.6829655
9.462558,10.807915,2.909852,2.3758397
61.061172,60.83566,2.1414428,2.1394958
75.37202,78.158424,0.9675176,0.8877956
37.530567,37.78164,1.8829241,1.8802958
97.77693,86.64371,0.5063406,0.98521864
75.44339,81.25093,1.2194048,0.89875966
11.764632,10.499401,2.9679453,2.4276545
32.947243,34.320362,2.533339,2.5250435
50.195786,56.495636,1.4509587,0.99837387
4.065638,3.9351273,1.3134408,1.6184638
33.633068,35.115887,2.6730742,2.614919
57.572628,56.446632,2.2219002,2.1571846
7.246673,8.04744,1.8244356,1.8587295
80.16589,86.82343,2.1151912,2.1974213
61.72158,69.98291,2.566202,2.65526
9.772015,27.747364,2.1059592,2.8143196
2.9646616,5.391922,2.7611156,2.3169987
80.7294,84.4171,1.448356,0.9497446
69.12042,70.64939,2.7092736,2.6859148
97.951324,95.910995,1.6039519,1.6357589
7.7091618,9.527061,2.9054713,1.6688818
97.173256,89.490234,0.8552046,1.1960117
61.41367,61.212063,1.7488753,1.7650406
53.130802,53.6969,2.9127429,2.8981848
13.43688,17.963017,1.4082415,1.1093464
67.626396,64.89922,2.9318538,2.8765824
58.462105,62.03479,1.1978701,1.0106506
9.00313,6.0228195,1.6239936,1.6780317
48.460285,43.538776,2.779442,2.5577679
78.93624,74.915146,0.62043124,0.8937077
42.30856,42.02452,2.2181954,2.1965983
52.02335,56.049175,1.4380422,1.0233546
5.8745174,7.1611137,1.3642437,2.5263724
97.6175,97.09761,2.8844254,2.940783
95.260544,87.40301,0.65961015,0.99158496
2.9029229,7.1323433,2.7571855,2.2594576
96.77086,87.3468,0.7408906,0.9660785
91.8262,94.49866,2.421637,2.5027323
63.044914,75.52223,1.0769993,1.7520293
8.823259,10.590115,2.7383265,2.164504
3.430249,6.677414,0.66218287,2.103868
79.19453,87.11508,1.466244,0.9875132
26.558277,30.74221,1.6939244,2.0212095
94.2465,95.100655,2.5758252,2.666984
12.551992,13.790424,1.0168324,1.9679159
27.24119,29.967297,1.3739815,1.0305059
29.724138,31.813787,2.5296881,2.5140657
86.93183,86.85101,2.951487,2.8829231
68.81219,73.26867,1.2430031,0.9135289
86.52046,86.19893,2.3699064,2.363807
78.03125,80.3024,2.9521618,2.9455667
10.155363,14.899113,2.5381906,2.7883534
52.76365,52.69504,1.0654483,1.0269783
91.58848,89.75714,2.8977478,2.8372803
16.891418,18.289354,1.9141643,1.5735027
75.44731,75.87665,2.601003,2.5993996
87.21185,74.86878,2.5893939,2.3598115
21.73302,21.415783,2.130023,2.1031556
57.60278,52.9408,2.4345253,2.4631703
16.59537,18.249088,1.2059324,1.0886924
81.86527,82.61094,2.0255816,2.0333972
28.846493,27.044304,0.701663,1.0896187
74.50997,71.61368,0.97193444,1.2125827
62.50782,56.749256,0.8421988,1.0897949
37.236492,37.88222,2.6052027,2.4539113
19.329378,19.386086,2.649622,2.6567426
18.939743,23.272947,1.4648902,1.1457499
41.30555,44.585804,1.5802574,1.1306489
15.611217,16.445133,2.2990222,2.0369744
80.845535,81.4416,2.2253554,2.2362094
11.640739,9.194199,2.1050088,1.6712037
32.666893,34.354317,0.74458325,0.99388313
17.364885,16.881939,0.99067634,1.8644807
48.751568,36.37207,2.9339426,2.5589852
32.318886,35.91119,1.473352,1.0287399
54.920918,53.873833,1.9285731,1.941129
83.68359,83.2101,1.8575072,1.8681351
28.768908,29.113811,1.7493145,1.0795
66.63249,66.45496,1.9781393,1.998507
50.588657,54.232834,1.4904283,0.99213445
80.76849,77.44476,0.74710894,0.90092194
13.394176,13.24601,1.0621657,1.0880358
95.45542,95.8672,2.4235134,2.5025792
49.320107,44.68551,0.73724705,1.0184822
46.995216,53.051888,1.7994576,1.7466104
93.95057,92.40647,2.0113804,2.027625
93.06787,93.537834,1.8780825,1.9097519
97.30396,96.14816,1.5577445,1.4694335
91.763145,93.509605,2.9728785,2.932764
1.5792835,5.5845146,2.8816006,2.8230581
73.52898,74.79541,1.8275462,1.7313526
15.970436,17.184856,1.3872132,1.0379512
27.627756,31.708557,2.158117,2.0984519
55.667015,61.87937,1.5308362,1.0081296
56.994167,53.616337,0.65760416,1.0085355
39.73996,41.571003,2.7708645,2.7522259
72.37234,70.72533,0.98846936,0.99964595
73.070816,70.31929,0.97271025,0.99373865
37.06941,32.235977,2.860908,2.6845255
3.565259,4.0011215,2.1035826,2.3244443
40.950523,40.334515,2.40934,2.3949015
73.793396,73.16316,2.7385647,2.7065556
12.557083,14.097576,0.59993035,1.4058366
23.020271,21.367283,0.82756853,1.3729484
32.932423,33.581417,2.596225,2.5841298
39.75404,36.473797,1.1100944,1.0166968
40.515896,44.431576,1.5675424,1.0547523
27.506788,29.662392,1.0723085,1.0324421
59.692486,65.57987,1.232202,1.013303
63.33271,64.92111,1.2086102,0.9703887
29.70102,30.111212,1.8118827,1.7852036
2.0242026,4.128376,1.6026458,2.4319506
76.66409,81.048454,1.2564666,0.914179
21.235273,24.906796,1.2400867,1.1657705
90.81249,92.08768,2.4711568,2.5155957
14.746492,11.590637,0.65212893,1.1778536
1.9715551,4.271927,2.388705,2.5269346
65.105354,59.50849,0.6597223,0.99997973
33.21403,29.680876,2.867725,2.5961294
25.38306,25.218573,0.91717577,1.0899484
89.342735,86.55414,2.0330348,2.0916898
69.047935,68.22506,1.8621765,1.7509086
7.9102798,10.612907,2.9766955,1.2804154
92.9528,93.11604,2.323219,2.3218796
4.058005,4.935547,2.5457838,2.2717104
33.154137,34.85086,1.1919551,1.5426712
54.980495,49.779533,0.6361702,1.0337386
41.80635,38.681313,2.1388028,2.0623927
20.411787,20.345915,2.297999,2.43981
74.37828,74.07379,2.2459428,2.26119
21.492157,18.553934,2.4121633,2.4590034
83.90256,87.00978,1.8296516,1.8458906
1.9563389,3.6129112,2.9537444,2.1680136
90.40019,84.18425,0.52108884,0.91812146
8.919334,20.803215,1.341945,2.461461
88.5893,89.34692,1.161538,1.0387852
33.091167,36.56983,1.6387086,1.5816505
81.805565,81.85661,0.59236956,0.87565935
68.831604,74.162994,1.269123,0.9202071
3.4275756,14.31559,2.3491442,1.1578853
67.90068,70.032745,0.7780577,0.94671375
95.51974,89.81918,1.0434613,1.2678344
67.079025,72.10092,1.3770092,1.0750778
22.691633,20.329033,2.6632695,2.6763368
0.36782685,6.852352,2.0990105,2.7057657
95.31309,95.03377,2.808054,2.7069268
62.3246,68.30963,1.5218024,0.92478454
24.135029,24.787357,1.2403092,1.1104107
14.43822,13.561512,1.1661606,2.405203
44.468857,50.8149,1.9018234,2.067036
66.94915,66.45493,1.0201334,0.9381663
51.301197,48.602383,2.642312,2.3838959
50.43,60.786934,1.3159608,0.9318345
82.27561,83.91255,2.609971,2.62377
26.771624,18.441143,0.9313093,1.4346213
78.200676,80.78231,1.8556639,1.8567387
71.64329,75.55606,1.2409528,0.9395514
22.58525,23.822878,2.0303795,2.0596836
56.185226,56.44771,0.6353858,0.97285
32.415054,36.63128,1.4217412,1.5519179
21.786722,16.89323,2.811965,2.4858646
96.580864,95.90988,2.033663,2.0652318
20.818228,16.937332,2.718548,2.2908313
37.818634,38.30793,2.7142305,2.6599932
6.5235567,4.0186806,1.4300879,2.2237115
88.56952,85.17882,0.8395233,0.92100835
36.533913,41.786385,1.4648887,1.0252094
53.678425,54.231773,2.9744635,2.9408672
77.1086,77.30818,1.0049647,0.91863143
80.152885,86.64193,1.754631,1.8583384
68.721466,70.50839,1.9708095,2.0167801
5.91091,10.305088,1.2400829,2.5065956
81.37881,78.1209,0.7044137,0.9065673
86.33456,82.30987,2.6871204,2.6363988
88.704475,88.622116,1.8515123,1.8768579
1.0851446,3.037613,2.3107023,2.7066236
4.277285,8.952141,1.5402583,2.4146845
0.69518757,9.230213,2.2362926,1.3080685
77.24643,76.77738,0.7706771,0.9049423
70.79766,71.42788,1.9548442,1.9645138
27.708715,36.019684,2.6841228,2.6158516
54.814644,60.555805,1.4470465,0.96956265
74.41332,72.52686,1.8249158,1.8344848
50.297623,46.412632,2.8986812,2.8014798
68.92438,62.558693,0.61540675,0.98530114
26.75818,29.622532,1.577977,1.112082
69.10338,68.4749,1.7695942,1.7739639
0.39548647,6.6975822,2.0355725,2.0102234
21.216434,21.231989,1.7109656,1.4045955
71.94183,70.25676,0.9575343,0.95433235
29.81387,23.991728,0.59067523,1.0590944
70.39623,67.410126,2.1183424,2.080438
48.04932,44.581074,0.8445977,1.0890136
30.64886,32.687653,1.3183312,1.0252397
44.151176,42.405098,2.393134,2.2861314
47.12118,48.081715,0.903789,1.2780111
33.588036,36.89674,1.7105088,1.4869955
62.43682,78.65939,2.377895,2.532446
66.65903,54.438835,2.8600054,2.8067155
95.198364,95.31213,1.4417573,1.383817
35.926983,32.961693,2.645362,2.3711188
15.97396,14.551895,2.4190001,2.2326493
40.407364,36.476482,0.96959746,1.0603101
78.80871,70.35629,0.53500634,0.99654067
93.343475,91.28293,1.0853152,1.172198
64.716255,70.38313,1.5679181,0.9521373
94.98543,92.79451,1.1493335,1.2230183
16.975891,17.645397,2.5135398,2.3467865
48.04997,50.74803,1.527602,1.0073131
15.069771,19.687098,1.44124,1.749211
73.61075,73.55248,1.7569861,1.744932
8.699773,9.7335205,1.5809408,1.8251513
44.11267,46.760082,1.6331494,1.3091471
91.81987,92.19094,1.7352312,1.7518586
76.69139,78.23212,1.758575,1.637869
83.79438,84.54856,1.010005,0.91244245
38.525444,43.570824,1.7424138,1.8102173
23.662046,11.909313,2.6326919,2.4116716
72.03942,64.171616,0.5731463,0.9715539
5.43547,10.698757,2.6314988,2.5243802
48.510387,46.56291,1.7030367,1.5641944
63.474346,63.836845,2.619447,2.5819128
43.685555,44.09617,2.2418826,2.2380466
1.7633326,6.1978188,2.868976,1.5680697
40.621918,42.526062,1.8154991,1.9207332
55.058666,54.466835,1.4682106,1.2010496
63.615414,64.71566,1.0975754,0.9889541
59.847137,59.807,2.841726,2.8259797
85.33096,88.006485,1.3563293,0.9913559
20.138096,19.98378,0.7242715,1.3451064
32.75472,33.194027,1.4334375,1.2843496
61.881268,69.1311,1.2045858,0.93257564
68.874435,70.21409,2.7738721,2.7605305
53.43062,52.120205,1.7667977,0.9963275
81.9178,83.21174,1.0373242,0.9102352
86.12565,82.517,2.6638427,2.5766404
34.95593,38.677635,1.5392579,1.0262345
30.52874,28.586733,0.6455143,1.0644188
34.31089,30.62175,0.54124177,1.495886
28.082275,31.315289,1.2848595,1.0145589
50.6352,51.17905,1.9441838,1.9739325
46.489273,39.24034,0.57125044,1.013684
54.148163,59.765926,1.5409406,0.9808323
13.882989,13.100121,0.68887085,1.063256
34.63966,36.43003,1.2012421,1.4598007
23.431477,16.517944,2.5752761,2.0300455
75.55969,88.44254,1.4738039,1.0625486
97.09062,94.45512,1.147562,1.31643
1.3347887,12.006161,0.8674747,2.300237
59.208424,52.85441,0.56148267,1.0258
55.532017,48.858967,0.53252494,1.0967314
29.95993,32.222763,1.3594985,1.0311818
95.372765,95.62596,1.5545096,1.46696
96.45119,95.60667,1.445928,1.4873557
87.11562,92.34508,1.4677739,1.2151874
27.39369,27.050112,1.961128,1.8914716
13.992915,15.737923,0.9903721,1.0256536
86.87784,87.21492,2.8325567,2.8315446
34.16502,30.897905,2.9268486,2.8663852
27.000875,25.633068,2.4588356,2.0775156
31.222616,30.795244,2.51203,2.523212
79.56613,84.38425,2.9198086,2.956794
90.69114,90.097015,1.186281,1.0525501
17.228027,7.7436066,2.8131828,1.839869
56.098858,55.17651,0.8832237,1.1286067
46.31,44.859634,1.84983,1.8058715
14.837238,14.775299,0.94522476,1.0744687
13.717154,11.595535,2.5943615,2.240203
26.434803,34.07026,1.782995,1.950325
21.547577,24.989946,1.2830437,1.4532508
64.30271,62.50309,1.7678806,1.624621
70.51349,82.924934,1.5326909,0.8871532
57.099483,57.79324,2.1424797,2.2124054
84.7546,82.44794,0.79918694,0.8955484
60.261387,62.269913,1.8801924,1.9206901
30.184368,25.949991,2.2305298,1.9844514
24.394796,27.615314,2.0409083,1.893323
76.81731,69.25706,0.6259098,0.95362085
43.178165,42.21615,2.9958766,2.8030615
23.132402,22.960619,0.96814513,1.0308757
1.0835848,8.363808,1.6988133,2.3832922
83.71184,87.1239,1.9529757,2.0521462
8.601611,7.5418434,2.7886267,1.7849704
29.873255,32.43902,1.5885652,1.1467774
61.966496,62.911137,1.9300551,1.9330004
97.0513,94.36022,1.4311174,1.3870664
36.900475,30.963581,0.6152977,1.0013444
39.822,49.92624,2.4495032,2.630003
87.83222,88.76869,2.360681,2.3614078
96.93742,88.989525,2.849333,2.8100142
81.20628,85.965866,1.4462181,1.0376213
29.61822,34.18943,1.7266351,1.8851161
10.731944,11.103722,2.1734452,2.2235136
40.789837,46.92966,2.3286192,2.5575132
12.7070465,20.72052,2.0066512,2.5257783
25.824877,31.052408,1.2156302,1.026602
39.542366,44.215786,2.0584118,2.0759463
8.275699,8.1031685,2.089552,2.316128
80.63539,74.64114,0.68192965,0.9400445
16.113388,18.640121,1.3864236,1.031031
89.71114,87.38033,2.856739,2.8386412
70.87528,78.76533,1.547111,1.3703647
21.06632,17.685928,0.63365847,1.2154007
42.70686,40.600475,2.447092,2.394615
99.212204,94.183716,1.1055324,1.3274119
11.698641,10.946693,0.56604236,1.0831726
40.641815,38.586994,0.84863216,1.1700423
47.999268,49.41037,2.6164274,2.601051
63.465736,64.26581,0.9982838,0.97455907
72.76245,75.54841,2.4648526,2.4562383
78.35223,79.25997,1.0369738,0.9667541
90.77727,93.12052,2.5323982,2.555494
59.710865,61.59218,1.9635504,1.8119316
8.400495,6.181259,0.52855,1.8433276
55.611088,54.65461,1.0078868,1.0148636
29.315907,28.83875,1.7313814,1.6672355
60.968422,60.592117,1.9107511,1.9432786
42.20649,41.346416,0.9259362,1.0138183
11.90282,11.161892,2.5053372,2.2891293
78.02373,70.35313,0.5433274,1.021874
36.768513,36.964573,0.51509476,1.0565777
52.361755,61.630653,2.2536247,2.2566757
90.16558,90.34294,1.7521303,1.7813259
84.35989,81.16026,2.0088475,2.0359564
20.884274,21.059015,1.0831119,1.0719045
35.893406,36.706707,2.2243304,2.3914301
24.311565,19.396902,2.634682,2.5056934
11.543147,8.868767,0.5368323,1.4101725
39.4527,39.063198,2.9797857,2.9199748
97.752625,87.026146,0.57754683,0.9563022
19.120314,18.975128,1.8010557,1.720865
3.1423416,8.951237,0.64206064,1.2083464
97.04264,89.14596,0.66608393,1.0218865
54.909542,61.99414,1.5869504,0.9905955
84.76962,83.09807,1.0260571,0.92277634
56.102192,56.350792,2.2507207,2.189125
16.263672,12.77903,2.3674045,2.0748878
85.27422,85.36571,1.9716446,1.9864023
98.83058,89.51888,0.70697266,1.1463507
28.322575,21.806768,2.8457367,2.7699656
34.527637,27.53067,0.53301895,1.3499312
12.143766,7.6706657,2.9835112,2.4896603
96.98668,96.247284,2.6471276,2.6785529
37.492958,40.22264,1.6410532,1.2237403
14.456436,30.45574,1.5128258,2.7413888
24.975965,23.891048,1.7069916,1.3431695
1.9298271,6.343052,2.0616665,2.2741852
54.066998,54.96146,2.8661952,2.8651838
16.583729,15.462414,0.7038985,1.1370215
70.89599,66.46736,0.67934644,0.972505
20.934658,37.899616,2.462086,2.7144318
77.21692,72.82873,0.8012075,0.9637505
40.833538,39.229576,2.478242,2.4334345
38.392883,38.709194,1.0777196,1.0201812
65.666794,65.77302,1.0278752,0.96377915
69.38846,70.38381,2.8398364,2.8729224
46.99036,46.427055,2.4471505,2.4404733
17.78959,17.573444,0.9164296,1.0595561
68.39773,70.97153,2.078069,2.0487726
45.423687,56.17283,1.8342474,2.2905064
32.644108,36.041153,2.2021456,2.2966394
50.334946,50.98248,1.0763488,1.0088844
59.19086,60.353,0.72928923,0.9623457
88.95144,88.94151,2.7745533,2.7200048
44.385654,45.023094,2.2056966,2.1722991
76.89676,73.29957,1.0323246,1.0224619
95.533455,97.94307,2.1915908,2.2086651
27.771173,25.902279,2.4602811,2.4154835
52.97345,52.799973,1.5504159,1.3731749
25.2294,25.044205,1.0587728,1.0363936
7.0411744,7.8287964,0.85490435,1.2558019
71.3568,71.597916,2.3891046,2.4716709
43.709637,43.391323,0.935848,1.0001965
40.15518,47.947144,1.243655,0.99041265
19.08576,18.960314,2.069417,1.9954357
33.78909,33.77287,2.877987,2.8531158
53.120502,43.447067,0.64192015,1.0661423
10.620315,11.213879,2.8184762,2.6061277
13.319463,12.927155,2.8324313,2.6778946
3.777602,7.698227,1.6748358,1.6761223
12.625633,11.338757,2.3792467,2.3091564
27.583544,28.8167,2.001311,2.0692492
57.5893,52.443306,2.493238,2.4029183
61.427155,60.86834,2.146024,2.1273077
50.017742,49.633045,2.3116496,2.3129287
61.95484,70.26992,1.5269241,1.3058584
92.986275,95.02372,1.4878198,1.3604562
37.137886,43.252884,2.9533265,2.8266556
9.418274,6.2192726,2.2956545,2.199261
52.9483,54.226486,1.1731414,1.0094122
46.13304,43.110577,0.5452957,1.0483776
80.305695,84.86093,1.2588332,0.94941616
14.84661,13.917984,0.9235984,1.7415984
5.0313444,8.052734,1.8093197,1.5157095
73.55169,79.126114,2.7583053,2.8252232
17.436491,15.312256,1.5969987,1.2527827
81.20013,80.3741,1.3565743,1.3556689
8.399951,8.277939,2.3503673,2.1507
8.416268,20.974993,2.1938436,2.3814476
11.399679,9.559456,0.5455359,1.2498995
57.849125,61.614098,1.5746092,1.1585598
64.24004,63.821693,1.7991233,1.8191222
56.62547,60.28569,2.4263096,2.4172466
87.45582,88.776794,1.3176403,1.0044136
58.1602,57.47056,2.6011536,2.5421026
93.92845,94.381195,2.0239015,2.036596
33.965775,34.759216,1.9613633,1.9228104
95.36115,91.34031,1.0190284,1.2539296
45.00695,42.94982,2.723188,2.723071
97.93615,95.200165,1.9437659,1.9177324
93.48159,92.05483,2.903877,2.856684
53.311726,52.245064,1.0514833,1.0894039
66.47389,62.83899,0.55545676,0.9707237
83.68203,81.952805,2.5459182,2.531943
12.833166,12.806583,1.7124542,1.8136287
47.886772,52.996395,1.2330695,1.0725808
91.02332,90.61851,1.8628346,1.8813684
68.4174,60.19698,0.84952444,1.2464323
52.19008,49.99583,2.791174,2.7690017
18.060183,27.342995,0.5638618,2.471543
48.71184,49.856323,2.8386977,2.8526616
49.948498,50.025467,2.30135,2.289186
55.895245,53.616932,2.2043037,2.104926
67.65689,66.475815,2.280654,2.2762253
37.25024,41.42129,1.6040063,1.019696
36.256504,37.167145,1.2128013,1.056722
13.243338,13.00634,1.9191802,1.5959042
14.086373,17.281925,2.5058293,2.5560007
82.77818,88.2354,1.880105,1.9319422
9.897409,6.2122993,2.716188,2.3373122
77.19229,81.16885,1.9596596,2.0917606
14.800016,15.594807,2.010253,2.2247036
43.29207,45.85653,1.8913313,1.8949969
22.216738,24.98301,1.1488291,1.0533373
61.770084,60.712765,2.4471917,2.3293734
38.84628,35.623604,1.659519,1.5909162
1.1545373,11.938538,1.2150651,1.921752
97.15388,95.776855,2.0551968,2.0310102
41.034126,41.446983,1.7025263,1.5845001
66.15278,74.84641,1.4868934,0.933288
98.14394,92.732185,2.3064997,2.2898052
40.095654,37.625107,0.75772107,1.0272524
90.39136,82.68316,0.58864456,0.888532
64.76475,68.64734,2.4628787,2.614583
97.13243,91.03027,2.9288206,2.8404856
92.26358,89.61033,2.229174,2.2073843
19.435726,12.256729,2.589218,1.9243343
11.249984,9.053799,0.629449,1.4109913
66.58465,72.092094,1.1407813,0.9367098
97.13169,95.35454,1.2847414,1.5117093
21.793108,24.273832,1.800031,1.2230437
67.339485,75.47672,1.6652411,0.9311827
83.03871,83.092514,0.9330619,0.90227723
32.203087,13.345375,2.9941144,2.3268144
81.5974,89.832535,1.9684168,2.0286653
94.900024,95.05556,2.1448202,2.159275
20.812279,18.58866,0.8309451,1.225461
27.540367,29.82382,2.2693038,1.8574373
30.063189,24.568306,0.8129656,1.3925412
23.330078,20.11794,0.63213986,1.2701232
11.205028,18.061996,2.485645,2.45054
64.570786,67.51113,1.5871698,1.1323988
34.24057,35.68669,2.327076,2.0136194
31.934217,36.32803,1.3256106,1.6597507
31.325495,29.73833,2.0011704,2.0303273
3.2789872,12.95871,1.6281713,1.1163554
95.15568,93.40018,1.8679453,1.8683875
86.697784,85.29325,1.7805933,1.7875804
61.33867,63.693027,2.7385437,2.7327108
1.8560435,10.72929,1.4882195,1.8239293
99.67743,97.27299,2.7760851,2.7949057
77.42884,77.03218,2.1306634,2.1556926
22.868557,18.036682,1.9477333,1.8867493
66.048874,58.295734,0.6228159,0.9976597
93.02602,88.49216,0.8667859,1.2533761
73.63336,73.91559,0.9674216,0.91577524
81.71727,78.10411,2.4721966,2.4852157
44.104565,35.806763,0.57457376,1.6687998
57.04751,56.327934,1.0612848,1.0347853
29.869312,36.902313,1.2031586,1.1370456
81.21396,84.98898,1.6051902,1.3018017
78.947235,85.02605,1.493914,1.2086884
66.88141,59.761475,0.65234256,0.98047084
63.152424,68.19893,1.4628309,1.1492913
13.072982,16.342033,1.6980225,1.2187603
99.72746,99.17708,1.9402685,2.0552807
73.5708,84.2946,1.5337008,0.93356013
7.963709,15.462048,1.435316,2.0647101
49.49936,52.55436,2.905839,2.9804254
46.412292,53.934856,2.7097259,2.629994
8.214932,8.196213,1.3448378,1.1670153
37.92871,33.787735,2.6076674,2.4302235
13.136806,5.9282837,2.9338157,2.1955192
12.845958,15.959106,2.9142978,2.7794065
5.878137,8.226681,2.1282134,1.5167745
65.704155,70.219284,1.3696809,0.97223645
60.20703,57.26104,0.82537115,0.9974217
94.89808,86.50186,0.64869374,0.9826511
11.763002,13.955318,2.4710476,2.185653
69.918304,78.744644,1.547779,0.89776635
87.40933,89.7948,1.8295074,1.9211005
40.526165,41.1712,1.9809719,1.9900844
49.48197,46.184868,0.76021886,1.0272086
3.6428456,12.520111,2.9031892,1.9239024
46.74629,43.40955,2.0748272,1.9514071
96.44788,95.2164,1.2621636,1.3573849
68.83161,69.09024,1.9949144,1.973013
94.79692,80.703445,0.60082114,0.93023735
33.685944,34.288437,1.2127088,1.5565321
27.028717,23.335638,0.52426755,1.1083372
55.897602,57.31117,2.4239824,2.4564028
55.797348,56.219063,2.655045,2.659338
28.602161,29.464066,2.42813,2.4431639
21.298027,19.89022,1.0774996,1.1762886
43.743176,41.153778,0.77249086,0.9858464
24.816355,19.965998,2.9056633,2.60618
50.551014,51.676224,1.0208979,1.009691
37.87888,41.67212,1.2755045,1.010219
72.13748,66.65298,2.2438571,2.2105665
19.430557,24.42728,2.1211143,2.211578
80.17647,72.789024,0.5464774,0.9391123
18.800053,22.888138,1.2941548,1.6003546
38.312603,41.961437,1.4538335,1.0360206
26.818047,28.783083,1.9552203,2.098812
74.38333,77.88217,2.4598346,2.4991565
28.985853,24.202219,2.22069,2.1750627
1.9360331,12.05257,2.80777,2.6959853
46.83775,45.52204,1.0435133,1.1349659
86.47785,94.0308,2.608195,2.6332884
52.534515,54.989124,1.3329788,1.0864367
38.55782,49.130154,1.2185057,1.6558577
60.77954,60.24321,2.1782932,2.1701887
34.322025,34.410995,0.88880265,1.027696
36.0374,43.1698,2.3213515,2.333982
47.216404,51.764603,0.6337351,1.0125141
43.220257,47.576923,2.7819662,2.8684056
58.978996,58.523296,2.9790545,2.8981533
28.073408,26.866322,0.91224045,1.0878451
88.470764,90.36508,2.386424,2.37199
49.537533,49.80629,1.6034281,1.8069727
40.564182,36.48707,2.5696704,2.3862355
95.63956,94.77344,1.8551676,1.8833917
3.8145685,5.8364067,2.5395536,1.7942464
65.337685,68.118195,2.4580195,2.4450877
59.66773,55.462265,0.8560263,1.0387948
46.926952,41.36097,2.5340111,2.5817018
58.74936,61.909206,1.8893126,1.929618
30.428463,31.452526,2.500846,2.3360772
78.48372,82.284035,2.1586623,2.229336
14.752149,10.137684,0.65877783,1.5125626
15.898221,15.268852,1.06352,1.0395013
81.88245,68.36784,0.53465366,1.7124823
31.805084,41.17388,2.609987,2.768423
74.5758,72.71619,1.9672674,1.9675545
88.04071,91.44942,1.2020581,1.1221843
85.54214,85.14636,1.6939605,1.7034178
83.8881,82.42145,2.9854078,2.9042435
2.776273,11.84182,0.8313287,2.3338614
55.729782,60.326286,1.5447122,1.8435736
70.30089,63.88478,0.5658027,0.967793
42.26428,42.63337,2.7178538,2.6868668
11.560545,11.638042,0.8121836,1.0727637
9.650433,10.003078,1.5786377,1.9041247
41.977093,44.8808,2.3998637,2.4632907
36.027615,37.21507,2.0836742,2.0576885
14.576419,15.159176,2.230435,2.181019
49.87778,51.979393,1.6343147,1.0351117
14.809962,11.35817,2.9204922,1.9652323
46.8397,41.66189,0.67676014,1.2408509
84.90124,88.642715,2.3483436,2.3966613
15.272088,17.236656,1.7250817,1.0405962
25.645838,23.656164,2.9616868,2.8919582
49.32555,42.53323,0.8141595,1.0562356
24.23365,17.92955,2.3299546,1.541299
79.83597,84.870224,1.2619205,0.91882265
40.32404,54.101772,2.4123547,2.5908468
46.83306,47.254566,1.7578651,1.7770206
21.242308,15.562603,2.6530967,2.251295
21.443413,25.396387,0.67560697,1.7637632
58.05869,52.07487,0.59757274,1.0237222
36.874954,40.984406,2.0016873,2.1890867
54.451984,60.96987,1.6308689,1.0551966
48.280403,45.435802,0.6670644,1.0269592
33.271996,29.681576,2.6627662,2.4357758
51.06191,53.086277,2.0281897,2.0574188
20.529394,21.064993,1.1689652,1.0334101
20.200367,13.494766,2.9324324,2.4779239
95.1389,93.60724,1.2431595,1.2993964
52.123856,52.18398,1.1424232,0.9920057
53.8661,50.383015,2.560625,2.5164886
80.59175,76.34098,2.2618492,2.2466903
61.01271,61.137207,2.3718603,2.4006314
33.128902,30.715633,0.71280986,1.1127911
37.81803,41.252098,1.4194981,1.0269772
6.187183,7.870941,2.7117822,2.2191556
3.8616016,9.994965,2.0830462,1.7577164
2.1881409,6.4958267,1.3188304,1.6773559
44.13829,44.585705,2.675103,2.694397
97.94955,93.39784,2.5264828,2.3748803
12.409334,13.31221,1.145247,1.0834055
10.626352,10.016312,2.4558785,2.3921485
50.288773,52.252983,1.1681058,1.0128915
73.10157,74.4482,2.0213473,2.0442286
70.0796,70.16253,1.0105704,0.92898947
17.201195,16.645702,0.8131921,1.2135864
72.92909,70.42092,1.8667176,1.8224348
98.5716,94.28748,1.1190045,1.3550146
47.48675,49.893417,2.1432378,2.1747293
18.657051,17.025604,0.83997536,1.0950823
19.458189,20.359093,1.8222784,2.0730731
81.38115,82.45054,2.0028765,2.0324614
95.68526,88.63952,0.7508297,1.0399117
44.30549,43.350906,0.9872516,0.994402
36.065315,29.421362,0.5650908,1.083525
70.29873,75.57882,1.2249155,0.91515225
9.683342,12.595428,0.5037588,2.2595077
10.814775,8.925308,2.413956,2.0356865
17.120573,13.182697,0.8706935,1.2936327
92.077255,90.62558,1.0190609,1.1045363
55.203014,61.789806,1.5565594,0.96870047
55.538944,57.13801,2.1557438,2.161751
43.46201,30.120975,2.772022,2.1458094
58.261803,55.07401,0.93609345,1.0771267
79.36196,82.45523,1.0298939,0.89293045
37.506092,37.063152,2.5852287,2.5320125
61.328194,61.579124,2.771475,2.7731843
28.886469,30.021185,0.97673273,1.0654122
44.936127,48.456383,1.0863438,1.0745738
92.47135,92.09976,1.9455738,1.9847312
25.975271,29.38114,2.0225983,2.0524888
27.52613,31.856922,2.002845,2.252515
76.84856,81.26064,2.4954376,2.5439346
39.545036,40.028923,1.0641239,1.0117037
86.76582,85.784515,0.96252805,0.9605898
89.46261,87.85634,0.98191947,0.997001
55.64861,57.949345,0.757799,0.99247116
66.11603,69.44264,2.7486913,2.8546896
55.313484,56.129692,2.7657192,2.7953227
82.32007,75.192955,0.676575,0.9648474
43.986683,39.76031,1.7815006,1.6227018
55.521523,49.738148,2.7392578,2.60991
39.176792,35.829567,0.64429444,1.0242813
93.98811,85.9256,0.7050141,0.9751429
72.63101,81.52759,1.4166163,0.8950464
44.5667,44.56217,1.8710469,1.8869569
1.4694172,6.3811913,2.9311237,2.167824
90.991585,91.84247,2.7603662,2.7255492
6.5531554,7.405594,1.6278032,2.3280573
59.045006,63.091923,0.8697422,1.0801709
84.89783,86.17755,0.9035307,0.9532436
23.449865,21.160118,1.663599,1.0452222
24.11156,19.493916,2.984193,2.7775507
39.807026,42.332115,1.3499093,1.0181152
9.437387,13.273552,0.56829566,2.0058851
41.193745,36.16242,2.894872,2.7982707
17.520187,42.935863,2.8746393,2.9195533
17.940472,10.278915,2.5479553,1.247328
87.638664,78.71243,0.53868717,1.0276251
29.713434,32.020264,2.817994,2.8224645
79.30723,88.95366,2.5903726,2.7675726
20.120403,21.029312,2.4880483,2.474153
46.328693,46.297276,2.9180279,2.8776636
21.530283,23.039856,2.3365998,2.2027051
53.456577,47.270786,2.4744058,2.3422174
27.113829,16.28841,2.854687,2.6854537
89.03669,88.107735,2.904823,2.8916583
4.7330275,9.365883,2.8417363,2.2551742
67.236565,68.28453,1.9470482,1.9350922
31.785282,26.455503,2.6284087,2.569399
70.25023,63.3051,2.2748384,2.210392
67.517815,67.215805,2.259439,2.2615178
52.24977,56.743942,2.0911574,2.15997
76.08836,85.58362,1.4915715,1.0414594
34.059322,33.391697,2.3015914,2.233534
81.25368,85.7866,1.5983528,1.2364485
82.745155,82.824295,1.8354366,1.8367542
40.846973,35.36264,2.2208555,2.0689762
75.75573,68.84854,0.58943504,0.93411696
65.93032,60.997215,0.6433189,0.9880187
15.203873,14.004997,0.9319837,1.6441101
29.366262,33.173134,1.3911244,0.983469
83.51209,86.81117,1.7858949,1.9315871
12.002877,4.20961,2.966702,2.1066945
31.045048,45.499596,2.0338383,2.5922756
94.622536,95.40845,2.4698484,2.480985
92.527336,94.25241,2.0593836,2.1218348
0.9460761,3.066986,2.4763145,2.0636814
57.575947,56.043488,2.7713203,2.7012396
7.777619,6.307831,2.2046282,2.3461218
53.760605,55.8455,1.2128555,1.0067232
24.814508,37.542877,2.2766485,2.3773446
90.72981,91.35482,2.8864818,2.8466017
5.9876137,6.872616,2.5224817,2.485132
82.47348,81.86461,0.94358724,0.92349225
36.039196,36.07752,2.282582,2.259176
65.102806,64.21297,1.8806999,2.0145915
92.082794,92.01224,1.6883129,1.7314602
68.741875,68.946976,1.6866641,1.6470158
71.72672,70.05937,2.8097312,2.7959037
94.66336,85.73458,0.6231961,0.9433903
76.601456,78.0707,2.4624877,2.456898
16.70271,13.457848,2.6000834,2.2839363
32.742958,32.450542,2.4837682,2.4773464
63.99996,63.992657,2.5616693,2.5404427
41.753746,44.1711,0.93963796,1.0144668
74.61518,78.461525,2.3877754,2.4424443
71.117615,69.994125,2.1999314,2.144432
38.869987,38.91639,1.1181065,1.0807192
20.677717,19.840094,0.88745576,1.0995936
12.780643,14.97686,2.4114506,2.3843107
93.53693,87.2471,2.6198156,2.5896177
2.3030293,18.467356,2.36079,2.7669463
89.04185,89.31744,2.8587291,2.8660598
53.91467,55.63274,2.5374207,2.5270162
63.84635,67.624405,1.5884305,1.1549894
56.637997,59.70785,2.0565472,2.0788698
22.739822,23.46281,1.0328516,1.0852041
63.866634,63.427197,1.9654248,2.0296178
36.482384,37.931984,1.1617343,1.1452566
53.188953,47.39888,0.5152835,1.0515625
54.77328,51.119953,0.5172029,1.0238671
25.311699,40.523613,2.8135102,2.7773972
50.98099,49.969646,0.6915128,1.7628725
72.410805,82.22203,1.4963001,0.90198493
97.806725,96.90866,2.9099972,2.9091415
6.5304923,7.4643326,2.1953707,2.5491145
97.68045,76.22454,0.5120612,1.3960567
36.37832,40.506847,1.4744655,1.0584273
30.4501,28.537312,2.1077375,1.9940807
63.99688,65.90897,2.4473839,2.454729
9.052176,14.694046,1.7261829,2.3073473
33.8338,31.574987,0.6608706,1.8016493
18.049353,17.897694,1.8845185,2.197539
1.6213832,3.4581146,1.1985819,1.4920689
80.23427,82.537735,1.7054716,1.7773516
99.007614,95.89497,2.9456522,2.9315152
88.956375,87.305084,2.4749613,2.445302
89.74728,96.795815,2.830541,2.8839142
37.395424,33.85858,2.6317918,2.5180926
87.34456,75.003426,0.5613511,1.0720224
59.44225,78.5586,2.1019588,2.3935003
83.27367,92.51399,1.9396999,2.039448
85.07435,89.056526,1.2725409,1.0119233
22.569424,23.054304,1.4937518,1.2262716
3.9518661,14.124077,2.1702158,1.7387403
59.76239,58.675026,1.7348883,1.7324067
37.492558,37.32775,2.7152529,2.5638394
26.80379,31.313467,1.6470162,1.6934472
34.394688,36.135914,1.7241076,1.4396155
20.162329,26.06487,1.556231,1.0825223
0.5722429,15.771416,1.9057009,1.9643439
56.19321,66.02472,1.7315433,1.8396885
5.1223693,29.118017,2.7665653,2.912276
81.95825,83.6572,2.5023487,2.51615
3.2199411,13.86467,2.5041997,2.4222794
26.959484,30.298462,1.2624203,1.0097203
12.8048315,13.389153,0.90048254,1.6747311
83.079155,86.76572,1.1744788,0.96440184
4.5654874,12.524071,1.3901151,2.1915238
14.55425,6.965664,0.7834963,1.4427149
14.1178055,11.070557,2.7194881,2.6677122
69.8037,74.05511,2.3693027,2.3899891
47.775063,49.960052,1.7182617,1.6758323
4.9562974,6.8912697,0.5504557,2.2810204
32.05011,20.607973,2.8105683,2.2201495
59.13051,58.31524,1.99395,1.9518969
84.18729,83.39279,1.8960589,1.9006245
21.877964,21.316685,1.8762038,1.825329
69.818504,73.76693,2.6326358,2.7205973
29.995493,30.393034,1.0651007,1.0514104
80.21167,86.57951,2.5231838,2.4836988
19.88813,20.370594,1.6736859,1.7226955
61.85555,63.405148,2.3783414,2.4134812
87.63081,88.52871,2.5734038,2.549683
97.52695,98.40912,2.7128747,2.769182
85.07374,84.95459,2.2176692,2.2438226
56.272427,52.855545,0.90854925,1.0233254
70.688995,69.24526,1.768933,1.7523874
70.7147,70.67421,1.9120091,1.936742
99.94309,98.00801,1.7282165,1.659349
38.57365,42.57977,2.3161068,2.1304889
52.417828,57.458477,1.495665,1.032965
21.441196,20.207361,0.51386636,1.095974
67.810165,66.30939,1.7176443,1.7648478
54.170586,62.540382,2.6226935,2.6662462
61.878952,60.167053,0.8944719,0.9732541
19.803831,17.919868,0.56656736,1.0337609
63.865097,58.445465,0.5492897,0.99593604
74.78716,86.66584,1.5477071,1.7693335
16.359035,24.234457,1.9515007,2.0365422
27.916544,31.127804,1.5081931,1.0288436
55.98161,54.194756,0.9281336,0.9880103
76.89055,81.33803,1.1051381,0.91151875
78.58645,87.8974,1.4079387,0.9724438
36.266727,35.784637,0.6964893,0.99375004
77.79831,83.86992,1.218231,0.94151694
81.30402,83.83568,0.8506767,0.9156796
36.063908,35.489662,0.75993097,0.99903125
49.673023,50.75024,2.447033,2.4952543
11.150925,14.131794,2.12931,1.6473789
39.449257,40.8811,2.4002354,2.4308827
69.11942,66.655685,2.9356954,2.8964553
72.42983,76.58222,1.1614063,0.902757
73.7709,74.75136,2.4199522,2.4412608
27.176619,22.464819,2.3095746,2.0191941
14.659836,24.367668,1.2643893,1.0608447
54.765408,55.150658,2.432675,2.2934303
93.293755,85.460846,1.0629605,1.1145023
85.94883,94.25095,2.5709822,2.6199503
46.411446,47.093456,1.6490399,1.2372472
6.635162,5.358677,1.9049678,1.6849186
73.7568,74.72055,1.6826184,1.3324382
85.777725,82.875565,1.8865268,1.863189
99.063416,92.242615,1.1306518,1.374935
84.85509,78.82344,2.3488643,2.2434425
86.721886,72.79653,2.9785137,2.7943025
93.723465,91.59216,2.8720472,2.82657
36.223614,44.21732,1.9399813,2.2513962
92.83503,86.41606,0.6975554,1.1773505
56.29433,55.69771,1.6498708,1.5040252
68.03249,69.94845,0.9964569,1.1268421
82.559326,84.08923,2.9059134,2.8803325
17.560436,14.094524,2.3000815,2.3277054
19.09193,19.711142,1.6658968,1.3356202
70.47407,65.997086,0.6387284,1.2273841
7.1657224,11.014523,1.976353,2.089051
94.53141,93.32922,1.6528392,1.6712005
99.3465,91.78349,0.89233947,1.1760993
46.7965,41.460938,2.529841,2.324356
73.21358,70.9577,0.82349575,0.9684696
61.299152,62.00136,1.6724256,1.5568304
24.28873,24.018232,2.181905,2.3821867
21.924858,25.766712,0.9230795,1.0999728
88.49907,79.02464,2.8483307,2.8542688
98.786156,92.950096,0.794865,1.4061655
8.498737,14.245003,2.9609413,2.5914404
86.880325,77.06305,2.5636735,2.4261494
34.012947,34.383366,1.2271221,1.0004269
2.1900272,3.8356056,1.9734075,2.6907067
50.276264,52.02694,2.8145878,2.8256946
34.628403,33.37822,0.7586584,1.0181375
38.43995,41.693256,1.4902889,1.5187608
88.59611,86.60574,1.7981282,1.822581
50.57392,54.360268,2.8075304,2.7387595
80.55925,81.24431,2.357662,2.3516126
16.258501,17.718304,1.393173,1.0825751
27.979736,26.546936,1.9034132,1.8436197
20.164093,19.302517,2.7027419,2.545954
0.18718737,8.392063,2.3555841,1.9179437
61.268913,64.17293,2.4164672,2.451056
12.102507,13.128563,1.3505514,1.0703971
84.15436,87.16771,1.2041041,1.0006621
70.82402,62.22974,1.0521592,1.6002359
21.757736,21.623823,0.8932481,1.0240195
47.54645,50.570076,2.6475868,2.6855643
37.313168,32.74031,0.5322143,1.0182326
82.131516,86.07025,1.17686,0.99889255
27.523512,23.275259,0.56881696,1.7113447
98.01924,89.35332,0.68976957,1.1348319
86.582466,83.69094,2.6906402,2.6519248
44.37047,44.23392,1.1053395,1.0322627
53.31079,53.27307,2.5542262,2.5430353
9.05852,14.080288,1.3964975,2.3740947
82.475395,77.63494,0.5534186,0.87386733
73.357666,82.42009,1.4916342,0.98108405
28.762285,30.779474,1.7250375,1.9745476
94.59103,85.60592,0.6829269,0.94051844
97.16489,88.4565,0.59082603,0.9805191
32.50716,33.764015,1.8974594,1.9737707
65.63589,75.551765,2.7312818,2.8648105
60.982483,56.68273,0.7718329,1.202671
20.510069,21.19134,1.2497628,1.0696568
87.02008,89.245636,1.2479651,1.0466932
91.994,92.59824,2.6919253,2.6056302
13.171408,17.562733,1.5383499,1.6407684
39.208748,32.321983,0.80673677,1.2660806
19.364912,20.237722,1.8743145,1.1589439
21.820406,22.381584,2.0033505,1.6991786
85.70578,86.626526,2.9441566,2.899128
29.437286,27.314499,0.7655585,0.99248034
52.62198,45.368782,0.7332446,0.9991515
53.24972,51.821404,1.1817907,1.1465939
7.22375,8.238407,1.4410181,1.4287698
3.5649164,11.476547,2.7889676,2.3866193
46.07106,47.327187,1.7502669,1.4783311
3.0288835,5.150711,1.9418554,1.3576097
37.196136,35.968796,0.85241944,1.7974513
57.55314,63.214085,1.1485348,0.98184705
48.525867,49.41218,1.1499028,0.99695426
88.775475,88.0293,1.9753706,1.9840937
78.73884,79.10553,2.3347995,2.348588
53.893394,48.910133,0.74777645,0.98832196
26.819834,27.130278,2.2045448,2.1783392
46.39996,44.638905,2.2673075,2.2552886
68.1035,65.47859,0.85093665,0.97966087
66.81283,71.13561,1.1550257,0.9373817
14.315322,14.417656,2.3928132,2.3616087
76.89022,77.11514,2.9121678,2.9003053
11.242981,11.745605,2.0762756,2.0277402
74.42145,80.927216,1.6641303,1.2843353
39.934143,38.77885,1.8013123,1.8492278
23.806879,20.445436,2.2144308,2.1435804
41.67922,44.964573,1.3512436,1.0291963
41.67876,42.530712,0.89364016,1.0281326
44.045452,55.9871,2.3165686,2.4073243
77.46457,74.59685,0.7466673,0.91178757
83.57538,83.52114,2.265293,2.2660427
6.075599,7.579506,1.1056138,1.2534089
66.765434,75.566025,2.1909308,2.271584
52.543694,51.01189,0.93279463,1.0240114
30.348944,32.520473,1.3292277,1.0304344
69.51235,67.45737,2.8213382,2.8244042
74.83315,83.35368,2.6295884,2.747531
8.155663,4.420517,2.4166324,2.5332618
76.5226,87.57237,2.336647,2.4803803
21.433615,19.948605,1.033746,1.2851084
2.8711348,2.7085457,1.4987311,1.6028527
51.087753,55.463116,2.4757037,2.6260204
15.021009,14.374619,0.69615704,1.4248024
36.629963,31.369452,2.6717236,2.7105687
91.83934,82.8497,0.82450485,1.4375942
77.73264,73.967445,0.91533697,1.0287834
81.37192,76.437805,0.6546027,0.90964174
95.91999,96.538826,2.2338367,2.2646964
52.047066,62.90056,1.2220302,0.96875894
46.826485,47.519203,1.9547005,2.0214396
41.804985,40.90577,0.8898027,0.9865609
15.753142,13.95686,1.8075598,1.4441541
14.194792,9.905159,2.4120672,2.4913404
89.496635,90.696106,2.6994996,2.6884096
6.3394895,9.172344,1.1248815,1.1475093
51.363262,48.38317,1.0689957,1.2201971
27.337759,36.20952,1.4722705,1.0129774
33.954617,36.219788,1.4384534,0.99714833
40.98324,41.548218,0.9123313,1.0669591
50.84749,51.089775,2.0632815,2.0698993
10.764447,12.718918,1.5251107,1.1096092
81.0688,80.78335,1.6598002,1.686981
84.36194,89.00182,1.3521296,1.0564878
46.84123,48.94693,1.6293794,1.3985516
6.1326513,6.2975082,2.7309234,1.5309078
27.006226,26.553942,2.3512635,2.3005924
75.99532,88.62569,1.5728091,1.0730397
96.98808,95.635025,2.1942952,2.213224
54.103886,58.151947,1.9269136,1.9389869
7.7017264,6.967457,2.4077463,2.4056172
76.99534,82.03766,1.0666765,0.9082129
56.795555,55.199715,1.2642219,1.3087287
12.290347,15.128067,1.1112374,1.6227686
39.942387,39.91671,2.1772013,2.1816468
97.47582,87.21501,0.55697423,0.97991025
17.973267,17.337372,0.97340024,1.279352
17.655554,16.189232,2.6313899,2.5320141
37.128735,40.56198,1.8966238,2.0080907
24.7398,27.098469,1.437789,1.0399072
37.787956,50.556934,2.1395018,2.398708
97.041595,94.300804,2.2432287,2.2075934
47.353638,42.641403,2.5461998,2.452559
67.96813,60.587555,0.6850634,1.0144491
78.25032,74.15213,2.8474705,2.7614427
58.712673,52.93522,2.1457179,2.0645561
38.75621,39.04891,1.0976903,1.0285681
25.179512,25.434963,2.609849,2.79177
91.67106,91.0968,1.6962634,1.7242922
87.153984,87.71677,1.0532287,1.0358934
86.982834,92.00731,1.7390054,1.8265339
98.47942,89.41911,0.68083256,1.0585306
35.8796,23.95682,2.861175,2.6362362
25.793102,24.593493,1.8932736,1.2760292
42.25952,41.41224,1.0977559,1.056323
35.556656,39.67932,1.7624934,1.9599575
38.00719,36.784218,2.4732964,2.466351
53.951424,46.121773,0.507913,0.9754111
78.43983,83.6862,2.4912477,2.517106
72.74908,67.52392,2.9880264,2.9564238
43.509254,45.58794,2.264518,2.3068113
34.563496,33.508396,2.2101352,2.1354437
71.74301,73.00433,1.6624842,1.6642532
18.036072,12.448559,1.7122824,1.5402184
55.74625,61.99493,2.6449754,2.710252
48.43655,49.209637,1.7822546,1.8228463
78.63155,84.60489,2.6632717,2.7432907
12.406329,14.053047,1.3942802,1.8159252
0.5086169,10.395763,2.0451095,1.9556658
89.666115,91.331604,2.2867706,2.2694218
80.243126,77.957855,2.954864,2.9248915
92.65429,93.60443,1.5322413,1.3631071
7.527062,6.3170815,2.740065,2.5614772
25.022068,22.226267,1.8600827,1.458878
94.8104,81.74797,0.6148103,0.9817683
40.917797,38.65855,0.87292784,1.1995542
40.974865,36.511497,0.63128585,1.0215613
89.41895,81.352,0.51789117,0.93059057
91.47518,97.58115,2.1814194,2.2265506
99.31651,91.38162,0.8545263,1.2300729
10.574988,11.012375,2.4090843,2.3353772
39.8181,37.56274,1.084791,1.1081095
88.084915,90.74843,2.8041735,2.8273234
54.32273,61.385033,1.5215638,1.0068235
95.08329,84.60947,0.75703853,0.93311554
88.52744,90.45892,2.4918027,2.4937263
59.94335,60.394234,1.0272413,1.0205626
60.202774,60.065353,2.8882732,2.861115
40.637688,34.113255,0.84745777,1.5744121
36.810677,42.452652,2.24763,2.2514837
53.456448,46.496914,0.63869244,1.0054882
99.079124,87.70328,0.5219995,1.0080955
90.31827,88.93442,1.1176151,1.1613095
43.496304,45.84921,2.4344394,2.3831758
34.612057,31.923447,0.88449997,1.3155106
7.7588816,10.0863495,0.7428493,1.9950795
25.125397,25.170786,2.8095307,2.7381914
35.88001,32.11345,0.79107106,1.4998007
33.63421,36.61312,2.356335,2.6531887
47.569653,46.750774,0.9801884,1.0727502
7.73558,7.771225,1.5110685,1.4882351
62.491596,62.800167,2.8170934,2.8159688
55.421543,49.847733,0.5428515,1.0144588
1.4828259,9.34309,0.5578411,1.475682
63.655052,52.194695,0.67473924,1.4525858
99.56105,97.32724,2.8472273,2.8577597
70.46573,78.29547,2.4118762,2.5040812
71.42135,70.37813,2.8542504,2.8402796
47.08732,32.9125,2.7858465,2.729344
56.18321,57.007206,2.5767722,2.5767121
66.23715,57.4935,0.79509497,1.4382946
99.30957,96.28047,2.226217,2.2352383
21.543505,38.804764,2.346651,2.8120499
30.579287,31.43195,1.8324685,1.8076985
9.240475,11.544018,2.5293078,2.5747488
85.17854,85.455864,1.7648522,1.785475
30.61083,31.48592,1.0591924,1.0089122
9.101521,9.444725,0.97395194,1.1183481
79.030266,79.68568,1.6748399,1.6806272
38.94344,40.488396,2.5579543,2.5470102
45.662094,46.454773,2.0993106,2.0971704
27.521685,17.403473,0.5610762,1.1479203
70.593,68.39173,2.5811644,2.5820136
26.482462,28.085339,1.6284513,1.103385
50.32606,51.056263,1.129426,1.0248849
49.887722,50.135944,1.290037,1.0563383
73.28756,71.99575,2.3446813,2.3826249
90.17825,91.043335,1.2285173,1.1425273
58.20684,57.775642,1.8612089,1.8736343
48.860577,50.160034,0.9658871,1.2346566
64.31059,68.86554,1.9846481,1.8623921
98.13777,96.107,1.7283678,1.7203941
99.82522,92.17908,0.8579748,1.1945006
12.003401,10.61758,2.685638,2.1304412
5.0018516,4.9125404,1.2370167,1.6993933
19.488375,8.661629,2.8785543,1.3277844
76.99215,76.69902,0.9795792,0.910798
36.20382,34.41354,0.65073425,1.0059096
98.22031,97.49222,2.338663,2.3152056
76.68946,89.24215,2.859056,2.874659
19.033516,16.36311,2.6349525,2.5690193
87.98344,88.970764,1.7656641,1.553191
40.301804,37.327824,0.707969,1.8772967
74.79105,75.20263,1.9986444,2.0296717
88.27112,93.92537,2.2467213,2.1573935
2.3871124,3.102745,2.2159467,1.8011298
97.842224,93.26582,1.0705899,1.2747487
76.275055,69.71817,2.9853275,2.9310355
26.406359,27.034441,2.708379,2.6813502
61.785236,68.89105,2.522162,2.551859
17.501106,17.742992,2.5569003,2.249616
92.08522,88.14399,0.8697914,1.0437717
21.957045,21.217869,1.0812975,1.0640545
24.787626,26.803068,1.4363137,1.0423365
72.07462,68.91288,0.88381344,0.947672
60.04404,59.27731,1.7416584,1.7398759
69.46073,76.49468,0.9531466,0.89309883
74.42922,76.223114,2.2388856,2.2792063
32.374912,31.927227,1.2216499,1.5192156
79.590866,79.653,1.7673116,1.8137846
81.889694,87.89959,2.636859,2.741988
37.03565,39.11195,1.0476123,1.0929682
48.39145,50.862507,2.5169356,2.537212
16.975601,5.1262627,2.9393492,2.4926968
49.39912,48.589016,2.2388892,2.234815
43.618866,40.03825,0.8134599,0.98631793
7.859473,13.554951,1.166929,2.6130505
12.487378,12.844933,0.9873048,1.0765991
65.72439,72.78536,1.8338279,1.1633861
70.61595,65.76601,2.3658812,2.3573112
8.547112,6.980854,2.0047982,2.0875216
8.350123,8.628361,0.9063383,1.1465077
14.537366,18.744385,1.5984132,1.238361
65.95534,62.229134,2.9710898,2.9116488
26.18626,19.391745,2.5049014,2.153792
58.78438,59.388474,1.9595805,1.9865409
29.788021,31.872913,0.9270944,0.9874331
7.830094,8.42886,2.8392909,1.8725475
89.02065,90.62019,2.0268364,2.0356681
81.11627,85.701805,1.594894,1.1632338
45.33882,43.509216,2.371576,2.2787178
32.1332,30.80528,2.7429597,2.678628
26.06209,15.870335,2.6634853,2.70218
62.57297,53.608696,0.6964498,1.2218115
14.97332,15.668617,2.6785033,2.8633275
59.65228,61.182907,1.9403294,1.9726794
6.3586993,8.021706,0.6064092,2.1774468
69.59605,68.94159,2.0397227,2.1010559
50.077477,54.467224,1.4671906,0.9744945
37.52746,37.755966,2.9669716,2.8958955
21.301226,18.890503,1.0392395,1.1893022
94.39548,89.31801,0.7394071,1.2040206
7.300661,9.762642,1.5603174,1.1354373
17.306097,15.466553,1.7787776,1.7670479
78.272644,80.077194,0.8140666,0.9017906
30.504158,34.9404,1.2251439,1.0045698
62.545113,64.281006,2.0465724,2.0609608
22.485106,23.495432,1.1948864,1.0389198
94.63563,86.06287,0.9074484,1.2909214
12.569576,14.036461,1.3224007,1.2801625
58.848576,65.346565,1.3896811,1.0001177
97.641685,89.3418,0.79052955,1.0613855
53.704235,57.416954,1.089968,1.1152356
27.12518,31.237381,2.975833,2.8153846
14.974303,15.597401,0.9031028,1.3659804
74.022285,78.19508,2.4101665,2.4532108
53.953102,52.298126,1.7743902,1.1045945
2.8922853,7.850868,1.2939589,0.99423265
31.659632,32.004986,2.327142,2.308939
92.64514,90.097595,0.9288487,1.0818195
16.828485,17.185307,2.1751742,2.1290994
67.49502,70.020325,2.8515863,2.874875
62.799484,65.52773,1.6047217,1.2010641
78.50703,81.46532,1.9152607,2.0461762
10.206725,12.821281,1.3681372,2.0363548
34.568516,35.944164,2.5739944,2.2759457
13.720791,17.608898,2.762724,2.3178356
87.86363,92.663666,1.4922177,1.5615196
54.12957,51.459793,2.1053722,1.9716779
40.930428,41.91654,1.7561407,1.7639921
33.399677,35.741585,1.4222862,1.0260371
50.6439,47.58163,0.78977,1.0270256
17.47194,25.2366,1.8180424,2.2464721
20.329231,19.901495,1.01449,1.0606009
23.486217,14.635864,2.0443141,1.899522
25.07155,27.793045,0.8748302,2.007162
76.458,88.88487,2.3012664,2.4937701
37.641064,36.487885,2.1243021,2.050314
84.754616,92.94094,2.3585804,2.4610515
22.086403,23.240288,2.5358102,2.5462456
42.424423,42.756023,1.1239098,1.0183268
17.254358,16.421814,1.7985448,1.6480908
98.60614,96.63718,1.9801633,1.9826622
22.50616,13.511269,2.908828,1.783771
11.303556,19.007292,1.7464771,2.3439174
41.695885,44.398342,1.1749568,1.1683528
70.871216,72.0891,1.7749246,1.7879945
43.02865,40.636982,0.8681646,1.0086031
49.52983,51.64487,1.6841854,1.4171536
17.087936,19.017153,1.4988075,1.0420599
0.7834491,22.347273,1.0565288,2.8885484
84.17453,81.3347,1.0876609,0.9897847
95.06674,85.65517,0.63680726,1.0284121
83.0271,87.46522,1.2680949,0.9919163
42.534256,41.69612,0.8784337,1.0480373
59.927887,62.32999,0.78926826,0.99391884
58.435555,59.152153,1.9720116,1.9730248
50.240494,50.73681,1.069077,1.0429347
83.98294,73.24756,2.884478,2.8515077
87.618645,90.57516,2.4999669,2.5075955
60.066307,55.45107,2.4599223,2.4610703
80.54462,80.337524,1.739843,1.7550219
0.8386612,6.2794914,1.109549,2.3607907
34.38432,38.54748,1.4365305,1.7732816
54.540203,62.360703,2.652791,2.6611154
71.38972,77.64506,2.345501,2.4334464
50.16201,56.699,2.5350578,2.605719
85.246124,83.31879,0.7583577,0.92356247
50.002087,53.98986,1.4553311,0.9885504
10.953462,10.858349,0.83139706,1.0889397
94.137146,94.54222,1.3615901,1.3407974
13.632455,15.465782,0.5282582,2.710528
76.265205,88.75154,1.4907295,1.186059
37.097725,33.98896,2.6662176,2.5756874
4.564557,6.3811607,2.436702,1.7205572
55.937992,59.05636,1.7547529,1.7757187
14.86054,15.536011,2.6095006,2.5571897
8.11393,8.313004,2.9389958,1.4136231
30.080797,27.057106,1.2992063,1.5474257
53.914715,54.498287,1.1555463,1.0210432
25.791286,24.95263,0.8987747,1.0389947
12.673566,16.891132,1.7590916,1.5378187
63.605484,69.87445,1.4132766,0.97383946
93.68494,90.78014,0.99397534,1.116686
95.52853,92.14601,1.6842124,1.5736392
81.56073,86.686844,1.5697002,1.2478602
47.841766,41.531857,2.775529,2.456347
93.7491,94.59029,1.4131534,1.5972013
2.404284,2.837452,1.7147759,1.9584711
24.91896,26.232307,1.4822131,1.0151494
21.91796,24.144188,1.9769197,2.049003
7.077767,12.643688,1.9244511,2.3793473
56.500034,60.534725,2.476897,2.4104788
78.54584,74.32484,1.6546671,1.8326164
17.700453,26.631926,1.4773741,1.1189996
94.54284,94.22937,2.5681496,2.6166425
17.945723,13.831467,0.7756766,1.8363314
15.543215,15.203148,2.2146387,2.0022178
4.6033745,10.488312,1.0068885,2.4345574
78.08223,85.71562,2.9830596,3.0
38.259144,40.018917,2.4222798,2.4534802
64.88462,63.920017,2.2157109,2.1832619
6.323842,5.697506,2.0721843,2.2701294
59.353844,52.88715,0.57001173,1.0225966
81.682495,84.3611,2.307656,2.3414607
46.687656,49.967964,1.2315645,0.99816364
97.93899,97.45025,2.8583827,2.9327555
0.2822449,1.6962357,1.7965462,2.2424443
53.494736,60.41836,0.59796196,0.9878411
12.971978,12.363796,1.7471247,1.3716154
76.90271,77.9608,1.667419,1.6028785
24.149277,26.214468,1.3092158,1.0206766
88.15615,92.48229,2.135304,2.1822388
74.00307,73.23999,1.9108053,1.9322693
26.1107,25.779669,2.9165788,2.848267
83.232574,82.858536,1.9045147,1.9304681
41.235188,39.22451,1.8052502,1.7567406
24.583256,24.555208,2.1849735,2.1508718
8.31305,11.684639,2.864305,2.2642014
22.627316,22.911625,1.8786321,1.9361078
21.838963,10.7933655,2.7880561,2.314048
33.935646,41.077705,1.9396114,2.1076427
38.710266,43.864086,2.346294,2.321349
50.863155,50.182453,1.9889662,1.9918909
38.01835,42.32023,1.7504479,1.9506642
28.83872,30.07286,2.7726405,2.7684155
15.360647,16.824608,1.6698135,1.9026698
10.408422,18.119555,2.2262788,2.4039724
66.24678,69.68721,2.78656,2.7827313
54.417053,54.32437,2.8908174,2.8643403
61.58875,65.62525,1.2731895,0.9926459
28.343403,34.161278,1.7201784,2.0421948
66.62199,66.04487,2.145184,2.0957663
47.66283,45.626747,2.207469,2.2044003
24.1181,20.344315,2.2660902,2.078039
93.647095,92.24663,1.023583,1.1938493
43.028416,43.47758,1.7539814,1.7884985
40.538036,40.9671,0.8282937,1.0672079
56.460056,60.51932,1.9848634,2.0428224
70.57871,73.409836,2.1290226,2.1804621
48.995853,48.733463,1.697844,1.6121973
47.65203,49.12737,1.9477298,1.9924413
22.24348,23.444174,1.6728997,1.4207687
64.90367,64.15352,1.7688618,1.7855715
98.350365,96.14386,1.3624012,1.438388
61.217957,62.049255,1.1790385,1.0691688
41.45411,41.433884,0.8485729,0.9843631
17.518301,14.627773,0.5070574,1.1982425
81.00506,84.854546,2.092895,2.1203578
2.3213885,12.836014,0.91124755,2.066612
51.591072,45.7815,0.67606544,1.0631756
28.267206,31.532381,2.9235373,2.7309754
93.52654,91.16284,2.6822357,2.6817765
22.844719,13.226517,2.3003783,2.2272456
57.268208,48.931553,0.51729494,0.9850012
67.60799,68.91669,2.6004422,2.6274838
60.22841,51.5226,2.7733502,2.5245657
65.632065,65.82658,2.0346625,2.0269372
7.0384526,6.711025,0.80158126,1.3466259
1.2076724,1.7926903,1.0412209,1.565635
3.509266,7.5211296,1.3649455,2.5534573
6.9355164,7.30727,0.9266598,1.8717679
33.211403,32.868534,0.8361213,1.5157229
93.595024,97.0925,2.8603938,2.8753862
4.3873334,3.0888977,2.5762687,2.2200305
3.867004,7.6937485,1.7202617,2.526721
17.967316,9.38427,2.7314065,2.345895
53.36647,46.653805,0.6425918,1.0048053
68.6601,67.4061,1.0013263,0.96769714
90.84078,90.31908,1.7038738,1.305712
40.246017,45.832314,1.4335283,1.3409071
35.335438,36.86587,1.8780807,1.8258599
22.880466,25.972239,1.0561576,1.4143574
82.68424,87.38143,1.6067144,1.137711
13.117399,10.510254,1.4172688,1.1734531
27.656435,31.971092,1.5064846,1.186455
4.2262025,6.7061386,2.8375854,1.269222
49.208553,49.16364,2.393379,2.495335
78.004555,79.18559,2.041521,2.0504313
77.23913,75.60506,2.445724,2.4036274
17.568235,13.706879,2.9746964,2.4216428
21.028788,26.972595,2.7247262,2.604557
41.68427,47.221798,2.2097883,2.175443
89.8293,89.039474,1.1182228,1.1391363
6.1566014,14.027851,1.4588919,2.4988894
96.43125,91.40479,0.9473571,1.1295917
34.663956,38.964203,2.18889,2.157818
7.3994956,12.239822,2.3225477,2.5271719
88.08676,87.44402,1.0756524,1.0555336
84.023796,77.19797,0.5332185,0.9228956
19.38831,16.427765,1.0523256,1.0342869
28.27001,29.067059,0.895099,1.0176816
16.57063,13.777435,1.9987655,1.771545
88.352165,84.249565,2.8875854,2.7916436
17.382751,17.278381,2.0377214,1.9924141
80.741684,82.45575,2.3242557,2.3593335
27.938162,28.291916,1.273778,1.0305462
76.562355,72.54647,2.7655077,2.6691923
88.01749,89.03427,2.8636348,2.8577623
33.274742,37.687077,1.1470889,1.3784567
79.595566,83.42908,1.1676301,0.90801936
18.635168,19.524302,2.5270898,2.5173807
14.622615,19.642715,2.0165658,2.4556766
26.877714,33.57833,2.356128,2.4307547
79.8848,86.069305,1.592994,1.5474038
52.329887,59.758804,2.7043433,2.7664146
19.042301,12.626545,0.58520234,1.417466
56.641106,54.632538,0.95692414,1.1069715
48.470432,48.67709,1.1351428,1.0246632
85.44174,85.94127,2.1978128,2.1634128
92.92637,92.358505,2.3097968,2.309554
83.105415,84.599014,1.049315,0.9159145
38.131832,44.104763,2.503623,2.3871074
63.605957,57.6399,0.72423,1.01316
3.8152366,3.029808,2.132484,2.435041
99.473495,97.69069,2.3921914,2.401122
75.28574,81.90355,2.5327263,2.5660276
75.58411,79.80484,1.1449336,0.90803015
27.68985,27.989286,1.5738441,1.6021123
85.01095,89.731064,2.8450456,2.7742786
85.94668,90.14057,1.2959769,1.0956486
36.010864,37.779686,1.6310264,1.6579899
47.300285,50.271824,2.9871924,2.9591713
94.91587,97.31261,2.0405097,2.0582728
63.929276,56.33797,1.0371107,0.94254863
16.27805,20.321619,2.5753253,2.581982
62.70573,72.37779,1.7352796,1.8091103
23.168474,25.841196,1.9313469,1.8562521
40.900707,36.578712,0.5195559,1.0362301
65.99138,67.77418,2.7658615,2.7403426
44.121456,44.836433,1.3900077,1.0860384
90.39147,85.16632,2.7284493,2.6913698
23.351688,25.5163,2.6034327,2.7627335
4.329384,8.603004,2.4632392,1.8148067
20.167158,19.96239,1.3519171,1.1016674
88.59073,86.57909,0.9046706,1.0354517
32.92033,32.481186,2.7824621,2.7543745
72.39458,74.21103,2.47948,2.5040395
25.798788,23.029423,1.3982741,1.4027374
59.126976,57.904972,2.950826,2.944745
4.424572,11.772255,1.5840075,1.3373996
82.85312,84.00983,2.6844602,2.6965177
86.43051,87.34601,2.3804476,2.4395995
51.61612,53.101166,2.6217566,2.6307995
37.567196,36.344654,2.6610408,2.461075
41.221825,38.48031,0.57084334,1.0600393
47.53069,42.70058,0.513586,1.2117037
78.30736,74.455315,2.0966983,2.0021727
94.848404,92.41711,2.800789,2.7923372
66.88941,65.2109,0.9818277,1.0744026
28.300869,25.7172,2.2718017,2.0839472
75.2845,68.253494,2.7286103,2.5839534
63.36506,64.818405,1.8291441,1.8961676
24.44674,15.448669,2.920983,2.8226714
96.73806,95.762146,1.3676385,1.4230422
78.444916,81.78174,0.9524168,1.1164575
32.057877,29.41782,2.5825338,2.5562315
31.371338,28.634018,2.8527343,2.6603858
36.78764,35.29506,0.8317693,1.0141013
66.51505,75.7936,1.6000148,1.5765194
25.265867,24.333559,0.6830225,1.1929309
87.895134,90.81912,2.6895905,2.729388
89.541275,93.4303,1.4551947,1.3087721
6.771832,6.7850723,2.0562904,1.9162605
28.76598,27.475624,1.3819494,1.2432361
8.609708,8.846123,1.0185107,1.395302
63.551285,67.98012,1.5996062,0.9644718
27.812038,33.525826,0.55985314,1.3337581
48.56465,46.705864,2.2740293,2.2152362
7.2767053,9.322159,1.4586927,1.3501556
72.752235,73.31354,1.9932284,1.9963868
47.03885,48.862244,2.1314266,2.1329377
20.17117,19.985512,2.9645638,2.8801074
99.42432,94.03587,1.0780983,1.2792221
36.168198,34.878124,1.0341616,1.5755384
62.5013,69.83861,1.6241086,1.5357765
75.20014,79.89078,1.0000098,0.86573124
47.414867,49.533623,0.7232417,1.6429288
90.210396,92.87728,2.800726,2.824614
54.522804,66.47537,2.529185,2.5029724
54.35334,54.979366,1.1544414,1.5187265
39.967064,47.3099,1.528134,1.2255733
50.186523,65.305115,1.9784181,2.1848452
27.055445,23.7094,2.235444,2.0424073
5.6286664,7.020443,2.525716,2.1400745
36.248505,34.914318,0.9791099,1.0168375
4.458537,6.444721,1.6365188,2.4948277
60.213497,62.268047,1.8364527,1.8649654
19.067411,19.287813,2.7731802,2.6454492
81.406265,81.440506,1.7109447,1.735856
95.921486,96.22615,1.9746302,1.9838722
32.820618,39.588245,0.8172051,1.8513907
21.176933,20.029108,0.9116804,1.0579523
36.412926,34.832916,0.9034097,1.1183543
82.07595,73.48752,2.2464151,2.2018263
80.00819,88.24673,1.4407892,1.0334865
10.060765,15.313614,1.3955741,1.1385072
24.417435,22.807835,1.9549863,1.7609153
59.757088,60.68102,2.716332,2.7169998
60.180996,63.425873,1.6905584,1.8004638
24.750515,25.887154,1.1629038,1.0203595
32.910347,42.87076,2.9211073,2.849153
94.50487,88.576256,0.9615547,1.6039748
67.266716,69.28191,2.486279,2.4850702
78.419624,80.99595,2.4836025,2.5005984
30.80815,33.981148,1.4418948,1.0202544
86.51531,85.80749,1.7722038,1.7570332
66.54944,74.06908,1.3017762,0.8950709
94.25081,94.03909,1.3955462,1.5474589
91.318146,91.727585,2.876653,2.8740487
55.160576,56.020824,1.2416679,1.5112813
31.502718,34.755146,2.228068,2.1374223
19.343632,10.979298,0.93618566,1.6475865
55.04707,54.564575,0.927735,1.0366157
26.860415,30.404377,1.4920675,1.032583
27.131468,24.259119,0.9682325,1.1250346
71.67705,83.8995,1.4824606,0.9033216
67.4201,69.319565,2.2396483,2.266901
86.62592,84.351364,0.9987841,1.2494534
16.327778,17.683887,0.67128277,2.1259308
48.06937,40.406452,2.7796323,2.4593585
7.7235904,10.241875,1.6916304,1.3886031
74.710754,77.03331,1.0966818,0.8990641
64.15331,64.625084,1.050494,0.98251975
42.698666,45.919422,1.8862381,1.9060861
51.854645,52.32122,2.6084666,2.5970197
35.372543,32.0907,2.492854,2.3569245
82.05491,76.323235,2.6947715,2.60763
44.3492,37.200912,2.9888322,2.869464
85.643295,89.953766,1.4131408,1.0806774
95.21592,94.202194,2.3914526,2.396652
72.94796,77.93248,2.8808916,2.677665
72.98301,81.32321,2.1660097,2.3247745
87.36071,85.48831,2.045861,2.003092
12.792835,10.558998,0.9922545,1.1963029
59.961773,60.704937,2.0342288,2.0497556
26.311846,26.693453,2.6716542,2.6362562
8.150695,7.104141,2.4879587,1.5397366
68.18395,67.38793,2.3783386,2.3190353
87.10898,86.48845,2.040151,2.0066252
58.601833,60.522377,2.2912486,2.3760104
40.018463,39.902054,1.9184334,1.9606771
95.91885,97.3434,2.4583466,2.4841268
71.52712,64.59474,0.5537422,0.9602396
29.52281,33.474792,2.6308918,2.7882767
54.4659,47.744576,0.74573374,1.0332
95.241875,85.57328,0.6099409,0.9250675
45.780575,45.316185,0.9691097,1.0101938
75.68558,81.48484,1.624475,1.0756459
44.35586,50.536934,2.699082,2.7341018
64.78803,64.72834,1.6437577,1.7899551
44.80097,51.065353,1.516244,1.0067387
5.5506625,6.1956673,1.6319181,1.2689111
74.718666,77.30883,0.9723229,0.90319955
84.82978,79.93642,2.782,2.6999514
46.365585,47.03992,2.5872288,2.586664
99.21841,89.975746,2.5633254,2.3610017
93.36137,94.0204,2.9444711,2.9261668
9.871711,10.485447,1.7233528,1.5301539
64.95373,64.96943,2.6122084,2.6057012
39.509087,37.75734,0.83705604,1.0272231
6.3851633,9.765575,2.0447242,1.6470866
75.03142,79.0702,2.7732334,2.8257775
68.53282,67.62449,1.8951926,1.9242606
36.09499,36.55125,1.3105612,1.0182235
1.0359025,6.8593636,1.2403451,1.5871187
9.258545,18.503489,1.0640941,2.185093
72.7112,81.33257,1.1192191,0.87774724
56.218143,59.561176,2.127887,2.232679
27.915316,28.36475,1.9603642,1.9506032
43.161446,41.22562,2.3436854,2.2588935
17.857546,16.330444,0.8535549,1.1079164
98.366585,90.603165,1.1259177,1.3637316
80.57652,79.9189,0.8835197,0.8947206
28.992699,29.203135,0.9956392,1.3135071
28.079159,16.141068,2.650148,2.2716885
61.69686,63.149788,1.109313,0.9679701
5.458243,8.166252,2.3403754,1.8746886
23.04381,29.393064,0.5838112,1.0827911
19.684753,21.560919,1.5073301,1.0669644
15.260216,26.526995,0.5841131,2.2651856
89.82474,90.21141,2.9310534,2.9281986
53.056206,55.5579,1.9325353,1.9662763
31.292997,26.841303,0.67741936,1.0129112
27.15957,19.449686,2.511229,2.4783335
89.06784,83.41626,0.8295069,1.1842663
20.004812,20.346176,2.0286756,2.0070844
53.459373,61.166794,1.2947171,1.7286482
22.367786,24.510353,2.0124807,2.281104
17.119831,20.972826,0.60252494,0.9907719
34.236004,38.052006,1.4834235,1.0077909
18.585213,18.539316,1.0376568,1.0788208
6.295817,4.5223236,2.5826108,1.9220147
14.243497,16.204159,1.5608202,1.0606849
10.141087,10.78965,1.2937756,1.2430103
65.151596,68.07633,1.2853531,0.9931043
35.882973,30.046082,2.300649,1.9769851
33.682568,37.352737,1.3755007,0.992978
83.57723,83.680954,2.26602,2.2607834
10.382587,11.996189,1.1453526,0.98819333
34.404827,31.539143,2.0245562,1.910038
59.66328,60.47667,0.8815742,0.98171633
70.09256,62.86952,0.81009275,1.2790804
59.484066,59.992134,2.3401546,2.322654
24.154034,21.468632,1.7333719,1.2292414
21.563189,22.804592,0.97717345,1.0822542
9.162096,10.22794,1.4567268,1.0337801
62.955788,61.77872,2.592649,2.562695
10.47321,11.232277,2.399427,1.5226498
44.990597,43.259655,0.87599784,1.1444516
67.58883,72.51005,1.6082124,1.1378477
90.10878,87.53273,1.9156389,1.9147714
77.20726,79.75543,1.6647675,1.705839
86.007515,84.665054,1.6230527,1.6306356
5.428044,5.346546,0.50461584,1.5191317
72.708336,73.37671,0.9667061,0.9154536
45.96955,45.580624,2.7287323,2.6511784
2.9213052,3.2044907,2.272487,2.2206702
72.990425,83.18254,1.1812326,0.8998683
50.902897,56.533318,1.6187365,1.835745
15.992994,13.558319,2.9879727,2.892271
45.38184,42.741337,2.9425519,2.8356814
57.591873,61.438873,2.9879813,2.9871035
46.758667,47.96321,1.7478424,1.8721652
55.27571,56.451694,2.015704,2.0226173
89.96335,90.99851,2.311238,2.3578277
53.550552,66.65889,2.7512407,2.7770886
66.86233,67.96176,2.2627587,2.274702
91.70524,94.12488,2.8443465,2.8385787
90.0244,92.39543,2.3304784,2.5287647
49.834473,54.275696,2.8086336,2.728784
0.60568726,6.5688553,1.8652233,2.0358195
5.8260193,6.559864,1.8922274,2.0999255
64.25885,57.448097,0.5774583,1.0197245
49.14032,48.907738,0.7681513,0.9918429
18.92093,14.818615,2.924693,2.7803333
60.264698,60.678444,2.694976,2.7032268
36.970177,31.857822,2.704963,2.4971159
16.055365,9.38007,2.5527968,2.1938066
84.37264,83.47633,2.1284077,2.127315
46.264072,44.20336,2.9751358,2.8784864
99.41085,89.68147,0.74686354,1.2558885
73.4253,79.193535,1.7590765,1.8522898
57.201057,54.931988,2.3064456,2.3417263
73.126564,73.619804,0.71383756,0.9671305
65.12167,63.938774,1.1303374,1.0784477
69.516235,80.543304,1.3712387,0.8890543
76.10251,79.68806,2.2733912,2.331621
66.42462,70.3564,1.96404,2.020326
77.36155,88.42455,1.5373074,1.0699711
7.8428235,4.519161,2.9173489,2.0368867
99.24964,84.66554,0.5659861,1.7237972
95.16211,96.16521,2.4903104,2.490563
91.1332,94.55482,1.562938,1.3158135
15.660172,14.77401,0.69256854,1.1400361
44.673256,47.852818,1.7017952,1.0455801
27.99527,27.372597,1.0518919,0.92903054
82.18379,84.07781,2.6355414,2.6528544
71.97994,76.925575,1.6169373,1.1491668
32.689392,42.205338,2.8189144,2.8425794
68.949234,76.46503,2.361532,2.3806272
50.51457,50.366535,2.3126895,2.3059921
41.196983,40.95561,1.6933706,1.4659564
34.214252,42.254387,1.4771657,1.0428891
64.159225,73.44413,1.5427334,0.9218148
69.940735,72.03805,1.9897037,2.0916634
48.55234,52.760895,2.0522277,2.0119724
95.20479,93.96162,1.2566465,1.3153824
61.217598,56.594955,0.75433105,0.9974901
15.46674,15.129723,2.735334,2.4253898
12.992679,22.218693,0.913954,1.0923038
54.637203,60.600883,1.5318803,1.0572973
69.17528,69.00243,2.720051,2.7014122
12.564444,15.05909,1.8359132,2.1790793
83.437164,83.05728,2.9749858,2.939846
53.819515,58.93505,2.643566,2.7807636
89.74855,94.952156,1.8490331,1.8870099
65.432465,66.16194,1.8867726,1.9169548
49.739914,49.72459,0.524801,1.0042069
16.382267,17.031578,1.3411053,1.0935061
78.683395,71.56583,0.5429303,0.9223878
43.62908,43.330067,1.0143245,1.006109
38.01284,35.038727,0.964961,1.0130851
92.898346,94.77182,2.5037696,2.529602
39.78388,43.36741,0.85889816,1.0589997
35.600872,43.293594,1.5946765,1.4144299
19.783411,28.38764,1.8130533,2.4576852
54.536823,56.357628,2.0409348,1.9675705
12.675306,10.647537,2.6822362,2.1002858
2.0215573,3.55962,1.9258868,1.2086647
4.3047414,12.260944,2.8431122,2.6240911
46.46134,46.509293,2.632631,2.5317488
94.97464,91.90482,2.885164,2.904244
26.570484,25.738798,0.8644105,1.0572102
36.39786,30.17045,2.6970978,2.4556515
7.8025675,15.388275,2.3005059,1.0363271
13.655115,15.920315,1.5078083,1.0704038
16.894176,15.993687,0.8582291,1.0519958
39.865112,43.698845,1.2280055,1.7587063
51.47808,53.964825,2.1821656,2.2181141
10.902052,12.786526,1.8219479,1.9382626
41.88885,48.358578,1.6715161,1.1537446
87.60559,98.345245,2.6317754,2.7259357
30.239624,31.914633,1.44022,1.2973605
28.76662,35.755722,2.4641805,2.6861217
36.60303,38.439102,1.1589127,1.0373158
22.332159,21.985775,1.333355,1.0120375
35.859333,36.786243,1.6655469,1.2961751
77.75031,71.26407,0.5530097,0.98391175
45.025757,49.745605,2.884841,2.8853412
16.230505,20.141243,1.5375897,1.0827312
64.02389,63.224823,1.1216229,1.020813
38.482536,33.876007,0.518165,1.0270653
10.713559,7.0317535,1.2695317,1.55578
71.719765,72.99251,1.0965364,0.9282562
36.778473,29.953512,0.5130272,1.0192679
65.72217,74.710785,2.779063,2.6636999
94.634926,94.20238,1.3369578,1.3418655
47.777706,49.86286,2.7315238,2.788427
21.902418,18.677689,2.5945122,2.1642306
35.2146,39.837524,1.320932,1.6245184
97.75457,95.52365,1.7469718,1.736035
66.437805,66.52791,2.3032517,2.3167694
37.551617,41.147007,1.4544165,1.030163
7.2902904,7.3895493,2.1830943,1.6189114
54.023457,54.746597,2.6911726,2.6608675
94.163185,92.591,1.763338,1.7685745
3.338953,9.675735,0.9788389,2.1396658
99.19173,90.787735,0.90336514,1.1286378
57.28049,55.494656,2.0906494,2.0797932
89.962975,88.346695,2.9290926,2.9423444
77.474915,78.3009,2.820984,2.8278277
75.455605,79.22579,1.4318044,1.0869021
36.472626,42.216774,2.7321072,2.546689
22.626318,22.05354,1.6121832,1.0087669
57.578423,56.465324,1.1463773,1.0950003
6.9280143,8.722836,0.693519,1.2605778
78.126976,84.26623,1.1583117,0.9639167
90.4755,82.62411,2.9142041,2.7983766
12.566197,13.428593,2.392595,2.3507018
99.93428,97.97989,1.4552122,1.5209225
13.337294,15.953964,2.9602354,2.874651
4.5169992,12.32452,0.5237034,2.2527585
10.90234,6.618088,0.61754936,1.3558842
25.715153,24.768913,1.5108957,1.0323992
93.1962,93.316025,1.2775921,1.2851999
9.266156,9.321255,2.632806,2.5491095
46.245502,45.6554,2.1823208,2.2129836
96.89943,96.87604,2.8129325,2.8209443
25.783575,26.412245,1.9921153,1.7757572
50.827515,61.965992,2.8662102,2.852405
18.140902,16.527588,2.5284235,2.4460795
14.112711,16.11996,1.6344788,1.0513169
98.87094,88.82143,0.77234423,1.2421775
94.806526,96.81003,1.7328815,1.7645708
73.52808,85.58807,2.4351583,2.4893022
23.021097,22.210968,0.8568692,1.0559338
10.70046,11.397694,2.1495812,2.1113229
63.603477,69.6306,2.4126604,2.4802742
63.49858,65.89098,1.6707249,1.3367801
52.917652,56.463043,2.0038617,1.9974079
15.996489,14.089478,0.5421482,1.1331496
2.0578346,4.401615,2.6148622,1.9492437
1.8336138,7.9136543,1.8848081,1.5060198
33.595753,35.74272,2.3304727,2.3793287
99.195274,96.1808,2.845128,2.7792666
16.3034,10.268791,2.5659227,2.025962
70.46454,75.32891,2.77573,2.8537095
92.270546,88.80292,0.94974995,1.050972
52.228863,55.552692,1.2561294,1.0462979
33.78438,32.97254,2.738234,2.5206935
50.13168,50.203667,2.3624618,2.3641608
70.56828,82.98198,1.5386407,0.89780974
61.251965,60.84679,0.8559606,1.0169733
20.623255,19.32498,2.1394408,1.9719499
4.3962655,11.531872,0.8999309,2.2156146
9.736653,8.404118,2.797257,1.5333596
25.757227,24.906494,0.90373623,1.0452701
91.0987,89.39885,0.97246784,1.0662435
32.258587,16.937706,2.9620697,1.4154272
53.05533,52.59536,1.9558082,1.9353838
10.341565,11.818714,1.4161417,1.1375581
76.41409,89.388336,2.8416145,2.8315587
97.88002,97.27866,1.5692593,1.585495
0.6332764,5.317051,2.1399949,2.1704352
52.46059,57.239555,2.4818645,2.5457065
39.813755,41.422047,1.2075475,1.003242
89.06862,92.5018,1.3550991,1.1992788
11.275414,12.573788,2.3596616,2.3121352
20.112429,21.295668,1.575698,1.0718627
63.96208,66.73044,2.205705,2.207058
77.26589,90.95151,2.6996288,2.7750874
37.590416,40.074974,2.3693779,2.3722095
85.18776,86.41553,2.0261502,1.9642432
7.036771,7.741928,2.2819648,2.2546825
53.967537,51.906013,0.77327746,0.9820535
11.62359,13.071964,1.2824944,1.0988681
96.28397,94.5241,2.9708455,2.9471564
13.639211,14.812752,1.4255441,1.7681782
60.417683,61.799603,2.3990963,2.3989697
10.769123,8.420498,0.85632807,1.9500071
76.60005,80.23092,1.6497046,1.6095046
31.660362,30.076862,2.7586179,2.5499244
10.933966,11.340355,1.7782221,1.1536524
17.79438,29.259527,2.055813,2.5985847
85.661934,84.54397,2.5004663,2.4998114
52.147675,44.088192,2.1006382,1.9838816
28.68996,26.29192,2.9167511,2.7527218
27.349821,33.328136,2.4422364,2.6727688
8.094713,7.220806,1.1553867,1.4711227
22.40587,21.083857,1.340347,1.7240413
54.742603,54.715603,1.7871895,1.8244358
61.059093,64.67877,2.868833,2.9327247
66.47683,67.68584,1.8649389,1.8516741
26.49643,26.393967,2.2010474,2.069797
46.921917,41.972248,1.0849801,1.1297977
99.68082,93.186554,2.9828596,2.9822044
8.660173,10.881817,2.0145454,2.095561
10.0548725,7.5656853,2.386974,2.2445292
43.80887,54.351017,2.0299547,2.0399396
3.369508,3.1135368,0.8999399,1.366188
6.4141726,7.0314026,1.7313915,1.538986
13.968368,12.314419,1.4717251,1.8539644
89.99704,89.69086,2.0611455,2.0831017
75.89655,78.03411,1.0116569,0.9012172
18.277512,19.241783,2.2359316,1.4625463
1.6171911,11.921867,0.93355894,2.0732474
68.65339,66.834946,0.8700649,0.97060347
29.874508,34.12226,1.2415689,1.0654333
27.9514,23.90971,0.6960657,1.3336942
23.273876,22.055939,0.91414905,1.128642
87.762634,89.073494,1.2632668,1.0502172
95.18792,95.03749,2.6242745,2.6237748
56.044544,55.546642,2.8935804,2.666024
31.168715,35.537502,1.3000028,1.0180315
83.31227,79.68742,2.093952,2.0838857
64.658066,63.892197,1.0947987,1.0230075
57.45371,48.527454,0.5736686,1.0000491
14.173333,12.956524,2.2013555,2.2751293
46.93061,45.31884,0.5545642,0.9950298
97.28149,91.223465,0.69155234,1.1293113
32.96176,31.089718,2.1428034,2.0295212
29.791487,29.032526,1.0028297,1.0550153
38.92156,37.73895,1.8584609,1.7608545
63.626392,65.32465,2.1519158,2.2481067
21.68504,17.597572,1.0012623,1.2550778
43.031387,40.064896,2.667015,2.6701946
75.165054,74.78158,2.3237228,2.2450683
75.15819,71.81902,0.8872009,1.024179
13.188818,15.745399,0.60408825,1.5724275
0.0432645,4.082779,0.9274077,2.358174
19.323969,21.384647,1.2574862,1.3213539
96.39124,92.263855,0.9651965,1.2028656
69.38107,76.421524,1.2846372,0.8959089
19.5037,18.972145,2.631606,2.605513
13.511306,8.693138,0.5995055,1.4498954
58.75397,55.799587,2.4178004,2.2918997
80.419754,76.206024,0.65562433,0.9186747
9.046383,9.550034,1.3115807,1.7489723
50.856674,48.845154,0.5486,1.0216944
31.597599,25.994043,0.82128334,1.6906192
98.338936,96.19768,1.4099871,1.4460261
8.072935,13.168098,2.6264453,2.71992
97.235176,89.05659,2.876743,2.7586055
14.11761,14.265289,0.5495777,1.104606
68.29662,74.966484,1.1866843,0.9019634
72.05301,79.09848,1.6288642,1.0493859
39.804058,37.148735,0.668342,1.4356887
35.22859,36.435474,1.252515,1.0287158
5.299434,4.044945,0.7421185,2.4315462
3.166176,10.47258,2.581197,2.3122644
24.818033,23.586275,1.2302369,1.0139024
30.79267,33.24868,2.4372454,2.401722
48.644295,46.420273,2.950397,2.854676
19.457962,25.028711,1.5443568,1.5983546
95.83609,94.34185,2.289596,2.2645588
89.720085,91.79491,1.3013527,1.2143083
38.442818,49.859707,2.485526,2.7113836
10.454663,11.78376,0.7353429,1.119278
70.766075,64.077255,0.70667034,1.1609516
90.759384,93.82856,1.4766129,1.3137635
51.54847,52.181572,2.2538283,2.3148842
79.291794,82.146324,2.6734776,2.7095964
75.447624,83.15088,1.2057483,0.9183929
74.04804,76.97839,1.1245422,0.93916214
27.266626,21.4295,2.5482771,2.2600489
24.87496,17.635265,2.3304393,1.245178
19.163425,21.12564,1.4372224,1.050101
22.44691,18.93878,0.852227,1.4444134
57.662132,72.462074,2.8279724,2.9864264
18.058575,17.64204,0.8093941,1.1278594
31.561323,30.730568,1.0556322,1.1062148
32.401077,35.70542,1.6565585,1.073162
38.180958,40.654343,1.127233,0.9921132
74.84323,74.41414,0.8625482,0.9339634
26.059639,25.162315,1.7857594,1.5869958
41.2082,41.752243,1.1777982,1.0011296
1.8939754,3.5797577,1.2503933,2.2953835
56.842674,56.28071,1.069997,1.0286279
5.073875,13.76376,2.747149,2.0561588
17.540993,16.085415,0.8979147,1.1952416
38.325047,32.84031,0.6478611,0.96602905
37.025826,41.589634,1.5444387,1.0057366
92.53456,95.12424,1.5116806,1.378828
44.988922,43.528408,2.2706082,2.18963
43.505146,45.003143,2.2818983,2.2751584
5.1604943,9.862576,2.612672,2.257944
0.8040926,1.340683,2.8766744,1.3857872
79.26912,79.22528,2.1924462,2.2053313
35.144066,37.7322,0.88423866,0.9833752
7.518705,11.734249,2.23188,2.1116064
36.596424,28.348383,2.2604594,1.6491488
4.3801107,6.244644,1.4381453,0.9904133
65.361694,73.58566,2.6893108,2.7886608
69.697685,72.44759,0.943617,0.9477864
86.63373,81.860245,2.3818514,2.318417
96.2914,96.44467,2.0175567,2.0696974
96.63198,93.959785,2.8832054,2.863361
22.493168,20.027288,0.71564907,1.760151
98.127525,89.55615,0.5978436,1.0349176
72.54611,73.49125,0.9975814,0.9260938
46.78819,49.180023,2.488565,2.5483136
84.62662,87.37001,1.2182565,0.9942887
40.55994,44.073193,1.4105468,1.0271235
83.70825,88.93524,2.3444064,2.3010604
67.08287,63.4887,0.9102201,1.0925413
77.62796,76.35338,0.81806827,0.9060168
31.060122,28.651676,0.70874226,1.7941432
4.6727276,4.471493,1.9427744,2.3679357
36.678005,38.33189,0.72227854,1.0033212
85.077,78.10489,0.5130717,0.88385904
74.03651,82.162796,1.5606246,0.9628836
27.411299,26.690128,2.4888647,2.4585023
29.449545,31.139088,1.3491881,1.0437669
9.073847,8.354691,0.61758685,1.254221
47.97925,48.485786,1.8305603,1.7882526
99.75161,97.30437,1.469007,1.5008925
48.807266,48.5088,0.8059718,1.0197542
87.95034,90.2919,1.2813772,1.0931075
44.444668,46.094616,0.7870044,0.99371916
54.455017,48.893333,0.7162657,1.1619228
89.12114,90.23742,1.2688755,1.0979962
94.843124,94.54353,2.0563211,2.051627
86.00173,86.49497,2.8321424,2.8397324
98.23366,94.97331,2.8346732,2.7976542
19.406305,19.61197,1.0002782,1.0306998
62.797787,60.73434,0.98916334,1.0697997
31.508013,40.297237,1.1058586,1.0064161
33.1927,36.55191,1.5631025,1.7927669
63.90327,68.11991,2.2116654,2.3430138
6.2597547,8.801121,1.050349,2.1322107
59.2051,60.33291,2.5223095,2.5800083
94.59262,87.12573,0.6847797,0.98690546
4.070754,9.635147,1.2850914,2.070332
91.85518,93.05568,2.6566086,2.6977658
15.865505,16.72992,2.6365826,2.5908217
97.771805,91.04547,1.232072,1.1084974
90.570526,78.44513,2.6013174,2.4312124
61.18486,71.491135,1.3903701,0.9842289
14.551654,16.315105,2.1383028,2.1714313
10.073062,10.079582,0.9485247,1.0686288
45.389915,49.314884,2.786059,2.6327763
62.739826,63.80028,1.7047176,1.094578
2.672335,3.2886848,2.634257,2.4674325
31.417007,27.731167,2.6560917,2.5752685
57.83457,59.356094,1.7337258,1.7535629
59.32515,60.526176,1.125436,0.9842653
7.021732,6.491852,1.0646063,1.2227712
58.66078,63.948223,1.5970769,1.0825918
58.47466,66.69812,2.500545,2.6142273
53.485188,59.06376,1.5466594,1.1121169
50.510612,48.07246,2.4257534,2.3580103
80.47601,87.35535,1.9619304,1.9831302
82.68895,81.71319,1.8650564,1.8171612
43.120865,42.672607,0.9701367,1.0347677
3.2622602,17.336803,2.3578448,2.6811585
84.22896,78.40497,2.8859422,2.9138398
68.63297,69.13328,2.1935778,2.2446816
63.027912,63.100395,2.1521173,2.1533797
95.432465,91.98958,2.3108604,2.23133
88.16995,97.45251,2.3791997,2.4691157
28.10718,33.93386,1.7682796,2.1648493
37.65122,40.419174,2.9745271,2.9304864
29.546824,28.81746,2.5005307,2.343372
89.46506,90.33689,1.0422219,1.0563586
5.35548,6.1055527,0.8430214,1.241107
73.40071,73.3315,2.3266656,2.3390167
78.964935,84.20642,1.2583408,0.9247923
25.127872,29.80168,1.706377,1.7702615
98.814995,97.387695,1.505964,1.4995991
74.34117,77.346924,2.3732224,2.2805061
88.049065,90.68225,1.1549182,1.1136731
80.5626,75.94452,2.2373013,2.212997
53.232437,54.009605,1.8284805,1.8241675
18.821184,17.947758,0.85761297,2.4820552
27.739054,26.424799,0.9159831,1.0462515
57.34324,49.715233,0.5052699,1.3230903
68.77981,68.2977,0.82257986,0.923161
19.266552,21.14389,2.4155312,2.4237556
87.887886,89.513214,2.1097012,2.1307695
21.467627,18.422,0.60147804,1.031455
30.575254,31.854927,1.3681,1.0322621
89.76902,94.90762,2.5983825,2.667731
30.278952,36.62617,1.4992428,1.4707164
10.305757,17.766468,2.4045289,1.7958262
45.926636,42.62874,0.68271893,1.122757
19.499872,12.917713,2.2529025,1.8970917
91.37338,93.12476,2.5713756,2.6135535
34.952267,36.353046,1.3626012,1.466224
8.253631,9.103546,2.031144,2.3539267
59.87424,57.50157,1.034386,1.1806709
63.449234,63.218777,2.800987,2.699584
95.84458,91.17684,0.9473324,1.1742964
6.006116,6.7017555,1.2471374,0.9993979
63.157665,67.483826,1.2887917,0.9684455
4.832545,5.86351,1.9447895,2.158001
13.866129,10.167877,2.5169024,1.9749403
88.37056,86.93567,2.3942902,2.422905
1.9699886,3.4039574,2.8063374,2.2059429
33.3773,33.668915,2.2430682,2.2227192
72.11688,71.479675,0.98131895,0.94965565
27.906828,29.421953,2.8604836,2.8215203
64.78624,63.994385,2.986433,2.9568892
31.788982,21.31597,2.682656,2.4274445
11.418367,15.827629,0.8284709,2.1238205
6.7022715,8.501797,1.203789,1.9690005
77.570496,79.83565,2.8646352,2.8592496
40.870674,45.986767,1.5288486,1.0076458
0.15683372,3.950943,0.79272705,2.072774
88.67367,88.0685,1.8927326,2.0074062
43.931755,44.315266,1.7248937,1.810889
93.52949,96.5909,2.4938397,2.5518296
24.885878,24.52307,0.87773645,1.0016584
27.253515,26.422478,2.9584143,2.8828645
33.596138,34.55452,1.0749724,1.0251663
80.36578,77.30665,2.705279,2.5537665
91.822685,94.31671,1.5160438,1.4330773
93.41581,93.623,1.6148745,1.5857744
22.537315,24.93776,1.5733387,1.322722
79.494865,86.47688,2.569286,2.7164667
60.142315,61.04124,1.3481492,1.0294412
5.761605,9.593365,1.2425189,1.5943054
64.6416,66.21019,0.8430522,0.9476205
46.423115,51.71636,1.4158853,1.6416324
46.267345,48.0555,2.7069516,2.7465985
1.5967717,5.9409943,2.2909281,2.397388
6.838425,8.164352,1.6454109,2.0305529
76.67132,85.41559,1.4576674,1.2006874
76.72069,76.62305,2.649657,2.638053
34.238853,37.229103,1.5968925,1.0723386
23.745716,24.04228,1.6973522,1.6561723
89.38272,91.40564,1.407082,1.1963878
82.22371,86.78351,1.2395171,0.9543248
94.57131,94.26613,2.4593046,2.4815285
58.284092,58.255737,2.2843716,2.2914634
77.13412,78.490395,0.65850544,0.9272562
53.949047,58.41455,0.75262016,0.9817076
14.442534,14.717598,1.764415,1.8196812
67.93152,66.959015,2.5322826,2.5921211
71.50208,63.735943,0.58628166,1.0273116
23.396437,23.607616,1.0771929,1.1030314
63.79644,63.22065,2.4365687,2.4539466
41.06141,42.573692,1.259427,1.0739634
64.40553,62.87007,0.9324821,0.9942142
7.127447,9.471504,0.69391084,2.0138426
26.94709,30.912647,1.2727132,1.6790547
19.1985,17.015507,0.58142245,1.1145823
51.60083,55.188213,1.8473577,2.0524805
76.68448,86.69223,1.5559181,1.0007918
94.84269,94.55926,2.7834246,2.7807488
62.046223,59.32877,1.813796,1.9816499
3.919834,7.2570114,1.8523581,1.9469342
74.5797,76.34867,2.1480792,2.1168442
50.199333,49.17628,1.9778503,1.96211
2.8438518,3.9574852,0.98523766,1.7420998
41.732685,42.855286,2.7826204,2.7682087
15.633809,22.776993,0.9744058,1.105955
4.849394,6.627117,0.6825386,1.9407086
54.618042,55.262398,2.2531075,2.1361232
2.5486977,3.1913605,2.329087,2.593536
43.332336,41.033394,2.4226685,2.5272727
12.210825,12.536976,2.7058723,2.6228676
24.67575,20.161442,2.8288543,2.7605772
84.11329,79.4812,2.263763,2.3398743
91.27399,92.93175,2.4996996,2.5254529
80.91819,83.320435,0.84833884,0.9023507
2.4473991,14.598347,0.53264153,2.052112
44.153164,48.058983,2.6077762,2.4665077
75.550255,69.59706,0.60752577,0.96390116
13.730328,16.923038,2.7667172,2.5955687
83.37107,80.14441,2.349393,2.2979636
34.829124,37.090557,1.29181,1.2389288
98.95834,97.4212,1.9291989,1.9476107
46.00363,42.362915,0.5697321,1.127232
7.8951054,3.9294777,2.4819367,2.1657531
9.007027,12.94199,1.0830023,1.4936452
93.36291,88.72981,0.96660894,1.1212306
4.9576936,10.3139305,1.6374774,1.7509388
9.717983,13.798866,1.6744087,2.4190469
52.63541,52.44092,1.0106173,1.024667
52.083477,54.574715,1.0093179,1.000793
39.910233,41.93255,1.6876485,1.2790409
10.421041,20.581259,2.738879,2.7584262
19.736212,19.368673,1.7280992,1.3781823
40.654434,43.88457,1.2315769,1.1994077
72.99307,77.71253,1.1093925,0.93112165
17.25108,20.307594,2.061531,2.0869155
47.011234,44.635765,2.308762,2.1635575
27.990528,21.724663,0.7225916,1.1594732
33.23283,48.06702,2.0441291,2.379484
71.62031,75.67705,2.051676,1.959396
97.87467,99.025345,2.2937787,2.33892
30.477968,33.12336,1.9943882,1.7566009
31.91094,23.545542,2.989783,2.6844063
77.874855,81.73593,1.4347295,1.2969847
50.434654,43.304993,1.8855387,1.7692972
66.325294,60.72975,0.5900367,1.0106491
63.675396,61.773895,2.393979,2.3653383
68.76626,66.574646,1.1944797,0.95880157
82.380455,87.21589,2.5457487,2.6318002
83.88612,87.47475,1.1941847,0.98666555
98.34693,98.48048,2.6979609,2.7261944
2.9745247,10.578766,2.2491434,1.8093036
71.5325,77.94702,2.738925,2.7941408
10.484772,11.068905,1.2567265,1.7652283
6.4436235,6.4379616,2.1026642,2.1491845
38.334217,34.306133,0.6591315,1.486428
16.359173,13.50861,1.8693417,2.0784805
17.23029,13.937462,1.636764,2.0980902
73.1413,78.60544,1.0515771,0.8950938
27.351683,21.473095,2.9108646,2.6370432
61.5116,53.256287,0.511584,1.0384617
43.84511,46.612724,1.2555072,1.0200722
47.887703,50.38389,1.586322,1.0097306
92.083916,94.52199,2.254669,2.2872095
72.370224,86.17628,2.3345664,2.552164
36.82523,39.74884,1.044389,1.5099406
39.598114,41.91253,1.6156844,1.1203233
84.54822,87.86377,2.2501988,2.323471
35.613094,26.123981,2.6620486,2.4861135
79.848305,86.01929,1.6799406,1.5261891
6.8171544,14.420876,1.8019785,2.0731888
51.830086,52.38835,1.8569871,1.8993158
19.21035,14.462109,0.8558037,1.1057692
41.457893,40.826256,0.7036381,1.3072664
6.6132746,6.804844,2.4252803,2.2811372
97.85541,94.43534,1.9411856,1.9734321
2.006816,7.485821,1.2246032,2.2929063
23.050907,31.984419,1.9779508,1.6334085
70.33829,70.61553,2.3605847,2.3724291
52.40347,56.526794,2.137597,2.1098642
57.1274,49.249435,2.3056316,2.0611181
59.212864,59.07014,1.9010979,1.907907
25.476934,26.671047,1.4004205,1.3119712
16.714645,20.039003,1.0564901,1.0220833
56.598366,54.04266,0.51947707,1.5198717
7.048708,9.07423,1.7177161,1.6648575
78.61812,80.09485,1.5996943,1.5209273
48.515633,45.917297,0.8401811,1.0253334
46.809322,45.934685,1.894136,1.9280819
37.603065,41.948433,2.4654455,2.4191792
70.333694,73.128235,1.7298561,1.7251041
3.3006928,16.666233,2.6167035,1.9817562
27.23506,23.571392,0.892447,1.1136453
63.443466,69.57824,1.4280956,1.0214243
25.768902,24.057486,1.3413864,1.1323506
75.53231,76.826614,2.5511973,2.5536938
94.75519,89.856445,0.93382436,1.1903265
49.858055,54.63252,1.4786832,0.9796614
96.013115,93.31895,1.2264358,1.3322252
41.27112,40.32364,2.3224502,2.3681455
54.62582,66.582184,1.6551763,1.6365849
63.586693,72.166954,1.6004298,1.7487485
78.87745,79.57892,1.9346361,1.9558696
27.591042,23.538837,1.1016366,1.1006165
51.03524,52.702717,2.8706217,2.8664317
2.1104288,3.1100273,1.7326378,2.0474293
37.286446,35.091507,2.471373,2.341421
52.956573,50.109207,2.5316172,2.4906335
70.929276,66.55232,2.008161,2.0176053
8.513022,11.26178,1.6658441,1.0229434
56.23139,61.012447,1.2466328,0.9840808
43.27885,43.556423,1.1700954,1.0617046
57.60175,62.72113,1.0071058,0.97088784
73.540596,77.35855,1.1125431,0.93129605
99.2374,95.53416,1.2645578,1.3952118
83.27134,71.69712,2.5288668,2.4564986
9.533018,9.523834,0.9597416,1.2365572
86.85199,86.170334,2.1142313,2.109859
57.619854,64.17804,1.4887668,1.032162
30.214981,19.934214,2.2768857,1.9763298
79.24519,84.372986,2.3061345,2.3896835
79.67824,80.26932,1.6667786,1.7575601
28.898039,24.23802,2.8908827,2.8025274
29.474064,31.65292,2.3209245,2.2612374
78.90028,84.769485,1.2369163,0.93315065
98.423744,96.48216,2.8368468,2.829429
59.72047,67.87411,1.6166574,1.0482655
12.896818,10.982101,1.0630825,1.5030242
56.721077,58.9441,0.9621986,0.98278517
41.945324,44.59164,1.277614,1.009968
58.82548,59.712456,2.0475554,2.0570316
52.273796,60.1285,2.1547434,2.27957
98.43301,96.87125,2.0026598,2.0217714
73.733826,79.44397,1.2935928,0.9092157
80.596985,83.73021,2.556238,2.4554837
97.19933,86.19714,0.64465445,0.9467627
56.177948,63.557915,2.8749886,2.7477598
65.46475,78.882065,2.6526196,2.8407102
52.73106,52.869534,2.1078155,2.0426898
5.7755322,8.981197,2.60807,2.4570622
66.11251,67.125244,1.6627799,1.5760111
83.25494,86.74173,2.5109215,2.550077
18.497967,17.870514,2.5273638,2.3888772
30.18169,31.871439,2.1490643,2.2109897
70.55337,81.038025,2.4291246,2.5457737
23.349674,21.7514,0.7996378,1.6966839
16.021204,21.81915,1.4463701,1.0029246
6.2453914,12.85667,1.9820123,2.1724408
10.79714,13.325909,1.5463895,1.9402742
96.77449,91.95766,0.7510751,1.165025
18.206322,18.165169,1.8009069,1.7353467
48.40031,42.7538,2.198788,2.0084858
22.552763,22.764,0.71876717,1.0893992
18.584911,12.532707,2.4078598,2.5630636
17.14546,19.059206,1.6720515,1.1240842
91.23202,90.95442,2.237479,2.2667267
26.559702,27.687973,1.560277,1.013556
91.96532,95.67488,1.3770242,1.3825257
5.192533,14.439854,2.883825,1.3473938
73.585594,77.26313,1.1005204,0.90141356
24.413969,23.80515,1.7774531,1.5007915
96.05498,91.56958,0.890167,1.141465
67.83944,64.248436,0.5733936,0.9792093
40.360287,35.788174,0.6081404,1.0414832
60.416454,62.929756,1.9255421,1.8784759
99.1663,95.56335,1.2684568,1.3848321
29.086626,30.418074,1.6115613,1.1038823
49.261944,47.75366,2.9325738,2.9153318
41.350655,44.130325,1.267585,1.0107775
24.326143,25.373306,1.2174535,1.0438268
12.610026,13.882301,1.36577,1.0820982
43.980362,39.607388,0.6737095,1.0422972
48.90156,52.406746,2.5127704,2.5481718
26.177399,23.26762,0.63719445,1.0556053
68.00719,83.61307,2.5897336,2.8296762
11.536682,11.360363,0.7132462,1.0748041
33.235596,36.59434,2.0727503,2.1491442
7.366581,8.440693,0.8204698,2.0603712
19.663862,19.944408,2.027969,1.9838457
33.7609,34.009144,2.4753788,2.6249962
86.20077,81.62475,0.68446237,0.8911987
38.428078,32.473297,2.8365088,2.6503148
83.08703,85.033966,1.9384052,1.9985116
31.80517,32.37274,2.3589587,2.3442223
85.55195,87.2191,1.7345657,1.7530292
54.17825,53.995285,1.8753479,1.9032509
64.55502,71.39112,1.5642115,1.0050302
65.319725,63.900036,1.7310033,1.6043211
87.325584,84.62657,2.896394,2.9057884
46.74158,45.548996,0.7327651,1.0385897
31.151026,32.094048,2.1393201,2.1587234
30.473291,21.384453,2.664718,2.4293416
5.5176177,12.215496,1.9018488,2.3873894
57.626312,53.66236,0.6224006,1.0681944
49.01466,50.946175,1.3356676,1.008945
26.494074,27.118862,1.7590847,1.6223775
10.327866,11.7711525,1.6305401,1.223567
21.125683,22.638052,1.5660014,1.1194054
67.36888,82.62105,2.3924785,2.4982944
16.194963,16.818436,0.8671923,1.3713626
73.74021,79.41827,1.2383947,0.89326686
41.034576,41.544968,0.7367317,1.0186656
90.14108,89.72499,1.0674775,1.1690638
1.5584061,4.1184883,2.1684418,1.8837128
97.43175,97.03958,2.1342158,2.167408
9.670409,10.39278,2.062868,1.7108122
7.359354,10.607204,1.6216918,1.9773278
54.828274,49.456245,0.61511993,1.0151162
42.275253,42.356968,2.1345353,2.1297975
44.722107,45.52857,1.0006809,1.0105448
61.74579,56.342274,0.7050292,0.97348744
15.109076,13.2375145,2.6706414,2.495959
1.6907556,7.681694,1.9561584,1.6620036
0.7617753,1.7899857,2.3153975,1.5254298
33.079967,33.354767,1.793669,1.8374988
31.056332,27.851809,0.6592067,1.0307487
45.47357,42.569885,0.83798945,1.0426357
23.213074,21.19565,2.0625858,2.0930786
97.868965,91.995674,0.7244162,1.1615157
9.754017,7.867756,1.7436761,2.120402
28.885508,29.43068,2.1515696,2.154234
10.801505,8.502785,2.9883618,2.7630775
52.34526,54.730392,2.145461,2.2439227
74.675476,90.79274,2.2167141,2.3546953
71.696785,83.32399,2.9411998,2.9479845
49.83118,43.91679,2.808959,2.7319698
47.492004,46.483604,2.1408055,2.0746832
72.527214,75.8853,1.2267168,0.9064616
57.95168,58.094917,1.0679002,1.001895
54.33662,51.392643,0.86049485,1.019464
59.9352,68.87685,2.0360746,2.2028546
95.22118,94.345856,1.9727567,1.9932065
65.467285,56.706707,2.4090118,2.2937691
20.135372,17.896751,2.12923,1.3687936
9.727405,11.010052,1.1684109,1.0542531
94.69057,87.89064,0.79212,1.0187578
17.602749,11.95813,2.9596617,1.930581
39.40475,39.675934,1.9291751,1.961937
3.7918093,9.136791,1.4142355,2.5632749
94.642136,95.28847,2.9515705,2.9656906
20.730658,22.35432,2.0681236,2.1209614
73.85535,69.26658,0.6898907,0.9407273
59.469048,55.216454,0.7001713,1.0199504
84.87589,83.1265,1.6215518,1.4971888
42.50854,39.765854,0.98332995,1.0053626
16.706387,4.663162,2.8257384,1.597287
33.982716,30.432991,0.8234378,1.035917
79.7882,81.26209,2.8511329,2.8771625
47.184277,50.373024,1.4023662,1.0108258
60.16359,52.991013,0.69543004,1.1196933
4.935766,5.5070534,1.0055073,1.1450768
1.3966957,2.9662094,0.82675934,1.2913023
23.703375,21.10121,1.7372386,1.3377333
15.770278,16.968277,2.507751,2.3981738
18.97467,27.00483,2.3358788,2.3594785
99.08618,95.836044,1.2886614,1.4153547
53.628513,58.021122,2.1741838,2.2448268
57.676605,65.58101,2.4376447,2.5290656
84.44537,84.40544,1.6456343,1.5194318
7.11869,8.513741,2.0248258,1.7778504
77.53026,74.73564,1.931137,1.9021446
27.321253,21.429443,2.564548,2.3233564
10.957383,9.148773,1.7499312,1.8643745
54.666317,55.24411,1.1122257,1.0202253
21.862991,19.474281,2.9563153,2.841587
66.53622,68.45524,2.5130038,2.5352945
16.113754,18.742985,2.4676998,2.7237544
53.94889,52.884125,1.1198229,1.6221738
41.754448,42.00673,2.3534763,2.3504078
80.05417,85.99794,0.93116164,1.526659
16.49418,16.25002,2.6083217,2.5127358
41.860905,40.12523,0.6048464,1.1279383
55.91027,56.756718,2.2882085,2.302593
64.92017,68.31943,2.0056634,1.890462
58.2582,53.53214,0.88283527,1.0602206
44.21599,39.328335,1.837473,1.9219581
11.131124,16.269215,2.1113691,2.1965213
18.43167,17.220448,2.2946618,2.1979182
62.217922,70.74644,1.4496704,0.95146996
17.598383,15.968323,2.532893,2.2715676
30.509527,30.718681,0.98230964,1.1674697
62.527817,67.28434,1.0577004,0.97558707
67.36561,70.780045,1.7586014,1.7276453
70.31106,71.27356,1.9182364,1.9310718
73.960396,80.34866,1.9836609,1.9768267
32.897797,31.250462,0.87131655,1.0976181
21.763535,26.44405,2.4463527,2.6267216
73.58641,74.094284,1.7397283,1.7718984
96.99076,95.941666,2.3754692,2.346447
12.106006,9.819275,1.4453455,1.4085509
33.212807,33.70205,1.1159605,1.2655768
15.565664,16.019245,1.7123011,1.4705012
33.613445,36.863235,2.5620153,2.620104
2.0758333,9.182415,2.0636864,2.5391667
0.97381294,2.827282,0.629493,2.3225052
96.20682,94.42819,1.3713112,1.3077577
49.027,53.071926,1.9291387,1.9163406
18.19747,18.674788,2.2698934,2.3796096
52.034492,50.6309,0.9492664,1.0003967
88.839966,80.24126,0.80878496,1.0518942
21.171034,22.14711,1.0579283,1.0474775
57.982006,41.867302,2.9804444,2.4502258
99.4384,97.808174,1.5577773,1.5718361
45.259487,48.21583,1.6650691,1.4544618
36.274193,35.324196,2.094704,2.113398
92.59032,90.14464,2.12653,2.0405204
77.03655,78.16048,2.0491045,2.0814993
34.954098,31.350945,0.6676199,1.054569
82.72542,82.90471,2.0565536,2.069457
86.83375,87.2572,2.1489556,2.1563172
79.43295,76.623825,0.5603556,1.0959646
87.43233,88.890945,2.0844672,2.1001854
17.431284,21.859428,2.2182136,1.1399095
71.59887,70.54171,1.7841219,1.4779981
86.27741,84.79149,2.8755503,2.8244677
74.29768,79.34596,1.9583852,2.0042145
35.511833,35.017715,2.2385032,2.1607118
29.734169,31.588963,1.9072194,1.8753256
26.4169,28.580513,2.7251446,2.6725886
94.09107,89.3873,1.1854527,1.4452288
24.894373,24.181543,0.69749963,1.1886951
80.35127,81.76188,0.9549902,0.9192378
68.55612,80.47754,1.5249426,0.89065826
99.10205,92.50658,0.9121521,1.1932898
26.018488,27.093304,1.3020191,1.1515186
24.75814,23.451305,0.6414437,1.7410637
57.433746,54.684196,0.910949,1.0143858
33.675835,30.34672,2.3807132,2.4247446
84.40525,82.46381,0.9763099,0.88433874
46.92628,47.054157,1.6895779,1.6245083
23.989765,15.382458,0.5172879,1.08131
67.50927,68.56446,2.3509386,2.3829727
62.172775,68.81201,1.2636561,1.0125934
81.44806,83.17634,1.7471106,1.7364599
84.03266,78.400925,2.0947514,2.0293553
37.548058,35.61122,0.8309037,1.0271912
2.747193,4.1391907,2.6705308,1.9863743
5.8355994,20.759384,1.3711591,2.7354589
66.533394,69.71597,1.199634,0.9321568
31.21731,27.469137,0.6873417,1.1406763
25.985115,26.119127,2.0121157,2.0172806
29.490911,26.39317,0.5424248,1.0166242
55.4398,56.91084,1.8121845,1.8565587
6.529473,6.4909973,2.199184,1.1183426
18.298086,27.9741,0.5081654,2.299727
41.405655,50.074852,1.7277938,1.9937887
35.457836,39.09025,2.4702199,2.6514552
77.77606,78.761734,2.019385,2.0417044
21.11233,21.707342,1.5808645,1.3116239
55.833828,55.38489,2.0542872,2.0417416
11.9323845,8.787712,0.7367767,1.6888113
26.772724,26.526535,2.1544242,2.072878
30.065376,28.897005,1.8125602,1.8087999
94.01473,90.345764,1.0431688,1.1563674
54.90069,54.934834,1.1312053,1.0106902
87.80755,89.36372,1.1499035,1.0780115
75.8976,81.97733,2.2733884,2.325522
1.0966884,13.171234,1.1910095,1.0902175
17.091908,16.327087,0.62791175,1.0290455
56.504105,55.74842,1.7486061,1.7392539
79.793144,88.08678,1.468722,0.9957906
0.46757707,15.016674,2.721186,1.9733466
2.4499738,5.8018074,2.2321327,1.7132819
84.851944,85.76692,2.7581148,2.7643633
30.157106,29.540768,2.4663663,2.4800692
94.56205,87.58252,0.8522077,0.9949232
66.01972,65.875,1.7981654,1.9544526
37.868385,38.910408,2.1655293,2.1522603
93.34067,94.7994,2.05185,2.1242082
69.59914,65.475204,2.8384953,2.8457341
39.2489,35.82714,1.0163383,1.0418088
6.3404346,9.947739,0.56622624,1.1390201
96.70446,92.76529,1.0827868,1.2626178
31.037903,33.660492,1.390199,1.030024
90.88787,81.45943,0.5200802,0.91708446
5.957959,7.594719,2.066264,2.1180692
92.55741,83.39194,0.63678753,0.9424423
0.9451894,2.8177872,2.2259688,1.5054817
75.31229,74.38229,2.9062068,2.8254545
67.668304,67.829506,2.4641943,2.469045
46.12434,50.235542,2.6268523,2.528394
83.842255,83.806305,2.2306294,2.2333467
81.8125,89.136154,2.7666268,2.8088818
82.0234,82.17402,1.8147937,1.8476067
67.85822,79.69798,2.9801145,2.9672298
99.35768,94.812744,1.1679335,1.3614299
79.055244,73.28986,2.9375386,2.9153156
63.33719,62.253124,0.9413827,0.97860706
84.82546,95.15934,2.751052,2.8595285
15.257458,14.662388,1.066194,1.399507
24.415668,19.56264,0.6957878,1.1492455
48.153572,48.06658,2.9584718,2.9253302
63.129665,63.402557,2.9526331,2.9337728
96.64572,95.76192,2.2479212,2.2433033
45.12117,45.940178,2.7701418,2.7704115
17.869144,19.201912,2.9588237,2.8386416
8.052638,10.699936,2.928467,2.6713257
6.7618437,7.9072037,2.480411,2.3751812
76.42918,80.157745,1.1635346,0.8987249
55.891396,60.006607,1.5804912,1.0761304
28.60265,29.678175,1.9495656,1.8824039
14.756813,17.564468,1.9059368,2.0654612
93.47489,93.82066,1.1191621,1.4044545
65.45105,66.02506,1.1773489,1.2385514
81.88362,81.187805,2.3506258,2.350754
58.476166,66.29779,1.3005266,0.9594182
29.33477,30.58606,2.6636312,2.6502333
80.92162,76.28847,2.6887624,2.6637702
30.339056,32.442085,1.7720448,1.7905073
66.67177,61.62786,2.5969565,2.2787244
45.316246,42.70533,0.74233174,0.98986775
0.5706674,8.246429,2.8354568,2.555907
21.773897,19.222086,0.54922366,2.0911355
12.398937,18.524548,2.6936247,2.1750784
99.0519,95.65825,1.3417358,1.3964541
28.595089,36.567165,2.4989092,2.5157254
91.08318,89.72655,1.75137,1.6692371
47.842045,48.76025,1.8688486,2.023047
67.55522,57.163734,0.6084179,1.0206926
10.674889,10.244549,0.83056486,1.1439072
49.58169,55.935883,1.509659,0.9984742
81.60835,76.30553,2.8217497,2.7177634
60.75328,60.261326,2.8128207,2.8071337
59.227222,66.69066,1.5251484,0.9780056
31.742258,25.80243,2.0795624,1.9658047
83.730804,84.141266,2.1461782,2.1681325
6.592438,12.30772,1.5533013,1.3908777
25.95056,31.750637,2.5188901,2.3459182
72.90643,74.25112,1.7656103,1.6997695
62.296722,55.292377,0.58394104,1.2249503
5.802687,9.395302,1.0942963,2.1214888
44.512123,45.045174,1.9717293,1.8391193
82.70993,79.0673,0.66086644,0.9033193
42.569885,47.026142,1.4989988,1.058031
92.64013,81.19482,0.65195626,1.1005502
2.0343719,4.5362434,0.99114925,2.4797316
89.077644,88.74802,1.7284248,1.7453445
79.88398,83.44266,2.5201807,2.5639095
19.843334,15.964859,1.15341,1.1429248
57.550095,60.284008,2.9957807,2.9694695
21.921492,20.65548,1.3238406,1.1039906
70.685745,74.52843,2.0130908,2.101677
75.752495,77.36499,2.0290747,2.0558968
4.6611295,11.295143,2.020784,1.9332643
33.924137,29.920197,0.66155213,1.3611336
71.932205,77.775696,2.6701455,2.649345
72.148224,75.64289,2.175206,2.2203217
98.90494,93.395584,1.6611973,1.7235068
14.0441,23.919785,2.3443532,2.7347322
43.24318,42.03658,1.336613,1.1909585
44.37083,39.830746,1.8155962,1.6418343
65.558876,74.07366,1.4001783,0.9029591
40.356064,38.216827,1.1474072,0.9854933
99.646286,95.901184,1.2727115,1.4696442
77.81841,85.36999,2.3570852,2.4377441
19.098618,11.22398,2.657047,2.4455206
86.89321,81.01395,0.806592,0.8657136
14.177054,12.350979,2.2808533,1.9020722
17.898836,15.160728,0.6433761,1.0739958
42.305084,47.02072,1.7220709,2.0452592
74.05795,82.32258,1.4078252,0.9004475
96.38924,94.40455,2.5942597,2.567229
61.67236,61.34173,1.7912389,1.7289191
20.556831,16.894932,2.8076527,2.5418024
65.1149,63.754726,2.0821533,1.9040184
26.503477,23.072756,2.4187455,2.2370543
78.05909,82.07295,1.607264,1.279525
22.883934,31.314606,1.560086,1.4708027
68.1277,63.27781,0.8147103,1.00916
43.18854,47.770287,1.5360231,1.0339055
77.23804,78.96669,1.6523017,1.3372978
29.583937,25.73084,2.0784223,1.6432157
28.293358,31.911198,1.180138,1.0982723
54.4125,48.032513,0.57345843,1.0838766
27.883371,30.74603,2.441819,2.5083976
12.959602,10.253304,0.5743829,1.5903506
49.459217,46.919014,1.8114552,1.6522642
1.1812593,9.477837,0.735285,2.6870804
3.782231,9.415131,2.982111,2.1450531
67.56943,60.017883,0.5632629,0.9826794
22.748919,22.60116,2.3152604,2.2675455
47.046696,50.885246,2.5266042,2.6379828
87.85168,81.97632,2.8403022,2.8068824
60.190697,55.779263,0.53513896,0.9614108
91.003,91.41794,0.97809076,1.1609889
7.554143,9.180035,0.8566403,2.554979
20.613813,20.873806,2.254415,2.2739546
67.50228,61.70478,0.52346486,1.1020467
4.4199724,5.8219795,2.288299,2.2636163
6.1532927,17.912277,2.8465996,2.783946
77.98151,81.519424,1.1970516,0.8988718
29.956696,39.40463,2.9388585,2.9416595
79.942894,78.91499,2.2284224,2.2412364
4.9344907,3.563465,2.5478084,1.7019842
45.52787,40.690506,0.54559153,1.0237036
60.303394,59.226707,0.9888844,0.99797213
71.62078,75.86236,1.3812504,1.0236219
63.26667,65.076195,2.3352442,2.251632
57.239807,57.60942,0.8799892,0.98661834
68.988846,66.11148,2.8808799,2.909187
3.8554327,7.902977,1.0139426,1.9174923
94.417534,98.13251,2.4450853,2.3797817
97.55235,95.36102,1.6269717,1.6332657
61.331768,57.246338,1.7669076,1.3582458
58.044296,61.433186,1.6913897,1.8789604
67.44919,62.033577,0.85652834,1.0474703
25.166338,33.14418,1.3940358,1.0343604
54.754826,64.13264,1.3381729,0.9520578
25.801832,27.526314,0.91919804,1.0574212
43.85432,45.729404,1.2711358,0.9838083
20.438637,20.557302,1.0620018,1.0655506
38.406635,40.494186,1.2548805,0.9990854
36.847202,37.998466,1.0134025,0.981547
73.29769,65.2362,2.3525453,2.303626
55.59589,56.433674,2.065976,2.076525
45.955208,43.6543,2.0320594,2.0108705
21.331635,21.923967,1.9395299,1.8764788
70.206795,77.71241,1.2600149,0.8963245
38.428703,42.015965,1.472712,1.0098526
5.2821083,6.7703705,0.600273,1.3451114
9.121679,15.141159,1.02296,1.1696393
19.698782,19.909433,1.9108893,1.8542538
35.37697,35.489555,2.72727,2.688705
8.565461,8.815746,1.429936,1.5679666
36.160915,40.926956,1.7267541,1.7208065
70.90017,79.194435,2.3264875,2.4116004
89.3679,90.326126,2.7694812,2.7692494
31.985037,34.70318,2.0653384,2.1470256
92.741066,95.35884,2.5343869,2.479432
89.48444,88.31508,2.6367857,2.6271436
20.28604,22.362106,1.8063368,1.05115
70.88999,72.940384,2.7462332,2.782084
33.42614,28.390753,0.59005797,0.9987791
48.313576,48.689503,1.7683449,1.2395227
26.032246,19.292715,0.7466335,1.1202872
85.51172,80.652664,2.84804,2.805406
32.67836,40.731396,1.4308884,1.0000494
52.842377,53.128902,2.72217,2.683503
4.478777,13.950737,2.7693124,2.4420328
65.11596,73.0932,1.4859586,0.9251537
65.049614,73.64897,2.8664584,2.7804794
52.521347,48.810352,1.7983552,1.5597354
87.411766,91.96544,1.3629421,1.140338
91.40123,79.32904,2.7469387,2.6472266
87.02362,87.29869,2.103908,2.1073537
77.80807,82.72071,1.5946224,1.1539412
84.417595,87.53836,1.3056257,0.94703925
17.313967,15.239735,0.6261243,1.350607
61.13737,64.129364,1.3277466,0.9768256
71.221344,79.8165,1.8743824,2.0412014
60.630642,49.741844,2.3164644,2.1803598
65.703,66.802795,2.5942638,2.6053567
68.90208,66.892426,2.2694635,2.2282667
97.81081,97.658264,2.8745317,2.8947
87.464874,85.91058,0.9293291,0.9191644
99.211784,94.89624,2.9213412,2.8661923
73.50501,79.350784,1.4072022,0.9679461
78.13585,76.549835,2.5804074,2.6377988
37.246994,35.930405,2.5843596,2.4509187
97.88124,97.97667,2.6856256,2.799405
18.78881,24.208633,1.5660518,1.7538043
94.18065,94.24653,2.1224275,2.1151547
30.10552,30.98201,2.0154207,2.006337
53.507477,61.77707,2.2524219,2.3726006
21.438463,25.680761,2.3944783,2.5082216
99.75028,97.53854,2.706032,2.7032557
84.33852,84.69252,2.5495098,2.5406792
33.578583,32.148605,2.2025526,2.211938
9.182264,14.404869,1.822534,2.1049266
49.5735,52.14945,1.2974871,1.0223815
56.499165,55.911602,1.7931143,1.7999806
79.74987,78.01978,0.6693759,0.91531456
94.312355,83.41235,0.59192157,0.9909565
69.61668,71.200066,1.6157286,1.3354218
74.89111,74.26641,2.3189597,2.3103223
51.14274,55.80882,1.7765521,1.8241093
94.259705,92.64007,1.1700743,1.2076195
19.271345,26.179594,1.9629675,1.9565127
87.458015,87.48499,2.1423783,2.081644
53.057167,48.4147,2.4914362,2.4799445
30.631102,28.345564,0.82024634,1.133991
69.853065,74.73276,2.7483845,2.7898674
81.12734,79.935875,2.9952354,2.9492931
72.062836,71.18285,2.2945306,2.3292644
44.27607,44.105717,0.946882,0.9835854
83.03129,83.10028,2.9867008,2.9565904
86.54342,87.22896,2.9677022,2.9455981
3.6197262,3.8831558,2.6462126,2.1954842
33.21802,36.63126,1.7563266,2.0275235
45.48188,45.141884,1.951011,1.9707189
51.800617,56.060375,2.7998202,2.7545726
87.92459,88.784424,1.7613825,1.7700387
27.798935,25.601254,2.8706212,2.8256226
22.246105,12.786434,2.6930907,2.4604259
5.613779,5.713787,0.9697265,1.1551664
42.03956,40.89874,2.3655777,2.2670076
92.39819,92.0821,2.984586,2.9589372
72.73955,68.84807,0.52572733,0.9506681
88.26637,85.534485,2.7182302,2.6305184
9.982221,15.927475,1.9117777,1.3248534
73.11813,68.82756,0.88522536,1.364476
98.2509,93.86975,1.2780988,1.2669014
62.544495,61.58339,2.3886666,2.4146578
32.20062,28.957079,0.59580743,1.0557575
10.534722,10.421055,1.8796312,1.8978877
6.0613165,5.757015,1.6277385,1.5775398
58.326054,62.81377,1.2476107,0.9867194
30.33384,42.51912,1.8690658,2.349426
13.927907,14.719292,2.4379056,2.4115193
46.82342,45.25735,2.9938483,2.8639534
28.609747,30.683718,1.5905435,1.1428196
13.675291,14.714695,2.5544493,2.52502
91.90343,86.193344,0.8274272,1.0516334
45.445755,45.808144,2.099656,2.160268
71.68919,78.69142,1.373247,0.9125179
55.986916,58.304005,2.7786145,2.8459473
96.599785,95.407166,2.1431746,2.145448
36.80237,39.011562,2.65965,2.512402
31.232567,32.06948,1.0219691,1.0457318
25.062082,25.772345,2.6976542,2.782731
24.694283,27.273623,1.5578773,1.0259519
17.70249,18.856192,1.6189799,1.1732147
76.93367,71.68361,0.6591014,0.94770163
96.73744,98.87418,2.3416002,2.3627641
73.78632,71.93599,2.9235072,2.8972917
70.240585,64.286644,2.2161357,2.0919955
95.20381,89.1693,0.7280174,1.0152221
64.89514,67.75384,1.1081066,1.818962
43.14855,43.021862,2.1875634,2.1772134
48.076965,47.23403,2.1298044,2.0762854
0.13260072,0.9791527,1.5717434,1.7338425
81.734764,88.5977,2.6466708,2.697201
99.30763,98.98068,1.8899702,1.920274
57.96831,53.729355,2.0019894,2.037504
77.70569,75.524475,0.8408018,0.90308064
6.9696884,8.320484,1.4191427,1.1552042
83.65689,80.46076,2.2879624,2.3439755
41.234646,44.46093,2.7266731,2.711969
16.158129,16.812557,0.60805297,1.0521026
91.66987,97.34187,2.4560049,2.498785
34.88359,37.539944,1.4532611,1.12301
94.58513,83.02645,0.7730109,1.4719303
7.0855837,5.640831,0.6458856,1.3890688
77.4257,78.66817,2.9193137,2.9104133
69.05301,69.684616,2.9358227,2.9223695
54.724915,57.690376,1.5421594,0.9546792
69.328606,62.971508,0.5005195,0.9731978
12.033051,9.6920395,2.5120845,2.2111154
46.649597,57.069977,2.9256206,2.858877
53.05393,51.001667,2.7160757,2.667981
6.371617,9.582493,1.6020743,1.8990192
17.656921,21.239513,2.1706243,1.3997698
7.2002277,11.472454,1.0423766,1.3913974
99.73566,91.4131,0.8336795,1.1904963
26.801111,29.4922,1.5613238,1.0508698
13.320664,18.09843,1.3162441,1.4237658
55.72821,54.694973,0.9229432,0.99231464
29.46022,31.24148,0.59688276,1.0386745
70.7777,76.45672,1.2261527,0.9039749
86.95518,79.741615,0.5709674,0.9172579
84.19995,76.34554,0.6417117,0.90601104
29.766678,37.3806,2.6938365,2.7666793
13.103253,14.299965,1.5086157,1.3751065
0.85621196,5.58136,1.603252,2.359904
39.73645,41.74404,1.0299395,1.0005631
7.0946584,7.8877068,1.672694,1.9403762
11.67528,12.151466,0.9895377,1.1480105
71.66261,74.863525,1.1336336,0.9098129
30.799791,30.843369,0.5523463,1.0617
97.08256,97.85675,2.2271302,2.2809606
52.517075,52.15247,1.7828487,1.7914144
70.19523,76.3524,2.2431338,2.377241
77.074455,70.61313,0.66844136,0.94278806
26.82051,28.811893,1.4802884,1.0122899
71.24572,58.71463,0.6366047,1.5298288
61.45783,60.85663,2.7666173,2.7641816
43.852665,47.96349,2.7056231,2.6733294
87.26707,92.145676,1.5368036,1.2459342
36.96776,36.842484,1.7517835,1.6576574
0.8693014,9.673023,1.9641764,1.660452
59.778038,63.897858,1.5400695,1.1276797
31.286964,27.876015,0.7730722,1.1015985
84.08239,82.81047,2.0618043,2.1019409
81.05156,89.35798,1.6063672,1.6534191
36.68561,33.274452,2.6094382,2.5956938
52.205566,53.50199,2.8525813,2.8587644
76.51257,87.81508,1.5291202,0.9758393
21.336218,21.062893,2.2308724,2.1739478
26.978497,28.19,1.1968287,0.9903624
67.48136,65.87156,2.2117522,2.1812773
66.41009,58.0935,2.957613,2.921103
27.855453,29.364286,1.7023268,1.3441653
66.65729,65.6535,0.9468259,0.97802323
87.39538,87.391785,1.0599527,1.0258617
60.200603,66.05308,1.216621,0.9822609
26.320147,30.915155,2.5775533,2.5924253
33.881012,41.08745,1.9677852,1.995952
68.784386,73.19208,1.3019935,0.89572984
54.13119,61.117165,1.3293396,0.95999813
16.0777,12.524887,2.6896915,2.3472981
5.7277565,7.9706,0.62120134,1.5404133
19.762568,17.436012,2.7541118,2.5108957
78.844795,85.20845,1.6373149,1.2019589
42.252968,45.60753,1.4044816,1.0388598
57.740116,56.8591,1.7545087,1.7440857
15.478302,15.989571,2.1465096,2.095964
82.81056,82.30359,1.9635566,1.9313033
88.473236,88.76094,0.8916197,0.99066734
57.03505,57.47255,1.6174682,1.7931623
25.04594,26.661133,2.8054335,2.8844018
98.55216,94.67493,2.954168,2.8865807
88.62426,93.85281,1.6008083,1.416699
36.186974,39.519833,1.4010456,1.0364542
67.68022,69.06397,1.9912964,2.1010394
99.454544,93.11589,1.0558449,1.2657967
63.677616,63.2749,2.1766796,2.1296015
52.19978,54.13306,1.1694918,0.99526983
57.914417,61.21212,1.193316,1.0312531
68.7974,68.63168,1.0616487,0.9781396
82.15764,82.03278,1.8467784,1.8686581
55.461926,55.827206,2.4153645,2.4239428
86.2214,91.65468,2.8793733,2.8296251
68.13169,63.25054,2.1082344,2.08767
60.8237,60.175983,2.2486415,2.256454
48.96676,45.246986,0.8259469,1.1868167
3.8700223,5.0588646,0.54897684,1.3083663
38.917908,43.08308,1.4627315,1.0303738
99.81068,98.27933,2.4913468,2.4991958
73.68548,72.93655,0.79175496,1.0380592
17.719526,12.303928,2.5737753,2.3700929
25.362885,20.107077,2.5673864,2.638015
64.05484,63.50055,2.3039935,2.2804127
48.973587,48.876026,2.3117163,2.3171406
85.19734,85.49576,2.2339475,2.2075343
93.523766,93.85651,2.8613784,2.8852377
9.455307,13.2619095,0.6182188,1.1516318
8.38408,8.708172,0.8625206,1.2878547
15.608747,15.890385,1.7077308,1.4636413
72.96597,79.415,1.3266629,1.1850512
73.45883,73.91116,2.0580127,2.0651674
25.076601,26.790977,1.4200064,1.0406021
19.00907,20.66769,1.4724479,1.0755453
95.28673,94.66741,2.1288333,2.125124
73.41146,74.209946,2.4295313,2.4374056
83.52246,88.753494,1.6687068,1.7312193
29.351543,33.19673,1.8220314,1.9201345
94.23903,93.2386,1.025629,1.3263233
24.54737,25.166988,1.2406332,1.0430562
6.187299,10.503216,2.9131446,1.7431782
46.630535,59.865578,1.5155016,1.0648391
11.505766,10.931084,2.129348,1.5691177
49.78362,45.53339,0.89645267,1.0334227
97.4091,93.2239,2.7388637,2.697865
79.02932,81.67585,0.875985,0.89265215
69.602325,77.962006,1.4286736,0.9070635
20.219105,21.64826,1.9086795,1.0069377
41.026897,36.69271,2.4946887,2.3105881
15.454847,16.263264,0.8919069,1.1773064
63.23987,68.43029,1.5759542,1.0067525
4.827673,8.617752,2.4707754,1.9141527
8.337015,5.390522,2.7820365,2.2856836
12.052328,4.793289,2.7457218,2.463232
71.69829,70.130684,2.9454906,2.9042785
88.59337,90.880424,1.3142704,1.0733672
30.89114,31.098312,2.8015018,2.784534
1.432502,12.200138,2.1642392,2.2506785
67.31564,68.22982,0.6957856,0.9334631
35.428345,34.03813,1.0527241,1.0077368
50.896084,57.35072,1.4459484,0.97164357
26.996391,29.526928,1.247029,1.0890911
47.374058,47.686047,2.899867,2.9228554
55.082836,57.918,2.233458,2.155692
20.473866,23.673487,2.0046086,2.2226355
75.24931,64.10987,0.5395777,1.0693451
9.794685,9.642033,2.4694173,2.5444093
13.822057,17.23325,1.5606339,1.603136
34.99633,37.97983,1.4310386,0.9987903
52.957306,59.612236,2.4914098,2.5324817
39.369114,36.548977,2.0188048,1.3890762
59.632713,55.48556,1.8682741,1.8203155
64.851135,69.21156,2.4744422,2.5442429
32.41758,35.376427,1.3802599,0.98625034
55.098194,63.028587,2.1693842,2.275086
35.188385,20.964317,2.8210146,2.4709957
73.91102,76.36424,2.8243794,2.7796354
62.757473,70.78971,1.4419746,0.9371809
93.88823,88.77428,0.8720143,1.2942526
59.69183,62.99233,1.249598,0.98347396
89.85857,92.97659,1.8441783,1.8055913
18.321201,24.713034,2.3517177,2.236396
41.122257,37.141384,2.8755984,2.6004622
63.90774,63.257576,1.8649824,1.8888365
59.443424,59.335365,2.3064418,2.289016
65.93464,67.52231,2.9690695,2.9257045
70.83741,78.13905,1.3352437,0.8904678
93.51467,92.80288,1.6114119,1.2631809
11.244647,8.738689,0.96902865,1.603972
90.5369,86.38078,0.6723478,1.1134949
35.335693,35.43895,2.2940652,2.280646
11.320763,15.1049385,0.96248245,1.9668247
17.537329,17.760548,1.6610087,1.7434201
51.352337,57.872425,2.1417053,2.2738855
88.25828,93.5056,1.5046549,1.2787125
13.967782,15.466858,2.6057823,2.61739
90.58473,97.88167,2.6824868,2.7710676
31.78759,52.166786,2.943059,2.998715
29.687689,25.835651,1.2600933,1.4828223
61.870106,55.19284,1.8269577,1.8063747
63.039047,65.08107,2.71642,2.5625534
7.6808476,7.938774,1.4825809,2.230891
9.681935,9.499016,0.84642804,1.5495403
28.630306,29.059084,2.9507792,2.8403897
50.63893,54.444485,1.9328271,2.1263773
15.879717,12.827484,2.379703,2.1429605
97.83635,95.91184,2.7189426,2.715535
33.809605,36.192593,1.2106885,0.99339837
5.3790865,5.090393,1.9684141,1.8835602
0.058971677,4.973778,0.86251074,2.3516777
53.28567,57.99063,1.3319819,1.0246811
45.45051,48.70662,1.4483224,1.0700618
47.029316,32.805748,2.893093,2.782125
70.532585,71.54845,2.953376,2.934855
43.51575,44.732277,1.0092746,1.0097036
47.527573,47.539333,1.2553822,1.1113908
99.85188,92.87709,1.0501156,1.2681074
32.218285,35.29085,1.2653538,1.6729958
61.16794,61.494125,1.1367211,1.027921
79.534805,72.939995,2.8125806,2.8376346
95.28519,93.8747,1.2761533,1.2943997
2.1977768,2.5151176,1.9499278,1.9258574
93.02899,93.05083,1.3509172,1.2546978
5.116864,7.327263,0.8618341,1.727025
7.4839044,8.737648,0.87156445,2.4924297
40.09817,41.44314,2.7303767,2.700044
76.62341,86.62889,1.4967723,1.020124
7.4564247,8.966003,2.3221774,2.390882
97.15934,95.50393,1.8466967,1.83172
31.059332,33.270264,1.4657377,1.0101058
18.452791,16.822788,2.9014409,2.8417506
17.007578,18.407028,1.4433742,1.0592659
65.76248,65.08487,2.4073339,2.4053457
73.37105,67.73718,0.58297515,1.0089879
63.452084,66.759224,1.1327899,0.9719511
55.94156,56.665253,0.830247,0.9850467
32.439735,29.468657,2.85454,2.6207244
86.39093,85.298676,1.3535206,0.9079816
16.08006,15.704369,1.2678591,1.1571348
44.461754,47.168613,1.4837471,1.149639
7.7659307,6.5362015,0.9578891,1.263828
20.05083,20.86905,2.850578,2.2806447
95.31302,89.97467,0.8737232,1.0428064
98.650925,97.0569,2.210404,2.2287965
27.675497,27.455654,1.917997,1.867956
22.244555,24.203417,2.4461243,2.5271657
62.139034,59.93187,0.6117769,1.0508745
91.792885,80.530334,0.559788,0.97868806
75.03147,72.9087,2.103057,2.0131428
33.402466,29.947355,1.9581957,1.6854212
78.25599,77.14942,2.5907788,2.5638611
21.908398,21.183182,1.6780262,1.6789981
77.04064,84.82124,2.7824955,2.8398905
67.82607,68.64859,2.047268,2.061351
12.476322,13.929852,1.8984197,1.5594923
11.648028,12.476082,1.2160103,1.0951936
37.45595,39.810856,2.1069455,2.1110625
69.84212,73.50988,1.6622826,1.5963378
14.670778,15.168636,2.115844,2.1089962
6.3554144,7.5783577,1.8352599,1.7348046
2.5818646,7.3294907,0.70614845,1.3024807
0.6270266,27.80901,2.731083,2.7439547
72.12604,71.17278,0.75987023,0.9086003
70.77576,66.39187,2.1511102,2.1329606
76.75861,80.19304,2.268362,2.3621662
12.856436,12.655373,0.94085836,1.0598958
4.369015,6.9909286,1.2981849,1.8281293
76.95609,72.42261,0.65988934,0.93043447
21.137877,17.722683,2.8516395,2.7339668
8.739661,12.590626,1.3765953,1.253255
3.2811127,4.5637093,1.2366238,1.3867776
72.1789,84.743454,2.4963126,2.662118
3.025729,11.810093,0.88221264,1.5783145
63.244183,53.751865,0.5913352,1.0253842
35.239094,35.026745,0.98463213,0.9990935
51.32356,52.64737,2.2704222,2.0756974
56.979633,57.639732,1.2569593,1.5777996
54.40252,59.838654,1.2918663,0.9858047
68.528076,71.95197,1.2300427,0.9712771
42.47335,47.753544,1.0499269,1.8981369
73.77578,80.636566,1.3389016,0.90322816
13.2579565,10.140038,1.0988293,1.4963464
57.330734,61.225456,1.5958595,1.0792598
62.850433,64.61664,2.873178,2.811275
0.5464928,2.8336792,0.77406466,1.9600346
28.760672,23.099009,2.9015205,2.2857358
74.919365,77.51676,1.1553324,1.2407696
41.5551,40.002197,1.7227659,1.7951756
25.463095,26.996782,1.3200053,1.2236226
31.69932,33.23017,1.71998,1.6303586
22.900131,19.009735,0.73746884,1.2246222
45.656013,46.07166,1.3599333,1.0848017
74.39913,67.63728,0.65794426,1.0240957
68.6979,61.81141,0.62078834,1.0124528
59.146526,63.485832,2.3369663,2.3650007
94.40821,96.744095,2.4587834,2.479474
86.88614,87.240524,1.1177385,1.0597289
47.16632,45.408314,2.8682323,2.4522772
63.551327,63.622658,1.340814,1.1857901
1.0744039,2.5055733,1.8939553,2.1440408
39.487103,47.85929,2.6651514,2.645697
7.1428065,7.192215,2.264941,2.0275726
8.871029,13.71954,2.1943195,1.0676548
29.422945,25.22449,2.2960124,2.368183
9.85515,9.805576,2.3788505,2.1062384
60.034767,60.13217,2.1322992,2.1190693
8.427103,9.051231,1.8080778,1.3395658
3.7250288,23.048056,2.3002076,2.623634
39.996017,47.099064,2.3488512,2.6892905
69.22961,68.5871,1.8877189,1.9052674
7.222113,7.121273,0.7594108,1.1535263
10.888154,12.281418,1.7246383,1.552458
34.737404,36.11072,2.7553892,2.6931105
33.93358,42.36792,2.7942505,2.8835468
6.2448363,28.582747,2.3915641,2.5558107
34.103657,33.55038,2.1052332,2.1067214
84.55197,89.31917,1.338014,1.0618488
98.88656,96.98034,1.9411259,1.9209844
74.387,83.14897,1.3923383,0.9162798
86.17047,88.21358,1.9251287,1.9648659
77.33162,87.431274,1.473518,0.9692938
12.394012,18.75646,1.9897256,1.9520748
60.966175,57.003193,0.8391053,1.3885353
13.395692,9.703075,1.649976,1.2374346
22.37928,17.486626,2.9943304,2.5540664
96.60514,93.674866,1.112515,1.2767816
18.509836,20.066086,2.0391054,2.0752528
87.49669,85.09592,2.7721732,2.7760866
59.061687,58.439415,1.0293543,1.0441705
44.37001,42.19456,2.604479,2.542718
49.134506,39.215797,2.9881115,2.8455195
76.64936,83.830185,1.2699536,0.9117901
23.061846,22.692356,0.9609172,1.0387022
73.01187,73.82259,2.1222088,2.0865088
11.787281,8.425087,1.0210725,1.9244667
41.24037,36.828934,2.0560484,1.835477
78.08013,84.843506,1.4213423,0.94920003
12.330351,13.782806,1.5924156,1.2396963
19.240122,17.011635,0.9633379,1.2025256
6.9101486,6.5388565,2.046053,1.9059621
78.00815,78.10877,2.5104995,2.4781857
91.84296,95.16951,2.5607653,2.6131577
50.124763,49.138428,0.983142,1.0309206
34.94781,37.75886,1.8218075,1.9092779
5.201308,9.05051,2.0405066,1.0928707
94.39942,94.68015,2.0469067,2.0421011
45.987244,47.26413,2.7127635,2.7100568
5.3592215,4.8663635,0.53880787,1.9075518
94.00521,96.54645,1.1057916,1.4401765
38.078682,35.288475,0.9769923,0.9877182
45.640408,49.857647,0.78449255,1.0299405
80.13827,82.00692,0.96715987,0.88663906
21.086214,24.447697,1.9067422,1.8093207
73.15557,73.43378,1.961429,1.9811211
46.656513,47.03104,2.2942195,2.283934
1.697445,5.1135674,1.158696,1.9539691
93.17958,93.88586,2.1586094,2.2170255
69.496994,75.91085,1.3607504,0.9645431
61.393635,62.53881,1.679349,1.6123239
11.102612,11.31728,2.5726674,2.4504826
84.53831,79.61361,0.6821493,0.8953642
37.1855,36.96503,2.8921518,2.8559706
17.047533,15.671379,2.3412232,2.266177
39.17787,40.215256,1.8891661,1.8108829
2.0069067,14.159851,0.8950343,1.2560382
43.92271,45.2163,1.0877066,1.009561
69.97133,67.98515,2.025338,1.9454128
71.06081,75.216034,1.6294473,1.2192626
81.38392,81.54288,1.9243264,1.9573059
51.917164,54.54234,1.0773957,0.9788167
64.43019,60.002556,0.7819656,1.2244755
8.006617,9.099945,1.6036572,1.4108384
92.70792,88.56854,0.8784881,1.029891
28.061563,25.059626,2.3516738,2.2270052
11.605969,13.584454,0.6370402,1.0214266
40.842987,41.07319,1.0566299,1.017055
15.109698,12.490959,2.4643548,1.2091981
28.213665,25.777964,0.96170026,1.0095345
41.418816,34.06398,0.6754977,1.0165789
89.85688,92.59067,1.3626182,1.2880085
41.795677,40.51365,1.0636089,1.296277
75.75373,72.38675,2.0116525,1.8932989
65.12233,65.48286,2.8145096,2.7723439
79.54293,71.02149,0.8493804,0.95646197
21.57753,11.605999,2.986241,2.473848
38.071667,40.974545,2.5173817,2.5451524
73.1953,77.922874,2.5546277,2.6189327
12.193393,13.659157,1.4116687,1.0773451
37.411507,36.787643,2.924096,2.823512
50.727207,51.680824,2.9290626,2.96594
48.033054,48.78795,2.0474813,2.0624528
48.909527,47.901314,2.6794872,2.7900085
82.822525,82.90819,1.0364765,0.9397287
1.6424319,9.983406,0.7197071,2.2232845
99.435646,97.81195,1.808174,1.7897204
48.08646,44.387817,0.54681253,1.1354702
62.68062,64.31481,1.3820779,1.0056039
63.45399,66.25906,1.850501,1.8895793
32.610123,32.862713,1.833668,1.7840934
85.055824,88.37967,2.1548622,2.1536129
47.94862,43.60247,2.9459367,2.6888733
6.153164,18.152914,2.4789195,2.4157276
69.923546,68.46175,1.797448,1.7017472
84.993835,80.90911,0.71439016,0.8924463
91.6294,85.27123,0.7173996,0.9669427
15.37866,21.168375,1.6864568,1.2003932
53.847572,55.999367,2.4983883,2.5003912
75.89965,93.792465,2.6845474,2.8427124
91.18318,91.91623,1.2101924,1.2086055
51.170303,57.09652,2.8589203,2.8085706
88.55329,90.272,2.444018,2.4683452
64.741806,67.29208,1.1667076,0.98206264
79.78194,87.44798,1.4182594,1.006608
23.841888,25.18984,1.6364071,1.2704786
23.47338,29.19373,1.7864788,1.0305297
21.09813,24.194305,0.72314453,1.0447226
17.605017,21.51003,2.5994976,2.527741
49.71671,51.517014,1.2381985,1.0222332
13.085875,10.649677,2.566602,2.2892537
21.394312,21.465618,2.354002,2.2851381
21.126894,20.595863,2.6755018,2.106934
14.21968,15.988712,1.2778947,1.1654086
69.30923,69.34924,2.0327501,2.0435238
36.182945,36.623116,2.3208532,2.3005407
50.335426,50.76079,1.1006958,1.0617044
86.1963,85.97656,0.96122676,1.4442786
86.22838,88.29591,1.2619966,1.5940421
56.17049,47.76481,0.7212118,1.0073221
29.335709,33.656204,1.359259,0.9885268
74.562965,77.70004,1.1652427,0.99309635
30.31614,34.4734,2.010072,2.2995493
10.222992,6.803444,2.549545,1.7947087
66.30181,68.00265,2.4539087,2.4533725
82.632996,88.39096,1.27259,1.0420293
26.20414,23.330866,2.565316,2.5790412
97.856255,96.50032,1.989731,1.9773457
73.721405,72.59979,2.4490337,2.436709
29.371117,27.738773,0.55643153,1.3480597
17.578465,16.710194,0.77932346,1.0682356
13.198803,14.590099,2.406581,2.4442883
77.78479,68.20007,0.791484,1.1828685
90.40681,89.51374,2.3612227,2.4181294
8.581321,7.033787,0.65614235,1.212282
7.4440584,4.9865303,2.7482378,1.9142381
30.849377,29.338955,0.81034386,1.1780243
82.44251,81.84414,2.3437319,2.182342
19.402729,21.253958,1.1885715,1.3551159
32.77434,20.72982,2.9468424,2.747851
37.98851,37.31256,2.1261704,2.240881
2.7953837,4.40897,1.8982912,2.083113
50.60722,50.740494,1.027847,1.039782
54.174473,56.390762,1.6134182,1.513902
32.6463,26.136992,0.6457899,1.0924621
93.82951,92.451645,2.8310192,2.8138385
58.388367,59.560028,2.75242,2.7336442
89.70183,92.31946,2.5951214,2.6066353
11.343687,19.691557,0.6551934,1.2332969
41.11151,43.266052,1.9213398,1.8065553
15.203265,11.090557,2.9804175,2.125307
39.012028,42.839645,1.0426717,1.0372694
56.59576,56.27844,2.2134757,2.2015238
45.43733,39.3663,2.1797235,2.0606885
0.53878856,10.052689,2.1743965,2.1499689
49.745903,55.668987,1.4921657,1.0905203
82.870766,83.18507,1.8508439,1.8474342
52.276115,56.075268,2.5262027,2.6582203
3.6874948,5.0983353,2.0636,1.7169
4.376863,5.2541313,2.8488235,1.7440044
18.311886,14.555115,2.9507613,2.5728567
80.43567,75.244896,0.8547916,1.1028094
62.33824,58.811104,0.5261994,1.0297248
83.77891,83.86441,1.0364199,0.939153
10.757943,17.339119,1.3619802,1.0117056
95.2914,97.2496,2.0704026,2.1511161
19.495792,14.296188,2.22119,1.9550116
12.517177,13.121372,1.9305574,1.909751
20.937763,17.690113,0.6725526,1.2568879
4.7133107,2.3348846,2.8600812,2.217499
92.39206,84.92647,2.943417,2.866033
84.41752,76.488365,2.546086,2.564029
40.58085,37.562355,2.9905007,2.8156633
91.484474,91.27783,1.1918677,1.1444395
86.78391,85.227554,1.6787925,1.5370508
37.287136,37.222424,1.9199995,1.9300658
88.71224,92.30942,2.9631155,2.958283
11.788359,6.468197,2.770834,2.542366
29.847307,30.854239,1.1562545,1.4215744
45.99412,38.864822,1.8428181,1.7134025
73.891304,75.95238,1.3308744,1.0067766
75.906975,76.72264,2.6169863,2.6238763
77.40399,75.81242,0.90958095,1.1650028
87.01692,90.985344,1.381521,1.1774236
35.366096,37.07901,1.4055487,1.0013882
61.244846,56.867863,2.7562065,2.6386013
36.55182,32.267166,2.6327188,2.6544776
56.78017,57.986122,1.9601909,1.967949
30.42346,25.403986,1.2404603,1.0711961
40.43426,41.90311,1.3317885,1.0379207
56.10296,54.93822,2.4960663,2.4960675
14.935431,10.858379,2.4145937,2.4602575
19.5691,20.198338,0.8372427,1.0251966
64.66133,62.295986,0.7877158,0.97610176
73.421005,72.73486,2.3755064,2.3576028
47.0816,53.775284,2.5605567,2.557368
54.59065,60.40074,1.5368404,0.98860234
99.04768,97.493286,2.3696592,2.3747463
81.05823,67.81552,2.7987905,2.6090643
78.17151,83.77174,1.2273121,1.5372345
71.59762,80.27727,1.3684582,0.9227555
86.777054,89.36374,2.514349,2.545831
9.148927,7.679676,2.043439,1.7482423
21.854673,22.651278,1.73047,1.6964555
77.08961,82.33925,1.2375642,0.9228906
84.712326,87.543076,1.7101701,1.775693
95.85454,96.848076,1.5845017,1.4538199
96.817085,87.840775,0.6382677,1.026515
22.391973,23.509773,2.307756,2.4177039
59.212486,69.46762,1.2600634,0.932768
18.347824,17.72556,0.7275854,1.0394354
37.19956,35.814693,0.9397295,1.0291015
70.35473,73.90772,2.5754015,2.6204424
11.196795,10.615715,1.9104395,1.8507401
72.07555,76.21443,2.34345,2.4088778
11.526749,13.561794,1.5748752,1.0576398
80.79728,84.72361,1.5788145,1.1207533
26.66272,32.076195,1.4436276,1.7518452
1.2635825,10.919605,1.1783131,2.0325408
75.94118,67.83707,0.68761444,1.1564963
87.84529,79.69864,0.562024,0.8608721
80.50184,84.46819,2.1037295,2.1811543
91.41125,91.97875,1.5916588,1.5726233
54.267212,63.75003,1.4874225,0.9302129
45.537548,46.157238,2.43509,2.4316132
28.015982,24.482384,0.80577624,2.1568162
62.295406,51.912216,0.65830463,0.9812716
75.42752,82.38301,1.0950776,0.8912499
75.974976,81.63252,1.5588723,1.4598414
21.20024,22.977943,1.3103302,1.567533
79.336525,80.31772,1.396184,1.6603053
77.67391,76.74678,0.852713,0.9050144
90.55214,90.22135,0.82139057,1.0690198
41.11991,43.646282,1.6876965,1.690014
43.75744,43.41955,2.5808873,2.5230234
77.04966,86.70412,1.5321759,1.145721
53.130005,56.935127,1.5604507,1.0888927
1.407984,6.5879326,2.7073824,2.173053
51.839123,48.056812,0.7221827,1.0263209
95.685524,90.99878,0.93179524,1.1711159
81.06507,82.541626,1.312669,0.9135403
19.582012,28.557009,0.95113146,2.2195504
83.62604,86.99777,2.7532191,2.7700477
17.131433,13.673817,2.7845905,2.5170836
29.360786,30.199951,2.843518,2.8023767
14.101128,15.092251,1.9733429,2.008969
59.265347,61.662807,1.1131657,0.97945255
99.96646,93.74624,1.1024063,1.2901968
31.604347,32.761986,1.817564,1.1702409
38.914795,45.34522,2.4052203,2.4853806
51.132385,37.155785,2.8800483,2.6147532
4.8265266,3.0421486,2.616668,1.7191155
44.330807,41.500183,2.7268972,2.5666502
62.9353,65.90288,2.6377637,2.6482382
31.127771,31.599796,1.8174835,1.6666516
22.553396,21.380384,2.5075054,2.4825099
51.612095,48.540714,0.79101443,1.0277544
87.2379,88.66962,1.9317456,1.9535203
62.772,66.37389,2.0808997,2.160366
57.27388,56.653084,1.8695792,1.8627306
54.745304,48.08469,0.7684337,1.2188499
71.949615,79.698456,1.2044141,0.8862575
34.657135,37.285015,2.278751,2.509191
45.096233,36.93203,2.9136784,2.8073916
92.80417,92.77099,1.1507689,1.3686879
55.556488,57.27163,1.1076691,0.9800131
44.737926,46.98301,2.6964428,2.7864637
53.529675,60.81987,1.3990328,0.9964887
28.153687,27.933018,2.3466055,2.3076842
81.50046,76.34942,2.9180737,2.8638837
90.49599,88.17676,1.7770602,1.6751405
90.200806,93.81241,1.2918028,1.3085186
87.87894,89.22283,2.4527495,2.4699993
25.84906,24.025684,0.66091454,1.3701842
97.194145,94.71012,2.7451801,2.681515
40.984707,43.816006,2.9733212,2.9575815
39.40953,40.754654,1.6370472,1.1574562
8.103075,9.768082,2.7080216,1.6388143
53.880318,58.82775,1.8326259,1.7863
76.95836,72.26909,0.7082983,0.9443795
48.90613,45.767815,0.7768337,1.0307466
91.43836,92.84006,2.5823336,2.5923328
33.026142,29.214901,0.6237797,1.1647365
35.828075,31.753273,0.70855045,1.0244402
44.90188,45.093815,2.491082,2.3290772
37.518967,47.73642,1.3905873,1.0038984
93.59108,91.14166,2.9526136,2.9153037
37.17008,34.797264,1.6471848,1.8073862
37.653282,39.719772,1.8047469,1.862044
21.874441,21.784159,2.7427864,2.691481
74.99239,75.20113,2.847128,2.77169
57.74391,70.912926,2.6879454,2.7971954
51.440807,58.05049,1.4517827,0.9803811
38.68564,41.316525,1.0911815,1.067524
14.187904,10.373966,0.9376448,1.3560985
69.981445,69.91326,1.7591714,1.8023787
45.332005,46.763977,1.7805551,1.8251687
80.10612,76.602264,1.8650253,1.85759
88.94239,92.4144,1.5629402,1.2417175
47.351635,45.541714,2.0624053,2.1216853
90.34729,84.390274,0.5626324,0.9463499
42.40874,42.564896,1.7464596,1.7112706
93.587814,83.586494,0.5675343,1.0143235
89.17792,92.723434,1.8850254,1.8894217
86.49935,80.26954,0.5015692,0.8808206
54.86781,59.22404,2.8703704,2.8613274
92.836426,86.76128,0.89283174,1.1045296
12.101423,11.142506,2.8316371,1.5681485
29.714577,28.12093,0.7535318,1.0304526
91.409676,88.90265,2.6204715,2.5843534
43.38688,39.677063,0.64633226,1.0229685
38.97444,38.16057,2.3017247,2.2677436
87.62117,79.150536,0.5293349,0.95859456
43.51106,40.129993,1.8419423,1.9171958
15.796639,19.52082,2.440399,2.7076757
79.70893,84.634895,2.0299344,2.1983047
42.540146,40.4012,0.60136503,1.0048277
89.82162,88.365326,0.8675469,1.0450296
41.042572,31.953217,2.6188147,2.3428907
24.872862,22.659466,1.7157853,1.9066141
83.94662,83.81102,1.139612,1.4448527
45.093006,43.718155,2.7190652,2.7157893
96.89722,96.60158,2.528594,2.530341
92.44362,96.14559,2.1411083,2.2114289
36.456535,38.39752,2.5837376,2.5564966
38.24341,35.661095,0.62993175,1.1336722
42.00915,42.242165,2.3133492,2.3113651
69.13074,60.820568,0.5051816,1.0027071
34.75337,42.04962,1.4944415,1.8399888
82.7955,83.33762,1.7054647,1.7423227
94.51166,94.44142,2.761383,2.7624235
7.9375176,10.457226,2.1873376,1.990354
97.06828,88.66272,0.68217105,1.0197208
27.458393,25.07124,0.5553838,1.0144329
20.55212,17.019646,0.5381523,1.194859
9.835635,8.873257,2.841939,1.3755605
98.32852,95.95453,2.6816046,2.6904173
20.592093,22.086372,1.8408123,1.5730346
12.420352,11.172352,0.6573071,1.2154584
45.25596,43.63715,1.0446321,1.0137243
37.639874,41.222034,2.935444,2.9445686
77.40512,73.59184,0.82246923,0.9703816
94.286644,92.94498,1.193835,1.2578007
54.327988,58.381676,2.3996494,2.5037577
65.57889,65.41048,0.8570201,0.95528567
0.13946854,1.132103,0.7036543,1.1834228
60.84256,58.930164,0.92730266,1.1576202
98.81215,95.54765,1.6223098,1.4861012
23.837027,21.021395,1.9699908,1.7861043
2.462356,6.6419525,2.7947147,1.5280114
65.14913,62.574085,2.8000064,2.7303813
59.00899,65.49938,1.2769244,0.96559316
57.201973,62.26996,1.4228046,1.0143406
96.31229,95.1629,2.7837803,2.74555
64.98989,73.45453,1.6023887,1.1169949
38.191105,32.35887,2.6403265,2.6414926
36.324024,48.383476,2.860874,2.946402
37.368923,37.0309,1.1160506,0.9906093
36.942314,39.070988,1.2111751,1.3811985
63.026817,66.86166,1.4349172,0.9919738
46.958183,50.290264,1.6581364,1.0606847
61.406757,66.89639,2.7197793,2.7394676
39.85975,42.009125,2.4480941,2.3411028
53.017067,55.33449,1.4335763,1.3068585
99.548134,96.82568,1.5397732,1.4755927
67.42851,64.37051,1.0761031,1.0521572
99.39617,96.42642,2.11495,2.0671694
39.073383,39.61806,2.343646,2.3278222
61.34536,52.498867,2.703413,2.557108
59.583794,66.237404,2.3890834,2.3463473
40.264927,43.157745,1.3459201,1.1822633
1.030729,2.1273384,1.5911595,2.0920653
28.75907,29.923578,2.4664426,2.4090903
81.49781,85.97316,1.8806316,1.9444814
43.01169,44.27419,1.4164122,1.217001
20.616219,23.021729,1.1858237,1.0065237
79.610794,86.38835,1.5625942,1.0704408
4.408512,7.6564445,0.9620488,1.7444477
84.09273,82.55699,1.9188381,1.935768
19.013231,18.006292,2.4163651,2.0231476
94.09844,94.41366,1.3796186,1.3212705
5.869501,6.4738083,1.6291887,1.1927085
6.628873,10.32803,0.88736546,1.1528596
75.74222,68.96044,0.7105272,0.95983315
70.04658,82.537476,2.5283997,2.6138735
79.26104,79.47106,2.5794108,2.5813916
55.850945,54.528168,0.79129374,1.0016129
76.24706,78.81406,1.6270176,1.1199899
15.409323,7.228058,2.4365506,1.7866907
28.513567,25.62539,2.360897,2.376165
84.73007,87.59241,2.6493456,2.6680217
35.4711,33.664055,1.0232106,1.0321898
25.61285,23.72334,1.6806165,1.1242161
33.140003,35.53312,1.8127207,1.7354598
64.71989,62.112797,0.59827787,0.9769249
72.713394,73.11135,2.2568965,2.268404
51.711773,57.11658,2.7329314,2.7521584
48.602882,45.49536,1.0659602,1.0150516
90.88339,92.58925,2.3676054,2.3909316
79.30197,78.98333,1.8676775,1.879309
82.567,87.00928,1.5869294,1.2390571
51.73109,52.78958,2.2333424,2.2021372
85.1911,82.06287,0.82511735,0.8936543
82.91419,75.848526,0.7942444,1.2003746
27.869043,29.96554,1.2814368,0.9922568
75.017555,76.03342,1.9344089,1.950396
98.62801,95.10552,1.761964,1.709542
76.028275,76.64641,2.947582,2.9293785
68.069466,73.75363,1.2951492,0.9194668
83.0989,82.617805,1.8576672,1.8877333
58.32251,58.624794,2.0635862,2.0569746
3.8959255,5.908016,2.9692626,2.9611795
45.794415,48.309147,1.3519076,1.0602808
96.08536,88.1747,0.74418175,0.9991156
97.29822,94.40193,1.1565866,1.3070343
10.756915,10.299221,0.66006273,1.0872989
17.879229,14.425476,2.965865,2.0261421
38.320175,34.761093,2.179988,2.2976227
48.400635,50.558933,1.2512823,1.0235803
66.84556,63.78519,0.5496223,1.5780956
73.003716,76.51878,1.1055818,0.91051376
83.44046,85.41928,2.185875,2.2306104
30.797043,28.201218,0.81176466,1.1699407
26.823257,27.753721,1.162409,1.093508
93.60059,94.03802,2.229244,2.2938902
27.18012,25.665707,0.516712,1.0832663
0.008608005,10.941563,2.456067,1.6065947
64.317055,50.660618,2.8658981,2.571587
25.338251,25.436625,2.7705007,2.6923685
10.081579,10.375671,1.3237032,1.3413146
88.58481,94.21773,2.2355855,2.335406
89.387474,89.155045,2.996923,2.9656801
6.19434,8.969276,2.1362586,1.8442907
23.306011,21.950647,1.2106749,1.0602175
75.77347,75.8209,0.92798895,0.9061158
52.870354,50.357883,2.158217,2.054294
2.7488532,10.911957,1.309454,2.7881694
47.080673,42.576054,1.8998924,1.5777414
67.19474,70.06718,2.931279,2.919395
80.262085,77.18731,2.0297382,1.9491899
97.86271,97.16101,2.763799,2.742082
98.20744,96.05255,2.3160012,2.208173
38.00741,38.10961,1.2620667,1.0176592
86.70365,84.40819,0.8531245,0.91068727
20.033672,19.55668,0.7799206,1.2357666
53.955406,53.99567,2.3375013,2.3419867
16.1998,17.61385,1.5245035,1.0325388
56.74,56.635418,2.1066427,2.106059
99.568954,95.4017,1.7716023,1.7029974
51.969578,48.045696,2.9477034,2.8671026
40.588593,40.525887,1.7577673,1.7474419
93.31078,93.97558,2.1437793,2.1523793
80.055016,76.70693,0.8164964,0.9524815
27.71273,29.72514,2.467666,2.6383486
67.03072,77.93535,1.5831,0.9065936
28.24441,20.39852,2.9657936,2.8019214
15.913646,10.500706,2.1005523,2.5835452
55.41887,52.86646,2.845855,2.780837
5.15854,8.258041,0.7724284,2.2828174
42.428207,42.452374,2.2769856,2.265139
52.037903,48.947117,2.2549725,2.219957
91.2501,84.33765,0.7590796,0.9166068
35.22534,31.809296,0.8910503,1.0154068
16.393188,17.567062,2.186827,1.9930104
95.28491,95.78363,2.0267775,2.0466251
10.437994,11.02528,0.84684145,1.2057018
13.333667,12.408638,2.417667,2.184975
51.680992,54.569,1.1539049,1.1406825
20.005354,17.930843,1.9315082,2.240871
77.81543,77.9558,2.269238,2.2906523
23.996819,25.281729,1.3336574,2.0444348
50.46867,48.748543,1.1345763,1.0280371
15.405539,14.20602,1.0056119,1.0933027
53.713997,55.444298,2.8040326,2.6841557
93.961555,85.60095,0.5050201,0.9312932
36.26502,17.80777,2.7464917,2.5893648
43.63817,51.53891,2.752521,2.775949
2.4841106,11.014481,0.8970775,1.9622157
80.35345,78.120026,0.7973846,0.90232456
16.406116,15.988316,2.225643,2.4857614
8.544453,13.430832,1.9185753,2.0937157
90.59871,96.339134,1.5194775,1.5875263
3.6242573,11.244911,1.6942052,2.168102
94.82092,94.1906,2.2136035,2.2227426
59.874893,64.33523,1.2980566,1.0041795
64.29252,63.09671,1.8007675,1.804507
58.595875,58.617485,2.1706734,2.1077085
98.84087,95.921555,1.898843,1.8884343
39.873848,42.473156,0.76677805,1.0212593
33.008873,32.366356,2.4647543,2.4746616
5.561489,4.2919846,1.4195442,2.0881
5.6748343,6.6317635,1.2619016,1.3154149
44.017204,44.022377,1.937812,2.1152763
97.82954,91.18205,2.28529,2.1853278
12.862059,13.918358,2.4047623,1.3582735
68.27438,68.82896,2.9293425,2.8924458
0.5700323,2.7739105,0.88998467,2.3299892
32.8858,34.13105,0.96779674,0.99994195
14.867939,19.251186,0.5518307,1.0323367
5.5922475,11.233204,2.1580477,2.3174748
13.868275,14.422588,1.9366544,1.9343821
62.936886,60.957275,2.7089298,2.7172523
2.8939543,10.750374,0.7872349,1.3735284
7.0099034,8.636902,2.9369304,2.8700128
15.433994,16.320766,0.65142494,1.7279454
69.68629,69.41514,0.97049767,0.95378953
16.629004,17.485851,0.76001066,1.1882029
21.580711,18.722864,2.4119432,2.1814034
96.20529,86.91025,0.71282226,1.0865142
21.400303,34.02758,2.805288,2.8842082
21.780842,24.431913,2.506762,2.4325533
5.364354,11.057304,2.4112687,1.8799018
44.19712,41.34581,2.7745523,2.7422214
48.665306,47.99831,1.7657061,1.7427858
73.631256,65.867615,0.69731545,1.4816891
73.43332,76.529686,1.1688472,0.9249521
80.46627,78.57628,2.1895514,2.1884108
70.878586,82.53085,2.385822,2.6108649
44.343914,29.89408,2.9626725,2.3967423
12.490638,9.0431595,0.66023904,1.3087409
13.406962,10.751537,1.0636505,1.6032592
42.92536,40.892227,1.1180869,0.9904394
36.405277,35.71767,1.4773784,1.0100975
65.227,56.037518,1.9317601,1.8200073
5.4069266,20.692186,2.5987742,2.5682025
32.939606,29.222292,0.5197418,1.0361456
5.0526075,4.5280037,0.6344548,1.4486761
86.64699,89.99902,1.3139303,1.1621487
27.290882,27.582045,1.9321382,1.9410675
59.611324,62.784622,2.7935724,2.7760944
93.48027,95.46156,2.4824665,2.5014102
26.49739,27.30675,1.0597553,1.8299513
51.941463,54.167797,2.5608783,2.6001825
76.02925,84.05012,1.3750017,1.0079081
51.411766,48.4362,0.8042951,1.0537469
20.16575,20.087803,0.9228384,1.4444704
85.17885,81.36343,0.7661006,0.9139362
35.4653,32.388496,0.6596462,1.063806
28.245955,27.767515,2.5211577,2.4789367
58.45261,53.89883,2.7847018,2.6819625
16.542728,17.759232,0.90132934,1.1206584
8.652549,9.5439415,0.83493704,1.333445
99.08533,96.73211,1.6999907,1.6374668
97.60195,98.06156,2.5461414,2.515573
80.66701,72.90248,0.557455,0.9353972
86.74537,89.97615,1.3885512,1.0631776
85.240486,89.916794,1.3976758,1.0823406
87.32437,85.53592,0.9738938,0.94713604
86.044846,85.721436,1.0940554,0.93133587
15.541788,16.066063,2.1385126,2.0982368
41.535027,41.703266,1.6244848,1.2572052
97.070335,82.539856,0.6030807,1.0529709
96.788055,98.075,2.177606,2.2064486
12.848404,15.30616,1.3849882,1.1326079
98.078865,92.8219,1.0266707,1.2485626
38.81646,38.600647,1.3783004,1.5611538
20.566084,19.096874,1.3696282,1.655939
45.12331,46.994728,2.1438744,2.210739
6.5334907,12.632191,2.715352,2.7539515
80.286385,82.75104,2.0929272,2.1438334
64.7269,66.45468,1.0293717,0.9513161
18.860575,16.756004,2.142883,2.291975
93.68678,93.70863,1.2989944,1.2980667
77.18363,83.8803,1.5398135,0.9502718
31.519373,31.382072,1.7906073,1.2287989
52.65189,52.87273,2.681147,2.7544603
69.68651,68.6478,2.9808931,2.9454584
50.19201,42.8593,0.50833553,1.0939115
92.65778,92.795105,1.2295742,1.2062616
54.14683,57.87121,1.2337339,0.9752257
21.655045,22.299088,0.97824305,1.0952861
18.089418,11.54578,2.7152045,2.712298
77.92985,79.33655,1.574114,0.9077779
86.36987,93.187805,2.560496,2.7041838
53.072166,57.226112,1.8569684,1.9934685
92.222855,95.24248,1.5309135,1.3965275
97.234604,96.05649,2.178008,2.181557
50.099052,49.691345,1.070454,1.037324
10.338372,4.853554,2.7327359,2.1295795
31.51153,34.394085,1.4076746,1.0287163
42.53881,41.296223,2.3915052,2.2820802
11.4923,15.884281,1.53625,1.1555772
69.292725,76.35716,1.9200922,2.0556457
17.205599,8.026962,2.814077,2.2405615
53.676598,49.776245,0.811893,1.0730546
34.640644,38.674644,1.516251,1.0147806
11.042471,11.523792,1.1696489,1.0114155
37.17988,38.103985,2.2783995,2.2707114
36.108917,36.433376,2.696804,2.6202772
46.7611,45.57577,1.002053,1.0373446
69.57512,74.182816,1.5936313,0.9109397
9.915298,6.3600807,2.424584,2.4919596
79.18639,80.52596,0.93598396,0.8750286
79.98496,81.62048,2.280462,2.320231
38.642838,33.72449,2.7397623,2.6907475
38.461323,57.28512,2.5511174,2.7385385
73.09151,76.19095,1.8382723,1.9623579
37.168507,31.602509,0.7822469,1.6175952
39.978077,34.55757,0.8077982,1.166748
93.96282,94.0735,1.3748702,1.4723655
89.03375,89.11496,2.1452978,2.175679
82.71067,78.88794,0.81637263,0.91657287
60.784756,67.57709,1.2225617,0.9765938
99.13848,97.765854,2.0352921,2.0399997
21.004248,20.258905,2.7086158,2.6587915
69.697815,77.79556,1.4727612,0.9094326
44.702198,47.160507,2.0977566,2.2430372
53.400265,51.325943,0.7574316,0.9985126
42.42645,44.56447,1.9155506,1.7976534
71.995544,71.39911,1.925123,1.8438948
80.61262,86.58534,1.3231727,0.96003383
56.316185,55.32785,2.5120163,2.4823432
86.87144,87.84244,2.943361,2.920416
43.668472,43.439888,1.8991883,1.9734364
91.97988,92.33361,1.3302263,1.1630535
51.128235,51.660244,1.8275435,1.8458414
92.60373,95.71818,2.3409755,2.4470613
9.920914,8.774448,1.4108797,1.6220523
28.975277,34.004463,1.5968122,1.7344679
91.18384,91.72168,2.389199,2.4240618
76.60587,78.20511,0.7609135,0.86853105
19.621647,16.108555,2.9440386,2.7153902
59.56565,63.4195,2.4967558,2.5476723
40.667805,51.45487,2.5374854,2.6848602
25.690277,28.504139,1.4101777,0.9961051
40.402924,41.0811,1.9796203,1.9839718
30.635689,29.850386,1.7993379,1.6623069
82.3855,80.75734,0.8663879,0.8870976
13.854583,20.859287,2.1585836,2.5897446
10.871221,11.08643,0.7264727,1.4167792
80.597916,78.297195,1.8952342,1.9384656
34.96593,32.81564,0.8911721,1.0438806
38.315536,42.748554,1.4111543,1.0350856
78.641304,72.99686,2.2918603,2.198841
29.335623,29.33148,1.1669884,1.0295742
15.646983,26.758577,2.454836,2.529988
57.55626,67.16751,1.3350484,1.0680723
8.290054,9.245071,0.8955753,1.6397064
16.504976,15.913647,1.2875872,1.9727925
64.60031,68.23839,2.4802864,2.4503787
45.453953,49.87573,1.6083637,1.590803
29.200502,28.100636,0.7400862,1.128699
83.30662,86.39933,0.9607053,1.0152718
74.52999,74.42876,1.0333368,0.91773796
8.379347,10.01609,1.128833,1.1925607
93.09851,96.22508,1.863844,1.8626764
7.945641,9.229557,0.6173161,1.3459306
12.5466795,16.263058,1.4698373,1.8176425
71.64248,69.18648,0.88310933,0.9757019
48.95665,49.67641,1.3429688,1.0136509
50.939323,57.7089,2.9053688,2.9630656
19.176353,21.283787,1.8317375,2.1466818
57.635895,58.718613,1.2307097,0.9993355
71.31395,64.46288,0.7447333,1.5353861
78.38537,80.67309,1.5640799,1.6680379
67.14558,76.3664,1.2701344,0.92687863
32.482212,25.933317,1.9560521,1.9399972
87.87724,88.00102,1.95509,1.9806515
65.8483,68.60643,2.7189326,2.7467084
80.044914,90.33806,2.033359,2.136684
87.71048,89.42015,1.9067641,1.9465163
46.70888,46.521587,2.2079487,2.126616
85.49394,85.59856,0.9648723,0.93095356
47.18703,47.0512,2.8457704,2.8067598
29.159533,24.687857,0.5371689,1.4543073
83.52242,79.696495,2.1651826,2.0910974
35.128822,31.606272,2.7860227,2.8460202
98.13307,97.287796,1.423379,1.4572703
70.55395,68.43713,2.4180326,2.3378224
6.1146507,11.787655,2.7675421,2.493829
55.10387,60.249752,2.7546394,2.8388877
74.64335,81.666504,1.329938,0.8995248
52.8671,52.354626,1.7534341,1.10921
70.53015,69.99747,1.1743175,0.94767696
74.279564,76.56914,2.6838512,2.7196681
91.365746,92.766235,1.7012806,1.7425508
83.46355,83.23494,1.7413303,1.7667744
75.0104,85.71738,2.1133955,2.3770854
87.374535,78.60347,0.5164643,0.8904535
21.624653,16.564667,0.5505072,1.2066817
45.47103,44.099167,2.16181,2.125996
92.94975,84.50872,0.66884565,1.0202928
11.150308,5.603134,2.9944355,2.4985554
93.694,92.79396,2.64897,2.6285772
26.050978,25.278887,0.9301369,1.0234658
0.040583484,1.3289871,0.9070554,2.348178
37.502018,41.363037,1.49603,1.0747763
60.540867,58.849945,1.7497338,1.7533016
72.18053,80.305336,1.3690896,0.8846521
56.389805,60.80818,1.3959109,1.0107481
24.606766,23.421604,1.1222247,1.0341339
31.078537,24.585384,0.56777203,0.9893252
95.77567,95.124954,2.0958076,2.104605
92.66722,96.514496,2.0943177,2.1908796
26.79033,23.672895,1.1656475,2.0038898
92.9604,96.510315,1.4716709,1.4618679
54.353485,51.969166,0.9898202,1.0724006
50.627026,44.862614,0.97879493,1.321797
28.064545,24.354155,2.6709814,2.7641582
75.02654,75.75621,2.6363218,2.5679622
36.44725,37.591606,1.1215757,1.014292
65.517296,67.59587,2.5963547,2.5942464
49.213966,55.019745,1.0288988,0.9671058
15.527499,9.968597,2.7742417,2.6611426
90.511215,95.367035,1.4067571,1.3662137
20.71676,20.53165,2.0168734,1.9148082
48.10414,46.447598,2.367615,2.3123832
89.72098,86.07808,0.71972686,0.9432504
34.246567,35.294426,2.7338395,2.7786357
61.53923,56.29649,0.65468276,0.995803
29.870636,30.042454,2.93762,2.8617072
19.849474,20.66952,1.6434492,1.2969769
40.01267,40.621742,1.1436756,1.032969
39.87599,45.58586,2.0130336,2.1802185
68.14804,84.62173,2.7010012,2.8367548
58.75782,49.202477,0.58201563,1.3241814
57.313507,51.51102,0.59489083,1.0201674
45.433838,44.385487,2.406132,2.3700294
32.34569,36.4236,1.7113134,1.6187212
69.75115,65.267075,2.0504708,1.9442266
72.198944,72.92136,1.1663215,0.91485506
74.935974,74.44113,1.8030176,1.7613977
66.78408,70.1064,1.1793222,0.9428606
16.416094,15.531086,1.7087222,1.0703187
80.7857,81.21115,0.85392755,0.89445
30.986843,28.033514,0.94210815,1.1047778
32.377934,30.469309,0.8122324,1.1366944
95.22217,93.69045,1.138267,1.2500771
35.64449,42.7727,1.8765799,2.0054243
79.43275,82.905136,2.1331282,2.1996539
90.82479,93.759766,1.4416227,1.2874845
67.96832,67.66664,2.141752,2.1447716
0.09309919,5.334854,2.6259735,2.2851932
41.166416,41.145878,1.8856099,1.8699477
57.532726,64.57825,1.5096766,0.98570764
76.643,77.64646,1.7647464,1.7641103
48.27091,49.09365,2.6144834,2.6189928
10.855835,5.0827866,2.9347904,2.5226068
20.404303,13.439449,2.7373762,2.6063337
32.2576,31.442003,2.3907733,2.3494027
83.62048,76.938416,0.5586644,0.9031123
95.208565,94.22468,1.439121,1.5019121
75.91589,74.95006,1.859377,1.8806858
99.722755,96.77101,1.3653688,1.538543
51.10817,44.293198,2.6470969,2.5021884
35.300213,37.112343,2.8220875,2.8106384
64.679405,48.60829,2.963175,2.776425
25.308077,31.594095,2.060576,2.1523514
52.708645,49.73517,1.9078872,1.9274268
0.5883489,5.7384872,2.1106324,2.2327142
10.884972,11.122505,0.58603173,1.3491082
4.9302893,9.393467,1.5122048,2.218649
73.00374,71.48327,2.1350222,2.0351174
73.26147,75.531456,2.9872015,2.9035208
86.177216,88.51657,2.0206144,2.0584645
25.852613,34.69584,2.6182098,2.7994108
23.108784,21.299372,0.8933738,1.5939195
10.421404,12.922878,1.6026614,1.0629
91.174866,92.37186,1.3310889,1.6309189
42.540833,45.06333,1.2956163,1.0441911
69.64154,64.4197,0.73132557,0.9991358
72.14833,67.97153,1.0267981,1.2758696
92.186646,93.15014,1.5865097,1.480416
39.893356,31.622429,2.987865,2.5450444
92.61101,86.18767,0.81914353,1.0089518
65.86219,69.6766,1.2521249,1.2472337
89.99088,91.57006,1.4766519,1.6730938
93.23773,91.13225,2.3062534,2.2954626
98.44695,96.24899,1.6142608,1.6130542
19.562674,20.064215,2.1306405,2.1959577
37.921883,36.309517,0.83347124,1.0327421
50.193153,49.162785,2.481535,2.660822
66.940735,66.054886,2.2502444,2.252135
71.63118,66.143715,2.5872474,2.4672184
33.80123,34.192783,2.1451635,2.1278353
29.760534,29.726856,0.8579224,1.0586901
21.5868,19.386736,0.6666244,1.0849456
8.885474,9.517792,2.1790223,2.1406474
93.02869,83.09857,0.52399874,0.93796086
19.548367,18.105772,1.0776837,1.1375983
45.146816,50.691223,2.8372593,2.8887937
43.316765,44.68151,2.7002141,2.413924
11.377194,12.757065,1.4878435,1.8111376
18.065327,12.03643,2.6752677,2.2346897
53.02416,50.328247,2.704679,2.589243
40.11128,49.737785,2.5228739,2.7910652
90.05539,92.80061,1.3984485,1.2153599
40.280727,35.64259,2.882543,2.7795882
84.34086,81.40931,2.466757,2.41345
20.077408,22.293886,1.4002287,1.028394
10.350666,16.291039,1.7549224,1.8832573
80.57748,77.96403,0.7911234,0.89720297
62.51977,64.92623,2.1187646,2.1235626
75.71331,68.68745,2.3767097,2.3237002
97.19134,94.1632,1.3589466,1.4737358
60.17872,53.449295,0.57953376,1.0281034
32.505203,33.817947,1.528397,1.867668
83.992714,74.22837,0.7234323,1.0837774
81.40259,74.24596,0.5030917,0.91677356
90.56292,87.66866,1.866745,1.8373638
72.36645,63.4161,0.517145,0.995711
26.071934,31.465515,2.1343684,2.2535515
73.70092,78.10213,1.6892033,1.4947703
62.22077,62.506508,1.9454188,1.9629068
62.163765,69.21577,1.5876771,1.1305573
93.34703,94.4124,1.8088553,1.7943972
69.16598,80.25758,1.522578,1.050386
15.761592,18.594738,1.3998435,1.11165
20.396105,18.767342,1.8942021,1.7988223
57.530464,55.229053,1.0585288,1.3107581
95.80644,95.21422,2.21546,2.2112067
11.342929,12.917641,0.686464,2.3197858
24.560863,22.728224,2.4157872,2.313825
61.830338,60.333904,2.9211278,2.8677645
16.379807,18.641006,2.4673216,2.439836
49.39663,50.211582,2.5017729,2.513046
89.51117,89.71452,2.2714353,2.2755666
93.2747,92.58266,2.3613126,2.3460698
42.910362,37.81179,0.7467008,1.0206897
90.71909,91.43826,1.6170236,1.5458109
88.79444,85.75851,0.8432444,1.2720407
7.712587,6.2621307,2.445666,2.2120574
66.92988,72.04608,2.096882,2.106803
41.638496,44.66355,1.5795208,1.1100683
72.61626,77.744,1.3373998,0.8677969
37.13938,38.865772,1.6870258,1.7777243
77.4356,79.73967,1.6374104,1.456558
58.32826,57.283253,1.8564658,1.8443373
22.088634,22.029032,1.799978,1.8711399
45.892635,48.577267,1.6646905,0.99235564
77.84276,79.79237,2.9027827,2.8044763
69.66515,72.94933,2.1423106,2.1199844
41.191956,45.60588,1.3548063,0.9997806
22.653751,22.911234,0.9640488,1.078865
59.809734,59.851917,1.7140568,1.5702033
34.230972,31.276037,0.6012485,1.2070717
31.316288,31.762516,2.9013708,2.8555682
68.049126,59.716217,0.6584765,1.0090144
64.77105,57.071205,2.3513021,2.24648
88.78212,87.55115,2.459276,2.4866033
90.33463,82.32449,0.80405396,1.5906943
90.77988,74.04791,0.59843725,1.2992762
31.668985,35.70937,1.2970629,1.6456966
91.01593,92.864334,1.9961385,2.0182056
88.2342,90.292435,2.7305157,2.7479784
57.051884,59.74757,1.3606291,1.03428
85.48761,83.314674,0.7722557,0.89653105
85.48627,90.18013,1.5978062,1.0909026
55.90985,49.41406,0.60187125,1.0423067
7.4960766,12.573875,0.9480218,2.2837052
29.264505,28.10047,1.3915954,1.033308
9.29218,12.49725,2.0196643,2.6469452
39.410866,40.31962,2.5752528,2.602233
70.11965,63.26545,0.7148943,1.3571811
62.26243,71.765884,2.0053742,2.0809062
80.81475,74.14751,2.272466,2.2911763
14.093804,17.048668,2.447893,2.685702
36.355972,35.285744,2.0862076,2.1255312
35.433186,34.55265,1.7796743,1.2621363
30.369978,27.016815,0.60099226,1.0623884
84.436966,92.22598,1.3854793,1.1817787
99.774414,91.66136,0.76297325,1.2391557
36.712322,37.527905,1.1911262,1.115848
12.389809,17.043205,2.206473,2.5454142
43.219112,43.980175,2.0871496,2.1064868
39.550728,31.733522,2.646215,2.3945704
35.194412,32.241344,1.3306195,1.0248172
37.75997,37.920708,2.093172,2.0435176
38.377342,36.17745,2.8296545,2.7097144
38.499897,36.60378,0.9505552,1.0537995
69.39588,71.4858,2.8606803,2.9097757
86.48063,92.03618,1.3573391,1.1387591
3.0276482,17.958939,0.74752647,2.5380461
54.750362,54.69548,1.8636514,1.9489243
11.785051,11.0364685,0.50101006,1.078378
33.88137,43.079105,2.7805488,2.8226569
53.026115,48.2499,1.9889303,1.9595323
65.30177,59.23312,2.5269172,2.434649
86.94987,84.06694,2.0250642,1.9571834
66.93508,65.11445,0.74253845,0.9759067
52.93985,49.901905,0.79947245,1.0270594
3.975946,12.579056,0.5777414,2.3701081
58.892136,61.34441,2.9489,2.9145508
59.606583,59.49022,1.0126237,1.0006955
77.28975,86.162895,1.4207083,1.1276753
83.424675,77.3295,0.7079753,0.9259441
19.0289,18.267477,0.8338329,1.1113553
28.84857,22.673542,2.8419597,2.6918292
10.179165,10.716072,0.87474734,1.2442498
23.415895,25.829971,1.4716609,1.0429176
10.48119,15.846073,0.7697937,1.147248
95.65608,91.06134,0.97523075,1.1589396
57.888096,61.52637,2.470267,2.2866545
49.31167,48.05485,1.1026517,0.98949355
93.44195,86.85713,0.72030854,1.0344782
75.454124,76.54488,2.6893575,2.649035
49.81849,54.01209,1.6519581,1.3760443
67.33138,79.04312,2.770106,2.812696
59.039154,68.20654,2.8769743,2.9308743
45.701183,48.32294,1.858181,1.8805126
64.94572,65.642456,2.2707944,2.2765071
90.324196,85.069214,0.61747634,0.9515294
93.90996,85.88464,0.7937269,1.0541556
54.769432,50.190598,0.67413926,1.0263772
32.24464,34.251877,2.16438,2.1778998
94.43239,94.021385,1.8254151,1.8302529
55.201103,61.90947,2.533135,2.51114
26.389372,25.424252,2.4447467,2.4221067
42.724606,44.731544,2.5377274,2.5454257
69.485016,81.776436,2.1475937,2.2272928
64.605965,67.67916,1.666644,1.8298036
3.2923577,11.623104,0.5983674,2.6061769
68.001396,66.838974,2.409043,2.556165
79.67174,81.36674,2.2014525,2.2053936
61.0467,60.38985,1.8003771,1.8179091
39.690903,41.068,2.4132926,2.4110029
62.797207,57.9201,2.672865,2.63613
49.89324,60.445717,1.5208318,1.658671
5.6211777,11.985752,1.9570723,2.451254
10.977442,20.995598,2.420437,2.3111713
19.06929,19.399593,1.9617004,1.9393753
13.374149,13.8394165,0.5822612,1.1718134
27.155428,28.358965,1.0025396,1.0219052
30.770947,35.123295,1.4406065,1.0169225
59.19231,52.01932,0.6414814,1.0381413
28.826511,32.18403,1.0437155,1.9841983
44.685875,53.299232,2.4804332,2.7997446
75.74996,71.236885,2.7005994,2.5934453
71.76594,71.83146,2.013239,2.008488
46.199394,46.11526,1.9475107,1.9170355
4.4294977,13.007385,2.452042,2.6825962
74.020615,68.19564,2.1362464,1.9900016
43.533344,40.126293,1.0403465,0.9971451
70.49247,72.472,2.0292418,1.8246282
58.195786,59.84809,2.0509002,2.0849094
65.35595,60.944134,1.6228412,1.0290091
92.6304,92.65044,2.4166777,2.4204106
69.598755,77.97661,1.485922,0.91629046
34.4717,29.29903,0.6636489,1.1080993
46.84945,50.185192,1.4610686,1.0289202
51.75013,57.29633,1.3439511,1.0879378
79.03939,83.62663,1.6027594,0.93257284
47.10581,47.345413,1.0407897,1.0581731
64.70189,68.40659,2.5638745,2.5353255
97.572876,97.41591,2.3430097,2.3681972
73.32196,68.30575,0.57176214,0.96019447
87.224754,89.47801,1.6240308,1.6880735
64.5616,62.152504,0.96428955,1.0511999
62.396255,56.564316,2.906006,2.794088
89.6724,84.122894,0.6974535,0.9105003
40.919834,52.401783,2.7971933,2.9278913
77.0246,75.53127,2.7493796,2.7255287
20.637613,16.982655,1.9887428,1.9514635
65.724525,67.93959,1.9337765,1.9107637
23.888653,18.637197,2.7428281,2.530935
64.762405,65.554535,2.7691422,2.7387245
14.041336,14.026539,2.095651,2.0591109
78.80989,79.92195,1.6629374,1.6411363
56.36596,60.694847,1.3590317,1.0024619
98.559425,94.92287,2.9845583,2.9917774
87.67885,87.42609,1.7360401,1.7554455
92.66246,90.18681,0.94618815,1.117101
41.541714,43.547085,1.2656912,1.0456183
42.968716,42.693047,2.6607838,2.6684728
43.43043,40.6291,0.7526665,1.0269709
18.614815,18.179955,2.4475641,2.149235
99.427864,87.75685,0.8738109,1.2369081
36.225338,36.36475,1.2603065,1.7540201
38.256073,42.45925,1.4977747,1.0270243
12.480876,11.302776,1.9704866,2.1851761
92.45112,91.604294,2.593051,2.5655997
20.422014,28.824259,2.790988,2.8533678
68.09417,67.94758,2.6460927,2.6043742
70.61752,74.24519,1.6175735,1.2986988
6.0456,6.7945557,0.50461406,0.9934558
49.907555,55.19671,1.3579793,0.9969338
2.5974195,3.4075356,1.3838614,1.0767959
44.817123,54.41437,2.1194837,2.4778616
4.306005,12.636791,1.7559408,1.4610103
41.772705,43.015,1.4098686,1.0451484
79.173836,78.51657,0.8099839,0.8957851
72.572266,72.45178,1.6858648,1.6412656
63.916565,62.100376,2.9861333,2.9049888
49.10424,40.36014,0.78982574,1.0399628
11.035409,11.732433,2.5572298,2.5273526
58.43285,61.295105,1.3126366,0.9635036
73.88144,76.88981,1.7201805,1.733016
52.182907,57.852993,1.1063997,1.0180786
90.655334,80.60878,2.4696612,2.3584886
86.28059,85.54302,2.0406272,2.0134509
8.344342,16.070278,2.7405605,2.240017
75.223404,72.4639,2.8591228,2.8606553
66.507385,64.23413,2.321393,2.2695932
99.61357,88.060684,0.52235854,0.9568838
50.634716,50.388985,2.310107,2.2249606
99.48666,95.231094,1.2131516,1.4419658
71.445435,76.630516,1.333617,0.89762264
67.88273,69.122284,2.0498064,2.0820518
65.86468,60.67551,0.68668014,0.9975468
11.76461,19.194983,2.00607,2.4059448
53.71672,58.218163,1.6792897,1.8083266
34.546078,33.460457,0.89463234,1.0573473
42.971577,44.511353,2.4252627,2.4449425
94.96688,94.945145,1.0446751,1.3596432
71.81856,66.97263,2.8855546,2.8800774
99.35209,96.96461,1.9334893,1.9589018
79.24339,84.05058,2.0900836,2.1864686
17.891855,9.803886,2.6475701,1.9182554
67.375496,68.72312,1.0157506,1.0353429
67.538155,66.81442,2.7355783,2.7180288
64.05293,62.927338,2.3017547,2.270528
6.0548086,11.393749,2.8330686,1.1919274
62.371403,57.254948,2.465264,2.3772655
18.738205,17.528347,0.60127455,0.9870661
87.30773,87.808014,2.1553757,2.1715388
70.96417,65.48428,0.8751551,1.0245005
79.2168,80.13508,2.6666973,2.6718726
40.61466,37.42794,1.0906711,1.0884281
42.04244,43.330837,2.8698022,2.8519325
38.018295,41.05782,1.4631647,1.3476021
28.62434,24.613407,0.79421777,1.279805
5.299621,6.3679924,1.2422531,1.2221038
17.990091,16.806591,0.58854765,1.1239817
74.39968,81.990814,1.2740821,0.90151423
68.07926,75.63253,1.5860535,1.105901
49.47282,50.23619,2.6579916,2.627571
6.5214267,11.567287,0.953472,2.4039445
64.75997,69.70031,1.3078874,0.9604612
25.385628,30.215765,1.6999451,2.046646
27.790863,37.4226,2.8481476,2.9462714
53.17341,53.769085,2.9032702,2.8889856
19.557245,21.338686,1.2847557,1.0613179
9.494133,20.486526,2.611914,2.8018434
82.20533,82.504,2.4737043,2.539226
62.18779,60.794727,1.0181946,0.97574264
40.907394,41.385414,1.918127,1.9141266
56.767242,60.14158,1.3080653,1.0036596
41.334183,41.16611,1.7595836,1.7408674
27.490532,29.924517,1.1600562,0.9927878
4.9619203,7.4482994,1.7492539,2.57024
23.620163,22.29745,2.077091,1.988954
7.188963,6.533325,1.0631334,1.3014625
21.496807,20.99487,0.93371415,1.0502961
74.47807,77.652885,1.124463,0.92170256
88.64228,91.11314,1.5268776,1.3327382
27.568697,29.108093,1.9171792,1.9205989
74.161316,73.84328,1.8650421,1.8879473
60.341057,65.57904,2.92239,2.9541712
7.823578,13.278564,2.4881256,2.5634239
67.59153,65.62524,2.874314,2.8874762
88.39225,88.66779,1.0801617,1.0372746
26.557783,22.923895,0.9669719,1.168273
41.541973,41.748463,1.6559659,1.677857
41.17818,37.84549,2.0984488,2.0914056
54.150513,54.47656,2.1384745,2.1098998
86.030174,86.5703,2.421123,2.4264717
27.311619,29.033327,1.1176276,1.2980909
47.66796,47.90725,1.6627674,1.2189867
19.369741,14.703629,2.0651243,1.978109
94.40708,94.33804,2.58068,2.5916605
34.156754,35.064312,2.7289183,2.705793
95.54311,95.48183,2.7357218,2.751203
75.920074,74.61037,2.7065434,2.6449413
18.380163,18.701193,1.2735881,1.6602954
84.63369,90.65129,1.4451392,1.1168891
2.275655,5.9568214,1.031943,1.8030216
6.845008,13.930462,1.8701516,2.6850903
76.25646,88.53841,1.4218197,0.9855455
37.4538,41.66835,2.690184,2.6087396
10.114531,10.628658,1.8750246,1.8314545
16.01141,20.717325,1.4246172,1.879446
75.291916,78.14824,0.8785904,0.8937116
72.236244,78.50818,1.369315,0.88433546
66.51678,72.00129,2.5811517,2.5218806
