true_cbf,pred_cbf,true_att,pred_att
1.1564991,6.752941,1.6202266,2.1897957
73.55399,74.08278,1.8552415,1.8838083
59.37541,63.4125,2.4530916,2.4325578
61.17423,56.326797,0.72118753,1.0381882
2.896089,2.0080528,2.7908807,1.8592443
11.967427,7.9774475,2.597155,2.143641
94.41376,93.957214,1.9351194,1.9373338
83.955055,85.5246,2.3883455,2.4287586
28.165813,26.54113,1.0239103,1.0908108
54.907738,59.116356,1.3870697,1.0369992
52.51123,54.355225,0.75166035,1.032649
93.25665,90.50386,2.6132135,2.5394123
9.6157675,8.874794,2.0584385,2.0242648
87.826935,92.130066,1.2999678,1.2119858
20.596333,23.288975,2.449647,2.2644868
30.734447,30.914803,1.7288402,1.6059207
93.967705,92.38817,2.3831615,2.3230042
56.268063,56.9876,1.9631112,2.0406222
2.9409993,7.9100113,2.9450214,1.3975691
93.07967,93.39453,1.3127618,1.2458546
72.52924,65.123634,2.1163487,1.9272538
81.54141,84.827156,2.0207484,2.0459356
5.832674,5.470543,2.5024107,2.6970568
26.003447,23.62692,0.5084481,1.1144695
36.687057,37.763275,1.9460654,1.9108407
78.19421,76.95548,2.2366908,2.2310143
4.183142,10.364521,2.008609,1.6839445
92.73199,86.86134,0.71251863,1.0650666
19.872602,20.76583,1.7840109,2.0194337
88.32245,91.03683,2.5005498,2.532585
16.298937,14.717102,1.9988707,2.215106
23.794207,24.990881,1.1561805,1.3957244
75.760796,76.63742,0.8717549,1.0390882
72.34029,74.437546,2.2822287,2.2958534
80.43078,85.68003,1.4367347,1.280591
25.74639,25.090603,2.2506866,2.2438555
79.96995,83.28744,1.608909,1.3862522
36.19346,34.80274,1.0336478,1.0620401
81.76641,80.72266,2.2949588,2.2859466
82.41607,79.71263,0.9795279,1.0434084
94.90578,91.57005,1.3379858,1.3536438
10.267626,17.094833,1.6781133,1.3013452
9.773277,6.348854,0.88601375,1.7623234
98.06707,90.29237,1.047137,1.3321843
93.66888,88.62155,0.9650566,1.1438832
43.50308,41.862343,0.94105285,1.0320128
84.11336,88.35004,2.578543,2.589909
96.390114,88.77366,0.7712285,1.1297233
28.919245,31.074934,1.4375579,1.0976021
89.746284,88.992905,1.0610763,1.1241627
13.314322,13.170143,1.917766,1.9051661
67.4617,66.7595,2.7800944,2.7876894
19.393707,23.76746,2.0442998,1.6931609
66.01165,64.70744,2.2085917,2.1583474
42.921432,39.553024,2.877579,2.83643
10.753798,9.35651,2.6335385,1.7691005
53.179943,52.848736,2.4442198,2.4497106
10.654949,11.835964,1.0652405,1.234722
83.121124,78.29847,2.9613404,2.927606
80.81221,81.87185,2.57672,2.5746388
52.94199,52.962906,1.9591739,1.955929
64.50952,65.546646,1.7179115,1.4747007
42.6538,38.253033,0.7855216,1.03072
73.905594,66.111496,1.9688736,1.9375207
26.968044,25.002829,0.6750607,1.1133084
4.9019513,5.5621376,0.84778094,1.0741193
96.17719,97.08337,1.4975691,1.4714562
10.678392,22.207554,1.7423776,2.391648
85.431656,90.42714,1.4966351,1.647982
93.87466,92.77106,2.5914419,2.5686991
85.39487,83.59175,2.5644042,2.5452387
87.09184,90.28154,2.903043,2.8948977
51.750446,52.376774,1.4583015,1.0447682
41.52793,36.290825,0.8216476,1.1616797
21.559685,20.391064,2.2186258,2.2897754
52.85416,48.257565,0.5261534,1.0708523
71.79351,71.5042,1.7490262,1.6985897
75.848175,69.7236,0.50871724,1.0082927
76.64305,79.29951,2.5520117,2.6054592
43.862003,43.7292,2.732912,2.7448297
87.89865,85.81612,1.7186291,1.7369156
51.139427,51.534668,2.2556686,2.2787921
87.80268,90.03578,2.7322395,2.760848
66.777115,67.26899,2.5468173,2.4105551
31.383514,29.48528,0.80339783,1.080774
45.48025,41.17633,0.7706972,1.1467235
50.65087,50.56591,2.7582147,2.6781497
54.00662,57.87268,2.9019563,2.8918366
97.457504,100.0,2.198091,2.3116946
96.179985,97.98988,1.2926443,1.5149188
86.607635,86.078415,1.7825813,1.7846687
24.007154,30.547392,1.9396844,2.0121098
36.196495,38.96026,2.521017,2.6417005
17.858456,16.547062,0.91560555,1.1676807
94.235535,96.09688,1.4524446,1.3658566
87.82389,86.51892,1.8413343,1.7887948
50.918068,55.018707,2.4317653,2.817546
23.185133,22.441774,2.0412405,2.005832
67.71025,68.28396,1.0952113,1.0182453
29.828793,32.333084,1.585529,1.52985
15.486176,9.316395,2.189249,1.8555585
80.0271,85.18054,1.4975317,1.124892
80.3338,84.239456,1.2777627,1.057111
31.30297,29.031654,1.0733961,1.1166134
59.766438,61.040497,1.7203653,1.6263318
60.598904,56.705734,1.85352,1.7578514
68.20124,62.291084,2.2613087,2.1326115
18.497128,16.925465,2.5378468,2.526445
6.198287,12.947163,2.6421251,2.7786202
16.234707,16.444893,1.203302,1.1129861
83.95667,79.42793,0.67285305,1.0853242
27.651884,29.179708,1.6691895,1.2459728
6.6064234,6.7863274,0.7079763,1.0692507
88.26891,93.5311,1.3406334,1.2653413
19.214762,12.051807,2.9214606,2.7231352
92.97417,92.205765,2.0588186,2.025838
48.97667,41.77462,0.69477975,1.0495617
74.25128,71.8795,0.89881414,1.0282452
73.679955,72.144844,2.877337,2.9291787
74.92188,74.99158,2.5918376,2.589769
5.8864717,6.4409943,1.5937406,1.2711821
57.17945,56.266323,2.6138606,2.6107244
75.89088,82.462585,1.4387186,1.04678
21.787157,20.750494,1.6935046,1.2597753
28.062372,28.908346,0.72561723,2.2367806
19.05794,21.585613,1.8127728,1.9461956
20.467367,28.963482,1.3516262,1.679584
71.867714,80.719574,1.4596211,1.0422847
77.11243,76.49535,2.3077428,2.3417363
48.988987,40.424946,2.991315,2.623307
74.95481,74.51458,0.78760993,0.98747605
77.66248,73.276436,0.7620501,1.0332763
81.143166,76.66537,2.1678572,2.1148233
83.62321,90.705956,1.4916635,1.1681763
24.813566,25.299877,0.87630737,1.5358379
42.129578,43.39391,1.1272639,1.0687482
58.21199,59.7432,1.8145651,1.8490796
7.244636,6.7132645,0.5297368,1.071182
20.755894,21.345337,1.699605,1.4742757
71.235664,69.97636,1.8600869,1.8500247
58.932606,58.165394,2.074932,2.0987668
48.64652,50.797886,1.7233429,1.7821338
95.586685,96.61365,2.4957554,2.543697
25.529839,26.799088,1.1126027,1.1506968
16.473595,21.440338,1.7521595,2.0189786
60.799477,61.93566,2.9374795,2.881609
62.803734,55.77967,0.6127997,1.5782398
36.444733,34.180466,0.7952227,1.0575746
68.15133,68.20727,2.8110275,2.8287497
89.824745,90.153694,1.2587554,1.2947584
5.7149153,5.1559486,2.8148024,2.7095487
52.496967,56.85339,1.6615473,1.1553679
51.729286,54.227646,1.8158448,1.8937318
73.68811,77.033035,1.1989939,1.026335
0.37860036,4.7101936,2.8565218,1.9967492
69.924515,70.73834,1.7320733,1.7147204
21.389,23.032717,1.2809556,1.1664393
59.285023,65.04541,1.0967926,1.0229337
53.401157,50.26368,0.8545707,1.0756588
45.134987,41.85401,0.6919237,1.0634743
75.36082,86.49477,2.5386343,2.665545
30.645334,39.560017,1.4315745,1.1250155
73.42469,65.76189,0.6152476,1.0254402
42.129105,43.77872,2.0069952,2.1656754
16.500195,16.388733,1.4893175,1.0707395
4.5026264,6.53553,1.1380187,1.2517183
13.197831,11.485043,2.830591,2.7874084
9.940635,15.31337,1.8106835,1.8793256
85.646965,91.52495,1.2094373,1.1442256
21.466055,21.41756,1.5355095,1.0732124
36.582764,31.428902,0.6558944,1.0551107
87.00906,87.397446,2.5563083,2.555781
92.320885,89.9858,2.8222759,2.8060412
1.0683336,7.2516937,2.1655972,2.2883766
4.7318144,3.1379395,2.610673,1.8938127
62.23796,61.309326,2.0206876,2.0219824
94.51771,93.7852,1.2179434,1.2813389
26.531357,25.65939,2.2754948,2.252123
45.621315,37.833763,2.7508943,2.5105925
96.15268,85.82685,0.60001117,1.057977
79.6112,67.03802,0.6562438,1.7311808
10.250744,13.7367325,0.81260383,1.3838216
77.46681,73.8599,2.370797,2.3093383
92.16413,92.969894,2.2701824,2.257772
95.16798,96.37321,2.4957972,2.5497627
9.682482,14.211533,0.5078425,1.4183012
10.883847,15.908497,1.0071524,1.4622223
29.964195,36.776314,2.320295,2.4226775
74.73112,75.23277,1.8486928,1.8360581
69.37862,68.59674,2.594845,2.6490993
75.42966,78.86893,1.6106777,1.6341166
91.64866,90.94304,1.1819955,1.1315084
82.48093,81.18655,2.834479,2.8257177
51.386757,46.01168,0.5783402,1.0495508
91.08684,91.259,2.135118,2.1783824
53.948864,57.239475,1.5302513,1.0654733
13.01172,17.789753,0.68810606,1.0682576
10.967068,10.329144,1.8235737,1.182296
36.677444,35.39928,2.5644033,2.564538
55.017937,51.008312,2.3942566,2.3136563
58.975094,57.965557,1.8856683,1.8944126
97.31558,94.57263,1.240858,1.3554585
21.018044,18.949583,0.645953,1.6625135
56.76434,56.80805,1.9380455,1.9709165
70.00593,72.53207,2.0209098,2.0052493
16.533228,14.374382,1.3000058,1.9951998
15.364513,12.085453,2.1091487,2.017181
66.98171,68.77518,2.2297869,2.2985742
41.7859,39.778732,0.7936103,1.0514395
91.252464,87.41124,2.6256666,2.5512228
73.01671,75.99416,2.4017234,2.5472016
91.67075,93.16619,1.6434519,1.4776533
7.997511,7.540722,2.8552823,2.8020282
26.295673,26.744772,2.5856087,2.5985296
33.348286,30.737907,1.8730717,1.8876002
23.647375,24.27009,1.0697732,1.89485
27.078426,31.63201,2.4656172,2.5925052
92.481674,88.06532,2.063777,1.9578096
26.680752,26.785568,2.059348,2.0570827
46.641598,36.924397,2.8350127,2.7333846
6.443882,9.661121,1.4178624,1.6216346
62.824577,67.792305,0.921603,1.0210772
50.77855,48.09452,2.5394015,2.511745
75.01011,72.37929,2.4027655,2.3945754
45.63601,49.799347,2.2026606,2.1934505
26.275778,30.087566,1.5621272,1.0712559
44.214016,46.32304,2.85087,2.8168094
51.426327,56.595207,2.512057,2.4912338
63.49664,67.12167,1.3973517,1.0782677
96.865234,94.05769,1.7229548,1.6674136
34.35354,36.252037,0.8725081,1.1365619
87.67442,84.6467,2.7831955,2.78223
97.610275,91.47401,0.90224105,1.1855103
47.6394,47.180836,1.791494,1.8334513
80.68792,83.35521,1.9019023,1.9760884
36.091522,36.342842,2.152435,2.1263976
47.15958,49.6734,1.3104767,1.0545776
68.30726,70.34639,1.2070272,1.0130508
12.534798,9.393078,1.9251162,2.230319
48.063995,44.89454,2.470701,2.45894
92.881035,90.03763,2.9782584,2.9599366
75.182655,72.389465,1.8926662,1.8752601
21.396154,11.69379,1.8698196,1.3141757
0.9991323,1.8616524,1.0303571,1.5639756
17.969002,22.454079,1.8679088,1.8688577
36.77564,34.670868,0.8240281,1.0743984
45.103935,37.16639,0.6007624,1.0688
35.126373,40.42668,2.4738994,2.5965173
85.04482,89.52997,1.471882,1.623255
34.783398,36.769585,1.3278381,1.0737025
76.79357,71.15053,2.9327068,2.875742
67.17524,62.936844,0.6866307,1.0259168
48.720398,46.179237,1.843502,1.8853354
2.6100123,2.866417,1.2016453,1.8553557
11.277007,12.327778,1.832968,1.6441265
13.347136,10.204876,2.6565845,2.5783353
82.50369,82.21245,0.97071266,1.0310388
71.31824,71.543686,1.6536545,1.5923822
14.837451,16.199783,2.1351995,2.0464823
32.20521,20.469362,2.9286873,2.5188148
0.9898234,5.9601326,1.0913408,1.4560986
94.26573,92.42818,2.9255724,2.9261959
41.983185,40.196426,2.288504,2.2699895
99.26657,98.510475,1.6077456,1.6391501
34.27042,32.126354,2.136644,1.9690888
54.18697,53.200176,1.8232731,1.8122867
2.8524575,7.2306366,1.4256614,1.344125
14.902584,17.335445,2.1743457,1.7796748
38.81034,38.311146,2.131884,1.8991474
56.213005,53.893375,1.9697005,1.9463656
34.72839,33.832386,1.2107751,1.0368655
60.353844,61.00992,1.0696914,1.0382998
31.813677,31.25499,2.507702,2.5534801
71.04074,73.51131,2.1006713,2.1195583
23.603062,24.803324,1.2355934,1.3094085
26.200209,18.465618,2.9700186,2.9448843
35.587025,21.181597,2.3699899,1.2431669
85.66999,84.7885,2.2344484,2.2308044
68.02753,65.874504,2.4001672,2.3006296
37.244595,48.617603,1.2397777,1.0098301
8.330697,6.0613213,0.97058904,1.5097941
80.55401,88.8774,1.5081878,1.1489761
49.993114,42.580975,0.60427856,1.1224334
51.343403,52.802097,1.6913912,1.6908708
0.53719044,6.6498528,1.2089454,2.1333451
16.188526,22.197056,0.6838234,2.470885
90.27898,85.65521,2.118576,2.0636363
52.414627,51.214508,0.7849789,1.022609
29.643051,28.880318,1.570397,1.1276146
68.11347,74.62357,1.5156368,1.0844412
94.5656,95.87802,1.5756285,1.4812368
18.879974,15.056606,2.1575756,1.3244299
59.641132,60.502636,1.6878767,1.6676725
76.239365,76.25035,2.4939644,2.4977393
20.071867,19.000614,0.80804837,1.0807872
16.406254,20.633236,1.6422614,1.1167037
30.849749,35.68443,1.3665671,1.0683787
54.7618,66.33954,2.5889604,2.7784615
69.19627,64.67356,2.7730196,2.6566699
36.644382,37.505886,1.1907445,1.0869181
58.946644,58.41385,1.6277851,1.6506414
34.992508,31.577543,0.78549093,1.0374916
86.72653,88.18778,1.1630033,1.1262547
94.50352,94.000755,2.9267993,2.8857136
80.74446,82.83846,2.7552917,2.788682
8.3077135,7.384121,2.4649384,2.5622656
96.81853,96.35298,2.462615,2.4665532
41.219883,54.061012,2.9006248,2.8712807
20.168884,23.452097,1.5298887,1.0768807
2.7278476,2.662056,2.3447018,1.6135116
43.597004,50.620632,2.2957873,2.4480278
66.52635,66.82288,2.2012153,2.1969368
26.282547,17.253342,0.90457743,1.5183482
31.646168,32.14149,1.1140543,1.1389096
3.66453,15.358395,1.3001022,2.437997
71.49353,67.821495,1.7293471,1.7464819
57.2579,53.20934,2.1813252,2.1179755
88.70292,87.62554,1.9107451,1.9063649
10.441482,7.5030365,2.3194163,2.3085248
16.624386,25.584578,1.5999205,1.9957808
61.225662,64.4346,2.0305748,1.9818258
9.403685,7.8017426,2.9946153,1.4282826
29.849754,29.815706,1.7483562,1.6566976
54.219025,53.053562,1.0664129,1.0305815
92.11451,90.95181,1.0422839,1.3233244
88.15794,94.9062,2.4959714,2.5274255
34.195976,30.690685,2.660874,2.5890899
53.473534,54.420685,1.3532126,1.0650787
39.103436,38.199635,2.183093,2.124644
31.295784,39.145763,1.9204273,2.10957
43.294704,43.493755,1.716691,1.6606951
15.526379,6.782715,2.6693459,2.2806845
54.32555,50.847324,1.918501,1.9452698
27.328043,30.075304,0.5434654,1.0415505
34.88353,38.086113,1.5117004,1.0582695
7.921836,7.018406,2.4824452,2.1063218
14.222381,11.551174,2.6940722,1.3422939
77.836716,77.775185,2.2375038,2.3692076
97.59194,95.9308,2.0976372,2.0909512
47.170647,59.790455,2.6569307,2.7331743
34.956234,29.407804,2.6587348,2.3312266
37.494713,38.311874,1.311051,1.0737092
21.431366,19.21563,0.60275275,1.0925264
32.088455,35.25379,1.2285872,1.0415752
0.72792786,4.5981865,2.4249191,2.289868
72.92871,62.923122,2.9608853,2.8743243
14.688405,20.148571,1.5949117,1.1400056
68.10662,65.274605,0.8883184,1.0136237
5.509812,3.4061127,2.616904,1.3510092
73.95746,77.6268,1.2724633,1.0218401
55.68685,65.68708,2.5153131,2.5685441
33.381668,33.272793,2.4956334,2.4629972
70.00829,69.62741,2.3222022,2.323
31.10259,40.872032,1.6346956,2.0145838
57.87446,56.64277,1.0867163,1.1726059
20.797222,21.747456,1.2871482,1.0684493
83.61673,83.32311,1.9586416,1.8584533
38.185196,43.20818,1.5436864,1.0458393
89.97632,95.184875,1.4398214,1.3342971
0.24846457,3.167179,1.7169392,2.3256924
36.407196,39.78132,1.517993,1.0460196
89.93218,89.58238,1.1401181,1.2712976
36.953632,39.81227,1.3111329,1.0606403
52.72591,57.836727,1.5442994,1.0512706
39.646202,35.685097,0.7327398,1.0686343
3.743795,7.616562,1.6591842,1.9577136
77.55346,84.04881,1.4732057,1.0718712
59.65764,57.99621,2.844626,2.7824101
73.728874,71.74912,0.8918954,1.005356
96.45748,87.518745,0.6095304,1.1112419
87.810165,82.93942,2.179066,2.1670773
22.606218,21.174847,2.3693159,2.5250063
67.77426,66.54579,1.8797263,1.8763937
18.882767,21.417908,1.1990023,1.0820923
76.3489,75.045135,2.2482507,2.240771
44.157696,43.71962,1.7202333,1.6754183
63.366196,57.066338,0.60792273,1.0788302
5.702939,9.681431,2.1501565,1.2800171
16.143417,10.30027,2.715821,2.2802205
88.58686,90.61325,2.4785285,2.4834425
96.30836,95.29816,1.5179954,1.3900393
19.336052,19.110565,1.8381727,1.3944013
75.833046,76.09239,1.7609043,1.6662388
92.327095,95.71159,2.2312775,2.2724464
81.396,81.512535,2.585157,2.575166
91.656204,91.72493,1.7990589,1.7912568
63.52174,59.154343,0.7015235,1.0705374
88.94477,88.88861,2.8987646,2.8902254
55.35255,59.87282,1.6329079,1.4932864
95.8466,93.1931,1.0498403,1.2263422
85.562164,84.67967,2.1074836,2.098639
72.01107,67.26087,2.433245,2.3576841
1.5845952,3.7319412,1.1353033,1.4567513
49.989403,47.71223,0.7183361,1.0855515
33.13979,35.279133,2.9173245,3.0
33.249485,29.92083,1.9587662,1.8307004
93.93951,93.59853,2.5446599,2.5501974
9.004101,11.021915,2.1312137,1.6129125
2.6163087,15.120792,0.9818977,2.5623055
90.5867,89.90525,2.3159468,2.315795
90.09996,81.01109,0.81380653,1.2314029
76.25215,81.07989,2.8002508,2.8659654
9.514802,11.210903,2.5553472,2.6777365
9.599992,4.014786,2.7663808,2.4051666
33.24642,34.224464,2.1281703,2.0827017
56.664154,54.240147,2.9842873,2.9321685
7.121491,16.981152,0.8240011,2.6318624
98.81225,100.0,1.9928339,2.1258266
3.3147123,3.8331223,2.4833255,2.4153972
83.233185,87.9776,1.3358973,1.0953323
71.9145,69.56569,2.3352695,2.3159144
90.26628,91.739075,2.770984,2.7735422
8.533199,17.119888,2.235576,2.461467
45.269196,42.665,0.87044007,1.0535384
70.8833,73.005585,1.1875584,1.016675
30.699266,31.432615,2.0390022,1.98912
48.54675,56.837246,1.2475113,1.0223297
0.5684461,12.765728,1.1105406,2.2301552
84.40688,84.15123,1.7366271,1.4411082
74.73182,74.732025,1.1487893,1.0196443
24.604729,25.250988,0.79265,1.0587499
7.970234,14.037941,2.22541,2.3125434
13.157235,12.274536,0.7867306,1.8459133
72.18451,56.170074,2.9566996,2.9181657
17.079025,18.358242,1.5610005,1.049572
31.470383,38.973434,1.0431682,1.0900645
50.760357,47.023502,0.76818496,1.0833464
85.19972,83.88504,2.1888134,2.1992927
23.048183,23.89062,0.87338614,1.7232263
36.99195,33.540688,0.73160577,1.1188487
99.00342,97.57653,1.9540461,1.9570744
30.343552,35.133255,0.93813634,1.3961698
25.034237,24.760542,1.7312305,1.564659
42.92831,44.053833,2.3381963,2.4131842
17.31805,26.178705,2.2577293,2.2327225
1.358529,2.8898506,1.0627612,1.8975804
78.79255,71.59719,1.8391721,1.7686905
98.799385,98.04643,1.9523638,1.9520077
8.756656,8.231831,0.50961787,1.5184216
3.0448966,3.306816,0.59447074,1.2860175
71.05923,64.869194,0.53638744,1.0052977
2.635191,2.7421951,2.9559429,2.353109
0.7342987,12.353294,2.154939,2.1568742
85.34398,87.30095,1.489933,1.0912404
74.79807,73.19515,2.1373384,2.1390164
2.0315528,3.7848282,1.5989741,1.9790863
37.951984,34.147373,1.9266977,1.9880552
29.702019,28.129313,0.8297251,1.1086686
62.328983,69.63563,1.5511854,1.2064054
4.377349,8.633667,2.3619142,2.165512
9.772888,8.8304405,0.9353583,2.2057018
48.36147,42.353405,0.756216,1.0727878
90.734,94.04474,1.4159182,1.267053
22.661678,31.36483,1.5060282,1.1794147
12.073208,11.815819,0.92733175,1.1106191
89.14872,89.61059,1.8161987,1.8355979
79.89067,80.73155,1.1392394,1.0311176
48.120804,43.54122,2.6693082,2.6921928
9.194447,6.5037193,2.6773872,2.295953
82.46195,82.85777,1.608634,1.4790156
30.47626,39.593067,2.7079287,2.792521
13.765035,16.628647,1.8165703,2.373982
12.643588,20.758074,1.5629631,1.9455869
10.439342,12.24313,1.6856195,1.3466357
37.683525,35.16562,1.8974043,1.9930328
23.009905,22.142736,1.9155291,1.4852408
46.050068,60.58068,2.2952693,2.5614002
5.990454,6.7057076,1.500789,1.5911114
69.73887,64.35163,0.682105,1.0695331
54.418056,57.657024,2.2479682,2.2352204
64.53064,58.170776,0.6432245,1.1005092
78.20043,66.98801,0.6162579,1.3545778
35.159737,52.703503,2.921873,2.7921233
20.234661,22.968922,1.4522209,1.8063889
43.882847,44.78471,2.015276,2.0051975
89.41287,87.52554,1.6642001,1.6549836
70.95884,69.82089,1.7899481,1.7874072
14.333907,17.952019,1.5945004,1.0697739
56.285152,57.81734,1.6545893,1.470439
0.41890305,11.567265,1.4314827,2.8381076
23.119844,20.662277,2.3382816,2.1006281
86.363754,85.05435,2.4912798,2.4792948
47.926964,40.89352,2.3058865,2.2743225
90.890625,94.391785,2.7451572,2.7562194
4.243392,14.2043915,2.380099,2.478557
56.49879,56.475246,2.472187,2.489667
87.872574,85.86055,2.1103706,2.0780244
83.54414,71.731,0.57186174,1.0591842
53.176777,49.432804,0.7589089,1.053327
65.92372,63.241455,1.0810366,1.0353594
1.4665345,4.0925713,1.5483468,2.3874705
18.21375,20.356508,0.75389457,1.7451901
50.71589,62.841248,2.9689727,2.9121802
55.79191,57.275925,2.3121378,2.336907
59.04871,64.106766,0.8189596,1.0122616
84.003105,90.05396,1.5890169,1.5110127
0.43064547,3.5015259,1.3659861,2.0296254
35.11862,30.470167,2.489187,2.3430622
34.979286,39.402275,1.7338101,2.0018811
61.309784,63.646626,1.073642,1.0055149
31.781664,31.67989,1.3201948,1.237909
62.89039,63.199783,1.0333865,1.0048862
49.590816,49.796547,0.92073256,1.0177293
9.646186,8.236984,1.6672083,1.2664571
57.401913,50.562965,2.518856,2.4015806
43.538784,48.187363,2.4858916,2.6574783
89.82379,88.63663,2.0861135,2.0636835
89.38277,89.59648,1.1599675,1.1511157
93.04174,96.35379,1.6844119,1.7418429
97.62519,96.04878,2.5770595,2.6031897
90.78243,95.96333,1.9651396,2.0126078
21.929848,23.572334,1.8541465,1.9172733
24.54394,24.494102,1.2690681,1.2802436
66.5471,77.213196,2.5359023,2.6152444
21.955435,22.68757,2.150336,2.1062999
2.231728,20.365202,0.66334313,2.800211
20.867603,25.25976,0.6111781,1.8587818
59.676487,61.361946,2.148569,2.2016065
37.302216,39.21743,1.2932936,1.1874509
63.456436,76.74229,2.8058152,2.902674
22.921091,21.482979,1.7216634,1.6645436
93.43605,92.906494,1.3028374,1.2208879
40.935295,39.74699,1.8895853,1.8369001
75.95052,74.539665,1.7825084,1.7774519
77.13144,77.303375,1.6806039,1.6574142
69.39985,66.830154,1.7684418,1.35166
69.48109,74.259125,1.2838244,1.0299833
95.54431,96.30913,1.9865204,1.9452019
93.064766,93.97622,2.1336432,2.1112187
47.597324,45.3911,0.9005477,1.0553756
91.21463,84.83841,0.7670216,1.0652382
21.679495,26.833586,1.3780568,1.1584508
25.236376,26.879665,2.9620655,2.8961806
14.413846,9.880512,2.9614227,2.0721827
97.49684,99.69211,2.1058593,2.0917609
90.07251,88.7141,2.1803617,2.1864681
89.000656,90.803116,2.216628,2.2437968
95.128944,88.22697,0.78334564,1.3546028
18.455177,8.802288,2.6217465,2.3322556
62.519142,57.960983,0.8380864,1.334585
2.2062652,3.0411491,2.5386539,2.1134586
4.3281794,16.618858,2.9906774,2.5437627
38.111153,34.965942,2.4189534,2.566602
4.9515038,29.334028,1.4405649,2.8204865
18.354038,13.337189,0.57554656,1.6855608
51.393368,55.10931,2.593679,2.7064376
6.897821,12.990208,1.1658299,1.805957
49.229626,46.56932,2.0793016,2.004287
13.545779,13.667294,1.9305842,1.9025877
98.4002,96.08893,1.7942501,1.7793695
99.27187,90.715126,0.6266555,1.1316297
38.7686,28.892458,2.8383176,2.6803389
71.9514,61.74063,0.5034636,1.0093111
67.27629,66.13705,2.2919307,2.2976818
85.67759,82.29883,0.86874974,1.0280328
23.754004,28.290413,1.8120205,2.034441
77.07842,77.27836,1.9365358,2.0049608
63.695168,62.187256,0.94750166,1.0333849
68.995674,68.528336,2.8838162,2.8803067
61.230278,63.083366,2.7321289,2.7623773
39.48551,42.546402,1.5319759,1.054357
44.105675,44.502747,1.798597,1.6895527
34.915127,31.91489,1.8257236,1.9605366
97.89176,89.10834,2.9257312,2.8645496
87.40014,87.2943,2.511186,2.5167003
88.29591,83.41663,0.71883655,1.0363498
73.422356,71.06902,2.133923,2.0982187
8.516971,7.5792847,2.1436622,1.8922094
45.21561,45.113316,0.58871675,1.0477481
97.26581,98.279625,1.8908029,1.9063197
26.34226,29.13156,2.620457,2.3876874
7.151235,6.9091606,0.9715933,1.2118397
40.348312,40.948265,2.240174,2.2003772
20.37158,21.578833,1.2850597,1.0665717
15.139806,18.251337,1.2141432,1.4655424
29.94508,35.004112,1.5026852,1.134748
14.374505,17.362446,1.9633132,2.0019875
84.33425,84.21025,1.0898767,1.0597025
8.0211525,8.742779,0.62830704,2.2429998
70.45174,65.88591,1.9446244,1.8874277
4.8080316,14.2331085,1.1329587,2.7067747
28.258133,27.895687,1.9647332,1.9367067
21.706438,19.066124,1.1878558,1.8174318
10.944926,8.264267,1.9436897,2.1743264
86.91622,83.54588,2.9886994,2.8748913
90.40081,90.509125,2.3522134,2.3468807
24.940763,24.473648,0.95020735,1.052297
42.787956,42.421448,1.7327913,1.707187
40.028255,32.803642,2.047646,1.7663311
62.479813,56.006287,0.6062005,1.0424615
95.25703,92.6443,1.8602911,1.8858187
3.221106,3.2596474,2.7081943,1.7263846
95.03841,90.63081,2.0823994,2.0209718
45.879074,41.891308,1.2105117,1.3116578
69.28378,76.36779,1.2279408,1.0167313
29.52578,28.906927,1.3036397,1.1051495
65.47169,64.0605,2.2499197,2.1841676
61.84452,58.727203,0.81599605,1.0048937
55.615784,49.950798,0.5773905,1.8066409
9.9865465,10.124905,1.7724496,2.5207582
79.91779,76.27232,0.7642549,1.0248682
51.14135,52.437412,2.8510203,2.8750334
49.66974,49.949947,2.5892432,2.5713334
91.24604,92.496735,2.1429465,2.2704716
74.3114,72.67672,2.4577172,2.4668572
17.34878,17.604557,1.9504058,2.10294
69.904076,72.73045,1.356807,1.6917534
50.276585,51.88208,2.500257,2.5355935
18.531902,18.274406,0.85230935,1.0895984
93.18168,89.55147,2.921926,2.859922
89.1641,86.79269,2.2104547,2.2256627
35.441643,36.915356,1.6481622,1.0668534
78.08585,76.66199,2.2454743,2.1482708
91.20169,92.76504,1.5945858,1.4629755
7.9981194,7.4585495,1.8542184,1.8450437
33.856197,37.413376,1.7902358,1.9839251
27.38636,26.991983,2.3358243,2.237117
1.1359633,2.9783783,2.1523292,2.2416222
99.733635,99.47974,1.9625852,1.9727278
77.76118,80.274155,2.2083304,2.2525892
41.57482,41.761097,1.0251603,1.0316358
44.469845,49.76698,2.8628721,2.7851448
53.298233,49.50244,1.9336346,1.7550925
13.538278,14.00885,1.009534,1.4146649
66.24426,68.34029,1.2061226,1.0276853
17.99183,17.555908,1.8436695,1.7867304
10.648848,12.564579,1.3812443,1.1966226
19.11181,18.478065,2.0734184,2.0250425
67.99238,59.395096,0.5501602,1.0369213
97.05981,94.92099,1.7570394,1.8165992
24.395338,25.55752,1.6489229,1.0424147
63.352436,67.9393,1.4144561,1.0828567
28.007883,25.52681,0.6401577,1.0494386
97.45041,96.53464,2.4221826,2.413847
76.30546,76.50345,1.0185015,1.0328397
62.209995,58.77337,0.94766957,1.0751603
86.57847,88.18084,2.507392,2.5134811
49.367283,54.504322,1.6567951,1.7363832
91.382774,90.413376,2.4825618,2.4636796
56.919254,55.918205,2.4816158,2.481589
62.41046,65.45007,1.6001886,1.5624006
64.28122,63.403606,2.1144893,2.1340904
56.51344,61.457508,2.9617717,3.0
72.93405,70.7742,1.8611094,1.912421
69.0391,60.668312,2.3584697,2.358952
73.35852,79.31332,1.4151771,1.0316994
39.003765,43.07191,1.5620631,1.1258705
24.080103,21.29982,1.1285046,1.798424
69.38189,72.9779,2.0405881,2.103516
16.11173,14.0881,1.0181197,1.1381545
77.95725,71.48941,0.6939912,1.0298274
26.172623,18.780832,0.9906248,1.2065587
48.858433,55.90583,2.5526984,2.6364553
93.66982,94.53111,2.5176778,2.5156713
93.07046,90.04085,2.3370998,2.3315425
55.268627,55.9446,2.5379655,2.5484815
87.251335,87.12544,2.0667577,2.0609717
22.327576,22.236235,1.5250348,1.1329757
23.520227,31.640734,2.600328,2.7658725
0.6118195,2.5698204,1.8329313,1.5895733
75.62564,75.69365,2.592471,2.5947382
45.122356,46.214466,2.9241154,2.8228946
31.012737,32.825264,1.582862,1.628042
65.049995,67.129364,1.7467456,1.9720286
58.645416,61.481964,2.0678465,2.0786405
42.84053,41.281315,1.6137508,1.1207486
44.809284,47.1065,0.896356,1.0311828
29.729782,25.034504,0.63469034,1.1143043
35.779907,35.937874,2.8312037,2.7346776
42.11385,41.330013,2.2080343,2.196247
5.153609,8.936184,2.6701303,1.5331489
33.830013,37.95217,1.5189841,1.0554532
47.310543,48.69404,1.1747178,1.0646517
1.7777927,8.4305,2.8679476,1.9602591
30.381918,33.05229,1.4257084,1.0672963
97.216415,94.95262,1.7631071,1.7489622
33.616226,33.479828,1.9007012,1.9228399
95.27277,93.86255,1.7220829,1.7266161
24.699526,23.873789,1.3105241,1.1649654
45.711803,41.39711,0.6566399,1.0446684
56.875202,63.296253,1.2694486,1.2273548
14.527498,13.037636,0.6538605,1.0917757
64.779625,63.550194,2.6589344,2.628144
83.98813,84.55197,2.037268,2.0304074
17.52775,19.972586,1.1650897,1.2856789
93.53088,94.2952,1.951733,1.9429973
61.20624,56.799023,0.9053017,1.0757322
34.345936,33.020554,1.8225336,1.7796686
73.92318,74.759224,1.0092394,1.1680174
46.385033,49.336273,1.3626668,1.0859529
62.618954,65.05364,2.1960995,2.226042
48.775913,41.682343,0.7451163,1.6538656
15.6775875,16.648247,2.2091217,1.471218
5.205519,12.372467,1.509996,2.8779314
29.308159,9.057861,2.955218,2.5965781
38.51809,51.30513,2.1017709,2.2655153
34.261852,38.6949,1.5014775,1.0661467
38.539158,46.99156,1.2924422,1.1223105
76.02588,77.17661,1.0079287,1.0921059
25.420824,29.668856,1.1326537,1.2334595
58.356598,54.844166,2.3590486,2.3245776
68.2546,65.470924,2.4427414,2.4033573
74.83745,74.189674,2.754913,2.7601655
8.286895,7.3223877,2.7809784,2.6109083
3.7241294,4.830738,1.8977762,1.7101327
79.15575,68.697586,2.380834,2.4022152
1.8371546,2.5412712,1.6684004,1.8925881
62.695347,61.184723,1.767895,1.746734
24.22788,22.235025,0.880563,1.5964468
62.109734,60.98626,2.0323336,2.0786326
8.343552,14.155121,2.532321,2.1922674
93.00886,91.37138,2.0121531,1.9842007
36.99996,37.051865,1.6632588,1.3712442
40.60654,44.816097,1.6815622,1.8438658
67.50016,67.34223,2.4116237,2.4348788
77.765594,71.4754,0.7519963,1.0630639
36.364075,31.388147,1.0142096,1.8239307
11.933653,8.804504,2.598529,2.454606
37.39078,41.435345,1.4797237,1.0465178
27.613153,28.997013,1.2076296,1.1822639
38.088978,38.433453,0.72010314,1.0463549
44.248146,47.618614,1.5849222,1.142834
39.950356,35.53009,0.61491406,1.0668778
82.461075,80.32055,2.1795607,2.1545238
97.19715,94.42937,2.2898412,2.2697468
58.375988,60.298912,0.7992136,1.0289731
13.993321,14.493366,1.0798976,1.4117869
35.773952,35.06107,2.0724673,2.0491943
60.656353,64.54773,1.6099162,1.2212472
47.65493,46.675747,0.8892857,1.0952245
38.50944,35.59419,0.68104446,1.0861864
57.243313,64.660484,2.8279004,2.830144
43.71867,43.510338,1.0625058,1.0609732
90.57717,94.37831,1.3995228,1.2183049
10.212112,6.2089806,2.8588727,2.5985851
20.740707,17.089035,2.338643,2.3179545
51.434814,51.33305,1.6484175,1.7268667
26.026657,25.563972,1.4353158,1.0606902
75.12834,70.1291,0.77838624,1.0163288
89.34211,91.37334,2.8503845,2.8007984
27.856142,31.025698,2.6702666,2.8442166
90.334305,85.61865,1.7809983,1.7311978
95.67089,91.05791,2.854612,2.7824106
75.95204,71.85489,2.335132,2.1608934
43.183746,42.194866,1.717397,1.8838944
88.42926,91.8936,1.4375589,1.1863467
28.71701,16.826118,2.3872895,2.0680554
48.2798,61.24064,2.4869168,2.6277933
23.402987,17.077274,2.5689428,2.1423235
53.178394,49.88435,0.7999637,1.0553734
50.598305,48.808617,2.9995632,2.9654825
76.825386,74.58763,2.5144129,2.5210373
26.03755,26.528873,1.1633675,1.0619042
33.671158,34.013184,2.008689,1.9773612
34.906128,30.678562,0.8570854,1.094054
36.977062,35.05271,2.523066,2.5711565
81.72775,78.784195,2.0614402,1.9471881
28.383648,23.933832,2.3856535,2.3023646
96.067345,89.055725,0.8134256,1.1058774
36.784332,42.745598,1.5981699,1.4856417
59.1072,56.468254,2.3507404,2.315164
52.111206,47.25226,0.56842804,1.0398643
93.93563,99.288055,1.97534,2.0628383
33.825027,39.96615,2.6088586,2.4095926
50.16542,50.124638,2.572749,2.432796
52.00858,50.498764,2.2139187,2.177284
28.259066,27.58051,1.9527347,1.9178611
49.162525,48.248806,1.8171849,1.7693348
19.39035,8.835247,2.6802657,2.2644112
59.644886,61.28387,2.5448499,2.5876858
68.14275,66.20762,1.7865695,1.7106482
98.7006,86.477615,0.51654285,1.0909444
34.503845,33.663197,1.9354607,1.9246092
8.414109,7.001911,1.1668282,1.5128331
88.78377,87.02086,2.8833077,2.892976
58.210293,62.89137,1.5441293,1.0923028
21.59033,25.741995,1.1479884,1.1249896
2.2432647,7.3154335,0.90891397,1.8904681
80.30482,84.94197,2.726342,2.792406
50.45457,49.743866,2.225786,2.1998928
53.71706,53.087105,1.8947122,1.8995045
38.490185,43.35019,1.477911,1.0692322
96.967735,93.98263,2.657995,2.615976
32.426556,34.61235,2.5851288,2.5833588
6.9253316,6.4514427,2.5462346,2.5376813
79.37277,83.723724,1.3330452,1.035405
20.426733,12.432362,2.234693,1.542692
55.366554,61.76303,1.5884298,1.0169308
96.57844,96.718994,2.1691506,2.1882572
52.02291,52.78471,2.4178386,2.4659595
37.335632,28.463501,0.5134521,1.1653008
82.77681,73.2105,0.7931806,1.5073228
46.929203,47.31988,1.690739,1.5909346
30.925356,22.001171,0.69307464,1.8270704
72.03101,64.8676,0.5707011,1.030732
5.2176313,5.525036,1.4391282,1.4661316
29.11625,30.528538,1.300087,1.1084962
51.22667,54.47793,1.2400835,1.0926119
58.417015,58.183407,2.8674662,2.8742619
5.5031557,5.1081314,2.7978356,1.6064833
38.76587,39.32968,1.0861666,1.1342078
6.15529,7.1680145,2.0892015,1.8812422
52.70901,50.45778,2.3338325,2.3484697
20.484766,19.31424,0.8079397,1.8587009
62.684772,65.669106,2.4514518,2.443766
98.31456,96.31413,2.0999608,2.083961
20.945284,15.8643265,2.293801,2.0324214
80.99315,80.83184,1.0216664,1.0220758
24.164385,29.585981,1.9998653,2.127211
89.55945,88.46085,2.4251802,2.417312
87.00242,83.4858,2.3007033,2.26206
44.999123,42.352894,2.4919195,2.5168936
74.8679,71.1895,0.8616286,1.0276802
24.884502,20.84308,2.9931674,2.9090776
88.47643,95.3386,2.5305686,2.6019163
97.415085,85.22383,0.66994447,1.0811242
59.218567,59.11272,1.7387571,1.5932652
6.703179,12.218002,1.478013,2.6196878
36.30972,37.158966,2.0910714,2.173769
59.225838,61.698914,2.5403106,2.5531774
68.53869,73.181816,1.3872166,1.0149817
46.49831,48.309235,1.0998296,1.5595798
72.45574,75.87048,2.4706223,2.553598
52.741035,51.457115,2.973074,2.9407701
32.78648,29.35521,0.6062138,1.1390858
17.546505,20.761974,0.99635816,1.6217437
63.85764,64.78044,2.1541271,2.1774094
47.243805,46.568565,0.8177818,1.0294905
96.81376,97.106125,2.8207765,2.8973765
82.62392,73.544876,0.562104,1.0130882
55.471573,58.521805,1.444604,1.1281835
60.335957,58.90827,2.3326273,2.3507202
12.588402,15.907425,0.93734,1.3999588
95.11849,95.035065,1.2995864,1.2994251
26.381773,24.277246,0.6585869,1.0690165
66.0785,69.54825,1.4665474,1.165299
32.59821,32.461117,1.8653992,1.8136773
69.55662,58.299522,2.8873563,2.7714806
98.820404,97.98041,2.0071564,2.1197417
29.712421,33.41326,1.6448659,1.4080558
53.54651,51.83687,1.1298165,1.1031588
8.178846,7.1318855,0.8748554,1.2220116
22.27175,24.47944,0.56035435,1.0526979
68.19949,70.32374,2.0977957,2.1657276
44.114384,42.073868,2.6422856,2.617291
46.47434,44.55941,1.1803765,1.0356786
74.87736,74.882706,0.74346906,1.03244
41.615803,42.370895,1.1638494,1.0678078
87.66,82.23015,0.7048812,1.2246764
47.45189,48.8537,1.8990166,1.9789746
78.58015,85.63162,1.8816004,2.137865
27.070597,31.957842,1.4815332,1.0431217
40.25806,41.334732,1.0209734,1.1130291
37.710438,35.288128,1.1838708,1.0376484
67.34343,69.942474,2.614784,2.636146
50.99246,44.886642,0.6101431,1.0384198
41.97346,48.018074,1.5207381,1.0987521
44.74251,39.03712,0.5902018,1.4373262
39.720737,34.135704,2.7663853,2.6189566
99.20275,97.143036,1.593609,1.5820553
75.54347,67.390625,0.5265248,1.0134541
93.18582,89.40831,0.9794977,1.136251
99.51774,97.00853,1.6413928,1.6612605
24.374401,24.974495,1.2392294,1.0718123
94.294106,86.350586,0.74527675,1.0632707
91.08244,89.65132,2.1051745,2.086466
18.047123,8.085461,2.4462457,2.1867654
2.6172326,11.445202,2.2642863,1.5309625
68.16504,67.41789,2.3727777,2.372092
71.36635,70.89179,1.833993,1.8240813
81.16551,84.80852,1.3516741,1.0467353
7.903878,6.2365913,2.2610583,2.1420639
28.855284,26.03159,0.5574918,1.0932031
69.92875,71.15022,1.1298925,1.0122273
31.826159,30.602741,2.1079936,1.9900765
28.613031,30.406162,1.3830566,1.089104
39.95124,40.10259,2.4548862,2.6895695
30.355482,30.957968,0.747811,1.447046
65.32369,68.91765,0.9501496,1.0105969
62.00884,42.72693,2.8149407,2.4859743
41.63405,37.57586,2.327615,2.2096438
94.773476,84.33092,0.51656544,1.0546045
58.87709,61.247894,1.1465197,1.1939118
30.29196,30.27528,1.04479,1.3544502
22.309855,30.451565,1.2963367,2.1663926
97.71656,92.90258,1.165723,1.6154045
6.603092,8.605671,2.3790207,2.333263
41.643177,44.1132,1.8959291,2.0153136
70.34228,70.53987,2.0557256,2.0521517
68.059006,66.08255,0.794749,0.98857516
68.533844,76.30239,1.1993737,1.0058053
71.85255,68.07385,2.8689446,2.8377342
45.767975,44.875668,2.1485264,2.1296518
52.291325,52.45776,2.466739,2.4716911
25.350079,26.817608,1.8759084,1.8418758
10.365389,10.919811,0.93425435,1.199496
18.803705,15.74733,0.874827,1.4501266
39.42256,40.39664,2.6316051,2.6869283
0.9741359,11.689217,2.3540769,1.7241142
46.17391,43.635708,0.74957186,1.0605451
38.62652,38.095863,1.8498797,1.8442843
96.326225,96.62272,1.8966777,1.9316806
97.262344,93.50936,1.1167018,1.2205622
53.026585,47.417633,0.7280548,1.0344365
24.672886,25.227491,1.6653005,1.3347895
11.7563305,12.548672,1.3596348,1.1601734
15.573154,17.113647,2.7617526,2.2862754
87.66976,82.176186,2.2516847,2.250157
70.99417,70.87581,2.3560638,2.3744893
56.90894,52.560062,2.2817304,2.2008636
37.842434,41.362,1.454893,1.5827504
62.656178,59.800728,0.8749118,1.027216
75.884,75.881935,0.80119693,1.0177286
50.966904,48.443756,1.8209461,1.7625493
29.005539,27.259073,0.80247694,1.0839233
58.826595,59.965504,1.1918015,1.0746164
38.154247,42.18573,1.9847193,2.2568264
42.868557,43.009193,0.95876324,1.1232157
83.46886,81.558876,1.8617985,1.8973382
43.104313,45.974503,2.5671875,2.6093369
27.490107,27.73102,2.9685893,2.9266315
95.33139,94.95272,1.6078006,1.6243322
22.87692,21.858086,2.5696175,2.5692093
27.540064,22.853674,2.7656035,2.1333945
2.8796146,10.451405,0.5215307,1.1623231
70.97046,73.465485,1.2936012,1.1673682
74.480606,74.69345,2.21035,2.226442
61.953484,62.490753,1.1211456,1.0285578
44.61279,44.011383,2.8622072,2.85811
22.2227,20.746029,2.3000755,2.278851
67.664734,61.990402,1.0419449,1.2646091
61.66714,60.41221,1.802711,1.8015934
45.12776,45.108223,2.5957673,2.5886254
1.5873947,8.678162,2.142707,1.3115706
51.209244,51.395958,2.0160315,1.9904838
77.533134,76.06904,1.9582276,1.9296948
25.798187,30.783571,2.277576,2.336369
22.283037,19.90235,0.8845389,1.1866217
73.70649,84.29791,1.4775993,1.1150975
40.29,40.236588,2.3343546,2.4255667
55.05763,48.84087,2.2324226,2.0829308
43.72401,43.901745,1.9372871,1.955752
30.29413,25.83769,1.6952173,1.0644525
97.08813,92.32762,2.758419,2.6958349
52.47212,56.32426,1.3798307,1.0473282
7.327099,7.7710342,1.604286,1.4795461
53.537884,61.599266,2.3835242,2.4647465
57.130283,52.185974,2.3716338,2.3264995
52.57364,53.471783,2.740697,2.766994
16.05448,17.425007,2.0053837,1.5852567
18.83837,13.149349,0.70194376,1.295955
90.906715,94.14062,1.8711067,1.933312
8.806285,7.747299,2.1766417,2.0334466
57.219784,69.12642,2.7852917,2.9434366
32.07741,30.098112,2.9477816,2.8956594
88.046524,82.01666,0.8366744,1.0537064
30.623455,30.326403,2.6732023,2.7103984
70.72433,72.47471,2.2025294,2.2387416
18.552696,14.69075,1.3028198,1.3287746
62.754887,53.31115,2.7047956,2.4965138
44.918762,37.657448,2.9382782,2.6715183
69.31611,71.79385,1.3256664,1.0395293
29.159918,28.875748,2.7105792,2.648521
6.983333,7.111492,2.799016,2.8510623
18.88496,18.462202,2.0117059,1.9892294
88.886635,88.0571,2.7032077,2.700694
38.763477,38.58993,1.8726505,1.8552463
59.875954,46.98176,2.87375,2.607379
88.050575,85.979126,0.92184484,1.4135793
23.754711,22.698805,2.2546942,2.2300725
57.65369,56.0366,2.6739616,2.5108604
15.954798,14.654495,1.753495,1.4506418
46.97886,40.31051,2.1610222,2.059794
8.735555,10.204754,1.5333576,1.3368015
5.080925,8.743668,1.7269158,2.5818386
15.871935,20.348475,2.5114455,2.40458
91.070984,95.24602,1.3769517,1.4020402
42.43203,43.369595,1.157778,1.146841
95.094795,93.88536,1.0734155,1.2911413
50.26607,45.67492,0.6640488,1.0619295
94.25211,93.85385,2.9176283,2.9050179
23.641605,21.773026,0.87722427,1.132689
69.99213,69.917175,2.0762658,2.0868194
57.78361,64.383286,1.5246825,1.0265354
0.97454816,5.800041,1.590762,2.3495305
84.432945,84.05902,2.570157,2.568423
29.103191,28.928904,2.0621984,2.0314567
77.19443,73.96574,0.71855897,1.0338631
97.58676,95.78435,2.3237748,2.3326693
61.663494,53.200417,0.5233331,1.0228882
79.91689,73.85157,0.56518596,1.0800061
37.94462,35.977226,2.2669106,2.1415486
61.9341,61.885082,2.6720684,2.640199
47.456745,37.148396,2.9989564,2.792613
12.865161,11.5952835,2.208395,2.20119
74.05194,69.746056,0.682361,1.0235994
28.28109,37.51367,1.8203398,2.246161
68.53914,77.452225,1.5971252,1.7460682
96.78946,96.312744,2.5627022,2.5565848
78.61625,78.32117,2.5069954,2.4553432
77.35769,72.58335,2.9392283,2.9043505
24.641142,27.225666,1.4631276,1.0641655
19.384804,16.036163,0.66009766,1.225807
5.241242,5.04578,1.7457379,1.3381482
47.18806,44.738495,2.5355825,2.5021517
41.237015,34.570335,2.9672112,2.7924116
46.101994,57.834793,2.8731554,2.9471054
78.6791,76.940155,2.333648,2.322159
76.87101,82.23429,2.2199929,2.2546282
81.54614,73.56614,2.3514922,2.2879076
51.111237,54.80404,1.6025087,1.0444965
74.4191,72.5661,0.6306686,0.99203724
36.552814,34.172195,0.84245676,1.5357382
95.62782,94.41786,1.2005917,1.5266256
39.12943,44.97342,1.5221188,1.1334649
32.32867,37.43499,2.8573034,2.8290782
52.79662,48.97554,0.6087362,1.9043714
16.931269,16.344082,2.0085082,1.9943422
96.640274,92.13286,1.0300851,1.3105146
36.312695,36.15806,2.1584613,2.2404792
3.1841326,2.6576347,2.625212,1.4391493
43.349274,42.423153,2.229645,2.216497
12.188873,12.691631,1.5546374,1.4348607
62.105843,69.41773,2.666422,2.8110049
29.762411,31.48129,2.2315423,2.3466985
76.37405,76.6824,2.4070263,2.4283676
74.87598,76.73161,1.0503222,1.2123812
89.32747,90.82663,2.0442963,1.8068372
93.97203,93.80916,1.2625248,1.2306195
87.31791,87.71684,1.7245648,1.7236304
6.5127497,9.764969,2.4446087,1.6470364
63.114063,60.386185,2.6470008,2.610473
15.18327,14.729649,1.1350495,1.1725695
95.60236,93.82432,2.693259,2.6762142
9.462558,11.23848,2.909852,2.4722128
61.061172,60.269886,2.1414428,2.1262996
75.37202,76.085434,0.9675176,0.9999391
37.530567,37.022533,1.8829241,1.8903502
97.77693,85.16543,0.5063406,1.0887144
75.44339,78.91249,1.2194048,1.0267897
11.764632,8.567287,2.9679453,2.4510999
32.947243,33.36879,2.533339,2.5448442
50.195786,56.09758,1.4509587,1.0237935
4.065638,3.9951324,1.3134408,1.6190642
33.633068,33.76876,2.6730742,2.6413074
57.572628,55.99794,2.2219002,2.1463284
7.246673,7.1819344,1.8244356,1.8166522
80.16589,85.72854,2.1151912,2.1778584
61.72158,68.651,2.566202,2.6470835
9.772015,28.459097,2.1059592,2.8409896
2.9646616,4.958164,2.7611156,2.380126
80.7294,84.12305,1.448356,1.0688947
69.12042,69.46237,2.7092736,2.6805801
97.951324,96.394684,1.6039519,1.6335108
7.7091618,9.756729,2.9054713,1.6240469
97.173256,89.7146,0.8552046,1.243401
61.41367,60.976646,1.7488753,1.7601036
53.130802,52.278122,2.9127429,2.9049978
13.43688,18.022917,1.4082415,1.1149845
67.626396,63.966553,2.9318538,2.8803973
58.462105,61.969418,1.1978701,1.0526125
9.00313,5.7431374,1.6239936,1.6573257
48.460285,42.71349,2.779442,2.5657606
78.93624,72.790085,0.62043124,0.98770326
42.30856,41.05773,2.2181954,2.1929367
52.02335,56.0102,1.4380422,1.0499864
5.8745174,9.264999,1.3642437,2.6391225
97.6175,96.08612,2.8844254,2.9487329
95.260544,86.1657,0.65961015,1.0840955
2.9029229,6.501404,2.7571855,2.309332
96.77086,85.337585,0.7408906,1.0827756
91.8262,93.2393,2.421637,2.4907389
63.044914,74.41999,1.0769993,1.751999
8.823259,8.907173,2.7383265,2.1563392
3.430249,7.3750496,0.66218287,2.2069821
79.19453,86.02317,1.466244,1.080822
26.558277,31.126833,1.6939244,2.0932794
94.2465,93.884125,2.5758252,2.6578336
12.551992,12.911976,1.0168324,1.9728982
27.24119,29.743002,1.3739815,1.0754578
29.724138,30.79984,2.5296881,2.538795
86.93183,85.53693,2.951487,2.880886
68.81219,70.697586,1.2430031,0.987004
86.52046,84.994705,2.3699064,2.3473475
78.03125,79.28612,2.9521618,2.9457073
10.155363,11.947365,2.5381906,2.7832658
52.76365,52.611805,1.0654483,1.0540589
91.58848,87.810425,2.8977478,2.8326595
16.891418,18.514074,1.9141643,1.5891448
75.44731,74.68936,2.601003,2.58864
87.21185,73.088,2.5893939,2.3435287
21.73302,20.666468,2.130023,2.1017284
57.60278,51.867374,2.4345253,2.4570603
16.59537,17.8125,1.2059324,1.0885602
81.86527,81.8151,2.0255816,2.0184917
28.846493,26.838127,0.701663,1.124609
74.50997,70.96376,0.97193444,1.310941
62.50782,56.63679,0.8421988,1.1257664
37.236492,36.763084,2.6052027,2.4666796
19.329378,20.792667,2.649622,2.7184806
18.939743,23.39057,1.4648902,1.2065904
41.30555,44.333096,1.5802574,1.1505939
15.611217,18.337135,2.2990222,2.1122458
80.845535,80.2306,2.2253554,2.2196035
11.640739,9.157169,2.1050088,1.7773358
32.666893,34.195557,0.74458325,1.0419488
17.364885,16.1487,0.99067634,1.8721678
48.751568,36.46896,2.9339426,2.5855846
32.318886,35.526794,1.473352,1.0746028
54.920918,53.479374,1.9285731,1.9200048
83.68359,82.444016,1.8575072,1.8475759
28.768908,29.995663,1.7493145,1.1611577
66.63249,65.8996,1.9781393,1.9836522
50.588657,54.245636,1.4904283,1.0209042
80.76849,75.028534,0.74710894,1.0064545
13.394176,13.581924,1.0621657,1.1580493
95.45542,94.85831,2.4235134,2.491966
49.320107,44.441555,0.73724705,1.0578889
46.995216,52.85066,1.7994576,1.758356
93.95057,91.74522,2.0113804,2.0081615
93.06787,93.01674,1.8780825,1.8866397
97.30396,96.73149,1.5577445,1.4618719
91.763145,92.25103,2.9728785,2.9340196
1.5792835,4.805298,2.8816006,2.7761154
73.52898,73.11084,1.8275462,1.72833
15.970436,17.38004,1.3872132,1.0877869
27.627756,30.908865,2.158117,2.106555
55.667015,61.694534,1.5308362,1.0441437
56.994167,53.309185,0.65760416,1.0426004
39.73996,40.21119,2.7708645,2.7741375
72.37234,69.35773,0.98846936,1.0882776
73.070816,67.76453,0.97271025,1.0810425
37.06941,34.415905,2.860908,2.7166872
3.565259,4.4104424,2.1035826,2.4632125
40.950523,39.624134,2.40934,2.393352
73.793396,71.98316,2.7385647,2.7016249
12.557083,14.717438,0.59993035,1.5454037
23.020271,21.859474,0.82756853,1.4383271
32.932423,32.306908,2.596225,2.6121547
39.75404,36.441456,1.1100944,1.0562146
40.515896,43.956264,1.5675424,1.0854418
27.506788,29.516056,1.0723085,1.1022599
59.692486,63.91034,1.232202,1.0882196
63.33271,64.334236,1.2086102,1.0146424
29.70102,29.669167,1.8118827,1.7870065
2.0242026,3.9896622,1.6026458,2.5442002
76.66409,78.6377,1.2564666,1.0497527
21.235273,24.787766,1.2400867,1.2049909
90.81249,90.93758,2.4711568,2.5021055
14.746492,11.644588,0.65212893,1.2785771
1.9715551,5.060131,2.388705,2.6123273
65.105354,59.328953,0.6597223,1.028868
33.21403,30.350334,2.867725,2.6290822
25.38306,25.082907,0.91717577,1.1209161
89.342735,85.55238,2.0330348,2.073804
69.047935,67.5991,1.8621765,1.7434361
7.9102798,10.643291,2.9766955,1.3152921
92.9528,91.90668,2.323219,2.3073149
4.058005,5.6220627,2.5457838,2.3854856
33.154137,34.761944,1.1919551,1.5417672
54.980495,49.64164,0.6361702,1.0628839
41.80635,37.890804,2.1388028,2.058465
20.411787,21.98632,2.297999,2.4832006
74.37828,72.93685,2.2459428,2.245965
21.492157,20.820955,2.4121633,2.5727172
83.90256,86.33205,1.8296516,1.8237585
1.9563389,4.1007347,2.9537444,2.2778401
90.40019,82.45973,0.52108884,1.0406698
8.919334,20.93968,1.341945,2.4993699
88.5893,89.81059,1.161538,1.1282585
33.091167,36.480076,1.6387086,1.5555382
81.805565,80.04083,0.59236956,1.0102234
68.831604,72.02611,1.269123,1.0153562
3.4275756,14.384468,2.3491442,1.2255287
67.90068,68.791046,0.7780577,1.0247853
95.51974,89.94319,1.0434613,1.3020154
67.079025,70.68503,1.3770092,1.2041928
22.691633,19.533169,2.6632695,2.7215881
0.36782685,5.700817,2.0990105,2.6815987
95.31309,92.78336,2.808054,2.6947696
62.3246,66.86685,1.5218024,0.9970537
24.135029,24.667068,1.2403092,1.1459265
14.43822,12.534019,1.1661606,2.4557734
44.468857,50.37013,1.9018234,2.0535603
66.94915,65.42691,1.0201334,0.99219066
51.301197,47.29819,2.642312,2.3851
50.43,60.875584,1.3159608,0.9790058
82.27561,82.58742,2.609971,2.6131954
26.771624,19.492147,0.9313093,1.5411026
78.200676,79.96591,1.8556639,1.8367382
71.64329,73.742386,1.2409528,1.0558295
22.58525,24.410519,2.0303795,2.0828166
56.185226,56.424923,0.6353858,1.0030804
32.415054,36.573257,1.4217412,1.5735908
21.786722,17.442604,2.811965,2.540818
96.580864,95.53711,2.033663,2.0456955
20.818228,18.5745,2.718548,2.436786
37.818634,37.195633,2.7142305,2.6772137
6.5235567,4.174698,1.4300879,2.3595495
88.56952,83.15999,0.8395233,1.0438883
36.533913,41.473076,1.4648887,1.0667264
53.678425,52.868397,2.9744635,2.9461522
77.1086,75.25766,1.0049647,1.0234759
80.152885,85.739914,1.754631,1.8373464
68.721466,69.7439,1.9708095,2.0039096
5.91091,11.904388,1.2400829,2.6612272
81.37881,75.85792,0.7044137,1.0206101
86.33456,80.44084,2.6871204,2.6268167
88.704475,87.96007,1.8515123,1.8533437
1.0851446,3.0520325,2.3107023,2.7313857
4.277285,7.6390457,1.5402583,2.4544961
0.69518757,9.68026,2.2362926,1.466747
77.24643,74.73793,0.7706771,1.0032358
70.79766,70.64023,1.9548442,1.951595
27.708715,34.67017,2.6841228,2.6431572
54.814644,60.50562,1.4470465,1.002745
74.41332,71.701706,1.8249158,1.8191751
50.297623,44.943497,2.8986812,2.8166246
68.92438,62.385017,0.61540675,1.02555
26.75818,29.214931,1.577977,1.1507878
69.10338,67.80479,1.7695942,1.7647839
0.39548647,6.0633163,2.0355725,1.9572908
21.216434,21.33212,1.7109656,1.3827729
71.94183,68.86324,0.9575343,1.0221372
29.81387,23.599907,0.59067523,1.0622201
70.39623,66.73729,2.1183424,2.0662827
48.04932,46.21411,0.8445977,1.1609137
30.64886,32.1646,1.3183312,1.0749314
44.151176,41.51085,2.393134,2.281089
47.12118,48.045322,0.903789,1.3179938
33.588036,36.34234,1.7105088,1.5611912
62.43682,77.172134,2.377895,2.513362
66.65903,53.455273,2.8600054,2.810552
95.198364,96.09969,1.4417573,1.3616915
35.926983,32.700813,2.645362,2.423293
15.97396,14.539974,2.4190001,2.2661285
40.407364,36.467915,0.96959746,1.0908805
78.80871,69.19525,0.53500634,1.0738504
93.343475,91.232086,1.0853152,1.182277
64.716255,68.78484,1.5679181,1.023341
94.98543,92.79509,1.1493335,1.242236
16.975891,17.27681,2.5135398,2.3968863
48.04997,50.187473,1.527602,1.0431447
15.069771,19.527426,1.44124,1.7415276
73.61075,73.02008,1.7569861,1.7362446
8.699773,9.883015,1.5809408,1.8538389
44.11267,46.44422,1.6331494,1.371141
91.81987,91.969925,1.7352312,1.7440022
76.69139,77.01249,1.758575,1.6666632
83.79438,82.691574,1.010005,1.0366993
38.525444,43.171257,1.7424138,1.8265814
23.662046,13.973396,2.6326919,2.5066369
72.03942,63.86125,0.5731463,1.0113791
5.43547,12.859539,2.6314988,2.6267273
48.510387,46.566692,1.7030367,1.569794
63.474346,62.601215,2.619447,2.5773396
43.685555,43.194942,2.2418826,2.234661
1.7633326,5.9498863,2.868976,1.5849633
40.621918,41.752426,1.8154991,1.9201858
55.058666,54.867012,1.4682106,1.2103577
63.615414,64.07417,1.0975754,1.0317544
59.847137,58.82928,2.841726,2.8276744
85.33096,87.99284,1.3563293,1.0991561
20.138096,20.106411,0.7242715,1.343749
32.75472,32.81027,1.4334375,1.3113161
61.881268,70.98726,1.2045858,1.032121
68.874435,69.16889,2.7738721,2.7602725
53.43062,51.544353,1.7667977,1.0185395
81.9178,81.09073,1.0373242,1.0384339
86.12565,79.446556,2.6638427,2.5664163
34.95593,38.422676,1.5392579,1.0726409
30.52874,28.539862,0.6455143,1.096575
34.31089,30.787027,0.54124177,1.564219
28.082275,31.406506,1.2848595,1.0601974
50.6352,50.78068,1.9441838,1.9607644
46.489273,39.848175,0.57125044,1.0554118
54.148163,59.50254,1.5409406,1.0163655
13.882989,12.81443,0.68887085,1.1061862
34.63966,36.13112,1.2012421,1.5003538
23.431477,17.078915,2.5752761,2.0968356
75.55969,87.81067,1.4738039,1.1222463
97.09062,95.02872,1.147562,1.2816365
1.3347887,11.320267,0.8674747,2.3627725
59.208424,52.87613,0.56148267,1.0550878
55.532017,48.676502,0.53252494,1.117013
29.95993,31.892006,1.3594985,1.0786022
95.372765,96.958496,1.5545096,1.4623415
96.45119,97.04808,1.445928,1.5215671
87.11562,92.79436,1.4677739,1.2134054
27.39369,26.407295,1.961128,1.9084777
13.992915,15.479782,0.9903721,1.083499
86.87784,85.97378,2.8325567,2.830525
34.16502,28.901453,2.9268486,2.8802013
27.000875,26.736301,2.4588356,2.1149282
31.222616,30.840515,2.51203,2.5461254
79.56613,83.44116,2.9198086,2.9571667
90.69114,89.49506,1.186281,1.1068544
17.228027,8.002682,2.8131828,1.9274714
56.098858,54.451397,0.8832237,1.1773067
46.31,44.492786,1.84983,1.8110608
14.837238,14.547855,0.94522476,1.1122594
13.717154,11.864632,2.5943615,2.3244743
26.434803,33.74388,1.782995,1.9698813
21.547577,25.067982,1.2830437,1.4220841
64.30271,62.152058,1.7678806,1.6585846
70.51349,81.52139,1.5326909,1.0722916
57.099483,57.22865,2.1424797,2.2006643
84.7546,80.21544,0.79918694,1.0231622
60.261387,61.7748,1.8801924,1.9044484
30.184368,25.635227,2.2305298,1.9876766
24.394796,27.548687,2.0409083,1.9188718
76.81731,68.49109,0.6259098,1.0164068
43.178165,40.501465,2.9958766,2.8156662
23.132402,22.911882,0.96814513,1.0802767
1.0835848,9.418808,1.6988133,2.521413
83.71184,86.3728,1.9529757,2.0346959
8.601611,7.697151,2.7886267,1.8363359
29.873255,32.177704,1.5885652,1.1660843
61.966496,62.232346,1.9300551,1.9225618
97.0513,94.78755,1.4311174,1.3223047
36.900475,30.878826,0.6152977,1.0392954
39.822,48.863945,2.4495032,2.6391487
87.83222,87.51347,2.360681,2.3483896
96.93742,87.62341,2.849333,2.805911
81.20628,84.09804,1.4462181,1.1496379
29.61822,33.751915,1.7266351,1.9065809
10.731944,9.529243,2.1734452,2.2415729
40.789837,45.72443,2.3286192,2.5917447
12.7070465,22.292728,2.0066512,2.6050954
25.824877,31.40865,1.2156302,1.1391293
39.542366,43.730972,2.0584118,2.0673912
8.275699,8.506393,2.089552,2.429861
80.63539,73.92428,0.68192965,1.0328457
16.113388,18.55655,1.3864236,1.0879179
89.71114,86.09744,2.856739,2.8379726
70.87528,77.816696,1.547111,1.4755533
21.06632,17.842197,0.63365847,1.2645108
42.70686,39.72138,2.447092,2.3996372
99.212204,94.904106,1.1055324,1.3030593
11.698641,10.679939,0.56604236,1.1238668
40.641815,38.35983,0.84863216,1.197446
47.999268,48.591137,2.6164274,2.6082437
63.465736,62.795845,0.9982838,1.0174149
72.76245,74.45462,2.4648526,2.4386158
78.35223,76.533264,1.0369738,1.1067945
90.77727,91.54147,2.5323982,2.5450468
59.710865,61.283253,1.9635504,1.8040297
8.400495,6.3195305,0.52855,1.8085662
55.611088,54.636612,1.0078868,1.0421629
29.315907,28.849863,1.7313814,1.7290407
60.968422,60.480167,1.9107511,1.9232386
42.20649,41.05294,0.9259362,1.0591342
11.90282,10.01265,2.5053372,2.3351755
78.02373,69.36058,0.5433274,1.1216011
36.768513,37.071877,0.51509476,1.0456057
52.361755,60.66699,2.2536247,2.2410839
90.16558,89.57739,1.7521303,1.7580056
84.35989,80.337616,2.0088475,2.0214536
20.884274,21.127256,1.0831119,1.1006117
35.893406,36.155994,2.2243304,2.4008415
24.311565,18.673388,2.634682,2.5487206
11.543147,8.529018,0.5368323,1.5417824
39.4527,37.366356,2.9797857,2.9320636
97.752625,85.77763,0.57754683,1.0628953
19.120314,18.780003,1.8010557,1.7023981
3.1423416,8.912479,0.64206064,1.2592938
97.04264,88.72247,0.66608393,1.0885656
54.909542,62.140095,1.5869504,1.0396504
84.76962,80.9563,1.0260571,1.0542068
56.102192,55.36177,2.2507207,2.1640072
16.263672,11.913132,2.3674045,2.127935
85.27422,84.63536,1.9716446,1.9695237
98.83058,89.46028,0.70697266,1.1879921
28.322575,22.442083,2.8457367,2.8096547
34.527637,27.567942,0.53301895,1.4204926
12.143766,6.4499207,2.9835112,2.5119743
96.98668,94.9598,2.6471276,2.6724489
37.492958,39.99966,1.6410532,1.2327995
14.456436,29.267893,1.5128258,2.7600126
24.975965,23.99847,1.7069916,1.3982394
1.9298271,5.1038017,2.0616665,2.257258
54.066998,53.777504,2.8661952,2.8721592
16.583729,15.237881,0.7038985,1.1466703
70.89599,66.62297,0.67934644,1.0243098
20.934658,36.34716,2.462086,2.7350054
77.21692,71.113266,0.8012075,1.0566721
40.833538,38.347145,2.478242,2.4356284
38.392883,38.349625,1.0777196,1.0666163
65.666794,64.66772,1.0278752,1.0090746
69.38846,68.97915,2.8398364,2.8758557
46.99036,45.468807,2.4471505,2.4413931
17.78959,17.50264,0.9164296,1.0933852
68.39773,70.22055,2.078069,2.0345893
45.423687,55.696117,1.8342474,2.2766094
32.644108,34.84733,2.2021456,2.3010635
50.334946,50.924034,1.0763488,1.03884
59.19086,62.00594,0.72928923,1.0193312
88.95144,86.95763,2.7745533,2.7106366
44.385654,44.479103,2.2056966,2.1692364
76.89676,74.72581,1.0323246,1.1469493
95.533455,97.57132,2.1915908,2.1950555
27.771173,25.241053,2.4602811,2.4397724
52.97345,52.95344,1.5504159,1.3858596
25.2294,24.932575,1.0587728,1.082295
7.0411744,7.56448,0.85490435,1.2538198
71.3568,70.06647,2.3891046,2.4619048
43.709637,43.75155,0.935848,1.0623081
40.15518,48.03004,1.243655,1.0314533
19.08576,18.30422,2.069417,2.0019646
33.78909,33.001682,2.877987,2.8751345
53.120502,43.03322,0.64192015,1.0985209
10.620315,8.896206,2.8184762,2.6409812
13.319463,10.251392,2.8324313,2.672892
3.777602,6.727566,1.6748358,1.6160642
12.625633,9.90472,2.3792467,2.348372
27.583544,28.813744,2.001311,2.0749278
57.5893,50.36634,2.493238,2.3933604
61.427155,60.360443,2.146024,2.1145406
50.017742,48.79952,2.3116496,2.3081717
61.95484,68.70003,1.5269241,1.4794395
92.986275,95.796875,1.4878198,1.3295813
37.137886,43.05861,2.9533265,2.8402314
9.418274,7.517105,2.2956545,2.309412
52.9483,54.514698,1.1731414,1.0626824
46.13304,43.022194,0.5452957,1.0957078
80.305695,83.301476,1.2588332,1.0674689
14.84661,13.483646,0.9235984,1.7457229
5.0313444,8.116955,1.8093197,1.640555
73.55169,77.7153,2.7583053,2.824966
17.436491,14.307522,1.5969987,1.2956367
81.20013,78.69816,1.3565743,1.4776373
8.399951,8.893021,2.3503673,2.2238522
8.416268,23.516779,2.1938436,2.4225397
11.399679,9.232288,0.5455359,1.2902604
57.849125,61.748325,1.5746092,1.2091527
64.24004,63.526505,1.7991233,1.8031843
56.62547,58.68381,2.4263096,2.4043283
87.45582,87.574615,1.3176403,1.0972122
58.1602,56.628384,2.6011536,2.5394468
93.92845,93.81908,2.0239015,2.0177338
33.965775,34.013023,1.9613633,1.9290192
95.36115,91.762436,1.0190284,1.2668749
45.00695,42.151276,2.723188,2.734246
97.93615,94.87468,1.9437659,1.8965617
93.48159,89.88891,2.903877,2.8521724
53.311726,51.561512,1.0514833,1.1200998
66.47389,62.90178,0.55545676,1.0602885
83.68203,80.71826,2.5459182,2.5182796
12.833166,12.867886,1.7124542,1.8945274
47.886772,52.817146,1.2330695,1.10028
91.02332,89.99495,1.8628346,1.8574202
68.4174,60.726078,0.84952444,1.2742212
52.19008,48.95623,2.791174,2.7796497
18.060183,27.580637,0.5638618,2.497811
48.71184,49.02602,2.8386977,2.8648043
49.948498,49.227062,2.30135,2.2841883
55.895245,53.13002,2.2043037,2.0930183
67.65689,65.64244,2.280654,2.2605047
37.25024,40.816666,1.6040063,1.0524161
36.256504,36.711487,1.2128013,1.0991249
13.243338,13.036858,1.9191802,1.7008587
14.086373,19.55663,2.5058293,2.613151
82.77818,87.70649,1.880105,1.9108889
9.897409,5.0036736,2.716188,2.3268776
77.19229,79.82754,1.9596596,2.0671024
14.800016,18.268587,2.010253,2.3081868
43.29207,45.336937,1.8913313,1.8899803
22.216738,24.826454,1.1488291,1.1142051
61.770084,59.84871,2.4471917,2.3182738
38.84628,35.375717,1.659519,1.6650649
1.1545373,12.553234,1.2150651,1.9820726
97.15388,95.3102,2.0551968,2.0122263
41.034126,41.413124,1.7025263,1.5583082
66.15278,72.230804,1.4868934,1.0306132
98.14394,91.60516,2.3064997,2.2741017
40.095654,37.23319,0.75772107,1.0717514
90.39136,80.320305,0.58864456,1.019438
64.76475,67.5788,2.4628787,2.6052613
97.13243,89.211685,2.9288206,2.8416235
92.26358,88.50744,2.229174,2.191411
19.435726,12.961525,2.589218,1.9608631
11.249984,9.20752,0.629449,1.5352763
66.58465,70.40843,1.1407813,1.012162
97.13169,95.61394,1.2847414,1.5215068
21.793108,23.283503,1.800031,1.2400391
67.339485,74.795876,1.6652411,1.0279579
83.03871,81.446785,0.9330619,1.0399857
32.203087,16.865524,2.9941144,2.4572606
81.5974,88.88961,1.9684168,2.0052176
94.900024,94.17767,2.1448202,2.1417093
20.812279,18.607946,0.8309451,1.2591083
27.540367,30.21489,2.2693038,1.9078796
30.063189,24.84048,0.8129656,1.3475795
23.330078,21.160324,0.63213986,1.2152785
11.205028,20.446096,2.485645,2.567008
64.570786,66.98398,1.5871698,1.2127144
34.24057,35.56703,2.327076,2.0615952
31.934217,36.02218,1.3256106,1.7339584
31.325495,29.109226,2.0011704,2.0378819
3.2789872,13.077343,1.6281713,1.1413599
95.15568,92.78549,1.8679453,1.8454988
86.697784,84.53204,1.7805933,1.7659417
61.33867,62.010376,2.7385437,2.7302513
1.8560435,11.433048,1.4882195,1.8896372
99.67743,96.235825,2.7760851,2.7961364
77.42884,75.98178,2.1306634,2.1389709
22.868557,18.28848,1.9477333,1.9185513
66.048874,57.646328,0.6228159,1.060635
93.02602,88.07735,0.8667859,1.3157288
73.63336,71.71188,0.9674216,1.0021391
81.71727,75.67394,2.4721966,2.4700747
44.104565,35.707493,0.57457376,1.6566131
57.04751,56.21206,1.0612848,1.0608838
29.869312,36.882988,1.2031586,1.164497
81.21396,84.1453,1.6051902,1.3900121
78.947235,84.621155,1.493914,1.3083272
66.88141,59.736,0.65234256,1.0093443
63.152424,67.02019,1.4628309,1.2568583
13.072982,16.500443,1.6980225,1.3018583
99.72746,99.39521,1.9402685,2.0402114
73.5708,82.31251,1.5337008,1.0611556
7.963709,14.2142105,1.435316,2.0611734
49.49936,52.584152,2.905839,2.9919233
46.412292,52.585766,2.7097259,2.630843
8.214932,8.07473,1.3448378,1.208765
37.92871,32.87784,2.6076674,2.4428964
13.136806,5.7427597,2.9338157,2.2989006
12.845958,12.6028595,2.9142978,2.776966
5.878137,8.179367,2.1282134,1.6052841
65.704155,69.39825,1.3696809,1.0458317
60.20703,57.15476,0.82537115,1.0244348
94.89808,85.11922,0.64869374,1.0846823
11.763002,16.113064,2.4710476,2.273122
69.918304,77.20889,1.547779,1.0291138
87.40933,89.2563,1.8295074,1.8991278
40.526165,40.430305,1.9809719,1.9828502
49.48197,45.92135,0.76021886,1.0608582
3.6428456,11.813812,2.9031892,1.979216
46.74629,42.764748,2.0748272,1.9429234
96.44788,95.80936,1.2621636,1.3339175
68.83161,68.45319,1.9949144,1.9544247
94.79692,80.096695,0.60082114,1.0462781
33.685944,34.137196,1.2127088,1.6199455
27.028717,23.389935,0.52426755,1.1297972
55.897602,56.343586,2.4239824,2.4524384
55.797348,55.168484,2.655045,2.663368
28.602161,28.470339,2.42813,2.463382
21.298027,20.486895,1.0774996,1.2525754
43.743176,41.114162,0.77249086,1.0318992
24.816355,19.251991,2.9056633,2.650416
50.551014,54.199673,1.0208979,1.077739
37.87888,41.83443,1.2755045,1.0579962
72.13748,65.636536,2.2438571,2.195436
19.430557,24.15396,2.1211143,2.2295206
80.17647,70.67169,0.5464774,1.0252285
18.800053,23.130201,1.2941548,1.6289428
38.312603,41.592155,1.4538335,1.073772
26.818047,28.154072,1.9552203,2.0963793
74.38333,76.26587,2.4598346,2.4819107
28.985853,23.866379,2.22069,2.1858277
1.9360331,11.512932,2.80777,2.7260995
46.83775,44.964493,1.0435133,1.1950524
86.47785,92.503586,2.608195,2.6246562
52.534515,55.133648,1.3329788,1.1127579
38.55782,48.282013,1.2185057,1.6896535
60.77954,59.446266,2.1782932,2.1524632
34.322025,34.0835,0.88880265,1.0690124
36.0374,42.526894,2.3213515,2.3344297
47.216404,51.66021,0.6337351,1.0450027
43.220257,45.798393,2.7819662,2.883597
58.978996,56.995502,2.9790545,2.9043946
28.073408,26.785315,0.91224045,1.1168103
88.470764,89.240204,2.386424,2.3576992
49.537533,49.487846,1.6034281,1.8100033
40.564182,36.32096,2.5696704,2.3887613
95.63956,94.23224,1.8551676,1.8586156
3.8145685,5.977398,2.5395536,1.769848
65.337685,66.8463,2.4580195,2.4358828
59.66773,55.4263,0.8560263,1.0715082
46.926952,40.675713,2.5340111,2.591309
58.74936,61.455982,1.8893126,1.9051278
30.428463,30.437494,2.500846,2.348195
78.48372,81.055466,2.1586623,2.212152
14.752149,9.824661,0.65877783,1.5650663
15.898221,15.192604,1.06352,1.0789165
81.88245,68.23864,0.53465366,1.7108986
31.805084,40.80427,2.609987,2.787516
74.5758,71.97124,1.9672674,1.9449672
88.04071,91.131805,1.2020581,1.1602242
85.54214,85.01175,1.6939605,1.6864594
83.8881,81.37574,2.9854078,2.9020586
2.776273,13.237709,0.8313287,2.4273329
55.729782,59.626034,1.5447122,1.834602
70.30089,63.684814,0.5658027,1.006866
42.26428,41.084854,2.7178538,2.7060494
11.560545,11.222496,0.8121836,1.1246614
9.650433,10.439354,1.5786377,1.9522601
41.977093,44.364265,2.3998637,2.4688187
36.027615,36.222023,2.0836742,2.053537
14.576419,12.997364,2.230435,2.1808033
49.87778,52.024475,1.6343147,1.0654125
14.809962,11.617912,2.9204922,2.0284896
46.8397,41.428715,0.67676014,1.2356054
84.90124,87.288025,2.3483436,2.3829932
15.272088,16.985504,1.7250817,1.0945647
25.645838,23.98438,2.9616868,2.919977
49.32555,42.42383,0.8141595,1.08797
24.23365,19.309652,2.3299546,1.6510906
79.83597,83.05583,1.2619205,1.0390127
40.32404,53.099655,2.4123547,2.5909863
46.83306,47.1258,1.7578651,1.7711564
21.242308,18.019497,2.6530967,2.351297
21.443413,25.50228,0.67560697,1.7930963
58.05869,51.986946,0.59757274,1.0515983
36.874954,40.176476,2.0016873,2.1854222
54.451984,60.644337,1.6308689,1.0937364
48.280403,45.05839,0.6670644,1.0837467
33.271996,29.894537,2.6627662,2.4493291
51.06191,52.673145,2.0281897,2.0456312
20.529394,20.979738,1.1689652,1.0789455
20.200367,12.891388,2.9324324,2.5445056
95.1389,94.23432,1.2431595,1.2772853
52.123856,52.226734,1.1424232,1.0546682
53.8661,49.552906,2.560625,2.5174623
80.59175,75.2865,2.2618492,2.2275314
61.01271,60.10566,2.3718603,2.392633
33.128902,30.30225,0.71280986,1.1466826
37.81803,40.90157,1.4194981,1.0678318
6.187183,8.730991,2.7117822,2.3062012
3.8616016,9.707413,2.0830462,1.8094478
2.1881409,5.614109,1.3188304,1.6156102
44.13829,43.56276,2.675103,2.7103152
97.94955,91.292496,2.5264828,2.3609245
12.409334,12.976799,1.145247,1.1269269
10.626352,8.203598,2.4558785,2.4233253
50.288773,52.11486,1.1681058,1.0404714
73.10157,73.56241,2.0213473,2.0298927
70.0796,68.76407,1.0105704,1.0016835
17.201195,16.938038,0.8131921,1.2228961
72.92909,69.82036,1.8667176,1.8040459
98.5716,95.181335,1.1190045,1.3733331
47.48675,49.208588,2.1432378,2.1661618
18.657051,16.942612,0.83997536,1.1275744
19.458189,19.40014,1.8222784,2.0777192
81.38115,81.64862,2.0028765,2.017786
95.68526,87.77231,0.7508297,1.1086661
44.30549,43.24516,0.9872516,1.0405927
36.065315,28.935009,0.5650908,1.1216954
70.29873,73.24588,1.2249155,1.0176816
9.683342,13.922306,0.5037588,2.393557
10.814775,9.550964,2.413956,2.164849
17.120573,13.530987,0.8706935,1.4251832
92.077255,90.282295,1.0190609,1.1313624
55.203014,61.468193,1.5565594,1.0040059
55.538944,56.64515,2.1557438,2.150338
43.46201,30.555834,2.772022,2.3062153
58.261803,55.089035,0.93609345,1.0992672
79.36196,80.205444,1.0298939,1.0193183
37.506092,35.808884,2.5852287,2.5509481
61.328194,60.638676,2.771475,2.7779934
28.886469,30.44368,0.97673273,1.120461
44.936127,48.192234,1.0863438,1.1002522
92.47135,91.482994,1.9455738,1.9639648
25.975271,29.117086,2.0225983,2.0510166
27.52613,30.742487,2.002845,2.2579572
76.84856,79.88663,2.4954376,2.531955
39.545036,39.707165,1.0641239,1.0604346
86.76582,84.10418,0.96252805,1.0740492
89.46261,88.14618,0.98191947,1.1031463
55.64861,57.827114,0.757799,1.0216839
66.11603,68.51355,2.7486913,2.853895
55.313484,55.266895,2.7657192,2.8043547
82.32007,75.88194,0.676575,1.0708121
43.986683,39.817932,1.7815006,1.6139246
55.521523,48.756985,2.7392578,2.6139102
39.176792,35.441677,0.64429444,1.070396
93.98811,84.53227,0.7050141,1.0807788
72.63101,79.14189,1.4166163,1.0225674
44.5667,43.995605,1.8710469,1.8853204
1.4694172,6.941021,2.9311237,2.239618
90.991585,89.79779,2.7603662,2.7162805
6.5531554,5.9501953,1.6278032,2.3353631
59.045006,63.070526,0.8697422,1.1211517
84.89783,84.9417,0.9035307,1.0570097
23.449865,22.161665,1.663599,1.1448792
24.11156,17.89814,2.984193,2.8160594
39.807026,41.995876,1.3499093,1.0585399
9.437387,11.739941,0.56829566,2.0034626
41.193745,35.347954,2.894872,2.8251405
17.520187,41.21885,2.8746393,2.9376006
17.940472,10.306046,2.5479553,1.3586366
87.638664,76.69312,0.53868717,1.1707082
29.713434,29.929375,2.817994,2.8420248
79.30723,87.634995,2.5903726,2.764216
20.120403,19.37467,2.4880483,2.5051756
46.328693,44.54239,2.9180279,2.888188
21.530283,24.167807,2.3365998,2.2267084
53.456577,46.339367,2.4744058,2.334598
27.113829,20.365282,2.854687,2.7634633
89.03669,86.90117,2.904823,2.8905315
4.7330275,8.845219,2.8417363,2.3050928
67.236565,67.575226,1.9470482,1.9212493
31.785282,27.656069,2.6284087,2.6134322
70.25023,62.52231,2.2748384,2.1933796
67.517815,66.28688,2.259439,2.2470841
52.24977,56.221115,2.0911574,2.1460788
76.08836,84.62442,1.4915715,1.1503112
34.059322,32.3593,2.3015914,2.2360303
81.25368,85.492096,1.5983528,1.3226677
82.745155,81.94111,1.8354366,1.8173709
40.846973,34.75858,2.2208555,2.06654
75.75573,67.53241,0.58943504,0.9965619
65.93032,60.950146,0.6433189,1.0229008
15.203873,13.534634,0.9319837,1.6678526
29.366262,33.48291,1.3911244,1.0494313
83.51209,86.54805,1.7858949,1.9083219
12.002877,4.06192,2.966702,2.207984
31.045048,45.001842,2.0338383,2.602762
94.622536,94.25166,2.4698484,2.470681
92.527336,93.47704,2.0593836,2.103765
0.9460761,2.6124306,2.4763145,2.1440973
57.575947,54.98725,2.7713203,2.7074347
7.777619,6.867176,2.2046282,2.4484878
53.760605,55.906456,1.2128555,1.0362937
24.814508,37.4696,2.2766485,2.3882885
90.72981,89.89607,2.8864818,2.8468456
5.9876137,5.83963,2.5224817,2.521125
82.47348,79.66644,0.94358724,1.0582137
36.039196,34.97174,2.282582,2.260518
65.102806,63.356445,1.8806999,1.9969958
92.082794,91.75905,1.6883129,1.7169828
68.741875,68.77371,1.6866641,1.6574374
71.72672,68.797554,2.8097312,2.7972198
94.66336,83.647156,0.6231961,1.0605518
76.601456,75.18348,2.4624877,2.4442105
16.70271,14.661739,2.6000834,2.4000373
32.742958,32.455425,2.4837682,2.548284
63.99996,62.798763,2.5616693,2.534677
41.753746,44.631706,0.93963796,1.057589
74.61518,77.39389,2.3877754,2.4242144
71.117615,69.04707,2.1999314,2.1277592
38.869987,38.7056,1.1181065,1.1075937
20.677717,20.080069,0.88745576,1.1725354
12.780643,12.872467,2.4114506,2.4130337
93.53693,85.44159,2.6198156,2.5698853
2.3030293,20.30024,2.36079,2.8486326
89.04185,88.08488,2.8587291,2.8653617
53.91467,54.80861,2.5374207,2.5271559
63.84635,67.17982,1.5884305,1.2234323
56.637997,59.22785,2.0565472,2.0677297
22.739822,23.503923,1.0328516,1.1105207
63.866634,62.80008,1.9654248,2.0173514
36.482384,37.74745,1.1617343,1.2586609
53.188953,47.01995,0.5152835,1.0809469
54.77328,51.040188,0.5172029,1.0553997
25.311699,40.245472,2.8135102,2.792732
50.98099,49.921627,0.6915128,1.7621408
72.410805,79.95126,1.4963001,1.0308385
97.806725,95.984245,2.9099972,2.9117024
6.5304923,8.658215,2.1953707,2.6658645
97.68045,74.48314,0.5120612,1.4949632
36.37832,40.158554,1.4744655,1.0948236
30.4501,28.657059,2.1077375,2.0028615
63.99688,64.78734,2.4473839,2.4466803
9.052176,12.361046,1.7261829,2.326083
33.8338,31.262236,0.6608706,1.8253
18.049353,17.364086,1.8845185,2.2136278
1.6213832,3.4973145,1.1985819,1.4270496
80.23427,81.9797,1.7054716,1.7527322
99.007614,94.47873,2.9456522,2.9360614
88.956375,84.49997,2.4749613,2.4311466
89.74728,95.96074,2.830541,2.8889003
37.395424,33.03949,2.6317918,2.5362527
87.34456,72.56827,0.5613511,1.2114353
59.44225,77.43882,2.1019588,2.372707
83.27367,91.66623,1.9396999,2.0182796
85.07435,88.06424,1.2725409,1.0899389
22.569424,23.466146,1.4937518,1.2378612
3.9518661,13.360062,2.1702158,1.7493178
59.76239,58.78865,1.7348883,1.7232345
37.492558,36.36107,2.7152529,2.5797825
26.80379,31.219875,1.6470162,1.7589145
34.394688,36.03226,1.7241076,1.4778697
20.162329,25.784006,1.556231,1.1161942
0.5722429,17.15269,1.9057009,1.9865925
56.19321,65.422386,1.7315433,1.8345919
5.1223693,31.16006,2.7665653,2.9646943
81.95825,82.414,2.5023487,2.5034707
3.2199411,16.010773,2.5041997,2.520755
26.959484,30.426666,1.2624203,1.0573254
12.8048315,13.701813,0.90048254,1.7857909
83.079155,85.67561,1.1744788,1.0599756
4.5654874,13.866966,1.3901151,2.341648
14.55425,7.182846,0.7834963,1.4588828
14.1178055,12.09647,2.7194881,2.748698
69.8037,72.567894,2.3693027,2.3765945
47.775063,50.034798,1.7182617,1.7218087
4.9562974,5.753662,0.5504557,2.290615
32.05011,20.293468,2.8105683,2.233213
59.13051,57.961086,1.99395,1.936258
84.18729,82.5054,1.8960589,1.8827353
21.877964,20.964989,1.8762038,1.8376061
69.818504,71.43384,2.6326358,2.7135184
29.995493,30.143034,1.0651007,1.0905429
80.21167,85.29765,2.5231838,2.4685006
19.88813,20.681858,1.6736859,1.761407
61.85555,62.45644,2.3783414,2.4048986
87.63081,87.34439,2.5734038,2.5348902
97.52695,97.72035,2.7128747,2.7725902
85.07374,83.78916,2.2176692,2.2262747
56.272427,52.823833,0.90854925,1.0531054
70.688995,68.776955,1.768933,1.7464783
70.7147,69.907684,1.9120091,1.9227731
99.94309,98.48375,1.7282165,1.6808722
38.57365,41.63544,2.3161068,2.126492
52.417828,57.41802,1.495665,1.0599666
21.441196,20.05935,0.51386636,1.1335983
67.810165,65.93781,1.7176443,1.7516465
54.170586,61.509182,2.6226935,2.6648526
61.878952,60.580532,0.8944719,1.0138791
19.803831,17.755196,0.56656736,1.082871
63.865097,58.057995,0.5492897,1.0252998
74.78716,86.23975,1.5477071,1.7513006
16.359035,25.563702,1.9515007,2.1003418
27.916544,30.826715,1.5081931,1.0767758
55.98161,53.923416,0.9281336,1.0150747
76.89055,79.849365,1.1051381,1.0300395
78.58645,86.56791,1.4079387,1.0785804
36.266727,36.034763,0.6964893,1.041904
77.79831,81.17853,1.218231,1.0843272
81.30402,82.71912,0.8506767,1.0360954
36.063908,35.17183,0.75993097,1.041199
49.673023,49.881535,2.447033,2.4944673
11.150925,14.131268,2.12931,1.7440493
39.449257,39.755943,2.4002354,2.437743
69.11942,63.70314,2.9356954,2.904456
72.42983,74.46119,1.1614063,1.00234
73.7709,73.46791,2.4199522,2.429649
27.176619,22.168962,2.3095746,2.0469844
14.659836,24.301414,1.2643893,1.121175
54.765408,54.28769,2.432675,2.2831678
93.293755,84.5668,1.0629605,1.2187599
85.94883,92.15985,2.5709822,2.6075456
46.411446,46.795063,1.6490399,1.2758497
6.635162,5.159172,1.9049678,1.672613
73.7568,74.03446,1.6826184,1.4590625
85.777725,81.92732,1.8865268,1.8439755
99.063416,93.13851,1.1306518,1.371162
84.85509,77.72738,2.3488643,2.22614
86.721886,71.406075,2.9785137,2.7931793
93.723465,90.222404,2.8720472,2.8255153
36.223614,43.283024,1.9399813,2.2686143
92.83503,83.92445,0.6975554,1.3078529
56.29433,56.214684,1.6498708,1.5099984
68.03249,68.60107,0.9964569,1.2434094
82.559326,81.96762,2.9059134,2.8823733
17.560436,14.503693,2.3000815,2.396734
19.09193,19.812422,1.6658968,1.3111378
70.47407,65.57605,0.6387284,1.3246508
7.1657224,10.366276,1.976353,2.1101873
94.53141,93.98201,1.6528392,1.6599958
99.3465,91.90227,0.89233947,1.1694332
46.7965,39.8836,2.529841,2.3244395
73.21358,69.359726,0.82349575,1.0466197
61.299152,62.136242,1.6724256,1.5704277
24.28873,23.62639,2.181905,2.4081414
21.924858,25.762053,0.9230795,1.1396737
88.49907,74.9433,2.8483307,2.8528342
98.786156,94.12199,0.794865,1.4307165
8.498737,15.496777,2.9609413,2.6617413
86.880325,75.87395,2.5636735,2.410246
34.012947,34.32217,1.2271221,1.0381005
2.1900272,4.3089676,1.9734075,2.746512
50.276264,50.727318,2.8145878,2.835861
34.628403,33.130302,0.7586584,1.0648825
38.43995,41.71376,1.4902889,1.5143323
88.59611,86.23299,1.7981282,1.7979023
50.57392,53.6588,2.8075304,2.745266
80.55925,79.26085,2.357662,2.3180356
16.258501,17.68256,1.393173,1.108888
27.979736,27.14563,1.9034132,1.8920679
20.164093,17.235466,2.7027419,2.5790234
0.18718737,8.789871,2.3555841,2.0451965
61.268913,63.16683,2.4164672,2.4433012
12.102507,12.953835,1.3505514,1.1170115
84.15436,85.898315,1.2041041,1.095661
70.82402,61.83274,1.0521592,1.6169428
21.757736,21.681183,0.8932481,1.0656836
47.54645,49.722805,2.6475868,2.6954017
37.313168,32.59462,0.5322143,1.034004
82.131516,84.019295,1.17686,1.1218537
27.523512,23.760323,0.56881696,1.7786258
98.01924,89.20285,0.68976957,1.1793926
86.582466,82.22958,2.6906402,2.6435483
44.37047,43.369476,1.1053395,1.0655522
53.31079,52.477196,2.5542262,2.5432768
9.05852,15.597546,1.3964975,2.4251943
82.475395,75.36341,0.5534186,0.98737925
73.357666,80.48806,1.4916342,1.1197116
28.762285,31.040287,1.7250375,2.0290725
94.59103,84.135605,0.6829269,1.0487971
97.16489,87.076584,0.59082603,1.0824769
32.50716,33.5315,1.8974594,2.0085227
65.63589,73.15817,2.7312818,2.8549151
60.982483,56.939774,0.7718329,1.2201116
20.510069,21.169783,1.2497628,1.1114157
87.02008,88.95503,1.2479651,1.110434
91.994,91.172615,2.6919253,2.59054
13.171408,17.70366,1.5383499,1.6803294
39.208748,32.591927,0.80673677,1.3686461
19.364912,20.12276,1.8743145,1.1872001
21.820406,23.03465,2.0033505,1.7506821
85.70578,85.35161,2.9441566,2.8972297
29.437286,27.312284,0.7655585,1.0429106
52.62198,45.08069,0.7332446,1.0302399
53.24972,51.89305,1.1817907,1.1838763
7.22375,8.2776985,1.4410181,1.4379137
3.5649164,13.142185,2.7889676,2.5556564
46.07106,47.440815,1.7502669,1.4718989
3.0288835,5.383114,1.9418554,1.4661584
37.196136,35.479053,0.85241944,1.8270456
57.55314,63.739025,1.1485348,1.02794
48.525867,49.411434,1.1499028,1.0345371
88.775475,87.412056,1.9753706,1.9649363
78.73884,77.83948,2.3347995,2.3336608
53.893394,48.91279,0.74777645,1.0217168
26.819834,26.211124,2.2045448,2.1807716
46.39996,43.77611,2.2673075,2.2402508
68.1035,64.88926,0.85093665,1.0246754
66.81283,69.637344,1.1550257,1.0060037
14.315322,12.615585,2.3928132,2.3931909
76.89022,75.70538,2.9121678,2.9016254
11.242981,10.286755,2.0762756,2.0135543
74.42145,80.21547,1.6641303,1.3952625
39.934143,38.710705,1.8013123,1.859876
23.806879,20.40589,2.2144308,2.1635818
41.67922,44.51143,1.3512436,1.0608119
41.67876,42.743294,0.89364016,1.0782408
44.045452,55.012676,2.3165686,2.4019141
77.46457,73.10169,0.7466673,1.0035114
83.57538,82.29668,2.265293,2.2497504
6.075599,7.3528137,1.1056138,1.3174785
66.765434,74.68564,2.1909308,2.2485044
52.543694,51.311577,0.93279463,1.0783477
30.348944,32.184937,1.3292277,1.0773866
69.51235,66.55444,2.8213382,2.8268409
74.83315,81.21039,2.6295884,2.7419095
8.155663,5.0772324,2.4166324,2.641385
76.5226,85.9346,2.336647,2.455214
21.433615,20.655441,1.033746,1.370374
2.8711348,2.7999077,1.4987311,1.6713734
51.087753,54.28682,2.4757037,2.6303222
15.021009,14.194435,0.69615704,1.4205941
36.629963,32.668427,2.6717236,2.7721317
91.83934,82.05306,0.82450485,1.5127472
77.73264,71.7846,0.91533697,1.1648519
81.37192,74.10515,0.6546027,1.015351
95.91999,95.72921,2.2338367,2.2497823
52.047066,62.105904,1.2220302,1.0174394
46.826485,47.14861,1.9547005,2.0074384
41.804985,40.680477,0.8898027,1.0354233
15.753142,14.022221,1.8075598,1.5277854
14.194792,11.509407,2.4120672,2.6662984
89.496635,89.02873,2.6994996,2.6788359
6.3394895,9.306431,1.1248815,1.1667175
51.363262,48.16548,1.0689957,1.2612164
27.337759,35.808975,1.4722705,1.0582289
33.954617,35.826523,1.4384534,1.0507481
40.98324,41.08174,0.9123313,1.1064837
50.84749,50.547905,2.0632815,2.0609205
10.764447,12.795601,1.5251107,1.150692
81.0688,80.55767,1.6598002,1.675716
84.36194,88.23526,1.3521296,1.1206266
46.84123,49.13647,1.6293794,1.3883599
6.1326513,6.0343285,2.7309234,1.5586581
27.006226,25.600903,2.3512635,2.3136468
75.99532,89.008316,1.5728091,1.1660419
96.98808,94.7263,2.1942952,2.1976542
54.103886,57.74649,1.9269136,1.919501
7.7017264,6.532791,2.4077463,2.477516
76.99534,80.096176,1.0666765,1.0339029
56.795555,55.69783,1.2642219,1.3152865
12.290347,14.595608,1.1112374,1.556308
39.942387,38.898865,2.1772013,2.178586
97.47582,87.123276,0.55697423,1.0865235
17.973267,17.247303,0.97340024,1.2844727
17.655554,14.635136,2.6313899,2.575117
37.128735,39.88327,1.8966238,1.9997158
24.7398,26.928202,1.437789,1.0844239
37.787956,47.786705,2.1395018,2.3763459
97.041595,93.30562,2.2432287,2.190163
47.353638,41.01472,2.5461998,2.4443843
67.96813,60.561314,0.6850634,1.0523913
78.25032,72.46499,2.8474705,2.74543
58.712673,52.775127,2.1457179,2.050039
38.75621,38.601967,1.0976903,1.0680377
25.179512,23.12971,2.609849,2.8107555
91.67106,91.04784,1.6962634,1.7111864
87.153984,86.57095,1.0532287,1.1168516
86.982834,91.58007,1.7390054,1.8130863
98.47942,88.46831,0.68083256,1.1247065
35.8796,25.921432,2.861175,2.7036505
25.793102,25.39296,1.8932736,1.4059713
42.25952,41.30107,1.0977559,1.0870966
35.556656,39.396828,1.7624934,1.9561577
38.00719,35.891922,2.4732964,2.4763038
53.951424,46.636402,0.507913,1.014708
78.43983,82.12268,2.4912477,2.501155
72.74908,66.94218,2.9880264,2.955367
43.509254,44.69589,2.264518,2.3049297
34.563496,32.588623,2.2101352,2.1407902
71.74301,72.64299,1.6624842,1.669492
18.036072,12.01984,1.7122824,1.503238
55.74625,60.62758,2.6449754,2.7021918
48.43655,48.740208,1.7822546,1.821992
78.63155,82.33511,2.6632717,2.7324557
12.406329,14.773712,1.3942802,1.8699088
0.5086169,10.561798,2.0451095,2.0512378
89.666115,90.08222,2.2867706,2.2535787
80.243126,76.65426,2.954864,2.9215777
92.65429,94.403046,1.5322413,1.4293637
7.527062,5.1879044,2.740065,2.5686953
25.022068,22.453989,1.8600827,1.5296566
94.8104,79.75498,0.6148103,1.098522
40.917797,38.507137,0.87292784,1.2582393
40.974865,35.99341,0.63128585,1.0607362
89.41895,79.35441,0.51789117,1.0677006
91.47518,97.4666,2.1814194,2.2137828
99.31651,91.75879,0.8545263,1.241817
10.574988,8.718857,2.4090843,2.345288
39.8181,36.654472,1.084791,1.1537423
88.084915,88.443695,2.8041735,2.8217473
54.32273,61.31904,1.5215638,1.0439411
95.08329,83.02315,0.75703853,1.055906
88.52744,89.23293,2.4918027,2.48166
59.94335,60.20933,1.0272413,1.0517497
60.202774,58.68188,2.8882732,2.863267
40.637688,34.182922,0.84745777,1.6075417
36.810677,41.61439,2.24763,2.2509341
53.456448,45.947113,0.63869244,1.0119293
99.079124,86.752106,0.5219995,1.097058
90.31827,88.583115,1.1176151,1.2164646
43.496304,44.931267,2.4344394,2.3828015
34.612057,31.642488,0.88449997,1.3778503
7.7588816,10.518223,0.7428493,2.1237085
25.125397,25.40169,2.8095307,2.7727842
35.88001,32.191444,0.79107106,1.4401615
33.63421,35.632164,2.356335,2.6697364
47.569653,46.544506,0.9801884,1.099562
7.73558,7.7246094,1.5110685,1.5149972
62.491596,61.58387,2.8170934,2.8219976
55.421543,49.7462,0.5428515,1.0454316
1.4828259,9.499615,0.5578411,1.6080837
63.655052,52.56295,0.67473924,1.4695358
99.56105,96.19553,2.8472273,2.8589008
70.46573,76.91901,2.4118762,2.4937558
71.42135,69.3909,2.8542504,2.8410292
47.08732,32.460754,2.7858465,2.7557228
56.18321,56.212822,2.5767722,2.577251
66.23715,57.714436,0.79509497,1.4637789
99.30957,95.44789,2.226217,2.2212887
21.543505,37.81096,2.346651,2.8214018
30.579287,31.155573,1.8324685,1.8238455
9.240475,9.031525,2.5293078,2.6029546
85.17854,84.70218,1.7648522,1.7662735
30.61083,31.086338,1.0591924,1.0609746
9.101521,9.2124405,0.97395194,1.1584907
79.030266,79.15666,1.6748399,1.674724
38.94344,39.961414,2.5579543,2.5543122
45.662094,45.85625,2.0993106,2.0888062
27.521685,17.961136,0.5610762,1.2445638
70.593,67.18,2.5811644,2.5745683
26.482462,27.989851,1.6284513,1.1266357
50.32606,50.94534,1.129426,1.0535109
49.887722,50.045242,1.290037,1.0914903
73.28756,70.87741,2.3446813,2.369765
90.17825,90.84587,1.2285173,1.157487
58.20684,57.230915,1.8612089,1.8632404
48.860577,49.762943,0.9658871,1.2750508
64.31059,68.22632,1.9846481,1.8456138
98.13777,95.91397,1.7283678,1.7239558
99.82522,93.03999,0.8579748,1.2234588
12.003401,12.057446,2.685638,2.1945708
5.0018516,5.0753403,1.2370167,1.7098461
19.488375,8.626186,2.8785543,1.3012142
76.99215,73.238144,0.9795792,0.9955086
36.20382,34.07945,0.65073425,1.0453448
98.22031,96.71579,2.338663,2.3044684
76.68946,87.93538,2.859056,2.8741028
19.033516,16.399551,2.6349525,2.6201544
87.98344,89.05287,1.7656641,1.5501027
40.301804,36.983566,0.707969,1.9011135
74.79105,74.296936,1.9986444,2.0169175
88.27112,93.08013,2.2467213,2.1356585
2.3871124,2.9726143,2.2159467,1.8067375
97.842224,93.74944,1.0705899,1.2552453
76.275055,69.0801,2.9853275,2.9310431
26.406359,25.188234,2.708379,2.710761
61.785236,67.59892,2.522162,2.5428648
17.501106,19.893644,2.5569003,2.374009
92.08522,87.69608,0.8697914,1.1226652
21.957045,21.222475,1.0812975,1.1071215
24.787626,26.566236,1.4363137,1.0936017
72.07462,67.85969,0.88381344,1.0036964
60.04404,59.265747,1.7416584,1.7312248
69.46073,75.183464,0.9531466,0.99589384
74.42922,74.90201,2.2388856,2.2641025
32.374912,31.92315,1.2216499,1.4667145
79.590866,78.793396,1.7673116,1.794965
81.889694,85.50535,2.636859,2.7342534
37.03565,38.544964,1.0476123,1.1366439
48.39145,50.02356,2.5169356,2.540266
16.975601,5.868305,2.9393492,2.622172
49.39912,47.80939,2.2388892,2.2282305
43.618866,39.904366,0.8134599,1.0380052
7.859473,15.713963,1.166929,2.7309136
12.487378,12.561836,0.9873048,1.1169348
65.72439,69.92683,1.8338279,1.270996
70.61595,64.82547,2.3658812,2.3446953
8.547112,7.1391525,2.0047982,2.12536
8.350123,8.868511,0.9063383,1.1747954
14.537366,18.714407,1.5984132,1.2451711
65.95534,61.32461,2.9710898,2.9151964
26.18626,21.587233,2.5049014,2.2630296
58.78438,58.902016,1.9595805,1.9737908
29.788021,31.531145,0.9270944,1.0435759
7.830094,8.356213,2.8392909,1.8931758
89.02065,90.02246,2.0268364,2.0167599
81.11627,85.139946,1.594894,1.3095756
45.33882,42.68196,2.371576,2.2694695
32.1332,29.39684,2.7429597,2.7118194
26.06209,18.360909,2.6634853,2.8125682
62.57297,53.827385,0.6964498,1.2398721
14.97332,12.744865,2.6785033,2.8512273
59.65228,60.820934,1.9403294,1.9513147
6.3586993,8.476772,0.6064092,2.2549067
69.59605,68.1733,2.0397227,2.0862982
50.077477,54.429184,1.4671906,1.004753
37.52746,35.610954,2.9669716,2.9115062
21.301226,19.465006,1.0392395,1.2769034
94.39548,89.512695,0.7394071,1.2602482
7.300661,9.732948,1.5603174,1.1453183
17.306097,16.127625,1.7787776,1.8810555
78.272644,78.12197,0.8140666,1.0184829
30.504158,34.563606,1.2251439,1.0503998
62.545113,63.62127,2.0465724,2.0492408
22.485106,23.426735,1.1948864,1.0861862
94.63563,85.93184,0.9074484,1.3649513
12.569576,14.017715,1.3224007,1.323457
58.848576,64.546165,1.3896811,1.0562952
97.641685,88.54952,0.79052955,1.1516359
53.704235,57.127663,1.089968,1.2025697
27.12518,29.126581,2.975833,2.836605
14.974303,15.859264,0.9031028,1.3249869
74.022285,77.1189,2.4101665,2.4350843
53.953102,52.03942,1.7743902,1.1503489
2.8922853,7.6347885,1.2939589,1.066321
31.659632,30.882954,2.327142,2.316916
92.64514,89.33545,0.9288487,1.1367066
16.828485,15.549511,2.1751742,2.12714
67.49502,69.16809,2.8515863,2.8749876
62.799484,65.370735,1.6047217,1.2546874
78.50703,80.714966,1.9152607,2.0289507
10.206725,14.391453,1.3681372,2.2058156
34.568516,35.517662,2.5739944,2.2801244
13.720791,15.810738,2.762724,2.3422487
87.86363,93.29123,1.4922177,1.5597788
54.12957,51.104084,2.1053722,1.9560457
40.930428,41.67974,1.7561407,1.7552003
33.399677,35.4469,1.4222862,1.081857
50.6439,47.383465,0.78977,1.0594251
17.47194,25.201502,1.8180424,2.2642927
20.329231,20.004364,1.01449,1.1083369
23.486217,15.052563,2.0443141,1.934039
25.07155,27.433489,0.8748302,2.0133972
76.458,86.94321,2.3012664,2.465703
37.641064,36.294678,2.1243021,2.04353
84.754616,90.60138,2.3585804,2.4453654
22.086403,22.337025,2.5358102,2.5829616
42.424423,42.10129,1.1239098,1.0522316
17.254358,16.481209,1.7985448,1.6234102
98.60614,96.283066,1.9801633,1.963039
22.50616,14.814777,2.908828,1.881055
11.303556,21.024635,1.7464771,2.5161371
41.695885,44.24437,1.1749568,1.1821465
70.871216,71.4971,1.7749246,1.7794808
43.02865,40.891346,0.8681646,1.048847
49.52983,51.961426,1.6841854,1.4185371
17.087936,18.980646,1.4988075,1.0805321
0.7834491,24.895405,1.0565288,2.9529622
84.17453,79.84098,1.0876609,1.145697
95.06674,84.2153,0.63680726,1.1393349
83.0271,86.2377,1.2680949,1.0839667
42.534256,41.27147,0.8784337,1.0822554
59.927887,61.694,0.78926826,1.0731521
58.435555,58.82185,1.9720116,1.9545642
50.240494,50.614906,1.069077,1.0693984
83.98294,71.04688,2.884478,2.8504677
87.618645,89.37836,2.4999669,2.4953682
60.066307,54.27401,2.4599223,2.4575186
80.54462,79.58277,1.739843,1.7367563
0.8386612,6.710781,1.109549,2.4513717
34.38432,38.322502,1.4365305,1.7958777
54.540203,61.21604,2.652791,2.6559753
71.38972,76.495026,2.345501,2.4120498
50.16201,55.93756,2.5350578,2.6062336
85.246124,80.91447,0.7583577,1.0481389
50.002087,54.053207,1.4553311,1.0258114
10.953462,10.561649,0.83139706,1.1322303
94.137146,95.50107,1.3615901,1.3175623
13.632455,17.564194,0.5282582,2.7864532
76.265205,88.46474,1.4907295,1.2414566
37.097725,33.1738,2.6662176,2.5979102
4.564557,6.44862,2.436702,1.8373417
55.937992,58.92726,1.7547529,1.7656586
14.86054,12.646339,2.6095006,2.5876706
8.11393,8.100605,2.9389958,1.4772215
30.080797,27.307186,1.2992063,1.6568506
53.914715,54.416615,1.1555463,1.0471574
25.791286,24.883255,0.8987747,1.0819905
12.673566,17.585056,1.7590916,1.6557182
63.605484,68.49723,1.4132766,1.0456038
93.68494,90.41996,0.99397534,1.1454129
95.52853,92.731155,1.6842124,1.5484291
81.56073,86.312485,1.5697002,1.3171433
47.841766,40.787434,2.775529,2.499566
93.7491,94.49109,1.4131534,1.5975285
2.404284,2.8812828,1.7147759,1.9579498
24.91896,26.667747,1.4822131,1.0468754
21.91796,24.079056,1.9769197,2.060677
7.077767,12.277691,1.9244511,2.4277828
56.500034,59.385857,2.476897,2.4024575
78.54584,73.52347,1.6546671,1.8145
17.700453,26.304028,1.4773741,1.1567323
94.54284,92.517075,2.5681496,2.6074681
17.945723,12.975018,0.7756766,1.8421367
15.543215,14.016304,2.2146387,1.9957193
4.6033745,11.931377,1.0068885,2.5210004
78.08223,84.51423,2.9830596,3.0
38.259144,39.075687,2.4222798,2.4591513
64.88462,62.987022,2.2157109,2.1687026
6.323842,5.7504425,2.0721843,2.4180121
59.353844,52.816525,0.57001173,1.0500181
81.682495,83.186775,2.307656,2.3250952
46.687656,50.497856,1.2315645,1.032706
97.93899,96.81697,2.8583827,2.946935
0.2822449,1.6620674,1.7965462,2.2046626
53.494736,58.91472,0.59796196,1.0038729
12.971978,12.047516,1.7471247,1.4002334
76.90271,77.5581,1.667419,1.6170429
24.149277,26.075161,1.3092158,1.0678166
88.15615,91.48976,2.135304,2.1628819
74.00307,72.42064,1.9108053,1.9181786
26.1107,23.422844,2.9165788,2.8615294
83.232574,82.11685,1.9045147,1.9134003
41.235188,39.131866,1.8052502,1.7848117
24.583256,23.672949,2.1849735,2.1526227
8.31305,11.644985,2.864305,2.3170812
22.627316,22.403978,1.8786321,1.9459603
21.838963,13.343716,2.7880561,2.4508648
33.935646,40.76799,1.9396114,2.0998764
38.710266,42.805035,2.346294,2.2993946
50.863155,49.94064,1.9889662,1.9753518
38.01835,41.71626,1.7504479,1.9530463
28.83872,28.753904,2.7726405,2.7847521
15.360647,17.614647,1.6698135,1.9981866
10.408422,18.46329,2.2262788,2.4660532
66.24678,68.54886,2.78656,2.784262
54.417053,52.90677,2.8908174,2.868524
61.58875,64.85918,1.2731895,1.0411191
28.343403,34.343834,1.7201784,2.1769607
66.62199,65.187225,2.145184,2.07911
47.66283,44.943283,2.207469,2.199213
24.1181,19.102118,2.2660902,2.1004758
93.647095,92.57077,1.023583,1.174345
43.028416,43.08769,1.7539814,1.7969519
40.538036,40.679367,0.8282937,1.1089116
56.460056,60.10015,1.9848634,2.0287917
70.57871,72.4474,2.1290226,2.1637337
48.995853,48.93681,1.697844,1.6113145
47.65203,48.541252,1.9477298,1.9811106
22.24348,23.559324,1.6728997,1.3803864
64.90367,63.63672,1.7688618,1.7754691
98.350365,97.25452,1.3624012,1.417818
61.217957,61.87867,1.1790385,1.1391082
41.45411,41.430077,0.8485729,1.0307945
17.518301,15.068432,0.5070574,1.2693663
81.00506,83.75304,2.092895,2.102313
2.3213885,14.334351,0.91124755,2.2534165
51.591072,45.525326,0.67606544,1.1017699
28.267206,30.544067,2.9235373,2.7662508
93.52654,89.42894,2.6822357,2.6734474
22.844719,14.075249,2.3003783,2.2906494
57.268208,49.023365,0.51729494,1.0206933
67.60799,67.86122,2.6004422,2.6205988
60.22841,50.729317,2.7733502,2.522595
65.632065,65.25651,2.0346625,2.0132833
7.0384526,6.9441757,0.80158126,1.4479247
1.2076724,1.8661385,1.0412209,1.5419456
3.509266,10.758663,1.3649455,2.677965
6.9355164,6.961994,0.9266598,1.9527316
33.211403,33.094986,0.8361213,1.5004016
93.595024,95.64195,2.8603938,2.8739088
4.3873334,3.4037094,2.5762687,2.2787385
3.867004,8.786491,1.7202617,2.6533375
17.967316,9.675762,2.7314065,2.434101
53.36647,46.667614,0.6425918,1.0617423
68.6601,67.170715,1.0013263,1.0224702
90.84078,88.98703,1.7038738,1.3612843
40.246017,45.790035,1.4335283,1.3716233
35.335438,37.17257,1.8780807,1.8463478
22.880466,26.47897,1.0561576,1.5109066
82.68424,86.887024,1.6067144,1.2137494
13.117399,10.358559,1.4172688,1.2503029
27.656435,31.519405,1.5064846,1.2236402
4.2262025,7.0485535,2.8375854,1.322876
49.208553,48.137596,2.393379,2.491253
78.004555,78.3192,2.041521,2.0360155
77.23913,74.54443,2.445724,2.3886547
17.568235,14.348087,2.9746964,2.488078
21.028788,28.438646,2.7247262,2.6501384
41.68427,46.541103,2.2097883,2.1688073
89.8293,88.83864,1.1182228,1.1917852
6.1566014,16.958454,1.4588919,2.6550736
96.43125,91.22361,0.9473571,1.1457314
34.663956,38.16681,2.18889,2.1533124
7.3994956,12.738937,2.3225477,2.6013908
88.08676,86.62576,1.0756524,1.1438222
84.023796,75.008194,0.5332185,1.0370083
19.38831,16.34227,1.0523256,1.0788838
28.27001,28.939053,0.895099,1.0619544
16.57063,14.732101,1.9987655,1.943332
88.352165,82.923706,2.8875854,2.78946
17.382751,16.611374,2.0377214,1.992389
80.741684,81.05578,2.3242557,2.3452497
27.938162,29.059595,1.273778,1.0608002
76.562355,71.39465,2.7655077,2.6628742
88.01749,87.74817,2.8636348,2.857411
33.274742,37.4935,1.1470889,1.4073215
79.595566,81.49458,1.1676301,1.0309438
18.635168,17.871902,2.5270898,2.5540047
14.622615,18.691647,2.0165658,2.489972
26.877714,32.759438,2.356128,2.4475389
79.8848,85.99437,1.592994,1.549843
52.329887,58.703747,2.7043433,2.7648673
19.042301,11.009998,0.58520234,1.4335389
56.641106,55.05194,0.95692414,1.1303241
48.470432,48.31737,1.1351428,1.0532064
85.44174,84.868355,2.1978128,2.146118
92.92637,90.49579,2.3097968,2.2956207
83.105415,82.543816,1.049315,1.0408418
38.131832,43.207348,2.503623,2.3911684
63.605957,57.796844,0.72423,1.0561278
3.8152366,3.2072296,2.132484,2.5010352
99.473495,97.312935,2.3921914,2.3958375
75.28574,80.696434,2.5327263,2.5518289
75.58411,77.48716,1.1449336,1.0379386
27.68985,27.924194,1.5738441,1.5466073
85.01095,86.8087,2.8450456,2.7657719
85.94668,88.98135,1.2959769,1.171256
36.010864,37.75126,1.6310264,1.7093519
47.300285,48.69844,2.9871924,2.9672341
94.91587,96.84816,2.0405097,2.0403414
63.929276,56.434387,1.0371107,0.98231375
16.27805,18.07143,2.5753253,2.6141849
62.70573,71.75081,1.7352796,1.7975692
23.168474,26.648195,1.9313469,1.9943748
40.900707,36.12732,0.5195559,1.0812255
65.99138,66.75918,2.7658615,2.740779
44.121456,44.95768,1.3900077,1.1065123
90.39147,81.79816,2.7284493,2.6686776
23.351688,28.761353,2.6034327,2.8116102
4.329384,8.782959,2.4632392,1.9270172
20.167158,19.996847,1.3519171,1.1486387
88.59073,87.446915,0.9046706,1.1519232
32.92033,31.914412,2.7824621,2.7710588
72.39458,72.80302,2.47948,2.4916081
25.798788,23.430542,1.3982741,1.432502
59.126976,56.29522,2.950826,2.9494498
4.424572,11.450329,1.5840075,1.3687297
82.85312,82.73921,2.6844602,2.688559
86.43051,85.718636,2.3804476,2.4224515
51.61612,52.23287,2.6217566,2.6365292
37.567196,35.462482,2.6610408,2.4741611
41.221825,37.594265,0.57084334,1.0521419
47.53069,42.63332,0.513586,1.2196717
78.30736,73.66169,2.0966983,1.9879698
94.848404,90.659546,2.800789,2.786594
66.88941,64.637955,0.9818277,1.1302266
28.300869,25.55322,2.2718017,2.0950575
75.2845,67.22136,2.7286103,2.576067
63.36506,64.271805,1.8291441,1.8804241
24.44674,16.656086,2.920983,2.853516
96.73806,96.96951,1.3676385,1.4505851
78.444916,79.75759,0.9524168,1.2651594
32.057877,30.218025,2.5825338,2.618711
31.371338,28.6173,2.8527343,2.6920178
36.78764,34.844776,0.8317693,1.0540414
66.51505,74.76133,1.6000148,1.626214
25.265867,24.864658,0.6830225,1.2314701
87.895134,89.418045,2.6895905,2.7233973
89.541275,94.33771,1.4551947,1.2671369
6.771832,6.509098,2.0562904,1.9130106
28.76598,27.353323,1.3819494,1.2725797
8.609708,8.615578,1.0185107,1.3585354
63.551285,66.78205,1.5996062,1.0198021
27.812038,33.634544,0.55985314,1.4290106
48.56465,45.96307,2.2740293,2.202041
7.2767053,9.064888,1.4586927,1.3264656
72.752235,72.484024,1.9932284,1.9835218
47.03885,48.161476,2.1314266,2.1247756
20.17117,17.494884,2.9645638,2.882734
99.42432,94.504875,1.0780983,1.2617753
36.168198,34.85835,1.0341616,1.6212239
62.5013,69.47703,1.6241086,1.5879362
75.20014,77.42442,1.0000098,0.99786943
47.414867,49.60735,0.7232417,1.6371886
90.210396,91.33707,2.800726,2.823328
54.522804,65.32749,2.529185,2.4964623
54.35334,55.391514,1.1544414,1.5150539
39.967064,47.290043,1.528134,1.228845
50.186523,64.17884,1.9784181,2.158201
27.055445,24.476406,2.235444,2.065991
5.6286664,6.429348,2.525716,2.1679177
36.248505,34.69079,0.9791099,1.0466926
4.458537,6.0346336,1.6365188,2.5279322
60.213497,62.048496,1.8364527,1.8469802
19.067411,17.219856,2.7731802,2.6783676
81.406265,80.91092,1.7109447,1.7175076
95.921486,95.86101,1.9746302,1.9647297
32.820618,38.946533,0.8172051,1.8641313
21.176933,19.670156,0.9116804,1.0622213
36.412926,34.330254,0.9034097,1.1642966
82.07595,72.37314,2.2464151,2.1832187
80.00819,87.37176,1.4407892,1.1079316
10.060765,15.635246,1.3955741,1.1775852
24.417435,23.909222,1.9549863,1.8420334
59.757088,59.816788,2.716332,2.7210076
60.180996,63.05217,1.6905584,1.7836728
24.750515,26.39948,1.1629038,1.0742555
32.910347,43.50911,2.9211073,2.8794417
94.50487,88.30718,0.9615547,1.6209118
67.266716,68.22354,2.486279,2.4765115
78.419624,79.72461,2.4836025,2.4878545
30.80815,33.46727,1.4418948,1.0740345
86.51531,85.25482,1.7722038,1.7358226
66.54944,71.78767,1.3017762,0.98692656
94.25081,95.04779,1.3955462,1.5525236
91.318146,90.38939,2.876653,2.873489
55.160576,55.88951,1.2416679,1.5809671
31.502718,34.34692,2.228068,2.1310942
19.343632,10.780106,0.93618566,1.7192765
55.04707,54.52038,0.927735,1.0677116
26.860415,30.06048,1.4920675,1.0663195
27.131468,24.17867,0.9682325,1.1748563
71.67705,82.09067,1.4824606,1.02783
67.4201,68.35893,2.2396483,2.2520163
86.62592,83.856674,0.9987841,1.3428011
16.327778,18.229597,0.67128277,2.1856198
48.06937,39.865593,2.7796323,2.462609
7.7235904,10.199593,1.6916304,1.4364959
74.710754,74.541855,1.0966818,1.007811
64.15331,64.12713,1.050494,1.0243917
42.698666,45.43678,1.8862381,1.898968
51.854645,51.490616,2.6084666,2.6022053
35.372543,31.248302,2.492854,2.3689854
82.05491,73.9424,2.6947715,2.5991826
44.3492,36.94299,2.9888322,2.880807
85.643295,88.854965,1.4131408,1.1532152
95.21592,93.0075,2.3914526,2.38546
72.94796,75.46091,2.8808916,2.6668358
72.98301,79.90274,2.1660097,2.3096085
87.36071,84.85072,2.045861,1.9805827
12.792835,10.687584,0.9922545,1.2863864
59.961773,60.2483,2.0342288,2.0373704
26.311846,25.25583,2.6716542,2.6669118
8.150695,6.840538,2.4879587,1.5779227
68.18395,65.18321,2.3783386,2.2965245
87.10898,85.73294,2.040151,1.9883357
58.601833,59.968822,2.2912486,2.3633974
40.018463,39.04205,1.9184334,1.9645578
95.91885,96.64496,2.4583466,2.4770565
71.52712,64.370514,0.5537422,1.0017713
29.52281,31.949621,2.6308918,2.8042011
54.4659,47.12291,0.74573374,1.0670484
95.241875,84.35591,0.6099409,1.0406182
45.780575,45.065704,0.9691097,1.0477862
75.68558,80.47899,1.624475,1.2323458
44.35586,49.442535,2.699082,2.746542
64.78803,64.42278,1.6437577,1.7792996
44.80097,51.42312,1.516244,1.0463519
5.5506625,6.049656,1.6319181,1.2688202
74.718666,75.20811,0.9723229,1.0212474
84.82978,78.452576,2.782,2.693224
46.365585,46.022102,2.5872288,2.5963812
99.21841,88.62222,2.5633254,2.347183
93.36137,92.731834,2.9444711,2.9261332
9.871711,9.968918,1.7233528,1.498404
64.95373,64.05291,2.6122084,2.6009214
39.509087,37.366318,0.83705604,1.071609
6.3851633,9.321926,2.0447242,1.6670014
75.03142,77.09121,2.7732334,2.826222
68.53282,66.89147,1.8951926,1.9114338
36.09499,36.165855,1.3105612,1.0407526
1.0359025,7.019928,1.2403451,1.7342265
9.258545,19.590586,1.0640941,2.2313154
72.7112,78.49716,1.1192191,1.0138643
56.218143,58.837036,2.127887,2.2178247
27.915316,27.623034,1.9603642,1.9580629
43.161446,40.20635,2.3436854,2.265908
17.857546,16.048782,0.8535549,1.142999
98.366585,90.97476,1.1259177,1.3816583
80.57652,77.44697,0.8835197,1.0180035
28.992699,29.02855,0.9956392,1.3129072
28.079159,17.998825,2.650148,2.4378505
61.69686,63.354446,1.109313,1.0085917
5.458243,8.083591,2.3403754,1.9389439
23.04381,29.27584,0.5838112,1.1296971
19.684753,21.583488,1.5073301,1.1116183
15.260216,27.354887,0.5841131,2.310299
89.82474,88.913185,2.9310534,2.9290695
53.056206,55.79561,1.9325353,1.9464008
31.292997,26.830164,0.67741936,1.0456989
27.15957,20.937586,2.511229,2.5320816
89.06784,82.81061,0.8295069,1.3094934
20.004812,19.600794,2.0286756,2.0058048
53.459373,61.110157,1.2947171,1.7240804
22.367786,24.921528,2.0124807,2.3094058
17.119831,21.41023,0.60252494,1.05159
34.236004,37.63822,1.4834235,1.0511763
18.585213,18.494595,1.0376568,1.1118902
6.295817,3.7765083,2.5826108,1.8576553
14.243497,16.04533,1.5608202,1.0961927
10.141087,10.680538,1.2937756,1.2737699
65.151596,66.93091,1.2853531,1.0591656
35.882973,30.028324,2.300649,2.0159872
33.682568,37.02543,1.3755007,1.0481758
83.57723,82.42905,2.26602,2.2455802
10.382587,11.622028,1.1453526,1.0539172
34.404827,30.948044,2.0245562,1.9215329
59.66328,59.928177,0.8815742,1.0386469
70.09256,63.01429,0.81009275,1.339054
59.484066,59.091553,2.3401546,2.3120773
24.154034,21.407421,1.7333719,1.2683535
21.563189,22.895002,0.97717345,1.1056225
9.162096,9.897926,1.4567268,1.0936003
62.955788,60.59807,2.592649,2.5594916
10.47321,10.970806,2.399427,1.5606385
44.990597,43.056744,0.87599784,1.1641877
67.58883,71.41138,1.6082124,1.251449
90.10878,86.93953,1.9156389,1.890966
77.20726,78.97975,1.6647675,1.6932391
86.007515,82.56423,1.6230527,1.6536311
5.428044,5.4501953,0.50461584,1.5768983
72.708336,74.01812,0.9667061,1.021039
45.96955,44.53802,2.7287323,2.6643038
2.9213052,2.8986435,2.272487,2.2058742
72.990425,81.30897,1.1812326,1.0214415
50.902897,56.174004,1.6187365,1.825474
15.992994,11.444511,2.9879727,2.8808556
45.38184,43.439247,2.9425519,2.8615088
57.591873,61.264107,2.9879813,2.9951382
46.758667,47.607544,1.7478424,1.8660531
55.27571,56.034935,2.015704,2.0093455
89.96335,89.50303,2.311238,2.3427346
53.550552,65.14882,2.7512407,2.7760983
66.86233,67.007744,2.2627587,2.2604394
91.70524,92.574936,2.8443465,2.837113
90.0244,90.98007,2.3304784,2.5096996
49.834473,53.047024,2.8086336,2.736787
0.60568726,6.731182,1.8652233,2.1345737
5.8260193,6.280079,1.8922274,2.0858665
64.25885,57.24941,0.5774583,1.0461677
49.14032,48.662357,0.7681513,1.0231025
18.92093,13.262299,2.924693,2.811061
60.264698,59.833847,2.694976,2.7065127
36.970177,31.199812,2.704963,2.5167894
16.055365,7.6596146,2.5527968,2.2729638
84.37264,82.47452,2.1284077,2.1098235
46.264072,42.49172,2.9751358,2.8877535
99.41085,89.21471,0.74686354,1.2998377
73.4253,77.99446,1.7590765,1.8299643
57.201057,54.066555,2.3064456,2.3336334
73.126564,70.687744,0.71383756,1.0325725
65.12167,63.792484,1.1303374,1.1278038
69.516235,78.21985,1.3712387,1.0065012
76.10251,78.48197,2.2733912,2.3134854
66.42462,69.48724,1.96404,2.0083168
77.36155,88.08324,1.5373074,1.132005
7.8428235,4.570736,2.9173489,2.107191
99.24964,83.790504,0.5659861,1.7062002
95.16211,94.877014,2.4903104,2.4809797
91.1332,95.29401,1.562938,1.261328
15.660172,14.586903,0.69256854,1.14621
44.673256,46.823704,1.7017952,1.0818454
27.99527,28.393745,1.0518919,1.0625275
82.18379,82.73129,2.6355414,2.6432648
71.97994,75.83559,1.6169373,1.2840102
32.689392,42.088585,2.8189144,2.8614216
68.949234,75.27396,2.361532,2.363411
50.51457,49.551117,2.3126895,2.3011718
41.196983,40.931744,1.6933706,1.4607395
34.214252,42.01689,1.4771657,1.0841044
64.159225,72.05954,1.5427334,0.99943787
69.940735,71.19133,1.9897037,2.07656
48.55234,52.774117,2.0522277,1.9948534
95.20479,94.617584,1.2566465,1.2927873
61.217598,56.398598,0.75433105,1.0257437
15.46674,10.632771,2.735334,2.1867986
12.992679,20.796427,0.913954,1.075386
54.637203,60.626938,1.5318803,1.0924045
69.17528,67.896576,2.720051,2.6983986
12.564444,14.801109,1.8359132,2.2031045
83.437164,82.03471,2.9749858,2.9407616
53.819515,57.91614,2.643566,2.788321
89.74855,94.229385,1.8490331,1.8660654
65.432465,65.514595,1.8867726,1.9039547
49.739914,49.504925,0.524801,1.0380787
16.382267,16.921955,1.3411053,1.1346328
78.683395,70.093124,0.5429303,0.99212575
43.62908,43.173195,1.0143245,1.0495428
38.01284,35.14567,0.964961,1.0453606
92.898346,93.58948,2.5037696,2.5198534
39.78388,43.085915,0.85889816,1.0909468
35.600872,43.139793,1.5946765,1.456985
19.783411,29.611654,1.8130533,2.595208
54.536823,56.32241,2.0409348,1.9495292
12.675306,9.895802,2.6822362,2.1734672
2.0215573,3.413536,1.9258868,1.2429771
4.3047414,13.982258,2.8431122,2.7102692
46.46134,45.28804,2.632631,2.5388958
94.97464,89.75047,2.885164,2.9068484
26.570484,25.57553,0.8644105,1.0928245
36.39786,29.644276,2.6970978,2.4756565
7.8025675,15.372543,2.3005059,1.0931306
13.655115,15.748264,1.5078083,1.1070575
16.894176,15.730297,0.8582291,1.0985227
39.865112,43.58086,1.2280055,1.7513554
51.47808,53.44494,2.1821656,2.2101986
10.902052,14.214104,1.8219479,2.1171343
41.88885,48.361897,1.6715161,1.1631187
87.60559,98.25495,2.6317754,2.7213488
30.239624,32.332184,1.44022,1.2538414
28.76662,35.37552,2.4641805,2.7033265
36.60303,37.994698,1.1589127,1.0728192
22.332159,22.185982,1.333355,1.0563884
35.859333,36.592308,1.6655469,1.2764463
77.75031,69.3559,0.5530097,1.0769553
45.025757,48.88341,2.884841,2.889019
16.230505,20.103876,1.5375897,1.1112981
64.02389,62.698105,1.1216229,1.0666997
38.482536,33.782986,0.518165,1.06584
10.713559,7.065529,1.2695317,1.6709417
71.719765,70.95214,1.0965364,1.0119939
36.778473,29.664345,0.5130272,1.0733554
65.72217,73.06129,2.779063,2.6546004
94.634926,94.905106,1.3369578,1.3250338
47.777706,48.94709,2.7315238,2.7972817
21.902418,20.346083,2.5945122,2.3318791
35.2146,39.33462,1.320932,1.685283
97.75457,95.37401,1.7469718,1.7359066
66.437805,65.499405,2.3032517,2.3043036
37.551617,40.79338,1.4544165,1.0705533
7.2902904,7.491192,2.1830943,1.7446513
54.023457,53.334316,2.6911726,2.665951
94.163185,92.1255,1.763338,1.7544601
3.338953,10.197994,0.9788389,2.262447
99.19173,90.298965,0.90336514,1.1662502
57.28049,55.046757,2.0906494,2.0644112
89.962975,86.41073,2.9290926,2.9449725
77.474915,77.094345,2.820984,2.8274753
75.455605,77.954926,1.4318044,1.2261362
36.472626,41.67784,2.7321072,2.5986607
22.626318,22.244184,1.6121832,1.0580109
57.578423,56.586,1.1463773,1.1185127
6.9280143,8.364323,0.693519,1.304851
78.126976,82.28977,1.1583117,1.094244
90.4755,80.785614,2.9142041,2.7949843
12.566197,10.850433,2.392595,2.3686962
99.93428,99.21306,1.4552122,1.5110488
13.337294,15.7558975,2.9602354,2.8982737
4.5169992,11.20219,0.5237034,2.298922
10.90234,6.970291,0.61754936,1.5106206
25.715153,24.751358,1.5108957,1.0530167
93.1962,93.84633,1.2775921,1.2686532
9.266156,11.105991,2.632806,2.6364846
46.245502,44.94583,2.1823208,2.2073033
96.89943,95.75334,2.8129325,2.821763
25.783575,26.814299,1.9921153,1.8306962
50.827515,60.606915,2.8662102,2.8500888
18.140902,15.6027565,2.5284235,2.4901392
14.112711,15.904758,1.6344788,1.0429864
98.87094,88.270065,0.77234423,1.2973046
94.806526,96.457855,1.7328815,1.7639176
73.52808,84.3197,2.4351583,2.4747405
23.021097,22.064106,0.8568692,1.0674919
10.70046,9.607479,2.1495812,2.0952852
63.603477,68.5245,2.4126604,2.459025
63.49858,65.162605,1.6707249,1.4158708
52.917652,56.09262,2.0038617,1.9810805
15.996489,13.727287,0.5421482,1.1695335
2.0578346,4.329853,2.6148622,1.918105
1.8336138,8.204628,1.8848081,1.5300167
33.595753,34.458725,2.3304727,2.388266
99.195274,94.50868,2.845128,2.771594
16.3034,11.065971,2.5659227,2.098283
70.46454,74.141396,2.77573,2.8500934
92.270546,88.24457,0.94974995,1.1094733
52.228863,55.645245,1.2561294,1.0738914
33.78438,31.604443,2.738234,2.5444734
50.13168,49.322773,2.3624618,2.3602805
70.56828,81.0246,1.5386407,1.0208113
61.251965,60.563347,0.8559606,1.0494637
20.623255,20.368391,2.1394408,2.0609295
4.3962655,12.011841,0.8999309,2.300056
9.736653,8.660374,2.797257,1.6598421
25.757227,24.820866,0.90373623,1.0877619
91.0987,88.987305,0.97246784,1.1123643
32.258587,17.74313,2.9620697,1.4029853
53.05533,52.060226,1.9558082,1.9237618
10.341565,11.5055275,1.4161417,1.142665
76.41409,87.91742,2.8416145,2.8292584
97.88002,97.77969,1.5692593,1.5966198
0.6332764,5.0595245,2.1399949,2.1927135
52.46059,56.321617,2.4818645,2.5437508
39.813755,41.052933,1.2075475,1.0446104
89.06862,92.51224,1.3550991,1.1987062
11.275414,9.998001,2.3596616,2.3208618
20.112429,21.269663,1.575698,1.0968122
63.96208,65.86631,2.205705,2.192909
77.26589,88.65306,2.6996288,2.7691407
37.590416,38.719666,2.3693779,2.3615062
85.18776,85.84541,2.0261502,1.944336
7.036771,6.2594566,2.2819648,2.2443035
53.967537,51.69292,0.77327746,1.0107417
11.62359,12.789127,1.2824944,1.1357452
96.28397,93.25513,2.9708455,2.947455
13.639211,14.870758,1.4255441,1.8146101
60.417683,60.823387,2.3990963,2.3900073
10.769123,9.129917,0.85632807,2.0253184
76.60005,79.91458,1.6497046,1.6162761
31.660362,30.207159,2.7586179,2.5829215
10.933966,11.343327,1.7782221,1.2529528
17.79438,30.12089,2.055813,2.642684
85.661934,83.21431,2.5004663,2.4878821
52.147675,43.929577,2.1006382,1.9706149
28.68996,24.806303,2.9167511,2.7705522
27.349821,32.271873,2.4422364,2.6932373
8.094713,6.931896,1.1553867,1.4916437
22.40587,21.614456,1.340347,1.7628406
54.742603,53.862885,1.7871895,1.8152449
61.059093,63.802803,2.868833,2.9371614
66.47683,67.168076,1.8649389,1.8304453
26.49643,26.301569,2.2010474,2.0796754
46.921917,41.30779,1.0849801,1.1706469
99.68082,89.68472,2.9828596,2.9997892
8.660173,9.572556,2.0145454,2.1137617
10.0548725,8.404728,2.386974,2.3932548
43.80887,52.155296,2.0299547,2.0017955
3.369508,3.0627975,0.8999399,1.4063772
6.4141726,7.05814,1.7313915,1.5647655
13.968368,8.480698,1.4717251,1.9206539
89.99704,88.88948,2.0611455,2.0640023
75.89655,75.46775,1.0116569,1.0206155
18.277512,19.930592,2.2359316,1.4156599
1.6171911,13.14492,0.93355894,2.2289283
68.65339,66.157715,0.8700649,1.0205268
29.874508,33.936207,1.2415689,1.108785
27.9514,24.316399,0.6960657,1.4081908
23.273876,22.076809,0.91414905,1.1662563
87.762634,88.65772,1.2632668,1.1118867
95.18792,93.7444,2.6242745,2.6165762
56.044544,54.34979,2.8935804,2.6710238
31.168715,35.716408,1.3000028,1.0530016
83.31227,78.71336,2.093952,2.067668
64.658066,63.39283,1.0947987,1.0668242
57.45371,48.24283,0.5736686,1.0664179
14.173333,13.108784,2.2013555,2.3445637
46.93061,45.294724,0.5545642,1.0447446
97.28149,91.10397,0.69155234,1.1429464
32.96176,30.178377,2.1428034,2.0289457
29.791487,28.822908,1.0028297,1.0959797
38.92156,37.79965,1.8584609,1.7912148
63.626392,64.34967,2.1519158,2.2338688
21.68504,18.073921,1.0012623,1.2872362
43.031387,39.494667,2.667015,2.6843002
75.165054,73.56935,2.3237228,2.2282825
75.15819,70.22002,0.8872009,1.1412761
13.188818,15.965946,0.60408825,1.560793
0.0432645,5.094887,0.9274077,2.4600043
19.323969,21.752487,1.2574862,1.3611239
96.39124,92.463974,0.9651965,1.1970611
69.38107,73.859184,1.2846372,1.0012676
19.5037,17.568733,2.631606,2.6467836
13.511306,8.789005,0.5995055,1.4663818
58.75397,55.024044,2.4178004,2.2799373
80.419754,74.08183,0.65562433,1.0225797
9.046383,9.859367,1.3115807,1.865541
50.856674,49.97993,0.5486,1.0974203
31.597599,26.422081,0.82128334,1.7223684
98.338936,97.069275,1.4099871,1.4182553
8.072935,12.908302,2.6264453,2.7617998
97.235176,87.08797,2.876743,2.7533731
14.11761,14.498814,0.5495777,1.1517675
68.29662,73.14557,1.1866843,0.9923578
72.05301,77.8216,1.6288642,1.2127846
39.804058,36.93856,0.668342,1.4400017
35.22859,36.714138,1.252515,1.0739737
5.299434,4.484886,0.7421185,2.506609
3.166176,11.912918,2.581197,2.468465
24.818033,23.685976,1.2302369,1.0759354
30.79267,32.585495,2.4372454,2.4221358
48.644295,44.993835,2.950397,2.8623157
19.457962,25.547766,1.5443568,1.5594097
95.83609,93.27855,2.289596,2.249589
89.720085,92.0535,1.3013527,1.2142901
38.442818,49.344868,2.485526,2.712486
10.454663,11.466301,0.7353429,1.1932731
70.766075,63.175777,0.70667034,1.249929
90.759384,94.34193,1.4766129,1.3018708
51.54847,51.34673,2.2538283,2.306063
79.291794,80.88744,2.6734776,2.7025843
75.447624,82.07911,1.2057483,1.038834
74.04804,74.81128,1.1245422,1.0636809
27.266626,21.01013,2.5482771,2.2853434
24.87496,18.106106,2.3304393,1.2498791
19.163425,21.023228,1.4372224,1.093658
22.44691,19.711334,0.852227,1.4202083
57.662132,72.016266,2.8279724,2.9877324
18.058575,17.721474,0.8093941,1.1703619
31.561323,30.493853,1.0556322,1.1332757
32.401077,35.42502,1.6565585,1.1281652
38.180958,40.432507,1.127233,1.0462099
74.84323,74.159775,0.8625482,1.02125
26.059639,25.373476,1.7857594,1.6112609
41.2082,41.393612,1.1777982,1.0544283
1.8939754,3.5401955,1.2503933,2.385294
56.842674,56.298557,1.069997,1.0562582
5.073875,12.01931,2.747149,2.048131
17.540993,16.3059,0.8979147,1.2741998
38.325047,32.97393,0.6478611,1.0727062
37.025826,41.287876,1.5444387,1.0464857
92.53456,96.02571,1.5116806,1.353502
44.988922,42.9996,2.2706082,2.1895065
43.505146,44.452515,2.2818983,2.2678769
5.1604943,8.02285,2.612672,2.2564895
0.8040926,1.4031715,2.8766744,1.5109159
79.26912,78.040504,2.1924462,2.1886802
35.144066,37.564,0.88423866,1.0380045
7.518705,9.910076,2.23188,2.0969636
36.596424,28.313328,2.2604594,1.7487024
4.3801107,5.9678535,1.4381453,1.0862317
65.361694,72.4628,2.6893108,2.7885633
69.697685,71.873344,0.943617,1.0320413
86.63373,80.46655,2.3818514,2.3021882
96.2914,95.97623,2.0175567,2.0510628
96.63198,92.22334,2.8832054,2.8597248
22.493168,19.756027,0.71564907,1.7440034
98.127525,89.249016,0.5978436,1.0945463
72.54611,71.5269,0.9975814,1.012044
46.78819,48.25694,2.488565,2.554604
84.62662,86.62201,1.2182565,1.0856148
40.55994,43.77844,1.4105468,1.0644586
83.70825,87.810844,2.3444064,2.281705
67.08287,63.43024,0.9102201,1.1475596
77.62796,74.69373,0.81806827,1.0028429
31.060122,29.156778,0.70874226,1.8534087
4.6727276,4.8480988,1.9427744,2.4962819
36.678005,37.89096,0.72227854,1.0404767
85.077,75.946976,0.5130717,0.9953968
74.03651,80.1729,1.5606246,1.1011057
27.411299,26.523466,2.4888647,2.484913
29.449545,30.832748,1.3491881,1.0903022
9.073847,8.060802,0.61758685,1.2630162
47.97925,48.476707,1.8305603,1.7929512
99.75161,98.43997,1.469007,1.4907988
48.807266,48.264767,0.8059718,1.0553299
87.95034,89.90935,1.2813772,1.1362463
44.444668,45.99536,0.7870044,1.0356593
54.455017,49.018204,0.7162657,1.1685108
89.12114,90.27754,1.2688755,1.1371052
94.843124,93.93786,2.0563211,2.0324812
86.00173,85.263245,2.8321424,2.8379884
98.23366,93.34739,2.8346732,2.7968922
19.406305,19.481995,1.0002782,1.0815891
62.797787,60.50785,0.98916334,1.1048131
31.508013,40.13075,1.1058586,1.0331109
33.1927,36.555935,1.5631025,1.8187895
63.90327,66.05824,2.2116654,2.3222735
6.2597547,7.8385506,1.050349,2.1640656
59.2051,59.150696,2.5223095,2.5768332
94.59262,85.88143,0.6847797,1.0820837
4.070754,8.199272,1.2850914,2.066852
91.85518,91.533966,2.6566086,2.6903949
15.865505,13.544426,2.6365826,2.6174433
97.771805,90.91289,1.232072,1.1450598
90.570526,77.335526,2.6013174,2.4167113
61.18486,70.14744,1.3903701,1.0852847
14.551654,15.180088,2.1383028,2.1788635
10.073062,9.743599,0.9485247,1.1296337
45.389915,48.13279,2.786059,2.6442
62.739826,64.054375,1.7047176,1.1478463
2.672335,2.899746,2.634257,2.4701662
31.417007,27.293133,2.6560917,2.610896
57.83457,59.243843,1.7337258,1.7484412
59.32515,60.80611,1.125436,1.0223267
7.021732,5.404049,1.0646063,1.2314746
58.66078,63.659733,1.5970769,1.1296303
58.47466,65.461044,2.500545,2.6083035
53.485188,59.33477,1.5466594,1.1405387
50.510612,47.337486,2.4257534,2.3514295
80.47601,86.775925,1.9619304,1.9619336
82.68895,81.16475,1.8650564,1.7913221
43.120865,42.321598,0.9701367,1.0720267
3.2622602,14.755806,2.3578448,2.6974456
84.22896,76.649376,2.8859422,2.912199
68.63297,68.15049,2.1935778,2.228
63.027912,62.57876,2.1521173,2.1395447
95.432465,90.84735,2.3108604,2.2159965
88.16995,96.81815,2.3791997,2.4660816
28.10718,33.052414,1.7682796,2.1752636
37.65122,39.798576,2.9745271,2.943674
29.546824,28.722971,2.5005307,2.3692963
89.46506,89.534546,1.0422219,1.1368316
5.35548,5.8297462,0.8430214,1.2806318
73.40071,72.150375,2.3266656,2.3252041
78.964935,82.2522,1.2583408,1.0494226
25.127872,29.910118,1.706377,1.8830953
98.814995,98.51067,1.505964,1.5045432
74.34117,76.18137,2.3732224,2.2649093
88.049065,90.20624,1.1549182,1.1468918
80.5626,74.72654,2.2373013,2.1941445
53.232437,53.5663,1.8284805,1.8192668
18.821184,20.054764,0.85761297,2.590907
27.739054,26.246338,0.9159831,1.0930732
57.34324,50.006924,0.5052699,1.3322959
68.77981,68.09413,0.82257986,0.9929637
19.266552,20.791388,2.4155312,2.4565554
87.887886,88.597664,2.1097012,2.1124418
21.467627,18.235535,0.60147804,1.0824562
30.575254,31.476398,1.3681,1.0891826
89.76902,93.34275,2.5983825,2.6604843
30.278952,36.519203,1.4992428,1.5170029
10.305757,17.971977,2.4045289,1.8223023
45.926636,42.269024,0.68271893,1.1681585
19.499872,13.504463,2.2529025,2.009832
91.37338,91.6297,2.5713756,2.6050773
34.952267,36.264473,1.3626012,1.4971206
8.253631,10.204964,2.031144,2.444314
59.87424,57.9274,1.034386,1.2014419
63.449234,60.80813,2.800987,2.6839747
95.84458,91.08409,0.9473324,1.1860186
6.006116,6.3578453,1.2471374,1.0826323
63.157665,66.596375,1.2887917,1.0212562
4.832545,6.692318,1.9447895,2.2492487
13.866129,10.505211,2.5169024,2.10349
88.37056,85.86368,2.3942902,2.4064412
1.9699886,3.695137,2.8063374,2.2841663
33.3773,32.55249,2.2430682,2.225307
72.11688,70.546524,0.98131895,1.0303596
27.906828,27.737797,2.8604836,2.8356075
64.78624,63.21691,2.986433,2.9595509
31.788982,23.327782,2.682656,2.4997244
11.418367,18.077929,0.8284709,2.1782982
6.7022715,8.927151,1.203789,2.1053815
77.570496,77.545654,2.8646352,2.861235
40.870674,46.620625,1.5288486,1.0440794
0.15683372,3.316265,0.79272705,2.0612106
88.67367,87.46924,1.8927326,1.9892896
43.931755,43.946636,1.7248937,1.8108199
93.52949,95.7398,2.4938397,2.5464475
24.885878,24.52285,0.87773645,1.0587572
27.253515,24.404322,2.9584143,2.8961725
33.596138,34.57113,1.0749724,1.0580211
80.36578,75.81926,2.705279,2.5374534
91.822685,94.41863,1.5160438,1.4535656
93.41581,94.74443,1.6148745,1.5757942
22.537315,25.467173,1.5733387,1.3127183
79.494865,84.40987,2.569286,2.709014
60.142315,60.50112,1.3481492,1.0659304
5.761605,9.418331,1.2425189,1.5836744
64.6416,66.30707,0.8430522,1.0094912
46.423115,51.94249,1.4158853,1.6549649
46.267345,46.947998,2.7069516,2.756684
1.5967717,5.9666443,2.2909281,2.487485
6.838425,8.601761,1.6454109,2.0848904
76.67132,84.8553,1.4576674,1.310211
76.72069,74.00061,2.649657,2.6265543
34.238853,36.871113,1.5968925,1.1131849
23.745716,24.108522,1.6973522,1.639478
89.38272,92.83269,1.407082,1.2309994
82.22371,85.85056,1.2395171,1.0553282
94.57131,92.995514,2.4593046,2.4708958
58.284092,57.492355,2.2843716,2.282157
77.13412,75.23021,0.65850544,1.0421945
53.949047,58.21242,0.75262016,1.039881
14.442534,14.017662,1.764415,1.8202809
67.93152,64.580894,2.5322826,2.586468
71.50208,63.40679,0.58628166,1.0696157
23.396437,23.807867,1.0771929,1.115895
63.79644,62.12153,2.4365687,2.4467452
41.06141,42.383636,1.259427,1.1104059
64.40553,62.588806,0.9324821,1.0317309
7.127447,9.257183,0.69391084,2.1038418
26.94709,31.009233,1.2727132,1.6942587
19.1985,16.836475,0.58142245,1.1521785
51.60083,54.602413,1.8473577,2.0422213
76.68448,85.44049,1.5559181,1.0919802
94.84269,93.10789,2.7834246,2.7792418
62.046223,58.802025,1.813796,1.9716436
3.919834,7.3616905,1.8523581,2.0642154
74.5797,75.39038,2.1480792,2.1008825
50.199333,48.705647,1.9778503,1.9493105
2.8438518,3.9022484,0.98523766,1.7583777
41.732685,41.26731,2.7826204,2.785387
15.633809,22.615196,0.9744058,1.1343544
4.849394,6.7607727,0.6825386,2.026044
54.618042,54.842163,2.2531075,2.1260169
2.5486977,3.7868156,2.329087,2.6785831
43.332336,39.91139,2.4226685,2.5301456
12.210825,16.069897,2.7058723,2.7663767
24.67575,20.137497,2.8288543,2.7858264
84.11329,77.7371,2.263763,2.3244324
91.27399,91.701126,2.4996996,2.5128474
80.91819,80.95129,0.84833884,1.0292403
2.4473991,12.844269,0.53264153,2.0420659
44.153164,46.424828,2.6077762,2.4806561
75.550255,68.093285,0.60752577,1.0323653
13.730328,17.579807,2.7667172,2.6584823
83.37107,78.7205,2.349393,2.2831192
34.829124,37.035007,1.29181,1.246526
98.95834,97.95439,1.9291989,1.9473621
46.00363,41.935524,0.5697321,1.1788349
7.8951054,3.8430824,2.4819367,2.229179
9.007027,11.267464,1.0830023,1.4591694
93.36291,88.48191,0.96660894,1.1773355
4.9576936,10.370594,1.6374774,1.775063
9.717983,15.719223,1.6744087,2.560618
52.63541,52.415504,1.0106173,1.0538323
52.083477,54.36106,1.0093179,1.0377998
39.910233,41.57197,1.6876485,1.3356357
10.421041,19.063799,2.738879,2.7838945
19.736212,19.566252,1.7280992,1.3140659
40.654434,43.552452,1.2315769,1.2457317
72.99307,75.95014,1.1093925,1.0297878
17.25108,19.28516,2.061531,2.0875125
47.011234,44.115417,2.308762,2.1604395
27.990528,22.158072,0.7225916,1.1910219
33.23283,47.150703,2.0441291,2.3715887
71.62031,74.91389,2.051676,1.9426627
97.87467,99.30005,2.2937787,2.3348148
30.477968,32.966522,1.9943882,1.7740757
31.91094,27.223421,2.989783,2.7354453
77.874855,80.26058,1.4347295,1.4062896
50.434654,43.140144,1.8855387,1.7605983
66.325294,60.649933,0.5900367,1.0456731
63.675396,60.437473,2.393979,2.3494074
68.76626,66.54139,1.1944797,1.0092719
82.380455,85.93829,2.5457487,2.6215014
83.88612,86.228836,1.1941847,1.0790987
98.34693,97.949814,2.6979609,2.7237828
2.9745247,10.818203,2.2491434,1.8535036
71.5325,76.33235,2.738925,2.7890477
10.484772,10.656681,1.2567265,1.8239309
6.4436235,5.407299,2.1026642,2.1228757
38.334217,34.2258,0.6591315,1.5459273
16.359173,13.299557,1.8693417,2.0955138
17.23029,15.429771,1.636764,2.2191179
73.1413,76.622536,1.0515771,1.0048475
27.351683,19.260847,2.9108646,2.6623297
61.5116,53.052013,0.511584,1.0635529
43.84511,46.33014,1.2555072,1.0528312
47.887703,50.546146,1.586322,1.0546362
92.083916,93.02659,2.254669,2.2676222
72.370224,83.572235,2.3345664,2.5421643
36.82523,39.38038,1.044389,1.5658804
39.598114,41.63858,1.6156844,1.1420432
84.54822,86.66192,2.2501988,2.309658
35.613094,27.843718,2.6620486,2.5660157
79.848305,85.50786,1.6799406,1.5468606
6.8171544,16.134182,1.8019785,2.149806
51.830086,51.820454,1.8569871,1.8894672
19.21035,14.584976,0.8558037,1.1803114
41.457893,40.665092,0.7036381,1.3757231
6.6132746,5.5069275,2.4252803,2.2706695
97.85541,93.92346,1.9411856,1.9484832
2.006816,6.5599976,1.2246032,2.3273625
23.050907,31.838097,1.9779508,1.6355956
70.33829,69.46767,2.3605847,2.3601897
52.40347,54.993275,2.137597,2.0926836
57.1274,48.72471,2.3056316,2.051523
59.212864,58.589397,1.9010979,1.8938202
25.476934,26.56606,1.4004205,1.3422911
16.714645,20.397861,1.0564901,1.0551722
56.598366,54.39156,0.51947707,1.5458031
7.048708,8.965759,1.7177161,1.7204049
78.61812,79.59503,1.5996943,1.5575882
48.515633,45.617718,0.8401811,1.0590634
46.809322,45.699123,1.894136,1.9167956
37.603065,41.42177,2.4654455,2.4095464
70.333694,72.50126,1.7298561,1.7144138
3.3006928,17.422493,2.6167035,2.056075
27.23506,23.620028,0.892447,1.1287572
63.443466,68.630356,1.4280956,1.0948269
25.768902,24.091911,1.3413864,1.1821164
75.53231,75.600006,2.5511973,2.5432775
94.75519,89.39824,0.93382436,1.2383916
49.858055,54.81206,1.4786832,1.0104692
96.013115,94.14947,1.2264358,1.3261395
41.27112,39.38309,2.3224502,2.3758817
54.62582,64.11534,1.6551763,1.6629885
63.586693,71.669655,1.6004298,1.7427456
78.87745,78.820404,1.9346361,1.935926
27.591042,23.733822,1.1016366,1.1304532
51.03524,51.613308,2.8706217,2.8724241
2.1104288,2.9820824,1.7326378,2.0060627
37.286446,34.367325,2.471373,2.3488455
52.956573,49.312073,2.5316172,2.4900415
70.929276,66.07884,2.008161,2.0021188
8.513022,11.12418,1.6658441,1.0876889
56.23139,61.13933,1.2466328,1.0187426
43.27885,42.844673,1.1700954,1.0959339
57.60175,62.98847,1.0071058,1.0247028
73.540596,75.07889,1.1125431,1.0577798
99.2374,96.57386,1.2645578,1.3511337
83.27134,70.17932,2.5288668,2.4459658
9.533018,9.355404,0.9597416,1.2344395
86.85199,85.319756,2.1142313,2.0912964
57.619854,63.922363,1.4887668,1.081696
30.214981,21.15523,2.2768857,2.1264024
79.24519,83.26146,2.3061345,2.3718956
79.67824,79.468414,1.6667786,1.7396517
28.898039,23.987875,2.8908827,2.8220396
29.474064,30.58989,2.3209245,2.2662306
78.90028,83.726715,1.2369163,1.0534158
98.423744,95.278336,2.8368468,2.830246
59.72047,67.02869,1.6166574,1.1241195
12.896818,10.892975,1.0630825,1.5477215
56.721077,58.791866,0.9621986,1.0153879
41.945324,44.435753,1.277614,1.0501151
58.82548,59.275608,2.0475554,2.0444303
52.273796,59.253365,2.1547434,2.2669375
98.43301,96.56213,2.0026598,2.0027876
73.733826,77.78957,1.2935928,1.0217214
80.596985,80.876976,2.556238,2.4407318
97.19933,85.74675,0.64465445,1.0646664
56.177948,61.820423,2.8749886,2.7456977
65.46475,77.58138,2.6526196,2.841054
52.73106,52.282425,2.1078155,2.0262775
5.7755322,7.096878,2.60807,2.4762897
66.11251,67.11888,1.6627799,1.5983021
83.25494,85.24705,2.5109215,2.5391939
18.497967,19.634407,2.5273638,2.4429183
30.18169,30.819939,2.1490643,2.2142973
70.55337,79.01001,2.4291246,2.5338292
23.349674,22.470474,0.7996378,1.7515194
16.021204,21.960714,1.4463701,1.048903
6.2453914,11.325787,1.9820123,2.1974666
10.79714,13.022568,1.5463895,1.9637734
96.77449,92.565895,0.7510751,1.2003803
18.206322,18.124203,1.8009069,1.7344615
48.40031,42.52652,2.198788,2.004656
22.552763,22.587942,0.71876717,1.1114757
18.584911,15.443584,2.4078598,2.661474
17.14546,18.805511,1.6720515,1.1430874
91.23202,89.810814,2.237479,2.248167
26.559702,27.877426,1.560277,1.0407848
91.96532,96.54605,1.3770242,1.3396986
5.192533,14.401871,2.883825,1.3731431
73.585594,74.799255,1.1005204,1.0121906
24.413969,23.900549,1.7774531,1.4700382
96.05498,91.93317,0.890167,1.1703079
67.83944,64.16504,0.5733936,1.0249627
40.360287,35.399956,0.6081404,1.0871862
60.416454,62.53668,1.9255421,1.8566822
99.1663,96.35451,1.2684568,1.3528621
29.086626,30.184278,1.6115613,1.1296656
49.261944,46.045994,2.9325738,2.923635
41.350655,43.97273,1.267585,1.0509973
24.326143,25.273666,1.2174535,1.0870647
12.610026,13.621212,1.36577,1.1198051
43.980362,39.26651,0.6737095,1.0839828
48.90156,51.63274,2.5127704,2.5508578
26.177399,23.199692,0.63719445,1.0784483
68.00719,82.123,2.5897336,2.8269444
11.536682,11.020618,0.7132462,1.1211299
33.235596,35.83919,2.0727503,2.1475067
7.366581,7.28693,0.8204698,2.0454364
19.663862,19.137775,2.027969,1.9850259
33.7609,33.09629,2.4753788,2.654382
86.20077,79.28941,0.68446237,1.0153301
38.428078,33.400185,2.8365088,2.6817756
83.08703,84.29335,1.9384052,1.9823685
31.80517,31.234373,2.3589587,2.3543053
85.55195,86.80561,1.7345657,1.7381428
54.17825,53.43177,1.8753479,1.8934236
64.55502,70.02587,1.5642115,1.0932696
65.319725,64.08668,1.7310033,1.6133705
87.325584,83.39729,2.896394,2.9056783
46.74158,45.054684,0.7327651,1.0764377
31.151026,31.113441,2.1393201,2.1598558
30.473291,22.15715,2.664718,2.4635925
5.5176177,11.177387,1.9018488,2.4475737
57.626312,53.830517,0.6224006,1.0930507
49.01466,51.410736,1.3356676,1.0390434
26.494074,26.98474,1.7590847,1.5960226
10.327866,11.512489,1.6305401,1.2228472
21.125683,22.635798,1.5660014,1.1455433
67.36888,80.821236,2.3924785,2.484473
16.194963,16.894108,0.8671923,1.4297284
73.74021,76.99134,1.2383947,1.0133092
41.034576,41.10222,0.7367317,1.0561223
90.14108,89.41135,1.0674775,1.2124879
1.5584061,3.6943054,2.1684418,1.9274318
97.43175,97.70094,2.1342158,2.1546457
9.670409,10.18214,2.062868,1.669291
7.359354,11.178829,1.6216918,2.007834
54.828274,49.320957,0.61511993,1.0455537
42.275253,41.680508,2.1345353,2.1225164
44.722107,45.333187,1.0006809,1.0467288
61.74579,56.357887,0.7050292,1.0040236
15.109076,12.624794,2.6706414,2.5619051
1.6907556,7.578617,1.9561584,1.6844339
0.7617753,1.8389473,2.3153975,1.639248
33.079967,33.115707,1.793669,1.8803352
31.056332,27.593834,0.6592067,1.0844615
45.47357,42.08542,0.83798945,1.0763972
23.213074,22.48279,2.0625858,2.1520875
97.868965,92.20766,0.7244162,1.1539543
9.754017,7.9651375,1.7436761,2.2125895
28.885508,28.485577,2.1515696,2.1553109
10.801505,7.173809,2.9883618,2.7650313
52.34526,54.142464,2.145461,2.2363775
74.675476,88.4548,2.2167141,2.3335016
71.696785,82.30171,2.9411998,2.9482298
49.83118,43.58255,2.808959,2.7469087
47.492004,46.038445,2.1408055,2.0644019
72.527214,73.19238,1.2267168,1.0250716
57.95168,58.135025,1.0679002,1.031757
54.33662,51.216396,0.86049485,1.0460217
59.9352,67.93013,2.0360746,2.1857028
95.22118,93.81207,1.9727567,1.9738
65.467285,55.997395,2.4090118,2.2820778
20.135372,18.516186,2.12923,1.4290158
9.727405,10.593437,1.1684109,1.1161084
94.69057,87.05834,0.79212,1.0961214
17.602749,11.825115,2.9596617,1.9841739
39.40475,38.919094,1.9291751,1.9575171
3.7918093,10.634621,1.4142355,2.6658063
94.642136,94.18666,2.9515705,2.9643102
20.730658,22.528536,2.0681236,2.127954
73.85535,67.72183,0.6898907,1.0027795
59.469048,55.11492,0.7001713,1.0456054
84.87589,82.56865,1.6215518,1.5438113
42.50854,39.39492,0.98332995,1.0463531
16.706387,5.038437,2.8257384,1.7455146
33.982716,30.746721,0.8234378,1.1217079
79.7882,80.02866,2.8511329,2.8752375
47.184277,50.350636,1.4023662,1.0431159
60.16359,53.11371,0.69543004,1.1386992
4.935766,5.479767,1.0055073,1.1924012
1.3966957,3.0655975,0.82675934,1.4319224
23.703375,21.155457,1.7372386,1.4057386
15.770278,15.136715,2.507751,2.4322896
18.97467,28.605043,2.3358788,2.5205379
99.08618,96.821915,1.2886614,1.3871644
53.628513,57.443295,2.1741838,2.2349188
57.676605,64.210846,2.4376447,2.5232985
84.44537,83.85108,1.6456343,1.5444303
7.11869,8.7091255,2.0248258,1.8189116
77.53026,73.852615,1.931137,1.8750528
27.321253,21.52405,2.564548,2.3472643
10.957383,8.9340515,1.7499312,1.8778024
54.666317,54.65372,1.1122257,1.0445616
21.862991,18.518955,2.9563153,2.8581781
66.53622,67.39527,2.5130038,2.5284991
16.113754,16.341328,2.4676998,2.7421632
53.94889,53.31665,1.1198229,1.6139833
41.754448,40.94323,2.3534763,2.3532867
80.05417,84.11511,0.93116164,1.5718178
16.49418,14.047272,2.6083217,2.5507984
41.860905,39.86468,0.6048464,1.1411326
55.91027,55.97784,2.2882085,2.2947564
64.92017,67.758224,2.0056634,1.8617643
58.2582,52.45995,0.88283527,1.0767875
44.21599,39.587395,1.837473,1.9150995
11.131124,14.28199,2.1113691,2.2014482
18.43167,16.455433,2.2946618,2.2107854
62.217922,69.626785,1.4496704,1.0202613
17.598383,15.699081,2.532893,2.3038116
30.509527,30.54386,0.98230964,1.1787946
62.527817,66.47819,1.0577004,1.0284332
67.36561,70.406235,1.7586014,1.7198963
70.31106,70.54003,1.9182364,1.9133823
73.960396,79.801575,1.9836609,1.9584408
32.897797,30.775259,0.87131655,1.1393354
21.763535,28.286724,2.4463527,2.6721482
73.58641,73.31645,1.7397283,1.7600505
96.99076,94.8454,2.3754692,2.335716
12.106006,9.872204,1.4453455,1.5057672
33.212807,33.327133,1.1159605,1.2903291
15.565664,15.798328,1.7123011,1.424627
33.613445,35.381676,2.5620153,2.6455932
2.0758333,7.7968216,2.0636864,2.554682
0.97381294,3.0983582,0.629493,2.444226
96.20682,95.00777,1.3713112,1.2598473
49.027,50.39809,1.9291387,1.8944243
18.19747,20.680357,2.2698934,2.5348744
52.034492,50.4111,0.9492664,1.0289768
88.839966,78.50899,0.80878496,1.1926175
21.171034,22.007544,1.0579283,1.0945404
57.982006,40.86021,2.9804444,2.4579906
99.4384,99.0516,1.5577773,1.6157076
45.259487,48.426754,1.6650691,1.4548602
36.274193,34.83291,2.094704,2.1118813
92.59032,89.50337,2.12653,2.0219069
77.03655,77.25603,2.0491045,2.0652833
34.954098,31.012054,0.6676199,1.1062365
82.72542,82.05231,2.0565536,2.0461955
86.83375,86.259224,2.1489556,2.13805
79.43295,74.91527,0.5603556,1.2370131
87.43233,88.098495,2.0844672,2.080818
17.431284,21.656803,2.2182136,1.1688247
71.59887,68.29807,1.7841219,1.5680761
86.27741,83.52223,2.8755503,2.822326
74.29768,78.46049,1.9583852,1.9915358
35.511833,33.937717,2.2385032,2.1635213
29.734169,30.890026,1.9072194,1.8920969
26.4169,27.788334,2.7251446,2.710866
94.09107,89.49135,1.1854527,1.4583211
24.894373,24.31368,0.69749963,1.2095729
80.35127,79.974884,0.9549902,1.0419476
68.55612,78.52733,1.5249426,1.0099585
99.10205,92.66955,0.9121521,1.178534
26.018488,27.91915,1.3020191,1.2542136
24.75814,23.772015,0.6414437,1.7428828
57.433746,54.630283,0.910949,1.0421914
33.675835,29.134996,2.3807132,2.44253
84.40525,79.46517,0.9763099,1.0275748
46.92628,47.256516,1.6895779,1.5993661
23.989765,15.545528,0.5172879,1.1562402
67.50927,67.45125,2.3509386,2.370795
62.172775,67.836044,1.2636561,1.0911143
81.44806,82.80415,1.7471106,1.7189616
84.03266,77.61933,2.0947514,2.0143259
37.548058,35.19925,0.8309037,1.0794394
2.747193,4.032509,2.6705308,2.0363624
5.8355994,17.910973,1.3711591,2.7500732
66.533394,69.056465,1.199634,0.9953024
31.21731,27.623894,0.6873417,1.162988
25.985115,26.557018,2.0121157,2.0690808
29.490911,26.445295,0.5424248,1.0512986
55.4398,55.70414,1.8121845,1.8507878
6.529473,6.846325,2.199184,1.2057812
18.298086,27.520905,0.5081654,2.316081
41.405655,49.549496,1.7277938,1.9832621
35.457836,38.715675,2.4702199,2.6689987
77.77606,77.901,2.019385,2.02762
21.11233,21.884428,1.5808645,1.2702508
55.833828,54.913284,2.0542872,2.0240378
11.9323845,8.963615,0.7367767,1.6247002
26.772724,25.942736,2.1544242,2.0763052
30.065376,28.402445,1.8125602,1.8175248
94.01473,89.99688,1.0431688,1.1874225
54.90069,55.423714,1.1312053,1.0489671
87.80755,88.65137,1.1499035,1.129561
75.8976,80.36015,2.2733884,2.310585
1.0966884,13.326908,1.1910095,1.1158061
17.091908,16.082096,0.62791175,1.0796585
56.504105,55.809082,1.7486061,1.7292262
79.793144,87.0335,1.468722,1.0821362
0.46757707,16.59468,2.721186,2.1585565
2.4499738,5.4934464,2.2321327,1.7561467
84.851944,84.50012,2.7581148,2.7605913
30.157106,28.885942,2.4663663,2.5028448
94.56205,86.30826,0.8522077,1.0885295
66.01972,65.30951,1.7981654,1.9385371
37.868385,37.82956,2.1655293,2.1508129
93.34067,94.0679,2.05185,2.1066158
69.59914,63.85326,2.8384953,2.83944
39.2489,35.585133,1.0163383,1.0762066
6.3404346,9.915791,0.56622624,1.1353357
96.70446,93.10388,1.0827868,1.255657
31.037903,33.303276,1.390199,1.0763469
90.88787,79.56381,0.5200802,1.0686429
5.957959,7.747364,2.066264,2.187671
92.55741,81.42023,0.63678753,1.0729204
0.9451894,1.7437325,2.2259688,1.5540127
75.31229,73.31184,2.9062068,2.8236532
67.668304,66.72577,2.4641943,2.4607377
46.12434,49.061844,2.6268523,2.5328827
83.842255,82.6252,2.2306294,2.2161272
81.8125,87.1873,2.7666268,2.8036647
82.0234,81.41674,1.8147937,1.8213553
67.85822,78.249344,2.9801145,2.963745
99.35768,95.654434,1.1679335,1.3361595
79.055244,72.36197,2.9375386,2.9161906
63.33719,61.90902,0.9413827,1.0126017
84.82546,92.4536,2.751052,2.8600774
15.257458,14.552868,1.066194,1.4299359
24.415668,19.685852,0.6957878,1.189235
48.153572,46.219074,2.9584718,2.9353786
63.129665,62.483738,2.9526331,2.936939
96.64572,94.81853,2.2479212,2.2293468
45.12117,44.48039,2.7701418,2.7878907
17.869144,16.78437,2.9588237,2.8638988
8.052638,8.645012,2.928467,2.694624
6.7618437,6.5816,2.480411,2.4132576
76.42918,77.819626,1.1635346,1.0225713
55.891396,60.041893,1.5804912,1.1067214
28.60265,29.113466,1.9495656,1.9044368
14.756813,17.280804,1.9059368,2.0684104
93.47489,93.520996,1.1191621,1.4172996
65.45105,65.45394,1.1773489,1.3090855
81.88362,79.78456,2.3506258,2.3354254
58.476166,65.139305,1.3005266,1.0057442
29.33477,29.074215,2.6636312,2.6768425
80.92162,74.91398,2.6887624,2.656889
30.339056,32.643616,1.7720448,1.8209586
66.67177,60.2328,2.5969565,2.255931
45.316246,42.465767,0.74233174,1.0227485
0.5706674,9.530445,2.8354568,2.6572313
21.773897,20.454361,0.54922366,2.1768131
12.398937,17.340767,2.6936247,2.181031
99.0519,96.64902,1.3417358,1.349122
28.595089,33.636757,2.4989092,2.5254216
91.08318,89.90721,1.75137,1.6524535
47.842045,48.039017,1.8688486,2.015738
67.55522,57.26944,0.6084179,1.056193
10.674889,10.958462,0.83056486,1.1259499
49.58169,56.171593,1.509659,1.0366933
81.60835,75.07746,2.8217497,2.7092152
60.75328,58.89105,2.8128207,2.8138409
59.227222,66.08789,1.5251484,1.0304751
31.742258,25.876242,2.0795624,2.0005252
83.730804,83.06911,2.1461782,2.1502943
6.592438,12.186119,1.5533013,1.401223
25.95056,31.13589,2.5188901,2.3445132
72.90643,73.75373,1.7656103,1.7007903
62.296722,55.247437,0.58394104,1.2902868
5.802687,9.97118,1.0942963,2.1892273
44.512123,45.46715,1.9717293,1.8414999
82.70993,77.18455,0.66086644,1.015162
42.569885,46.664124,1.4989988,1.0871444
92.64013,79.824646,0.65195626,1.2336919
2.0343719,4.1842575,0.99114925,2.5521314
89.077644,88.34808,1.7284248,1.7286019
79.88398,82.1732,2.5201807,2.5520844
19.843334,16.149544,1.15341,1.1959193
57.550095,59.068123,2.9957807,2.9778423
21.921492,21.283092,1.3238406,1.2020288
70.685745,73.37103,2.0130908,2.0788772
75.752495,76.33792,2.0290747,2.0390742
4.6611295,12.3638,2.020784,1.9801682
33.924137,30.272375,0.66155213,1.3950062
71.932205,75.49959,2.6701455,2.631303
72.148224,74.43106,2.175206,2.2040505
98.90494,93.12367,1.6611973,1.7114264
14.0441,22.87388,2.3443532,2.762624
43.24318,41.79397,1.336613,1.2138636
44.37083,39.870445,1.8155962,1.6222235
65.558876,72.08782,1.4001783,0.996227
40.356064,38.239605,1.1474072,1.0366149
99.646286,97.18465,1.2727115,1.4565281
77.81841,83.31261,2.3570852,2.4226618
19.098618,12.989635,2.657047,2.5960536
86.89321,78.44515,0.806592,1.0039848
14.177054,13.118668,2.2808533,2.0285563
17.898836,15.0722885,0.6433761,1.1377456
42.305084,46.341103,1.7220709,2.0372682
74.05795,80.05897,1.4078252,1.0286725
96.38924,93.129906,2.5942597,2.5580406
61.67236,61.369186,1.7912389,1.7260401
20.556831,16.13401,2.8076527,2.5951028
65.1149,63.676865,2.0821533,1.8787241
26.503477,24.313477,2.4187455,2.2966907
78.05909,81.32712,1.607264,1.3834105
22.883934,31.723232,1.560086,1.572423
68.1277,62.125065,0.8147103,1.0575488
43.18854,47.550793,1.5360231,1.0647981
77.23804,78.47083,1.6523017,1.4732324
29.583937,25.843487,2.0784223,1.7266108
28.293358,31.516396,1.180138,1.1434512
54.4125,47.757263,0.57345843,1.1115837
27.883371,29.410213,2.441819,2.5314817
12.959602,10.070976,0.5743829,1.6219423
49.459217,47.074635,1.8114552,1.6454048
1.1812593,8.247391,0.735285,2.6847587
3.782231,10.352848,2.982111,2.3052478
67.56943,60.081913,0.5632629,1.0151081
22.748919,21.609018,2.3152604,2.2807808
47.046696,50.1727,2.5266042,2.6448007
87.85168,80.1168,2.8403022,2.8029425
60.190697,56.349373,0.53513896,1.0008247
91.003,92.0489,0.97809076,1.2184087
7.554143,9.607647,0.8566403,2.6332378
20.613813,19.888876,2.254415,2.2880902
67.50228,62.12046,0.52346486,1.1491404
4.4199724,5.1994324,2.288299,2.28562
6.1532927,20.436333,2.8465996,2.8266783
77.98151,79.49992,1.1970516,1.0196419
29.956696,37.625416,2.9388585,2.9547257
79.942894,77.748955,2.2284224,2.2248378
4.9344907,3.7825165,2.5478084,1.7570754
45.52787,40.33118,0.54559153,1.0655367
60.303394,59.143875,0.9888844,1.0275832
71.62078,74.63573,1.3812504,1.1524999
63.26667,63.92793,2.3352442,2.230928
57.239807,57.659004,0.8799892,1.0138681
68.988846,65.058754,2.8808799,2.912726
3.8554327,7.331272,1.0139426,1.9628271
94.417534,98.95115,2.4450853,2.3847256
97.55235,96.44719,1.6269717,1.6311861
61.331768,57.837437,1.7669076,1.3924253
58.044296,60.73462,1.6913897,1.8738666
67.44919,61.89349,0.85652834,1.1053789
25.166338,33.23507,1.3940358,1.1182487
54.754826,63.307354,1.3381729,0.99552053
25.801832,27.513533,0.91919804,1.1177627
43.85432,46.14467,1.2711358,1.0228378
20.438637,20.580826,1.0620018,1.0995083
38.406635,40.135334,1.2548805,1.0389415
36.847202,38.182034,1.0134025,1.026761
73.29769,64.61822,2.3525453,2.2804797
55.59589,55.998882,2.065976,2.0655808
45.955208,43.80018,2.0320594,1.9985974
21.331635,22.35594,1.9395299,1.9384668
70.206795,75.41167,1.2600149,1.0005288
38.428703,41.736977,1.472712,1.053885
5.2821083,6.8107185,0.600273,1.314816
9.121679,15.146973,1.02296,1.2178739
19.698782,19.511345,1.9108893,1.8624077
35.37697,34.984337,2.72727,2.7104971
8.565461,8.447884,1.429936,1.5881096
36.160915,40.901363,1.7267541,1.7554667
70.90017,77.900154,2.3264875,2.3967507
89.3679,88.929184,2.7694812,2.7663903
31.985037,33.7678,2.0653384,2.1467617
92.741066,94.25712,2.5343869,2.4659505
89.48444,86.98966,2.6367857,2.6152773
20.28604,22.325289,1.8063368,1.0986059
70.88999,71.8585,2.7462332,2.7808642
33.42614,28.427153,0.59005797,1.052387
48.313576,48.710423,1.7683449,1.2695756
26.032246,19.972462,0.7466335,1.298817
85.51172,79.16673,2.84804,2.8019207
32.67836,40.3025,1.4308884,1.033855
52.842377,52.16111,2.72217,2.690809
4.478777,12.639763,2.7693124,2.4892244
65.11596,71.4386,1.4859586,1.0075504
65.049614,72.461174,2.8664584,2.7795534
52.521347,48.795086,1.7983552,1.6004316
87.411766,91.69455,1.3629421,1.1728883
91.40123,77.8621,2.7469387,2.6393342
87.02362,86.39165,2.103908,2.0892434
77.80807,81.84744,1.5946224,1.2751788
84.417595,86.6431,1.3056257,1.0661736
17.313967,15.223225,0.6261243,1.3786902
61.13737,63.910797,1.3277466,1.0181925
71.221344,77.86722,1.8743824,2.0209813
60.630642,49.103302,2.3164644,2.1730762
65.703,65.82734,2.5942638,2.5994508
68.90208,66.10494,2.2694635,2.2136564
97.81081,97.02089,2.8745317,2.8991969
87.464874,84.334694,0.9293291,1.0390955
99.211784,93.4845,2.9213412,2.8672333
73.50501,77.36939,1.4072022,1.1029494
78.13585,75.1407,2.5804074,2.6296384
37.246994,35.10633,2.5843596,2.4609318
97.88124,97.06685,2.6856256,2.7978296
18.78881,25.182842,1.5660518,1.849442
94.18065,93.39069,2.1224275,2.097024
30.10552,30.215351,2.0154207,2.0051234
53.507477,60.7039,2.2524219,2.362833
21.438463,25.189602,2.3944783,2.5421195
99.75028,96.76993,2.706032,2.6973999
84.33852,83.34214,2.5495098,2.5267954
33.578583,32.010056,2.2025526,2.2235405
9.182264,15.297077,1.822534,2.207648
49.5735,52.19713,1.2974871,1.0528722
56.499165,55.54914,1.7931143,1.7937801
79.74987,76.76673,0.6693759,1.0177088
94.312355,81.85623,0.59192157,1.121036
69.61668,70.76145,1.6157286,1.4272585
74.89111,73.0483,2.3189597,2.296064
51.14274,55.563698,1.7765521,1.8214793
94.259705,92.94505,1.1700743,1.1890478
19.271345,26.327972,1.9629675,1.9685699
87.458015,86.51111,2.1423783,2.063136
53.057167,47.58203,2.4914362,2.481622
30.631102,28.23088,0.82024634,1.1814275
69.853065,72.6566,2.7483845,2.7776003
81.12734,75.68754,2.9952354,2.9578447
72.062836,70.095406,2.2945306,2.3154287
44.27607,44.31324,0.946882,1.0151417
83.03129,82.18931,2.9867008,2.9577942
86.54342,86.16908,2.9677022,2.9466276
3.6197262,3.384819,2.6462126,2.1872663
33.21802,36.396362,1.7563266,2.075385
45.48188,44.42837,1.951011,1.963705
51.800617,54.786858,2.7998202,2.7579699
87.92459,88.31073,1.7613825,1.7520382
27.798935,23.21622,2.8706212,2.844201
22.246105,14.528545,2.6930907,2.5188134
5.613779,5.6762886,0.9697265,1.1845449
42.03956,39.835854,2.3655777,2.2668557
92.39819,90.648895,2.984586,2.9611375
72.73955,67.900566,0.52572733,1.0184453
88.26637,84.15799,2.7182302,2.6163113
9.982221,16.039555,1.9117777,1.3213913
73.11813,68.56065,0.88522536,1.4689758
98.2509,94.43471,1.2780988,1.2165961
62.544495,60.344368,2.3886666,2.403572
32.20062,28.720749,0.59580743,1.097532
10.534722,9.870636,1.8796312,1.9042494
6.0613165,5.7130356,1.6277385,1.6184378
58.326054,63.201298,1.2476107,1.0476345
30.33384,41.81739,1.8690658,2.353416
13.927907,12.149361,2.4379056,2.4386818
46.82342,44.861084,2.9938483,2.8739533
28.609747,30.448555,1.5905435,1.1652693
13.675291,11.992802,2.5544493,2.5584917
91.90343,85.2543,0.8274272,1.2040294
45.445755,45.59269,2.099656,2.1519084
71.68919,76.85011,1.373247,1.0280588
55.986916,56.61509,2.7786145,2.854288
96.599785,94.59061,2.1431746,2.1279912
36.80237,37.85818,2.65965,2.5300837
31.232567,31.525139,1.0219691,1.0949392
25.062082,23.649382,2.6976542,2.7986164
24.694283,27.62752,1.5578773,1.0775852
17.70249,18.9114,1.6189799,1.1812228
76.93367,71.24117,0.6591014,1.0234514
96.73744,99.730095,2.3416002,2.3582215
73.78632,70.940735,2.9235072,2.8973398
70.240585,63.11683,2.2161357,2.0746467
95.20381,88.029434,0.7280174,1.0998576
64.89514,66.260544,1.1081066,1.8106697
43.14855,42.17777,2.1875634,2.1733093
48.076965,46.605213,2.1298044,2.068366
0.13260072,1.2502098,1.5717434,1.7117362
81.734764,86.8642,2.6466708,2.6887875
99.30763,98.7802,1.8899702,1.9044735
57.96831,52.367905,2.0019894,2.0165393
77.70569,73.6723,0.8408018,1.0145633
6.9696884,8.774189,1.4191427,1.2249293
83.65689,78.64456,2.2879624,2.3287494
41.234646,43.25158,2.7266731,2.7268617
16.158129,16.664295,0.60805297,1.1108981
91.66987,97.74805,2.4560049,2.506189
34.88359,37.14545,1.4532611,1.1611631
94.58513,82.78589,0.7730109,1.5137001
7.0855837,5.7636795,0.6458856,1.3676273
77.4257,77.37713,2.9193137,2.9101806
69.05301,68.664696,2.9358227,2.9248056
54.724915,57.38413,1.5421594,0.9950999
69.328606,63.03661,0.5005195,1.0125884
12.033051,10.563164,2.5120845,2.3518384
46.649597,55.420033,2.9256206,2.8689919
53.05393,49.952087,2.7160757,2.6673665
6.371617,8.459606,1.6020743,1.8723011
17.656921,19.625607,2.1706243,1.3561745
7.2002277,11.103664,1.0423766,1.3974655
99.73566,91.53093,0.8336795,1.1959015
26.801111,29.246477,1.5613238,1.0938826
13.320664,17.986053,1.3162441,1.3701301
55.72821,54.856827,0.9229432,1.0247356
29.46022,31.079363,0.59688276,1.0653783
70.7777,74.22435,1.2261527,1.0042479
86.95518,77.14238,0.5709674,1.057378
84.19995,73.82766,0.6417117,1.0134914
29.766678,36.993874,2.6938365,2.7899678
13.103253,14.81617,1.5086157,1.4521803
0.85621196,6.446327,1.603252,2.4532278
39.73645,41.568245,1.0299395,1.043992
7.0946584,7.5365257,1.672694,1.9980133
11.67528,12.316673,0.9895377,1.1634736
71.66261,73.1313,1.1336336,1.0028818
30.799791,30.597582,0.5523463,1.1193609
97.08256,97.568344,2.2271302,2.2735617
52.517075,51.885498,1.7828487,1.7862142
70.19523,74.87902,2.2431338,2.3644779
77.074455,69.28402,0.66844136,1.010334
26.82051,29.000679,1.4802884,1.0581417
71.24572,58.154533,0.6366047,1.5689521
61.45783,59.911186,2.7666173,2.769311
43.852665,46.649418,2.7056231,2.6858525
87.26707,92.36595,1.5368036,1.2492666
36.96776,36.689705,1.7517835,1.6984764
0.8693014,9.531071,1.9641764,1.7395121
59.778038,63.859707,1.5400695,1.175606
31.286964,27.87025,0.7730722,1.1214061
84.08239,82.110374,2.0618043,2.0807817
81.05156,88.865204,1.6063672,1.6459203
36.68561,32.262527,2.6094382,2.6171842
52.205566,52.32371,2.8525813,2.8665907
76.51257,86.69289,1.5291202,1.072437
21.336218,20.012236,2.2308724,2.1782253
26.978497,28.149834,1.1968287,1.0441293
67.48136,64.98732,2.2117522,2.165806
66.41009,57.38513,2.957613,2.9198775
27.855453,29.351772,1.7023268,1.3805314
66.65729,65.04606,0.9468259,1.0234632
87.39538,85.747696,1.0599527,1.1284399
60.200603,65.51364,1.216621,1.0371945
26.320147,29.417128,2.5775533,2.6192508
33.881012,40.464252,1.9677852,1.9968867
68.784386,71.05229,1.3019935,1.0017811
54.13119,60.60759,1.3293396,1.0438247
16.0777,10.742977,2.6896915,2.3834555
5.7277565,8.122189,0.62120134,1.6665812
19.762568,18.292116,2.7541118,2.5613098
78.844795,84.564926,1.6373149,1.3174436
42.252968,45.309784,1.4044816,1.0713234
57.740116,56.858463,1.7545087,1.7361355
15.478302,14.270809,2.1465096,2.0893111
82.81056,81.05818,1.9635566,1.9046184
88.473236,88.05076,0.8916197,1.0805057
57.03505,57.367676,1.6174682,1.7835851
25.04594,26.098347,2.8054335,2.9068637
98.55216,93.156006,2.954168,2.884396
88.62426,94.51274,1.6008083,1.4029524
36.186974,39.15001,1.4010456,1.0776296
67.68022,68.34012,1.9912964,2.084481
99.454544,93.45682,1.0558449,1.2538805
63.677616,62.508232,2.1766796,2.108502
52.19978,54.124645,1.1694918,1.0242097
57.914417,60.702606,1.193316,1.0681998
68.7974,66.619865,1.0616487,1.0524898
82.15764,81.220474,1.8467784,1.8495817
55.461926,54.892136,2.4153645,2.4191146
86.2214,89.918015,2.8793733,2.8257303
68.13169,62.405334,2.1082344,2.0734673
60.8237,59.4937,2.2486415,2.2457988
48.96676,45.197502,0.8259469,1.2157078
3.8700223,5.258728,0.54897684,1.4314443
38.917908,42.78023,1.4627315,1.0690736
99.81068,98.939514,2.4913468,2.4992843
73.68548,71.639404,0.79175496,1.1420355
17.719526,13.3384285,2.5737753,2.4415326
25.362885,23.125423,2.5673864,2.7197998
64.05484,63.01781,2.3039935,2.2628715
48.973587,48.031498,2.3117163,2.312812
85.19734,84.311035,2.2339475,2.1917365
93.523766,92.511475,2.8613784,2.8847728
9.455307,13.817909,0.6182188,1.248242
8.38408,8.746204,0.8625206,1.3161553
15.608747,15.804405,1.7077308,1.4561398
72.96597,77.73067,1.3266629,1.3399453
73.45883,73.03711,2.0580127,2.051228
25.076601,26.60334,1.4200064,1.088262
19.00907,20.64991,1.4724479,1.1145395
95.28673,93.90672,2.1288333,2.1061513
73.41146,72.79023,2.4295313,2.423503
83.52246,88.377846,1.6687068,1.7107661
29.351543,32.55712,1.8220314,1.9292842
94.23903,93.082596,1.025629,1.3944604
24.54737,25.110615,1.2406332,1.0671725
6.187299,10.55209,2.9131446,1.7745129
46.630535,60.31619,1.5155016,1.1587126
11.505766,10.461998,2.129348,1.5718162
49.78362,45.63858,0.89645267,1.0824544
97.4091,91.31206,2.7388637,2.688648
79.02932,79.73586,0.875985,1.0996895
69.602325,75.50683,1.4286736,1.0248692
20.219105,21.75751,1.9086795,1.0581164
41.026897,35.99731,2.4946887,2.321539
15.454847,16.876434,0.8919069,1.2781337
63.23987,67.44623,1.5759542,1.0732632
4.827673,8.558353,2.4707754,1.9741049
8.337015,5.797306,2.7820365,2.42002
12.052328,5.3790855,2.7457218,2.5662212
71.69829,68.8929,2.9454906,2.9016857
88.59337,90.55928,1.3142704,1.1211343
30.89114,29.624187,2.8015018,2.8046098
1.432502,14.652386,2.1642392,2.4080415
67.31564,67.10079,0.6957856,0.99640435
35.428345,33.5596,1.0527241,1.0679077
50.896084,56.74432,1.4459484,0.9884859
26.996391,29.6561,1.247029,1.1063447
47.374058,47.21294,2.899867,2.9262347
55.082836,57.248898,2.233458,2.1420865
20.473866,22.69269,2.0046086,2.230857
75.24931,63.906826,0.5395777,1.123025
9.794685,8.155411,2.4694173,2.564924
13.822057,17.273643,1.5606339,1.5884196
34.99633,37.62812,1.4310386,1.0489471
52.957306,58.52732,2.4914098,2.5303986
39.369114,36.119648,2.0188048,1.4612417
59.632713,55.20046,1.8682741,1.8182116
64.851135,68.11369,2.4744422,2.5367832
32.41758,34.961964,1.3802599,1.0426666
55.098194,62.38379,2.1693842,2.2611063
35.188385,21.148144,2.8210146,2.5194411
73.91102,74.17054,2.8243794,2.774168
62.757473,69.9808,1.4419746,1.0078864
93.88823,88.515625,0.8720143,1.3584205
59.69183,63.01922,1.249598,1.043792
89.85857,92.40094,1.8441783,1.7875414
18.321201,24.871967,2.3517177,2.253562
41.122257,35.695377,2.8755984,2.6259634
63.90774,62.660305,1.8649824,1.8751204
59.443424,58.626827,2.3064418,2.279468
65.93464,67.27018,2.9690695,2.9265733
70.83741,76.20457,1.3352437,0.9978946
93.51467,92.93153,1.6114119,1.2684697
11.244647,8.883469,0.96902865,1.6808819
90.5369,85.73878,0.6723478,1.2068706
35.335693,34.320225,2.2940652,2.2836542
11.320763,15.139908,0.96248245,1.988838
17.537329,17.618088,1.6610087,1.7128443
51.352337,57.17023,2.1417053,2.2639005
88.25828,94.00514,1.5046549,1.2542542
13.967782,12.518986,2.6057823,2.6428647
90.58473,97.08865,2.6824868,2.7728775
31.78759,52.810745,2.943059,3.0
29.687689,25.837725,1.2600933,1.4759929
61.870106,55.141483,1.8269577,1.7967987
63.039047,62.44184,2.71642,2.5509834
7.6808476,9.193569,1.4825809,2.324283
9.681935,9.798653,0.84642804,1.6958697
28.630306,27.666597,2.9507792,2.854681
50.63893,53.82305,1.9328271,2.1077049
15.879717,11.581242,2.379703,2.173063
97.83635,94.56633,2.7189426,2.7100348
33.809605,36.242012,1.2106885,1.040509
5.3790865,3.944748,1.9684141,1.9881766
0.058971677,5.3532486,0.86251074,2.513719
53.28567,57.741722,1.3319819,1.0519654
45.45051,48.486008,1.4483224,1.1065315
47.029316,33.97455,2.893093,2.8201394
70.532585,70.4734,2.953376,2.9310935
43.51575,44.538597,1.0092746,1.0515345
47.527573,47.22537,1.2553822,1.1406211
99.85188,93.449295,1.0501156,1.256722
32.218285,35.270718,1.2653538,1.6733494
61.16794,60.875607,1.1367211,1.0673845
79.534805,71.55295,2.8125806,2.8331125
95.28519,94.38483,1.2761533,1.2708945
2.1977768,2.566883,1.9499278,1.8502737
93.02899,93.3437,1.3509172,1.2421024
5.116864,7.2418785,0.8618341,1.7523016
7.4839044,6.37603,0.87156445,2.568003
40.09817,40.13714,2.7303767,2.719246
76.62341,87.09516,1.4967723,1.1246157
7.4564247,7.164139,2.3221774,2.4094186
97.15934,95.013,1.8466967,1.8138216
31.059332,32.90332,1.4657377,1.0642712
18.452791,15.058331,2.9014409,2.8515997
17.007578,18.339739,1.4433742,1.1189538
65.76248,63.985344,2.4073339,2.395944
73.37105,66.11367,0.58297515,1.0841599
63.452084,66.66551,1.1327899,1.0247991
55.94156,56.94422,0.830247,1.0179473
32.439735,30.584297,2.85454,2.6858876
86.39093,83.14285,1.3535206,1.0377989
16.08006,15.675888,1.2678591,1.2315049
44.461754,46.813854,1.4837471,1.1846855
7.7659307,6.550663,0.9578891,1.2962092
20.05083,23.466175,2.850578,2.347929
95.31302,89.64375,0.8737232,1.0997334
98.650925,96.279434,2.210404,2.2183704
27.675497,27.116873,1.917997,1.8913375
22.244555,26.89267,2.4461243,2.5935755
62.139034,59.911755,0.6117769,1.0883768
91.792885,78.79634,0.559788,1.1003137
75.03147,72.07326,2.103057,2.0004122
33.402466,30.217253,1.9581957,1.7744621
78.25599,75.87632,2.5907788,2.5533934
21.908398,21.536327,1.6780262,1.6844597
77.04064,83.57841,2.7824955,2.8379781
67.82607,67.94368,2.047268,2.047712
12.476322,13.860172,1.8984197,1.6002548
11.648028,12.126049,1.2160103,1.1372892
37.45595,39.638214,2.1069455,2.1093376
69.84212,73.070816,1.6622826,1.6208507
14.670778,13.53595,2.115844,2.1038284
6.3554144,6.637169,1.8352599,1.6763064
2.5818646,7.1304398,0.70614845,1.3585535
0.6270266,26.587906,2.731083,2.7637234
72.12604,69.7146,0.75987023,0.9837641
70.77576,65.82232,2.1511102,2.1171596
76.75861,79.07545,2.268362,2.3418334
12.856436,12.233936,0.94085836,1.1152427
4.369015,7.0305214,1.2981849,1.902219
76.95609,70.70115,0.65988934,1.0079982
21.137877,21.102335,2.8516395,2.8066561
8.739661,12.876194,1.3765953,1.337214
3.2811127,4.601078,1.2366238,1.4328076
72.1789,83.32341,2.4963126,2.6522021
3.025729,11.977913,0.88221264,1.6140763
63.244183,53.636406,0.5913352,1.0586323
35.239094,34.68322,0.98463213,1.0473676
51.32356,52.211628,2.2704222,2.0648744
56.979633,58.077442,1.2569593,1.575211
54.40252,59.761215,1.2918663,1.017875
68.528076,70.8976,1.2300427,1.0650725
42.47335,47.186275,1.0499269,1.8917812
73.77578,78.381836,1.3389016,1.0310252
13.2579565,10.129482,1.0988293,1.5508981
57.330734,61.00704,1.5958595,1.1456184
62.850433,63.60848,2.873178,2.8135483
0.5464928,3.243946,0.77406466,1.999635
28.760672,24.939003,2.9015205,2.3561654
74.919365,76.081055,1.1553324,1.4275826
41.5551,39.56004,1.7227659,1.8039134
25.463095,26.818796,1.3200053,1.2408755
31.69932,32.99533,1.71998,1.6007963
22.900131,19.391449,0.73746884,1.3129678
45.656013,45.679443,1.3599333,1.1041145
74.39913,70.96975,0.65794426,1.1391101
68.6979,61.548775,0.62078834,1.0471319
59.146526,62.346973,2.3369663,2.3482773
94.40821,95.34629,2.4587834,2.4597044
86.88614,86.72497,1.1177385,1.1586635
47.16632,44.603844,2.8682323,2.4577048
63.551327,63.690712,1.340814,1.2643291
1.0744039,2.5228004,1.8939553,2.1153727
39.487103,46.79997,2.6651514,2.6573207
7.1428065,6.645706,2.264941,1.9655979
8.871029,13.612541,2.1943195,1.1403279
29.422945,25.146374,2.2960124,2.3836365
9.85515,6.6331635,2.3788505,1.9160147
60.034767,59.591408,2.1322992,2.106882
8.427103,8.840328,1.8080778,1.3148504
3.7250288,25.210953,2.3002076,2.7619982
39.996017,45.896526,2.3488512,2.699258
69.22961,67.89845,1.8877189,1.8905662
7.222113,7.125141,0.7594108,1.168422
10.888154,12.790806,1.7246383,1.6528457
34.737404,35.32815,2.7553892,2.708723
33.93358,42.402714,2.7942505,2.8978353
6.2448363,28.501614,2.3915641,2.5874674
34.103657,33.204895,2.1052332,2.1045926
84.55197,88.66655,1.338014,1.1153677
98.88656,97.10939,1.9411259,1.9029422
74.387,81.781784,1.3923383,1.041755
86.17047,87.50374,1.9251287,1.9462581
77.33162,86.29712,1.473518,1.0633407
12.394012,17.823093,1.9897256,1.953531
60.966175,57.502197,0.8391053,1.4024056
13.395692,10.025261,1.649976,1.3329899
22.37928,20.03881,2.9943304,2.666989
96.60514,94.10057,1.112515,1.252806
18.509836,19.052094,2.0391054,2.0727584
87.49669,83.115204,2.7721732,2.7710075
59.061687,58.248978,1.0293543,1.0727625
44.37001,41.358223,2.604479,2.5502162
49.134506,38.69268,2.9881115,2.853714
76.64936,82.354904,1.2699536,1.0350432
23.061846,22.665466,0.9609172,1.0846248
73.01187,72.91883,2.1222088,2.0718937
11.787281,8.2692795,1.0210725,2.0009801
41.24037,36.291286,2.0560484,1.8464793
78.08013,82.97168,1.4213423,1.0749066
12.330351,13.581177,1.5924156,1.2570773
19.240122,17.074692,0.9633379,1.2352138
6.9101486,6.062168,2.046053,1.9351151
78.00815,77.03345,2.5104995,2.4626665
91.84296,93.86211,2.5607653,2.606397
50.124763,48.967796,0.983142,1.0607278
34.94781,37.092712,1.8218075,1.9163015
5.201308,8.88995,2.0405066,1.1709087
94.39942,94.161865,2.0469067,2.022873
45.987244,45.83117,2.7127635,2.7237737
5.3592215,4.6734657,0.53880787,1.9384513
94.00521,97.68112,1.1057916,1.4309326
38.078682,35.178665,0.9769923,1.0478587
45.640408,50.025642,0.78449255,1.0534263
80.13827,79.60393,0.96715987,1.0128596
21.086214,25.483646,1.9067422,1.8474998
73.15557,72.6156,1.961429,1.9678842
46.656513,46.312775,2.2942195,2.2821674
1.697445,5.267559,1.158696,2.0673258
93.17958,92.86027,2.1586094,2.1987789
69.496994,72.56572,1.3607504,1.0783877
61.393635,62.779068,1.679349,1.6183167
11.102612,8.806416,2.5726674,2.4661999
84.53831,77.34067,0.6821493,1.0118876
37.1855,35.35649,2.8921518,2.8669
17.047533,17.327553,2.3412232,2.3985705
39.17787,39.697994,1.8891661,1.8262007
2.0069067,12.937431,0.8950343,1.2600346
43.92271,44.675156,1.0877066,1.0442181
69.97133,67.39461,2.025338,1.9273099
71.06081,74.245125,1.6294473,1.3442014
81.38392,80.81516,1.9243264,1.9404497
51.917164,55.02073,1.0773957,1.0213668
64.43019,60.32589,0.7819656,1.2562649
8.006617,8.717884,1.6036572,1.3958663
92.70792,87.699814,0.8784881,1.1004963
28.061563,24.089615,2.3516738,2.233345
11.605969,13.871864,0.6370402,1.0933534
40.842987,40.74727,1.0566299,1.0604784
15.109698,12.580635,2.4643548,1.3271917
28.213665,25.677017,0.96170026,1.0616622
41.418816,33.989235,0.6754977,1.0504756
89.85688,93.116,1.3626182,1.3057163
41.795677,40.33152,1.0636089,1.2968509
75.75373,71.6936,2.0116525,1.8740155
65.12233,64.09386,2.8145096,2.7743893
79.54293,70.23069,0.8493804,1.043752
21.57753,14.461277,2.986241,2.574206
38.071667,39.610497,2.5173817,2.5622494
73.1953,75.40648,2.5546277,2.6043944
12.193393,13.430771,1.4116687,1.1089096
37.411507,36.19128,2.924096,2.8386397
50.727207,50.745296,2.9290626,3.0
48.033054,48.27838,2.0474813,2.051404
48.909527,47.4624,2.6794872,2.8005257
82.822525,83.413315,1.0364765,1.0661376
1.6424319,11.024467,0.7197071,2.375483
99.435646,97.3445,1.808174,1.7822134
48.08646,44.07104,0.54681253,1.1560823
62.68062,63.93584,1.3820779,1.0648224
63.45399,65.08162,1.850501,1.8801627
32.610123,32.87709,1.833668,1.7995225
85.055824,87.271286,2.1548622,2.1334953
47.94862,43.211178,2.9459367,2.7034178
6.153164,20.598743,2.4789195,2.5078294
69.923546,68.0745,1.797448,1.7053063
84.993835,78.49081,0.71439016,1.017571
91.6294,83.86427,0.7173996,1.080008
15.37866,21.090244,1.6864568,1.2249858
53.847572,54.9966,2.4983883,2.4994144
75.89965,92.134125,2.6845474,2.8391216
91.18318,92.11621,1.2101924,1.20573
51.170303,56.101334,2.8589203,2.8123305
88.55329,89.11422,2.444018,2.4545248
64.741806,67.54847,1.1667076,1.0405421
79.78194,86.33121,1.4182594,1.0942917
23.841888,25.101955,1.6364071,1.2770933
23.47338,30.062977,1.7864788,1.0800136
21.09813,24.81848,0.72314453,1.0758741
17.605017,20.686031,2.5994976,2.5657773
49.71671,51.394005,1.2381985,1.0501589
13.085875,11.699684,2.566602,2.4536424
21.394312,20.267551,2.354002,2.3004966
21.126894,20.325985,2.6755018,2.136643
14.21968,15.765102,1.2778947,1.1997705
69.30923,68.605194,2.0327501,2.0272007
36.182945,35.557262,2.3208532,2.3073616
50.335426,50.617054,1.1006958,1.0896912
86.1963,85.97215,0.96122676,1.4903338
86.22838,88.442154,1.2619966,1.577217
56.17049,48.41827,0.7212118,1.0464991
29.335709,33.514305,1.359259,1.0386817
74.562965,76.11969,1.1652427,1.1225736
30.31614,34.690662,2.010072,2.3155174
10.222992,7.0762596,2.549545,1.8934617
66.30181,66.4086,2.4539087,2.4427514
82.632996,87.68146,1.27259,1.1024653
26.20414,25.280867,2.565316,2.6546504
97.856255,96.14296,1.989731,1.955452
73.721405,71.47652,2.4490337,2.4245365
29.371117,27.718504,0.55643153,1.3864647
17.578465,16.57088,0.77932346,1.1050042
13.198803,12.364159,2.406581,2.4800038
77.78479,67.61039,0.791484,1.2641529
90.40681,87.98367,2.3612227,2.400496
8.581321,6.893318,0.65614235,1.289009
7.4440584,5.041855,2.7482378,1.9464498
30.849377,29.14343,0.81034386,1.2086631
82.44251,80.409775,2.3437319,2.1627498
19.402729,21.819248,1.1885715,1.4117256
32.77434,22.649107,2.9468424,2.797596
37.98851,36.406033,2.1261704,2.235659
2.7953837,4.768688,1.8982912,2.1696444
50.60722,50.668312,1.027847,1.0694997
54.174473,56.783096,1.6134182,1.5277734
32.6463,25.474466,0.6457899,1.0654454
93.82951,90.733246,2.8310192,2.8115025
58.388367,58.406845,2.75242,2.7372632
89.70183,91.02966,2.5951214,2.5972657
11.343687,20.122751,0.6551934,1.302102
41.11151,43.07918,1.9213398,1.8243657
15.203265,9.378811,2.9804175,2.112998
39.012028,42.73178,1.0426717,1.0706089
56.59576,55.73489,2.2134757,2.1918745
45.43733,39.406227,2.1797235,2.057582
0.53878856,8.681049,2.1743965,2.169453
49.745903,55.8355,1.4921657,1.1184365
82.870766,82.36798,1.8508439,1.8279415
52.276115,54.99872,2.5262027,2.6606631
3.6874948,4.885811,2.0636,1.7283139
4.376863,4.996071,2.8488235,1.7608614
18.311886,13.576267,2.9507613,2.6240118
80.43567,74.21306,0.8547916,1.218126
62.33824,58.508934,0.5261994,1.0648966
83.77891,82.51517,1.0364199,1.052373
10.757943,17.344044,1.3619802,1.0582213
95.2914,97.31769,2.0704026,2.1326897
19.495792,15.099815,2.22119,2.0029476
12.517177,11.928589,1.9305574,1.9027476
20.937763,17.713524,0.6725526,1.2780268
4.7133107,2.420498,2.8600812,2.2055976
92.39206,82.68257,2.943417,2.8583684
84.41752,75.35883,2.546086,2.5521696
40.58085,37.883213,2.9905007,2.839468
91.484474,91.06109,1.1918677,1.161108
86.78391,84.9747,1.6787925,1.5436132
37.287136,36.34989,1.9199995,1.936297
88.71224,90.19858,2.9631155,2.9609613
11.788359,8.112991,2.770834,2.6694734
29.847307,30.466516,1.1562545,1.5014715
45.99412,38.451313,1.8428181,1.7589505
73.891304,76.74182,1.3308744,1.1625347
75.906975,75.531494,2.6169863,2.6141205
77.40399,73.863335,0.90958095,1.3071924
87.01692,90.86265,1.381521,1.2015836
35.366096,36.67429,1.4055487,1.039135
61.244846,54.44601,2.7562065,2.6413984
36.55182,32.38955,2.6327188,2.7136455
56.78017,57.647682,1.9601909,1.9533342
30.42346,25.050236,1.2404603,1.0936501
40.43426,41.63861,1.3317885,1.0797732
56.10296,54.103016,2.4960663,2.4921837
14.935431,11.4319725,2.4145937,2.5512204
19.5691,20.433212,0.8372427,1.0791179
64.66133,62.038506,0.7877158,1.0139731
73.421005,71.46393,2.3755064,2.344802
47.0816,52.54126,2.5605567,2.5548093
54.59065,60.759834,1.5368404,1.0533128
99.04768,96.82886,2.3696592,2.3668056
81.05823,66.75346,2.7987905,2.6030128
78.17151,83.55878,1.2273121,1.5505762
71.59762,76.744606,1.3684582,1.0466597
86.777054,88.05001,2.514349,2.5341284
9.148927,7.2051163,2.043439,1.8196493
21.854673,22.951849,1.73047,1.7109569
77.08961,81.482864,1.2375642,1.0483425
84.712326,86.888596,1.7101701,1.7540704
95.85454,98.10806,1.5845017,1.4207389
96.817085,86.83535,0.6382677,1.1072267
22.391973,23.880291,2.307756,2.4494255
59.212486,67.738846,1.2600634,0.9826292
18.347824,18.094707,0.7275854,1.0822942
37.19956,35.31697,0.9397295,1.0775604
70.35473,72.485374,2.5754015,2.6076617
11.196795,10.570686,1.9104395,1.8662056
72.07555,74.938,2.34345,2.3969393
11.526749,13.385834,1.5748752,1.0989246
80.79728,83.63179,1.5788145,1.2286012
26.66272,32.031853,1.4436276,1.8563689
1.2635825,9.650749,1.1783131,2.023337
75.94118,67.412926,0.68761444,1.2594166
87.84529,76.78157,0.562024,0.9992766
80.50184,83.31421,2.1037295,2.1611834
91.41125,92.795654,1.5916588,1.5941
54.267212,63.058033,1.4874225,1.0958331
45.537548,45.04383,2.43509,2.4291666
28.015982,25.952005,0.80577624,2.3398242
62.295406,53.698196,0.65830463,1.0361944
75.42752,79.68793,1.0950776,1.0297537
75.974976,81.21994,1.5588723,1.5138664
21.20024,22.914816,1.3103302,1.508549
79.336525,80.03452,1.396184,1.6544027
77.67391,74.48679,0.852713,1.0092789
90.55214,90.66412,0.82139057,1.1476402
41.11991,43.513767,1.6876965,1.6756465
43.75744,41.406963,2.5808873,2.5244188
77.04966,85.99256,1.5321759,1.2355256
53.130005,56.980995,1.5604507,1.1129642
1.407984,7.098114,2.7073824,2.2450414
51.839123,47.87722,0.7221827,1.0583401
95.685524,90.92103,0.93179524,1.1845859
81.06507,80.84891,1.312669,1.0391824
19.582012,29.083054,0.95113146,2.2791162
83.62604,85.70214,2.7532191,2.7666132
17.131433,13.057068,2.7845905,2.5699959
29.360786,28.193743,2.843518,2.8199153
14.101128,17.384369,1.9733429,2.0592818
59.265347,60.675476,1.1131657,1.0228008
99.96646,94.30768,1.1024063,1.2641389
31.604347,32.932766,1.817564,1.2490824
38.914795,44.713406,2.4052203,2.481851
51.132385,36.31662,2.8800483,2.6357954
4.8265266,3.2309036,2.616668,1.7995535
44.330807,41.218994,2.7268972,2.5729856
62.9353,64.823006,2.6377637,2.642549
31.127771,31.465523,1.8174835,1.7107197
22.553396,21.179554,2.5075054,2.519764
51.612095,47.861397,0.79101443,1.053628
87.2379,87.851776,1.9317456,1.934385
62.772,65.579765,2.0808997,2.1357408
57.27388,56.200237,1.8695792,1.8543555
54.745304,48.149364,0.7684337,1.241043
71.949615,77.11656,1.2044141,1.0032266
34.657135,36.896084,2.278751,2.5527055
45.096233,36.742317,2.9136784,2.8270895
92.80417,93.871124,1.1507689,1.4059325
55.556488,57.626377,1.1076691,1.0167955
44.737926,45.99699,2.6964428,2.7922857
53.529675,59.931526,1.3990328,1.0302386
28.153687,26.96571,2.3466055,2.320704
81.50046,75.05237,2.9180737,2.8652477
90.49599,87.534546,1.7770602,1.6886256
90.200806,94.52646,1.2918028,1.2815168
87.87894,88.0235,2.4527495,2.4565086
25.84906,24.199648,0.66091454,1.3741629
97.194145,92.94675,2.7451801,2.6714437
40.984707,43.036186,2.9733212,2.9693089
39.40953,40.31875,1.6370472,1.2035832
8.103075,10.225327,2.7080216,1.6359457
53.880318,58.521442,1.8326259,1.7809696
76.95836,72.114876,0.7082983,1.0255563
48.90613,45.575138,0.7768337,1.0664642
91.43836,91.57974,2.5823336,2.5829413
33.026142,29.073444,0.6237797,1.1741475
35.828075,31.399012,0.70855045,1.0539486
44.90188,44.224743,2.491082,2.3341384
37.518967,47.56297,1.3905873,1.0492891
93.59108,89.88904,2.9526136,2.914791
37.17008,34.703712,1.6471848,1.8304166
37.653282,39.257236,1.8047469,1.882262
21.874441,19.239027,2.7427864,2.715621
74.99239,73.450195,2.847128,2.7674725
57.74391,69.21814,2.6879454,2.791407
51.440807,58.628548,1.4517827,1.026257
38.68564,42.963425,1.0911815,1.159237
14.187904,9.967854,0.9376448,1.3929149
69.981445,69.33762,1.7591714,1.7819283
45.332005,45.791428,1.7805551,1.87847
80.10612,75.81028,1.8650253,1.8349009
88.94239,92.959854,1.5629402,1.2319455
47.351635,44.87211,2.0624053,2.11163
90.34729,82.6369,0.5626324,1.0650426
42.40874,42.53657,1.7464596,1.6921
93.587814,82.204025,0.5675343,1.1432776
89.17792,92.18407,1.8850254,1.8649552
86.49935,77.53885,0.5015692,1.0023246
54.86781,58.322334,2.8703704,2.8692107
92.836426,85.98567,0.89283174,1.1930139
12.101423,10.855335,2.8316371,1.6433933
29.714577,27.914839,0.7535318,1.0738716
91.409676,87.57774,2.6204715,2.574504
43.38688,39.289066,0.64633226,1.0653362
38.97444,37.23143,2.3017247,2.264338
87.62117,76.04656,0.5293349,1.0991875
43.51106,39.81952,1.8419423,1.9252734
15.796639,20.329988,2.440399,2.753337
79.70893,83.46098,2.0299344,2.1820395
42.540146,40.063305,0.60136503,1.0536246
89.82162,87.937584,0.8675469,1.1137416
41.042572,31.254751,2.6188147,2.3522472
24.872862,22.470947,1.7157853,1.9202617
83.94662,82.55642,1.139612,1.5180786
45.093006,43.20135,2.7190652,2.7311728
96.89722,95.68582,2.528594,2.523363
92.44362,95.35559,2.1411083,2.193349
36.456535,36.990234,2.5837376,2.5769691
38.24341,35.48322,0.62993175,1.1802814
42.00915,41.24216,2.3133492,2.3112512
69.13074,60.717537,0.5051816,1.0360402
34.75337,41.79698,1.4944415,1.8410838
82.7955,82.755516,1.7054647,1.7188927
94.51166,92.974625,2.761383,2.7595434
7.9375176,11.157864,2.1873376,2.141161
97.06828,87.80017,0.68217105,1.0896515
27.458393,25.264437,0.5553838,1.0585434
20.55212,16.961662,0.5381523,1.2392864
9.835635,8.245392,2.841939,1.3617642
98.32852,94.63927,2.6816046,2.6842089
20.592093,22.648638,1.8408123,1.665483
12.420352,11.200439,0.6573071,1.274317
45.25596,43.116863,1.0446321,1.0470924
37.639874,39.978287,2.935444,2.9570084
77.40512,72.01003,0.82246923,1.0729142
94.286644,93.338196,1.193835,1.2421365
54.327988,57.23639,2.3996494,2.4980304
65.57889,64.95971,0.8570201,1.0516176
0.13946854,0.0,0.7036543,1.3002146
60.84256,58.066414,0.92730266,1.2616267
98.81215,96.64603,1.6223098,1.4913428
23.837027,21.229946,1.9699908,1.8099586
2.462356,6.6869926,2.7947147,1.638118
65.14913,61.658436,2.8000064,2.7334132
59.00899,65.17357,1.2769244,1.0130515
57.201973,62.167023,1.4228046,1.0548453
96.31229,93.71572,2.7837803,2.7428148
64.98989,71.73732,1.6023887,1.3385766
38.191105,34.172142,2.6403265,2.7037988
36.324024,47.701614,2.860874,2.9559252
37.368923,36.78129,1.1160506,1.0489466
36.942314,39.024654,1.2111751,1.3902744
63.026817,67.3546,1.4349172,1.0632622
46.958183,50.139526,1.6581364,1.1021672
61.406757,65.889915,2.7197793,2.7395604
39.85975,41.571926,2.4480941,2.3446128
53.017067,55.769096,1.4335763,1.33236
99.548134,97.720505,1.5397732,1.3921857
67.42851,64.1459,1.0761031,1.098476
99.39617,96.094315,2.11495,2.04842
39.073383,38.670757,2.343646,2.3277934
61.34536,51.394337,2.703413,2.5618732
59.583794,65.090225,2.3890834,2.3341384
40.264927,42.662865,1.3459201,1.2460303
1.030729,2.3134155,1.5911595,2.146884
28.75907,28.82043,2.4664426,2.4262493
81.49781,85.13895,1.8806316,1.9257193
43.01169,43.541504,1.4164122,1.2510138
20.616219,23.242832,1.1858237,1.0544655
79.610794,85.46463,1.5625942,1.1663285
4.408512,7.8112373,0.9620488,1.7934133
84.09273,81.77121,1.9188381,1.9197173
19.013231,18.41126,2.4163651,2.032086
94.09844,95.07402,1.3796186,1.2663252
5.869501,6.293972,1.6291887,1.2413237
6.628873,10.021923,0.88736546,1.1818871
75.74222,68.5075,0.7105272,1.0273986
70.04658,80.01213,2.5283997,2.603384
79.26104,78.18904,2.5794108,2.5697875
55.850945,54.49558,0.79129374,1.0296109
76.24706,77.710815,1.6270176,1.2670703
15.409323,7.5413475,2.4365506,1.8874599
28.513567,26.923517,2.360897,2.472901
84.73007,86.20523,2.6493456,2.659569
35.4711,34.20183,1.0232106,1.074831
25.61285,24.164381,1.6806165,1.1553512
33.140003,35.120422,1.8127207,1.7383373
64.71989,60.84825,0.59827787,1.0164557
72.713394,71.95764,2.2568965,2.2534025
51.711773,55.649727,2.7329314,2.7584882
48.602882,45.718075,1.0659602,1.038938
90.88339,91.35509,2.3676054,2.3762915
79.30197,78.14473,1.8676775,1.8610232
82.567,86.840454,1.5869294,1.3099875
51.73109,51.94873,2.2333424,2.178007
85.1911,79.629486,0.82511735,1.021164
82.91419,74.65373,0.7942444,1.3363124
27.869043,29.901926,1.2814368,1.0499523
75.017555,75.237915,1.9344089,1.9350245
98.62801,95.17254,1.761964,1.7157757
76.028275,75.55643,2.947582,2.9304976
68.069466,72.17055,1.2951492,1.0059398
83.0989,81.83814,1.8576672,1.8687251
58.32251,58.17391,2.0635862,2.045369
3.8959255,4.431572,2.9692626,2.8536646
45.794415,48.141422,1.3519076,1.0859127
96.08536,88.02173,0.74418175,1.1005052
97.29822,94.809494,1.1565866,1.2975501
10.756915,10.005215,0.66006273,1.1334331
17.879229,13.386162,2.965865,2.038543
38.320175,34.93112,2.179988,2.2944021
48.400635,50.460365,1.2512823,1.0533396
66.84556,62.827347,0.5496223,1.5996431
73.003716,74.26921,1.1055818,1.0152954
83.44046,83.91379,2.185875,2.2139664
30.797043,27.938387,0.81176466,1.2027283
26.823257,27.516212,1.162409,1.1070094
93.60059,92.93795,2.229244,2.278519
27.18012,25.26807,0.516712,1.114501
0.008608005,11.060993,2.456067,1.6717646
64.317055,49.975945,2.8658981,2.5743396
25.338251,23.481504,2.7705007,2.7153966
10.081579,10.427177,1.3237032,1.3401499
88.58481,92.853,2.2355855,2.3236566
89.387474,87.82439,2.996923,2.9683256
6.19434,9.000351,2.1362586,1.8911184
23.306011,22.522709,1.2106749,1.0686396
75.77347,73.473946,0.92798895,1.003454
52.870354,50.37796,2.158217,2.041222
2.7488532,9.532391,1.309454,2.8005486
47.080673,42.150444,1.8998924,1.6375015
67.19474,69.492584,2.931279,2.9206288
80.262085,76.42781,2.0297382,1.9310057
97.86271,96.06824,2.763799,2.742444
98.20744,95.227516,2.3160012,2.1946423
38.00741,37.645878,1.2620667,1.0589687
86.70365,82.58763,0.8531245,1.0335679
20.033672,19.511553,0.7799206,1.2476696
53.955406,53.14494,2.3375013,2.3354611
16.1998,17.601498,1.5245035,1.0908034
56.74,56.1889,2.1066427,2.094926
99.568954,95.587524,1.7716023,1.7108711
51.969578,46.51943,2.9477034,2.8753793
40.588593,40.26295,1.7577673,1.7357243
93.31078,93.078094,2.1437793,2.1337051
80.055016,74.60945,0.8164964,1.0767541
27.71273,31.241953,2.467666,2.8135412
67.03072,75.58525,1.5831,1.0122662
28.24441,23.471474,2.9657936,2.867252
15.913646,11.954079,2.1005523,2.6644168
55.41887,51.981842,2.845855,2.790731
5.15854,8.77055,0.7724284,2.3979034
42.428207,41.464027,2.2769856,2.263376
52.037903,48.373596,2.2549725,2.2133932
91.2501,82.27775,0.7590796,1.0426345
35.22534,32.495773,0.8910503,1.0707786
16.393188,17.649815,2.186827,2.0211933
95.28491,95.30771,2.0267775,2.0278006
10.437994,10.901428,0.84684145,1.2266798
13.333667,11.0790825,2.417667,2.20299
51.680992,54.655502,1.1539049,1.192807
20.005354,18.624203,1.9315082,2.270318
77.81543,76.7172,2.269238,2.2744377
23.996819,25.77797,1.3336574,2.1002417
50.46867,49.36517,1.1345763,1.0639112
15.405539,14.066696,1.0056119,1.1711397
53.713997,54.570774,2.8040326,2.690191
93.961555,83.958466,0.5050201,1.0459335
36.26502,21.305864,2.7464917,2.766798
43.63817,50.02965,2.752521,2.7888055
2.4841106,11.9153595,0.8970775,2.0609844
80.35345,75.65588,0.7973846,1.0164666
16.406116,14.574116,2.225643,2.5287704
8.544453,15.403072,1.9185753,2.166473
90.59871,97.41745,1.5194775,1.5825447
3.6242573,10.868237,1.6942052,2.1912723
94.82092,93.158,2.2136035,2.2054076
59.874893,63.80048,1.2980566,1.0469532
64.29252,62.675087,1.8007675,1.7918221
58.595875,57.787052,2.1706734,2.0923543
98.84087,95.26104,1.898843,1.8658468
39.873848,41.979977,0.76677805,1.0562502
33.008873,31.801796,2.4647543,2.496213
5.561489,4.458126,1.4195442,2.1428435
5.6748343,6.343174,1.2619016,1.3191396
44.017204,41.570457,1.937812,2.087261
97.82954,90.23988,2.28529,2.1647513
12.862059,14.141418,2.4047623,1.4120395
68.27438,67.00917,2.9293425,2.8982067
0.5700323,2.9560623,0.88998467,2.326023
32.8858,33.832638,0.96779674,1.0642838
14.867939,19.863165,0.5518307,1.1480681
5.5922475,11.966881,2.1580477,2.4269857
13.868275,13.282192,1.9366544,1.930582
62.936886,60.11147,2.7089298,2.7206573
2.8939543,10.580471,0.7872349,1.3820281
7.0099034,6.4790688,2.9369304,2.801663
15.433994,17.15895,0.65142494,1.8200148
69.68629,68.14538,0.97049767,1.0156815
16.629004,18.013737,0.76001066,1.3095303
21.580711,17.762825,2.4119432,2.1878312
96.20529,86.030304,0.71282226,1.1767821
21.400303,34.53765,2.805288,2.9063935
21.780842,23.382614,2.506762,2.4562585
5.364354,10.770924,2.4112687,1.901244
44.19712,40.84139,2.7745523,2.760446
48.665306,47.99542,1.7657061,1.7350738
73.631256,65.92863,0.69731545,1.5294156
73.43332,74.47856,1.1688472,1.0384842
80.46627,77.4187,2.1895514,2.1708276
70.878586,80.23215,2.385822,2.5896168
44.343914,31.143051,2.9626725,2.4424014
12.490638,9.162041,0.66023904,1.3011478
13.406962,10.403469,1.0636505,1.686172
42.92536,41.20621,1.1180869,1.0318117
36.405277,35.89057,1.4773784,1.0498271
65.227,55.942898,1.9317601,1.8176143
5.4069266,18.887253,2.5987742,2.603213
32.939606,28.979156,0.5197418,1.0818391
5.0526075,4.549309,0.6344548,1.5082603
86.64699,89.89693,1.3139303,1.1972861
27.290882,26.796904,1.9321382,1.9513083
59.611324,60.631893,2.7935724,2.7749357
93.48027,94.07987,2.4824665,2.4950588
26.49739,27.113022,1.0597553,1.8570973
51.941463,53.11938,2.5608783,2.6003964
76.02925,82.949936,1.3750017,1.1845958
51.411766,48.29145,0.8042951,1.0823771
20.16575,20.447584,0.9228384,1.4593291
85.17885,78.50598,0.7661006,1.0520635
35.4653,31.669744,0.6596462,1.0983808
28.245955,27.471258,2.5211577,2.5047193
58.45261,52.76254,2.7847018,2.6891494
16.542728,17.855896,0.90132934,1.1558049
8.652549,9.292992,0.83493704,1.314078
99.08533,96.72599,1.6999907,1.6516494
97.60195,97.746956,2.5461414,2.5095682
80.66701,70.88831,0.557455,1.0217476
86.74537,89.48805,1.3885512,1.1176426
85.240486,89.46042,1.3976758,1.1234922
87.32437,84.32633,0.9738938,1.0578833
86.044846,84.99483,1.0940554,1.0637197
15.541788,14.348377,2.1385126,2.0920029
41.535027,41.462433,1.6244848,1.2506278
97.070335,80.85188,0.6030807,1.2680944
96.788055,99.09422,2.177606,2.1937559
12.848404,15.079552,1.3849882,1.1731803
98.078865,93.17148,1.0266707,1.2343435
38.81646,38.35519,1.3783004,1.6215775
20.566084,19.447777,1.3696282,1.687206
45.12331,46.445095,2.1438744,2.2049427
6.5334907,12.954491,2.715352,2.8247943
80.286385,81.671524,2.0929272,2.126768
64.7269,65.98004,1.0293717,1.008249
18.860575,18.499294,2.142883,2.4057503
93.68678,94.298035,1.2989944,1.2752051
77.18363,82.42,1.5398135,1.0584939
31.519373,31.054407,1.7906073,1.2700645
52.65189,51.698086,2.681147,2.7577918
69.68651,68.06926,2.9808931,2.9434295
50.19201,42.5818,0.50833553,1.1225586
92.65778,93.1871,1.2295742,1.1746852
54.14683,57.77356,1.2337339,1.005574
21.655045,22.172274,0.97824305,1.1298487
18.089418,13.726894,2.7152045,2.769444
77.92985,76.20306,1.574114,1.0494508
86.36987,91.36471,2.560496,2.694398
53.072166,56.673615,1.8569684,1.9717003
92.222855,96.47041,1.5309135,1.3823087
97.234604,95.26875,2.178008,2.164541
50.099052,49.61909,1.070454,1.0679606
10.338372,5.1531525,2.7327359,2.21383
31.51153,34.017414,1.4076746,1.0752699
42.53881,40.523094,2.3915052,2.2787006
11.4923,15.387779,1.53625,1.1523757
69.292725,75.351395,1.9200922,2.041257
17.205599,9.300678,2.814077,2.328132
53.676598,49.78286,0.811893,1.1054664
34.640644,38.317284,1.516251,1.0632936
11.042471,11.356815,1.1696489,1.0712693
37.17988,36.943848,2.2783995,2.2720058
36.108917,35.714012,2.696804,2.6382735
46.7611,45.39077,1.002053,1.068882
69.57512,71.939835,1.5936313,0.9962678
9.915298,7.2087555,2.424584,2.565632
79.18639,77.65418,0.93598396,1.007832
79.98496,80.210045,2.280462,2.3049233
38.642838,32.963646,2.7397623,2.7108378
38.461323,56.70609,2.5511174,2.739267
73.09151,75.38116,1.8382723,1.9481249
37.168507,31.723108,0.7822469,1.6177859
39.978077,34.254364,0.8077982,1.2150412
93.96282,95.32463,1.3748702,1.4602602
89.03375,88.074814,2.1452978,2.1577945
82.71067,75.97413,0.81637263,1.0460719
60.784756,65.84928,1.2225617,1.0371633
99.13848,97.738945,2.0352921,2.0221767
21.004248,18.57854,2.7086158,2.6870036
69.697815,75.29695,1.4727612,1.0251358
44.702198,46.41596,2.0977566,2.238831
53.400265,51.28449,0.7574316,1.0388204
42.42645,44.121063,1.9155506,1.8150786
71.995544,70.48437,1.925123,1.831916
80.61262,85.162865,1.3231727,1.064745
56.316185,54.228943,2.5120163,2.4806287
86.87144,86.747375,2.943361,2.9206262
43.668472,42.989197,1.8991883,1.9614074
91.97988,92.75754,1.3302263,1.1788001
51.128235,51.506237,1.8275435,1.8383316
92.60373,94.7211,2.3409755,2.434735
9.920914,8.579117,1.4108797,1.7051803
28.975277,33.908623,1.5968122,1.7740103
91.18384,90.32678,2.389199,2.41191
76.60587,75.60738,0.7609135,0.9905686
19.621647,16.316257,2.9440386,2.760559
59.56565,62.222412,2.4967558,2.5435243
40.667805,50.1296,2.5374854,2.6946788
25.690277,28.468721,1.4101777,1.0463445
40.402924,40.296024,1.9796203,1.9775629
30.635689,29.721329,1.7993379,1.6590163
82.3855,78.1744,0.8663879,1.0123726
13.854583,21.36881,2.1585836,2.6354785
10.871221,10.991161,0.7264727,1.4870138
80.597916,77.54715,1.8952342,1.920908
34.96593,32.58428,0.8911721,1.1109786
38.315536,42.522793,1.4111543,1.0759115
78.641304,71.905174,2.2918603,2.1832225
29.335623,29.035175,1.1669884,1.0685165
15.646983,28.285152,2.454836,2.5798144
57.55626,66.61512,1.3350484,1.1554909
8.290054,8.78804,0.8955753,1.5907791
16.504976,17.649178,1.2875872,2.1466634
64.60031,66.718864,2.4802864,2.4403734
45.453953,50.276352,1.6083637,1.6044766
29.200502,27.71015,0.7400862,1.1696442
83.30662,84.96875,0.9607053,1.121454
74.52999,71.76206,1.0333368,1.0155002
8.379347,9.85236,1.128833,1.2125335
93.09851,95.63449,1.863844,1.8426528
7.945641,9.475697,0.6173161,1.4596946
12.5466795,15.8900795,1.4698373,1.857351
71.64248,68.721565,0.88310933,1.0320265
48.95665,50.507442,1.3429688,1.0542812
50.939323,57.513973,2.9053688,2.963509
19.176353,21.163612,1.8317375,2.1516213
57.635895,58.778484,1.2307097,1.0382438
71.31395,64.4363,0.7447333,1.5632112
78.38537,80.49659,1.5640799,1.6652822
67.14558,74.68718,1.2701344,1.0321517
32.482212,25.729237,1.9560521,1.9535902
87.87724,87.388336,1.95509,1.9622064
65.8483,67.482,2.7189326,2.7464602
80.044914,89.45653,2.033359,2.1162677
87.71048,88.63073,1.9067641,1.9236042
46.70888,45.77935,2.2079487,2.1167488
85.49394,84.33487,0.9648723,1.0418421
47.18703,45.486134,2.8457704,2.8206086
29.159533,24.896105,0.5371689,1.4654424
83.52242,78.81616,2.1651826,2.0746436
35.128822,33.963234,2.7860227,2.8923907
98.13307,98.474335,1.423379,1.4429942
70.55395,67.07492,2.4180326,2.3205326
6.1146507,13.677139,2.7675421,2.6075923
55.10387,59.083767,2.7546394,2.8465385
74.64335,79.33844,1.329938,1.0280463
52.8671,51.843422,1.7534341,1.2038633
70.53015,68.53337,1.1743175,1.0177774
74.279564,75.32021,2.6838512,2.7143357
91.365746,92.619995,1.7012806,1.7389089
83.46355,82.45517,1.7413303,1.7470975
75.0104,83.79518,2.1133955,2.3516037
87.374535,76.18659,0.5164643,0.9990794
21.624653,16.285385,0.5505072,1.2117479
45.47103,43.411114,2.16181,2.1196613
92.94975,83.00365,0.66884565,1.1426332
11.150308,6.962509,2.9944355,2.6454935
93.694,91.38838,2.64897,2.6204555
26.050978,25.2393,0.9301369,1.0693753
0.040583484,0.6701927,0.9070554,2.3844001
37.502018,41.0671,1.49603,1.1089838
60.540867,58.71014,1.7497338,1.7448496
72.18053,77.84094,1.3690896,1.0091687
56.389805,60.514053,1.3959109,1.042121
24.606766,23.96324,1.1222247,1.0901291
31.078537,24.64698,0.56777203,1.0464401
95.77567,94.39321,2.0958076,2.086183
92.66722,95.70356,2.0943177,2.1765268
26.79033,23.610346,1.1656475,2.01906
92.9604,97.30182,1.4716709,1.3960928
54.353485,51.891087,0.9898202,1.0941546
50.627026,44.333076,0.97879493,1.3749456
28.064545,26.30477,2.6709814,2.8075867
75.02654,73.07791,2.6363218,2.5590386
36.44725,37.209522,1.1215757,1.0617361
65.517296,66.39749,2.5963547,2.588035
49.213966,54.97402,1.0288988,0.99838734
15.527499,12.0259285,2.7742417,2.7323034
90.511215,96.34604,1.4067571,1.3748637
20.71676,20.101519,2.0168734,1.9298033
48.10414,45.64659,2.367615,2.3114228
89.72098,85.37022,0.71972686,1.0796297
34.246567,34.34286,2.7338395,2.7992485
61.53923,56.125008,0.65468276,1.0268888
29.870636,28.026018,2.93762,2.8795683
19.849474,20.789116,1.6434492,1.2798839
40.01267,40.309757,1.1436756,1.0772787
39.87599,44.98844,2.0130336,2.1749122
68.14804,82.57948,2.7010012,2.8284583
58.75782,49.351055,0.58201563,1.3451313
57.313507,51.425182,0.59489083,1.0489094
45.433838,43.446774,2.406132,2.3683758
32.34569,36.212433,1.7113134,1.6491935
69.75115,64.94869,2.0504708,1.9272321
72.198944,70.14975,1.1663215,1.0088853
74.935974,73.56125,1.8030176,1.7428926
66.78408,68.74339,1.1793222,1.0058358
16.416094,16.144474,1.7087222,1.1165285
80.7857,78.91114,0.85392755,1.0178592
30.986843,28.78766,0.94210815,1.1052006
32.377934,30.15562,0.8122324,1.1727215
95.22217,93.993774,1.138267,1.2387345
35.64449,42.734703,1.8765799,1.9944811
79.43275,81.697105,2.1331282,2.1829748
90.82479,94.27577,1.4416227,1.2605944
67.96832,66.914856,2.141752,2.1293929
0.09309919,5.6479225,2.6259735,2.3797717
41.166416,40.55122,1.8856099,1.8819854
57.532726,64.14587,1.5096766,1.0281594
76.643,77.15114,1.7647464,1.7475362
48.27091,48.176838,2.6144834,2.6280608
10.855835,6.5109444,2.9347904,2.6321545
20.404303,16.44902,2.7373762,2.69002
32.2576,30.428047,2.3907733,2.3610296
83.62048,74.865944,0.5586644,1.0016146
95.208565,95.071915,1.439121,1.4046855
75.91589,74.09726,1.859377,1.8623252
99.722755,97.475555,1.3653688,1.5394835
51.10817,42.5456,2.6470969,2.5009203
35.300213,35.20589,2.8220875,2.8265867
64.679405,46.1513,2.963175,2.7775187
25.308077,30.528332,2.060576,2.1556633
52.708645,49.087444,1.9078872,1.9110454
0.5883489,5.789627,2.1106324,2.3255005
10.884972,11.34494,0.58603173,1.372931
4.9302893,7.636177,1.5122048,2.2173052
73.00374,70.60164,2.1350222,2.0229156
73.26147,73.113846,2.9872015,2.9030824
86.177216,87.69309,2.0206144,2.0382533
25.852613,33.491714,2.6182098,2.817542
23.108784,21.532328,0.8933738,1.6010618
10.421404,13.267868,1.6026614,1.1203535
91.174866,93.10133,1.3310889,1.6039139
42.540833,44.767506,1.2956163,1.0769904
69.64154,62.962532,0.73132557,1.0598686
72.14833,67.74882,1.0267981,1.3732266
92.186646,94.26824,1.5865097,1.4787393
39.893356,32.908066,2.987865,2.6263623
92.61101,84.94323,0.81914353,1.101977
65.86219,69.12122,1.2521249,1.3630363
89.99088,92.02214,1.4766519,1.6560445
93.23773,89.96677,2.3062534,2.2805324
98.44695,97.13006,1.6142608,1.6459941
19.562674,19.354317,2.1306405,2.2031813
37.921883,35.873066,0.83347124,1.0746374
50.193153,46.94383,2.481535,2.6595979
66.940735,65.13335,2.2502444,2.238447
71.63118,65.12674,2.5872474,2.4595141
33.80123,33.160347,2.1451635,2.1257699
29.760534,29.382317,0.8579224,1.0902038
21.5868,19.385448,0.6666244,1.1126769
8.885474,7.925091,2.1790223,2.1214714
93.02869,81.1963,0.52399874,1.0678886
19.548367,18.117102,1.0776837,1.1724046
45.146816,48.93871,2.8372593,2.8981128
43.316765,43.682198,2.7002141,2.4155369
11.377194,12.132965,1.4878435,1.8289932
18.065327,14.137779,2.6752677,2.3310494
53.02416,49.490414,2.704679,2.5955055
40.11128,48.920315,2.5228739,2.7923827
90.05539,93.099655,1.3984485,1.2022531
40.280727,34.649387,2.882543,2.7942834
84.34086,79.56833,2.466757,2.3841836
20.077408,22.292898,1.4002287,1.0748407
10.350666,17.852592,1.7549224,2.0201674
80.57748,75.808495,0.7911234,1.007621
62.51977,64.28088,2.1187646,2.1071985
75.71331,67.51516,2.3767097,2.3091533
97.19134,95.20319,1.3589466,1.4748788
60.17872,52.73271,0.57953376,1.1056
32.505203,33.71327,1.528397,1.8825995
83.992714,72.161575,0.7234323,1.222574
81.40259,72.07573,0.5030917,1.0054848
90.56292,87.12342,1.866745,1.8072847
72.36645,63.13972,0.517145,1.0360299
26.071934,30.869808,2.1343684,2.2566335
73.70092,77.662735,1.6892033,1.5505117
62.22077,61.977406,1.9454188,1.9496741
62.163765,68.71591,1.5876771,1.2150881
93.34703,94.077415,1.8088553,1.7982526
69.16598,78.85805,1.522578,1.221739
15.761592,18.863792,1.3998435,1.1371404
20.396105,18.648024,1.8942021,1.8110592
57.530464,55.38249,1.0585288,1.3795154
95.80644,94.29764,2.21546,2.1937501
11.342929,12.08073,0.686464,2.3782842
24.560863,23.175068,2.4157872,2.3414097
61.830338,59.381607,2.9211278,2.875024
16.379807,18.51077,2.4673216,2.479862
49.39663,49.32395,2.5017729,2.516337
89.51117,88.56568,2.2714353,2.2588532
93.2747,91.32433,2.3613126,2.3328283
42.910362,37.656902,0.7467008,1.0596603
90.71909,92.29204,1.6170236,1.5451046
88.79444,83.44851,0.8432444,1.361174
7.712587,5.245289,2.445666,2.2094944
66.92988,71.195694,2.096882,2.0915565
41.638496,44.438454,1.5795208,1.1330397
72.61626,75.12732,1.3373998,0.98525864
37.13938,38.47763,1.6870258,1.7743982
77.4356,79.25839,1.6374104,1.5195447
58.32826,56.79435,1.8564658,1.8341469
22.088634,23.03749,1.799978,1.9268129
45.892635,48.331116,1.6646905,1.0144231
77.84276,77.71209,2.9027827,2.796452
69.66515,71.7264,2.1423106,2.1034756
41.191956,45.46682,1.3548063,1.0408212
22.653751,23.266384,0.9640488,1.090287
59.809734,60.219,1.7140568,1.5770909
34.230972,31.10411,0.6012485,1.239938
31.316288,29.750132,2.9013708,2.8694801
68.049126,60.46501,0.6584765,1.0569192
64.77105,56.412094,2.3513021,2.235617
88.78212,85.99594,2.459276,2.4605746
90.33463,81.99408,0.80405396,1.6202301
90.77988,73.39816,0.59843725,1.4158005
31.668985,35.633423,1.2970629,1.6429728
91.01593,92.20549,1.9961385,1.9990534
88.2342,88.92104,2.7305157,2.742385
57.051884,59.766922,1.3606291,1.0674815
85.48761,81.33597,0.7722557,1.0202887
85.48627,89.20723,1.5978062,1.1936572
55.90985,49.182922,0.60187125,1.0687063
7.4960766,11.618496,0.9480218,2.3225608
29.264505,28.990961,1.3915954,1.0948663
9.29218,14.890087,2.0196643,2.8330092
39.410866,39.528454,2.5752528,2.6170354
70.11965,62.38043,0.7148943,1.4151163
62.26243,70.84114,2.0053742,2.066428
80.81475,72.35629,2.272466,2.2686043
14.093804,14.64183,2.447893,2.7148387
36.355972,34.666267,2.0862076,2.1232004
35.433186,34.74254,1.7796743,1.3487337
30.369978,26.74449,0.60099226,1.0666807
84.436966,92.493866,1.3854793,1.1627994
99.774414,92.26144,0.76297325,1.2521678
36.712322,37.05826,1.1911262,1.1673453
12.389809,15.196472,2.206473,2.5842128
43.219112,43.97629,2.0871496,2.0968616
39.550728,32.751766,2.646215,2.469014
35.194412,32.682053,1.3306195,1.0690155
37.75997,37.235874,2.093172,2.0365005
38.377342,35.123188,2.8296545,2.7381604
38.499897,36.216545,0.9505552,1.0954299
69.39588,70.60867,2.8606803,2.9118338
86.48063,91.995895,1.3573391,1.1594144
3.0276482,17.89434,0.74752647,2.586796
54.750362,54.382946,1.8636514,1.9367075
11.785051,10.663395,0.50101006,1.1269932
33.88137,41.73516,2.7805488,2.8383515
53.026115,48.39219,1.9889303,1.9445947
65.30177,57.86548,2.5269172,2.4268117
86.94987,83.78652,2.0250642,1.9338002
66.93508,64.40871,0.74253845,1.0183159
52.93985,49.76609,0.79947245,1.0564976
3.975946,10.707611,0.5777414,2.4043484
58.892136,59.47127,2.9489,2.9215057
59.606583,59.281773,1.0126237,1.0292993
77.28975,84.57619,1.4207083,1.2331747
83.424675,74.547226,0.7079753,1.059689
19.0289,18.226433,0.8338329,1.1427373
28.84857,24.140049,2.8419597,2.7366447
10.179165,10.514057,0.87474734,1.3307685
23.415895,25.70725,1.4716609,1.0863206
10.48119,16.265186,0.7697937,1.2218492
95.65608,91.32485,0.97523075,1.1670756
57.888096,60.19595,2.470267,2.266419
49.31167,48.217922,1.1026517,1.0277321
93.44195,86.04588,0.72030854,1.1302633
75.454124,73.638794,2.6893575,2.620254
49.81849,54.26594,1.6519581,1.4200642
67.33138,76.585205,2.770106,2.811327
59.039154,67.38661,2.8769743,2.9282637
45.701183,47.707054,1.858181,1.8791795
64.94572,64.701775,2.2707944,2.2636456
90.324196,84.938644,0.61747634,1.0706263
93.90996,87.78711,0.7937269,1.1757543
54.769432,49.986824,0.67413926,1.0547177
32.24464,33.196564,2.16438,2.1768396
94.43239,93.35271,1.8254151,1.8124732
55.201103,60.457924,2.533135,2.5061107
26.389372,24.68051,2.4447467,2.4464557
42.724606,43.749462,2.5377274,2.5534716
69.485016,80.42302,2.1475937,2.2112157
64.605965,67.04809,1.666644,1.8072289
3.2923577,15.28558,0.5983674,2.702154
68.001396,63.23342,2.409043,2.537751
79.67174,80.26731,2.2014525,2.1878276
61.0467,59.881195,1.8003771,1.8092294
39.690903,40.06082,2.4132926,2.4137564
62.797207,57.228798,2.672865,2.636437
49.89324,60.68047,1.5208318,1.6691417
5.6211777,12.985447,1.9570723,2.539018
10.977442,21.811638,2.420437,2.3951373
19.06929,18.649862,1.9617004,1.9426296
13.374149,13.836597,0.5822612,1.2515684
27.155428,28.194069,1.0025396,1.0695422
30.770947,35.557774,1.4406065,1.0667797
59.19231,51.87987,0.6414814,1.0630282
28.826511,32.15374,1.0437155,2.023895
44.685875,52.557663,2.4804332,2.7977653
75.74996,70.12699,2.7005994,2.5837963
71.76594,71.040764,2.013239,1.9950455
46.199394,45.569843,1.9475107,1.9075698
4.4294977,13.172703,2.452042,2.7390177
74.020615,67.58246,2.1362464,1.9715774
43.533344,39.996468,1.0403465,1.0442895
70.49247,71.89368,2.0292418,1.8061128
58.195786,59.556896,2.0509002,2.0715134
65.35595,59.640457,1.6228412,1.1233573
92.6304,91.10643,2.4166777,2.4096422
69.598755,75.429886,1.485922,1.0424509
34.4717,28.68676,0.6636489,1.1448746
46.84945,49.833923,1.4610686,1.0591762
51.75013,57.41533,1.3439511,1.1127225
79.03939,81.5383,1.6027594,1.0628998
47.10581,47.133644,1.0407897,1.0858097
64.70189,67.38064,2.5638745,2.527967
97.572876,96.25369,2.3430097,2.3583713
73.32196,68.096985,0.57176214,1.0188723
87.224754,88.41608,1.6240308,1.6893517
64.5616,60.769737,0.96428955,1.1130362
62.396255,55.871685,2.906006,2.7901561
89.6724,82.12657,0.6974535,1.0382519
40.919834,52.376076,2.7971933,2.9384499
77.0246,74.29622,2.7493796,2.7210195
20.637613,17.241547,1.9887428,1.976336
65.724525,67.17825,1.9337765,1.8994577
23.888653,19.166039,2.7428281,2.5737143
64.762405,64.66232,2.7691422,2.7369878
14.041336,13.904831,2.095651,2.1283133
78.80989,79.529045,1.6629374,1.639993
56.36596,60.528526,1.3590317,1.0343511
98.559425,92.87798,2.9845583,3.0
87.67885,86.89182,1.7360401,1.7376937
92.66246,89.7512,0.94618815,1.1492476
41.541714,43.1811,1.2656912,1.0792836
42.968716,41.853214,2.6607838,2.6848412
43.43043,40.2701,0.7526665,1.0685223
18.614815,16.655083,2.4475641,2.1922412
99.427864,87.73924,0.8738109,1.321596
36.225338,36.602272,1.2603065,1.7947813
38.256073,42.12879,1.4977747,1.0664539
12.480876,11.556133,1.9704866,2.2389047
92.45112,89.63182,2.593051,2.5570455
20.422014,27.770077,2.790988,2.883112
68.09417,66.78655,2.6460927,2.5977325
70.61752,73.52756,1.6175735,1.4108188
6.0456,6.5076065,0.50461406,1.0706756
49.907555,55.22585,1.3579793,1.0275555
2.5974195,3.4207535,1.3838614,1.1543081
44.817123,53.568146,2.1194837,2.4700854
4.306005,12.398674,1.7559408,1.5170505
41.772705,42.74524,1.4098686,1.0831288
79.173836,76.70885,0.8099839,1.0014515
72.572266,72.14096,1.6858648,1.6514455
63.916565,61.47342,2.9861333,2.908505
49.10424,40.307774,0.78982574,1.079088
11.035409,9.379131,2.5572298,2.5531301
58.43285,62.47098,1.3126366,1.0174732
73.88144,76.32203,1.7201805,1.7232513
52.182907,57.976963,1.1063997,1.0563762
90.655334,78.05374,2.4696612,2.3419776
86.28059,84.883545,2.0406272,1.9961464
8.344342,14.587116,2.7405605,2.266203
75.223404,71.46669,2.8591228,2.860999
66.507385,62.496193,2.321393,2.2505627
99.61357,86.7881,0.52235854,1.0718129
50.634716,49.6723,2.310107,2.2108285
99.48666,95.41026,1.2131516,1.4450703
71.445435,73.60667,1.333617,1.0036653
67.88273,68.30833,2.0498064,2.067296
65.86468,60.63823,0.68668014,1.0317633
11.76461,18.506876,2.00607,2.440416
53.71672,57.910664,1.6792897,1.8019178
34.546078,33.106056,0.89463234,1.0997438
42.971577,43.461998,2.4252627,2.4488866
94.96688,96.03932,1.0446751,1.314311
71.81856,66.13535,2.8855546,2.8802528
99.35209,96.58789,1.9334893,1.9386421
79.24339,82.97249,2.0900836,2.167663
17.891855,10.396904,2.6475701,1.9938501
67.375496,67.851974,1.0157506,1.1064968
67.538155,65.657745,2.7355783,2.7170343
64.05293,62.043545,2.3017547,2.258666
6.0548086,11.5854,2.8330686,1.2630898
62.371403,56.4171,2.465264,2.3694882
18.738205,17.883373,0.60127455,1.0269089
87.30773,86.72868,2.1553757,2.1542506
70.96417,66.94317,0.8751551,1.1228173
79.2168,78.193665,2.6666973,2.6627269
40.61466,36.04598,1.0906711,1.0814476
42.04244,41.56984,2.8698022,2.8643465
38.018295,40.818237,1.4631647,1.333437
28.62434,24.617746,0.79421777,1.2731085
5.299621,6.123413,1.2422531,1.2838804
17.990091,16.692158,0.58854765,1.1471422
74.39968,79.1432,1.2740821,1.0353396
68.07926,74.3597,1.5860535,1.2374623
49.47282,49.249672,2.6579916,2.636598
6.5214267,9.555321,0.953472,2.4324248
64.75997,68.42611,1.3078874,1.0253234
25.385628,29.762098,1.6999451,2.0582523
27.790863,37.475163,2.8481476,2.966161
53.17341,52.450127,2.9032702,2.8956811
19.557245,21.442715,1.2847557,1.106231
9.494133,21.689945,2.611914,2.8438282
82.20533,81.30668,2.4737043,2.5266461
62.18779,60.10993,1.0181946,1.005753
40.907394,40.857887,1.918127,1.9127673
56.767242,60.03344,1.3080653,1.0350186
41.334183,41.04856,1.7595836,1.7305853
27.490532,30.345154,1.1600562,1.0457871
4.9619203,8.4677925,1.7492539,2.6632066
23.620163,22.019562,2.077091,1.9954833
7.188963,5.240658,1.0631334,1.5055761
21.496807,21.004162,0.93371415,1.0888414
74.47807,75.221054,1.124463,1.0454912
88.64228,91.50836,1.5268776,1.3464022
27.568697,27.405333,1.9171792,1.9330524
74.161316,73.0521,1.8650421,1.8679789
60.341057,65.24924,2.92239,2.9560752
7.823578,10.255749,2.4881256,2.5798345
67.59153,64.57179,2.874314,2.8879132
88.39225,87.91285,1.0801617,1.1027808
26.557783,23.262308,0.9669719,1.2307613
41.541973,41.86283,1.6559659,1.6684211
41.17818,37.59841,2.0984488,2.110737
54.150513,53.87248,2.1384745,2.1000643
86.030174,85.30437,2.421123,2.4113374
27.311619,28.921616,1.1176276,1.3608625
47.66796,47.813507,1.6627674,1.2412128
19.369741,14.853355,2.0651243,2.033238
94.40708,92.948105,2.58068,2.5769975
34.156754,33.765717,2.7289183,2.731292
95.54311,94.08333,2.7357218,2.7456038
75.920074,73.16354,2.7065434,2.6343174
18.380163,20.319695,1.2735881,1.8002485
84.63369,90.17528,1.4451392,1.1503402
2.275655,6.237919,1.031943,1.8753526
6.845008,15.366364,1.8701516,2.7583127
76.25646,87.978195,1.4218197,1.079803
37.4538,40.374187,2.690184,2.6290956
10.114531,9.642937,1.8750246,1.8049376
16.01141,22.050865,1.4246172,1.9130033
75.291916,76.213295,0.8785904,0.998132
72.236244,75.84581,1.369315,0.9973734
66.51678,70.70734,2.5811517,2.513712
