true_cbf,pred_cbf,true_att,pred_att
1.1564991,6.8380966,1.6202266,2.1889148
73.55399,75.53395,1.8552415,1.8845756
59.37541,65.44754,2.4530916,2.4344106
61.17423,56.748558,0.72118753,1.0345541
2.896089,1.3770599,2.7908807,1.8563592
11.967427,7.9888344,2.597155,2.142266
94.41376,95.50549,1.9351194,1.9392849
83.955055,87.28932,2.3883455,2.431375
28.165813,25.802183,1.0239103,1.0861416
54.907738,59.926746,1.3870697,1.0337583
52.51123,54.7949,0.75166035,1.0296962
93.25665,92.42973,2.6132135,2.5423162
9.6157675,8.67458,2.0584385,2.0223668
87.826935,93.361725,1.2999678,1.215235
20.596333,22.25055,2.449647,2.2648566
30.734447,30.548904,1.7288402,1.6025554
93.967705,93.89403,2.3831615,2.3255768
56.268063,57.637707,1.9631112,2.0413778
2.9409993,7.28619,2.9450214,1.3980781
93.07967,94.45277,1.3127618,1.2494607
72.52924,66.08136,2.1163487,1.9279177
81.54141,86.4135,2.0207484,2.0479348
5.832674,4.7441826,2.5024107,2.6979852
26.003447,22.920876,0.5084481,1.1102129
36.687057,37.22345,1.9460654,1.9094669
78.19421,78.379135,2.2366908,2.232975
4.183142,8.929165,2.008609,1.6853589
92.73199,88.86498,0.71251863,1.063909
19.872602,20.369982,1.7840109,2.0177782
88.32245,92.79825,2.5005498,2.5356383
16.298937,11.8741,1.9988707,2.2162402
23.794207,24.020565,1.1561805,1.390871
75.760796,78.535164,0.8717549,1.0352054
72.34029,75.66501,2.2822287,2.2979796
80.43078,88.7269,1.4367347,1.2852329
25.74639,24.929909,2.2506866,2.243649
79.96995,85.17331,1.608909,1.3911073
36.19346,34.142506,1.0336478,1.0573444
81.76641,82.10535,2.2949588,2.2881575
82.41607,82.781204,0.9795279,1.042672
94.90578,92.7099,1.3379858,1.3585179
10.267626,16.008472,1.6781133,1.2977848
9.773277,5.7539787,0.88601375,1.7582293
98.06707,91.64545,1.047137,1.3369205
93.66888,90.46517,0.9650566,1.145935
43.50308,42.0889,0.94105285,1.0299585
84.11336,90.59146,2.578543,2.5927777
96.390114,90.67476,0.7712285,1.1314917
28.919245,30.601223,1.4375579,1.0939566
89.746284,90.723526,1.0610763,1.1253343
13.314322,13.007729,1.917766,1.9026606
67.4617,68.432076,2.7800944,2.790619
19.393707,22.74199,2.0442998,1.6882455
66.01165,65.692406,2.2085917,2.1596918
42.921432,38.27987,2.877579,2.838394
10.753798,8.1588745,2.6335385,1.7705479
53.179943,53.9151,2.4442198,2.4516726
10.654949,11.046116,1.0652405,1.2342865
83.121124,81.05044,2.9613404,2.9309025
80.81221,83.67538,2.57672,2.577574
52.94199,53.486153,1.9591739,1.9559684
64.50952,66.437485,1.7179115,1.4713941
42.6538,38.01049,0.7855216,1.0276024
73.905594,67.42138,1.9688736,1.9384236
26.968044,24.251343,0.6750607,1.108571
4.9019513,4.9073296,0.84778094,1.0729165
96.17719,97.52522,1.4975691,1.4765174
10.678392,20.03045,1.7423776,2.3917017
85.431656,91.29569,1.4966351,1.6489013
93.87466,94.55687,2.5914419,2.5716612
85.39487,85.33876,2.5644042,2.5482697
87.09184,92.25029,2.903043,2.898026
51.750446,52.53442,1.4583015,1.041579
41.52793,35.747314,0.8216476,1.157788
21.559685,19.659075,2.2186258,2.2898197
52.85416,47.356323,0.5261534,1.0655785
71.79351,72.937744,1.7490262,1.6990477
75.848175,71.975876,0.50871724,1.0056038
76.64305,81.333336,2.5520117,2.6082475
43.862003,44.231598,2.732912,2.747633
87.89865,86.68738,1.7186291,1.7374482
51.139427,52.33939,2.2556686,2.2800543
87.80268,92.234314,2.7322395,2.7639515
66.777115,68.12017,2.5468173,2.412961
31.383514,28.786747,0.80339783,1.0763752
45.48025,40.58165,0.7706972,1.143024
50.65087,51.669086,2.7582147,2.680604
54.00662,59.105183,2.9019563,2.8951988
97.457504,99.943054,2.198091,2.3144732
96.179985,98.510605,1.2926443,1.5200423
86.607635,87.08481,1.7825813,1.7858176
24.007154,30.09668,1.9396844,2.0115542
36.196495,39.623768,2.521017,2.6445253
17.858456,15.863956,0.91560555,1.164515
94.235535,96.69311,1.4524446,1.3705714
87.82389,87.35576,1.8413343,1.7897941
50.918068,56.230347,2.4317653,2.820468
23.185133,22.164572,2.0412405,2.0043204
67.71025,70.71791,1.0952113,1.015795
29.828793,32.12278,1.585529,1.5267043
15.486176,7.913292,2.189249,1.8523252
80.0271,87.66913,1.4975317,1.127053
80.3338,86.88539,1.2777627,1.0568423
31.30297,28.192734,1.0733961,1.1133568
59.766438,62.08422,1.7203653,1.6262305
60.598904,57.634605,1.85352,1.7573849
68.20124,63.764538,2.2613087,2.1337714
18.497128,16.206074,2.5378468,2.5276425
6.198287,9.453236,2.6421251,2.7799513
16.234707,15.810154,1.203302,1.1090808
83.95667,82.16127,0.67285305,1.084769
27.651884,28.483644,1.6691895,1.2417226
6.6064234,6.211731,0.7079763,1.0671668
88.26891,94.524,1.3406334,1.269364
19.214762,10.057529,2.9214606,2.7241554
92.97417,93.863205,2.0588186,2.0278897
48.97667,41.95736,0.69477975,1.0466146
74.25128,74.92402,0.89881414,1.0262876
73.679955,74.13463,2.877337,2.9323735
74.92188,76.87619,2.5918376,2.5925896
5.8864717,5.841221,1.5937406,1.2682728
57.17945,57.67575,2.6138606,2.6132157
75.89088,85.343575,1.4387186,1.046252
21.787157,19.883436,1.6935046,1.2557546
28.062372,26.487307,0.72561723,2.2374084
19.05794,19.483595,1.8127728,1.9454558
20.467367,28.028725,1.3516262,1.6754348
71.867714,83.772675,1.4596211,1.0416553
77.11243,77.80343,2.3077428,2.343977
48.988987,38.9625,2.991315,2.6247108
74.95481,78.196106,0.78760993,0.98566675
77.66248,76.58455,0.7620501,1.0323424
81.143166,78.19853,2.1678572,2.116509
83.62321,92.25803,1.4916635,1.1707741
24.813566,24.526884,0.87630737,1.531586
42.129578,42.981037,1.1272639,1.06442
58.21199,60.69878,1.8145651,1.8492225
7.244636,6.11261,0.5297368,1.069515
20.755894,20.739285,1.699605,1.4704872
71.235664,71.30777,1.8600869,1.8504455
58.932606,58.91594,2.074932,2.0999274
48.64652,50.93083,1.7233429,1.781132
95.586685,97.85179,2.4957554,2.546571
25.529839,25.987497,1.1126027,1.1467887
16.473595,20.896072,1.7521595,2.0172496
60.799477,63.83915,2.9374795,2.8848095
62.803734,57.06053,0.6127997,1.5795599
36.444733,33.20298,0.7952227,1.0531601
68.15133,69.86784,2.8110275,2.831747
89.824745,91.67499,1.2587554,1.2997828
5.7149153,5.304882,2.8148024,2.7129903
52.496967,58.151917,1.6615473,1.1557745
51.729286,54.83956,1.8158448,1.8936076
73.68811,80.29233,1.1989939,1.0250784
0.37860036,4.2159424,2.8565218,1.9945967
69.924515,72.16248,1.7320733,1.7150259
21.389,22.332407,1.2809556,1.1623286
59.285023,66.18475,1.0967926,1.0186641
53.401157,50.26711,0.8545707,1.0721405
45.134987,41.23431,0.6919237,1.059196
75.36082,88.72719,2.5386343,2.6689968
30.645334,38.9042,1.4315745,1.1213279
73.42469,67.71808,0.6152476,1.0231256
42.129105,44.531204,2.0069952,2.1663122
16.500195,15.459705,1.4893175,1.0666852
4.5026264,5.8898315,1.1380187,1.2501503
13.197831,11.21233,2.830591,2.7900023
9.940635,13.5896,1.8106835,1.8781859
85.646965,92.82535,1.2094373,1.1452198
21.466055,20.267632,1.5355095,1.0703609
36.582764,30.639355,0.6558944,1.0508928
87.00906,89.15265,2.5563083,2.5588012
92.320885,91.791794,2.8222759,2.8091874
1.0683336,7.051117,2.1655972,2.2882962
4.7318144,2.4784698,2.610673,1.8941433
62.23796,62.29788,2.0206876,2.0230272
94.51771,94.770584,1.2179434,1.2855055
26.531357,25.55956,2.2754948,2.2521117
45.621315,37.67473,2.7508943,2.5112877
96.15268,88.023346,0.60001117,1.0569385
79.6112,68.20392,0.6562438,1.731057
10.250744,12.879044,0.81260383,1.3825839
77.46681,75.657425,2.370797,2.311293
92.16413,94.57257,2.2701824,2.2602391
95.16798,97.72536,2.4957972,2.5525923
9.682482,13.1765175,0.5078425,1.4158431
10.883847,14.762562,1.0071524,1.4613128
29.964195,37.41908,2.320295,2.4231749
74.73112,76.6118,1.8486928,1.836802
69.37862,70.50958,2.594845,2.6518445
75.42966,80.39254,1.6106777,1.6356913
91.64866,92.3548,1.1819955,1.1323546
82.48093,82.97925,2.834479,2.8287446
51.386757,45.778942,0.5783402,1.04539
91.08684,93.10315,2.135118,2.1807926
53.948864,58.20449,1.5302513,1.0632832
13.01172,16.380116,0.68810606,1.0627406
10.967068,9.706295,1.8235737,1.1782331
36.677444,34.39574,2.5644033,2.5676572
55.017937,51.61396,2.3942566,2.315207
58.975094,58.681145,1.8856683,1.894334
97.31558,94.97712,1.240858,1.3592665
21.018044,16.168053,0.645953,1.6570342
56.76434,57.57816,1.9380455,1.9714384
70.00593,74.016495,2.0209098,2.0065951
16.533228,12.648216,1.3000058,1.9955928
15.364513,11.718712,2.1091487,2.0152402
66.98171,70.205956,2.2297869,2.3005633
41.7859,39.007545,0.7936103,1.0464423
91.252464,89.289444,2.6256666,2.5542073
73.01671,78.04126,2.4017234,2.54989
91.67075,94.224464,1.6434519,1.4835609
7.997511,7.191036,2.8552823,2.8049583
26.295673,25.477024,2.5856087,2.6009593
33.348286,30.689037,1.8730717,1.8859426
23.647375,23.909472,1.0697732,1.892863
27.078426,30.148338,2.4656172,2.5949655
92.481674,89.74472,2.063777,1.9597032
26.680752,26.671673,2.059348,2.0563316
46.641598,36.262978,2.8350127,2.7355804
6.443882,8.737389,1.4178624,1.6186024
62.824577,69.85507,0.921603,1.0187848
50.77855,49.31269,2.5394015,2.5141506
75.01011,74.156624,2.4027655,2.3968935
45.63601,50.511436,2.2026606,2.1941576
26.275778,29.270615,1.5621272,1.0672367
44.214016,46.580536,2.85087,2.8194008
51.426327,57.414577,2.512057,2.4935524
63.49664,68.78995,1.3973517,1.0760597
96.865234,94.82797,1.7229548,1.6686513
34.35354,35.376694,0.8725081,1.1319475
87.67442,86.43672,2.7831955,2.7852902
97.610275,92.88522,0.90224105,1.1883641
47.6394,46.204624,1.791494,1.8324612
80.68792,84.913025,1.9019023,1.977774
36.091522,36.720486,2.152435,2.1264133
47.15958,49.65504,1.3104767,1.0507747
68.30726,73.24364,1.2070272,1.0108817
12.534798,7.643242,1.9251162,2.2303677
48.063995,44.825005,2.470701,2.4609656
92.881035,92.86066,2.9782584,2.963369
75.182655,73.930214,1.8926662,1.8761507
21.396154,10.915222,1.8698196,1.3114849
0.9991323,0.6565895,1.0303571,1.5576034
17.969002,21.279314,1.8679088,1.8674799
36.77564,34.03626,0.8240281,1.0700507
45.103935,35.453384,0.6007624,1.0628161
35.126373,41.130676,2.4738994,2.5991845
85.04482,90.8363,1.471882,1.6242434
34.783398,36.192963,1.3278381,1.0693442
76.79357,73.05089,2.9327068,2.8789449
67.17524,64.581696,0.6866307,1.023887
48.720398,46.29914,1.843502,1.8846121
2.6100123,2.0153542,1.2016453,1.8511252
11.277007,11.662903,1.832968,1.6394545
13.347136,10.000687,2.6565845,2.5795817
82.50369,85.22357,0.97071266,1.0300698
71.31824,73.195274,1.6536545,1.5931044
14.837451,15.834446,2.1351995,2.0447693
32.20521,19.746325,2.9286873,2.519531
0.9898234,5.326519,1.0913408,1.4564955
94.26573,94.67204,2.9255724,2.9295144
41.983185,40.854195,2.288504,2.270862
99.26657,99.22936,1.6077456,1.6426071
34.27042,31.094027,2.136644,1.9684801
54.18697,53.70261,1.8232731,1.8116801
2.8524575,6.702057,1.4256614,1.342703
14.902584,16.590046,2.1743457,1.7774025
38.81034,38.392998,2.131884,1.8985715
56.213005,54.24453,1.9697005,1.946529
34.72839,32.99469,1.2107751,1.0332193
60.353844,62.09153,1.0696914,1.035278
31.813677,30.007877,2.507702,2.5560608
71.04074,75.02466,2.1006713,2.1212752
23.603062,22.875523,1.2355934,1.3050817
26.200209,14.614479,2.9700186,2.9480464
35.587025,20.224525,2.3699899,1.2427998
85.66999,86.22025,2.2344484,2.2330132
68.02753,66.840096,2.4001672,2.3025148
37.244595,49.133286,1.2397777,1.0073783
8.330697,5.224556,0.97058904,1.5093504
80.55401,90.703064,1.5081878,1.1512578
49.993114,41.543564,0.60427856,1.1167351
51.343403,53.112278,1.6913912,1.6903872
0.53719044,5.6229515,1.2089454,2.1331801
16.188526,20.483295,0.6838234,2.4720762
90.27898,87.29582,2.118576,2.0657122
52.414627,51.278217,0.7849789,1.0196245
29.643051,27.934553,1.570397,1.1247315
68.11347,77.38784,1.5156368,1.0837178
94.5656,96.38867,1.5756285,1.4862591
18.879974,13.899296,2.1575756,1.3210793
59.641132,61.384514,1.6878767,1.667218
76.239365,78.06697,2.4939644,2.5005136
20.071867,18.622139,0.80804837,1.0777922
16.406254,19.311142,1.6422614,1.1140249
30.849749,35.07943,1.3665671,1.0634784
54.7618,68.13233,2.5889604,2.7815866
69.19627,67.05696,2.7730196,2.659216
36.644382,36.992134,1.1907445,1.0825357
58.946644,59.16883,1.6277851,1.6509194
34.992508,30.572784,0.78549093,1.0333511
86.72653,90.11407,1.1630033,1.1277053
94.50352,95.94827,2.9267993,2.889131
80.74446,84.625244,2.7552917,2.7917085
8.3077135,6.1074944,2.4649384,2.5648623
96.81853,97.453415,2.462615,2.4696784
41.219883,54.674335,2.9006248,2.8734038
20.168884,22.915243,1.5298887,1.0745242
2.7278476,2.0014763,2.3447018,1.613512
43.597004,52.42958,2.2957873,2.4497433
66.52635,68.05017,2.2012153,2.198476
26.282547,15.577023,0.90457743,1.5182359
31.646168,30.056034,1.1140543,1.1328285
3.66453,13.304207,1.3001022,2.4393702
71.49353,69.11658,1.7293471,1.7467413
57.2579,53.76043,2.1813252,2.1188982
88.70292,88.87818,1.9107451,1.9077485
10.441482,6.860462,2.3194163,2.3080664
16.624386,25.352982,1.5999205,1.9946154
61.225662,65.507355,2.0305748,1.9826149
9.403685,6.95092,2.9946153,1.4294767
29.849754,29.47659,1.7483562,1.6534035
54.219025,53.244785,1.0664129,1.0266984
92.11451,92.27493,1.0422839,1.3278683
88.15794,96.46862,2.4959714,2.5304532
34.195976,28.240477,2.660874,2.5900307
53.473534,54.93995,1.3532126,1.0620608
39.103436,38.65324,2.183093,2.124632
31.295784,39.449135,1.9204273,2.1097543
43.294704,43.411213,1.716691,1.6585199
15.526379,7.3357544,2.6693459,2.286812
54.32555,50.79093,1.918501,1.9453672
27.328043,29.130606,0.5434654,1.038247
34.88353,37.617638,1.5117004,1.0555857
7.921836,7.1261215,2.4824452,2.1046658
14.222381,10.741608,2.6940722,1.3423774
77.836716,79.59359,2.2375038,2.3714256
97.59194,97.32342,2.0976372,2.0932038
47.170647,61.60667,2.6569307,2.735972
34.956234,24.60475,2.6587348,2.3326821
37.494713,37.093914,1.311051,1.0684481
21.431366,19.441095,0.60275275,1.0921156
32.088455,34.26494,1.2285872,1.0381761
0.72792786,4.7024956,2.4249191,2.2894037
72.92871,64.30227,2.9608853,2.8772278
14.688405,19.492926,1.5949117,1.1381874
68.10662,67.29975,0.8883184,1.0110126
5.509812,2.6942558,2.616904,1.3501998
73.95746,80.87779,1.2724633,1.0204408
55.68685,67.33038,2.5153131,2.5712
33.381668,33.325096,2.4956334,2.4636059
70.00829,71.00993,2.3222022,2.3249638
31.10259,41.24934,1.6346956,2.0141811
57.87446,56.96096,1.0867163,1.1703012
20.797222,21.32888,1.2871482,1.066357
83.61673,84.76961,1.9586416,1.8598794
38.185196,42.856102,1.5436864,1.0409429
89.97632,95.95259,1.4398214,1.338495
0.24846457,2.8956718,1.7169392,2.325359
36.407196,39.658558,1.517993,1.0422075
89.93218,91.70425,1.1401181,1.2766676
36.953632,39.117477,1.3111329,1.0556262
52.72591,58.618065,1.5442994,1.0483533
39.646202,35.018646,0.7327398,1.0645137
3.743795,7.0103836,1.6591842,1.9554552
77.55346,86.94335,1.4732057,1.0727599
59.65764,59.5802,2.844626,2.7852254
73.728874,74.421906,0.8918954,1.0023029
96.45748,89.676186,0.6095304,1.1126522
87.810165,84.66385,2.179066,2.1689963
22.606218,18.345757,2.3693159,2.5264473
67.77426,67.794525,1.8797263,1.8767132
18.882767,20.62681,1.1990023,1.0779814
76.3489,76.4608,2.2482507,2.2426894
44.157696,43.579952,1.7202333,1.6732978
63.366196,57.63428,0.60792273,1.0759404
5.702939,8.699253,2.1501565,1.2812135
16.143417,9.305729,2.715821,2.2798991
88.58686,92.55591,2.4785285,2.4863355
96.30836,95.73905,1.5179954,1.3936974
19.336052,18.142334,1.8381727,1.3900223
75.833046,77.936905,1.7609043,1.6668965
92.327095,97.06189,2.2312775,2.2750132
81.396,83.290276,2.585157,2.5781097
91.656204,92.78159,1.7990589,1.7929392
63.52174,59.797134,0.7015235,1.0675757
88.94477,90.67451,2.8987646,2.8934164
55.35255,61.385326,1.6329079,1.4946953
95.8466,94.299126,1.0498403,1.2296455
85.562164,86.244965,2.1074836,2.1006932
72.01107,68.9044,2.433245,2.3597944
1.5845952,2.8158493,1.1353033,1.4602664
49.989403,46.707684,0.7183361,1.0803213
33.13979,32.069023,2.9173245,3.0
33.249485,28.890116,1.9587662,1.827928
93.93951,95.35416,2.5446599,2.5531368
9.004101,10.295975,2.1312137,1.6120816
2.6163087,13.710812,0.9818977,2.5628495
90.5867,91.38756,2.3159468,2.3182716
90.09996,84.03217,0.81380653,1.2365804
76.25215,83.152054,2.8002508,2.869268
9.514802,10.709534,2.5553472,2.6801848
9.599992,3.3053932,2.7663808,2.407474
33.24642,34.524902,2.1281703,2.082342
56.664154,55.09626,2.9842873,2.9352179
7.121491,13.130276,0.8240011,2.6327326
98.81225,100.0,1.9928339,2.1277611
3.3147123,3.19347,2.4833255,2.4150507
83.233185,90.00839,1.3358973,1.0961425
71.9145,70.94223,2.3352695,2.3178635
90.26628,93.80484,2.770984,2.7766697
8.533199,16.417156,2.235576,2.4616508
45.269196,42.076572,0.87044007,1.0487404
70.8833,76.09735,1.1875584,1.0147324
30.699266,31.234962,2.0390022,1.9882991
48.54675,57.163574,1.2475113,1.0181731
0.5684461,11.441139,1.1105406,2.22962
84.40688,87.57497,1.7366271,1.4458959
74.73182,77.96776,1.1487893,1.0180556
24.604729,24.401047,0.79265,1.05357
7.970234,13.226646,2.22541,2.312108
13.157235,11.336075,0.7867306,1.8427196
72.18451,56.97969,2.9566996,2.920851
17.079025,17.975597,1.5610005,1.0465008
31.470383,38.597023,1.0431682,1.0867296
50.760357,46.58463,0.76818496,1.0794015
85.19972,85.32605,2.1888134,2.201427
23.048183,22.026842,0.87338614,1.7184707
36.99195,32.8503,0.73160577,1.1146287
99.00342,98.67389,1.9540461,1.9589249
30.343552,34.29526,0.93813634,1.396169
25.034237,24.190495,1.7312305,1.560931
42.92831,44.959324,2.3381963,2.4148068
17.31805,24.633673,2.2577293,2.2325497
1.358529,2.1792068,1.0627612,1.8969572
78.79255,72.68681,1.8391721,1.7687756
98.799385,99.10205,1.9523638,1.9538305
8.756656,7.550625,0.50961787,1.5162628
3.0448966,2.5135384,0.59447074,1.2837602
71.05923,66.42806,0.53638744,1.0017626
2.635191,2.01305,2.9559429,2.3544273
0.7342987,11.272598,2.154939,2.1559258
85.34398,89.69473,1.489933,1.0923855
74.79807,74.637665,2.1373384,2.140691
2.0315528,3.1686134,1.5989741,1.977574
37.951984,32.862923,1.9266977,1.9875106
29.702019,27.417206,0.8297251,1.1042295
62.328983,71.70293,1.5511854,1.2060506
4.377349,7.208168,2.3619142,2.1650755
9.772888,7.453251,0.9353583,2.2090392
48.36147,42.05737,0.756216,1.068386
90.734,94.991,1.4159182,1.2709937
22.661678,29.801586,1.5060282,1.1738925
12.073208,11.305855,0.92733175,1.1074567
89.14872,91.49542,1.8161987,1.8371902
79.89067,83.76806,1.1392394,1.0299697
48.120804,43.94612,2.6693082,2.6952078
9.194447,5.8147697,2.6773872,2.2960098
82.46195,84.88548,1.608634,1.4841063
30.47626,39.16311,2.7079287,2.795265
13.765035,15.279114,1.8165703,2.3743122
12.643588,18.275795,1.5629631,1.9447665
10.439342,11.686668,1.6856195,1.3421869
37.683525,35.1778,1.8974043,1.9924124
23.009905,20.495413,1.9155291,1.4850147
46.050068,62.525322,2.2952693,2.5636058
5.990454,6.175808,1.500789,1.5890479
69.73887,64.21076,0.682105,1.0647353
54.418056,58.35979,2.2479682,2.236634
64.53064,59.059204,0.6432245,1.0984056
78.20043,68.93666,0.6162579,1.3558344
35.159737,54.094273,2.921873,2.7940965
20.234661,20.504713,1.4522209,1.8054199
43.882847,45.062515,2.015276,2.0050979
89.41287,88.49451,1.6642001,1.6563101
70.95884,71.15477,1.7899481,1.7878066
14.333907,17.007847,1.5945004,1.0667657
56.285152,58.68981,1.6545893,1.471074
0.41890305,8.485424,1.4314827,2.8392444
23.119844,19.957138,2.3382816,2.0991938
86.363754,87.298935,2.4912798,2.482007
47.926964,41.358025,2.3058865,2.2754087
90.890625,95.28644,2.7451572,2.759796
4.243392,11.628887,2.380099,2.4804168
56.49879,57.70317,2.472187,2.4918585
87.872574,87.397,2.1103706,2.0800097
83.54414,74.82842,0.57186174,1.0586994
53.176777,49.35201,0.7589089,1.0494286
65.92372,65.34253,1.0810366,1.0332685
1.4665345,3.1130981,1.5483468,2.38834
18.21375,19.973642,0.75389457,1.7415631
50.71589,64.97585,2.9689727,2.915532
55.79191,58.22419,2.3121378,2.3385205
59.04871,65.15209,0.8189596,1.0083467
84.003105,91.101944,1.5890169,1.515083
0.43064547,4.925041,1.3659861,2.035716
35.11862,30.233904,2.489187,2.3437383
34.979286,39.163895,1.7338101,2.002106
61.309784,65.02022,1.073642,1.0019205
31.781664,31.014107,1.3201948,1.2348073
62.89039,64.78593,1.0333865,1.0017552
49.590816,49.650173,0.92073256,1.0139756
9.646186,7.666008,1.6672083,1.2662848
57.401913,50.739487,2.518856,2.403714
43.538784,49.18628,2.4858916,2.6596785
89.82379,90.24523,2.0861135,2.0658433
89.38277,91.4053,1.1599675,1.1535716
93.04174,97.622765,1.6844119,1.7436893
97.62519,97.17812,2.5770595,2.606155
90.78243,98.02632,1.9651396,2.0147295
21.929848,22.426851,1.8541465,1.9162818
24.54394,23.89605,1.2690681,1.2767801
66.5471,79.08054,2.5359023,2.618177
21.955435,21.950321,2.150336,2.1048467
2.231728,18.128971,0.66334313,2.8025935
20.867603,24.881804,0.6111781,1.8566214
59.676487,62.567017,2.148569,2.2028031
37.302216,38.553383,1.2932936,1.1834786
63.456436,78.93635,2.8058152,2.9058049
22.921091,20.502617,1.7216634,1.661243
93.43605,93.891655,1.3028374,1.2238376
40.935295,39.836487,1.8895853,1.8352772
75.95052,75.87875,1.7825084,1.7780639
77.13144,78.68028,1.6806039,1.6583811
69.39985,68.73457,1.7684418,1.354794
69.48109,77.184875,1.2838244,1.0280253
95.54431,98.00083,1.9865204,1.946896
93.064766,95.86572,2.1336432,2.1136048
47.597324,45.101997,0.9005477,1.0511591
91.21463,87.335396,0.7670216,1.0652202
21.679495,25.856558,1.3780568,1.1535954
25.236376,24.35968,2.9620655,2.899108
14.413846,8.585705,2.9614227,2.075921
97.49684,100.0,2.1058593,2.0938382
90.07251,90.295876,2.1803617,2.188769
89.000656,92.34935,2.216628,2.2461877
95.128944,89.79518,0.78334564,1.3594218
18.455177,7.047188,2.6217465,2.3321218
62.519142,58.671272,0.8380864,1.3341941
2.2062652,2.2416916,2.5386539,2.1102185
4.3281794,15.476791,2.9906774,2.5446663
38.111153,35.2007,2.4189534,2.5677474
4.9515038,27.141382,1.4405649,2.822917
18.354038,12.825344,0.57554656,1.6827538
51.393368,56.40575,2.593679,2.709064
6.897821,12.054211,1.1658299,1.8053787
49.229626,46.63091,2.0793016,2.0043535
13.545779,12.464462,1.9305842,1.8995433
98.4002,97.1523,1.7942501,1.7811135
99.27187,92.0321,0.6266555,1.1317242
38.7686,28.400099,2.8383176,2.683447
71.9514,63.17666,0.5034636,1.0062742
67.27629,67.351685,2.2919307,2.2995076
85.67759,85.36873,0.86874974,1.027116
23.754004,27.210583,1.8120205,2.0332587
77.07842,78.96672,1.9365358,2.006546
63.695168,63.463787,0.94750166,1.0304323
68.995674,70.136765,2.8838162,2.8833632
61.230278,64.68203,2.7321289,2.7652135
39.48551,42.027164,1.5319759,1.0499406
44.105675,44.799545,1.798597,1.6875889
34.915127,31.283043,1.8257236,1.9588244
97.89176,91.30567,2.9257312,2.8679285
87.40014,88.97525,2.511186,2.519708
88.29591,85.8262,0.71883655,1.0342705
73.422356,72.70026,2.133923,2.099688
8.516971,6.952011,2.1436622,1.8891563
45.21561,44.821426,0.58871675,1.0438548
97.26581,98.98726,1.8908029,1.9078829
26.34226,28.436745,2.620457,2.3877878
7.151235,6.3260384,0.9715933,1.2107298
40.348312,41.670124,2.240174,2.2006812
20.37158,20.577038,1.2850597,1.063288
15.139806,17.623047,1.2141432,1.462101
29.94508,33.64438,1.5026852,1.1314279
14.374505,16.374092,1.9633132,1.9998226
84.33425,86.86514,1.0898767,1.0595561
8.0211525,7.3162727,0.62830704,2.2453542
70.45174,67.08354,1.9446244,1.8877786
4.8080316,11.003883,1.1329587,2.7079663
28.258133,27.76741,1.9647332,1.9349856
21.706438,17.174164,1.1878558,1.8175968
10.944926,6.9084053,1.9436897,2.1739445
86.91622,86.59827,2.9886994,2.8779762
90.40081,92.09766,2.3522134,2.3494034
24.940763,23.636671,0.95020735,1.0480516
42.787956,42.52173,1.7327913,1.7050337
40.028255,32.126183,2.047646,1.7624221
62.479813,56.366165,0.6062005,1.0389019
95.25703,94.012314,1.8602911,1.8874687
3.221106,2.5105858,2.7081943,1.7280958
95.03841,92.341385,2.0823994,2.0229802
45.879074,41.627567,1.2105117,1.3083824
69.28378,79.43504,1.2279408,1.0145822
29.52578,28.17252,1.3036397,1.1004828
65.47169,65.10376,2.2499197,2.1856735
61.84452,59.460754,0.81599605,1.0012525
55.615784,50.242546,0.5773905,1.8058349
9.9865465,7.4751472,1.7724496,2.5225422
79.91779,79.41826,0.7642549,1.0232598
51.14135,53.06408,2.8510203,2.8779254
49.66974,51.119034,2.5892432,2.573991
91.24604,94.16484,2.1429465,2.273026
74.3114,74.247,2.4577172,2.4694445
17.34878,16.984756,1.9504058,2.1017864
69.904076,74.56889,1.356807,1.6912692
50.276585,53.051926,2.500257,2.5378203
18.531902,17.567165,0.85230935,1.0862103
93.18168,91.935,2.921926,2.8631608
89.1641,88.21774,2.2104547,2.227893
35.441643,36.092327,1.6481622,1.0631679
78.08585,78.47136,2.2454743,2.1500645
91.20169,93.65685,1.5945858,1.4682412
7.9981194,6.436947,1.8542184,1.8467053
33.856197,37.37841,1.7902358,1.9836134
27.38636,26.745832,2.3358243,2.2369843
1.1359633,2.7027855,2.1523292,2.2406638
99.733635,100.0,1.9625852,1.974242
77.76118,81.56806,2.2083304,2.2546933
41.57482,42.047005,1.0251603,1.0298636
44.469845,49.97619,2.8628721,2.7871685
53.298233,49.70539,1.9336346,1.7548307
13.538278,12.847816,1.009534,1.4080765
66.24426,70.94469,1.2061226,1.0257291
17.99183,17.215607,1.8436695,1.7833722
10.648848,11.445625,1.3812443,1.1944778
19.11181,18.113335,2.0734184,2.0234385
67.99238,60.323387,0.5501602,1.0340331
97.05981,96.59636,1.7570394,1.8185731
24.395338,24.781778,1.6489229,1.037313
63.352436,70.30682,1.4144561,1.0817637
28.007883,25.029478,0.6401577,1.0459595
97.45041,97.70618,2.4221826,2.416644
76.30546,79.80317,1.0185015,1.0319031
62.209995,59.11403,0.94766957,1.0716463
86.57847,90.463066,2.507392,2.5164027
49.367283,54.860092,1.6567951,1.7356336
91.382774,92.20704,2.4825618,2.4665155
56.919254,57.16619,2.4816158,2.4837132
62.41046,66.89953,1.6001886,1.5627946
64.28122,64.526436,2.1144893,2.135372
56.51344,67.7428,2.9617717,3.0
72.93405,72.33585,1.8611094,1.9134485
69.0391,63.275497,2.3584697,2.3603854
73.35852,82.4747,1.4151771,1.0306776
39.003765,42.861458,1.5620631,1.1219423
24.080103,20.755207,1.1285046,1.7952461
69.38189,74.51667,2.0405881,2.1051998
16.11173,13.280651,1.0181197,1.1363666
77.95725,74.44464,0.6939912,1.028147
26.172623,17.533787,0.9906248,1.2032869
48.858433,57.28235,2.5526984,2.638997
93.66982,96.06647,2.5176778,2.5187392
93.07046,91.61117,2.3370998,2.3340845
55.268627,57.233692,2.5379655,2.55088
87.251335,88.71648,2.0667577,2.063077
22.327576,21.770624,1.5250348,1.130257
23.520227,29.824827,2.600328,2.7679243
0.6118195,1.4348831,1.8329313,1.5953131
75.62564,77.56786,2.592471,2.5976028
45.122356,46.314556,2.9241154,2.8257747
31.012737,32.547127,1.582862,1.6257364
65.049995,68.57528,1.7467456,1.9725627
58.645416,62.396103,2.0678465,2.0798411
42.84053,41.346275,1.6137508,1.1191995
44.809284,47.14225,0.896356,1.026787
29.729782,24.411255,0.63469034,1.1118096
35.779907,35.0972,2.8312037,2.736985
42.11385,41.866615,2.2080343,2.1968858
5.153609,9.317322,2.6701303,1.5346477
33.830013,37.337677,1.5189841,1.0508981
47.310543,48.57981,1.1747178,1.0606863
1.7777927,8.253746,2.8679476,1.9583327
30.381918,31.76347,1.4257084,1.0639662
97.216415,95.8799,1.7631071,1.7501978
33.616226,33.530876,1.9007012,1.9214505
95.27277,94.72156,1.7220829,1.727457
24.699526,22.67293,1.3105241,1.1613603
45.711803,40.776302,0.6566399,1.0405421
56.875202,65.07913,1.2694486,1.2274865
14.527498,12.554195,0.6538605,1.0882249
64.779625,65.79465,2.6589344,2.6304586
83.98813,86.16289,2.037268,2.0323398
17.52775,19.284449,1.1650897,1.2812448
93.53088,95.688,1.951733,1.944711
61.20624,57.203094,0.9053017,1.0724078
34.345936,32.824333,1.8225336,1.7770784
73.92318,77.54408,1.0092394,1.1693774
46.385033,49.441982,1.3626668,1.0826552
62.618954,66.32603,2.1960995,2.227621
48.775913,42.020813,0.7451163,1.6501166
15.6775875,15.722218,2.2091217,1.465979
5.205519,8.797783,1.509996,2.879887
29.308159,6.924839,2.955218,2.598713
38.51809,51.497547,2.1017709,2.2672615
34.261852,37.820568,1.5014775,1.0610232
38.539158,47.081856,1.2924422,1.1190889
76.02588,77.833725,1.0079287,1.0882039
25.420824,27.74209,1.1326537,1.2271824
58.356598,55.60691,2.3590486,2.326376
68.2546,67.17283,2.4427414,2.4055636
74.83745,76.07856,2.754913,2.7631364
8.286895,6.963379,2.7809784,2.6125364
3.7241294,4.139328,1.8977762,1.7054193
79.15575,69.69452,2.380834,2.4045863
1.8371546,1.6023674,1.6684004,1.88786
62.695347,62.073772,1.767895,1.746508
24.22788,20.185146,0.880563,1.5964859
62.109734,61.879604,2.0323336,2.0798032
8.343552,12.511734,2.532321,2.1922967
93.00886,93.03032,2.0121531,1.9858327
36.99996,36.59591,1.6632588,1.3667421
40.60654,45.283443,1.6815622,1.8428373
67.50016,69.28709,2.4116237,2.4369438
77.765594,73.87748,0.7519963,1.061363
36.364075,30.500628,1.0142096,1.8231443
11.933653,8.09568,2.598529,2.4547565
37.39078,41.06608,1.4797237,1.0424984
27.613153,28.187254,1.2076296,1.1785676
38.088978,38.1874,0.72010314,1.0436001
44.248146,47.35049,1.5849222,1.1395922
39.950356,35.1498,0.61491406,1.0628226
82.461075,81.947754,2.1795607,2.156545
97.19715,95.91435,2.2898412,2.2722342
58.375988,61.439102,0.7992136,1.0260258
13.993321,13.114609,1.0798976,1.4124931
35.773952,34.99123,2.0724673,2.0489187
60.656353,66.162506,1.6099162,1.2212546
47.65493,46.782276,0.8892857,1.0924138
38.50944,35.144848,0.68104446,1.0821378
57.243313,66.72699,2.8279004,2.833475
43.71867,43.262917,1.0625058,1.0568886
90.57717,95.20223,1.3995228,1.2204988
10.212112,5.780987,2.8588727,2.5998816
20.740707,14.2885475,2.338643,2.3178287
51.434814,51.523613,1.6484175,1.7258394
26.026657,24.530712,1.4353158,1.0572021
75.12834,72.90125,0.77838624,1.0141481
89.34211,93.43388,2.8503845,2.8038933
27.856142,28.644197,2.6702666,2.8471823
90.334305,86.74913,1.7809983,1.7322378
95.67089,93.16401,2.854612,2.7855234
75.95204,73.49064,2.335132,2.162345
43.183746,42.320496,1.717397,1.8831357
88.42926,93.06847,1.4375589,1.1885291
28.71701,15.13081,2.3872895,2.0709915
48.2798,63.223434,2.4869168,2.630163
23.402987,16.277363,2.5689428,2.1409695
53.178394,49.80284,0.7999637,1.0515381
50.598305,48.883312,2.9995632,2.9684238
76.825386,76.33142,2.5144129,2.5237443
26.03755,25.759268,1.1633675,1.0575378
33.671158,34.00161,2.008689,1.9761066
34.906128,30.262302,0.8570854,1.0900241
36.977062,35.532204,2.523066,2.5729325
81.72775,80.33811,2.0614402,1.9485905
28.383648,23.683645,2.3856535,2.3024247
96.067345,90.924255,0.8134256,1.1066611
36.784332,42.927906,1.5981699,1.4837434
59.1072,57.320274,2.3507404,2.316723
52.111206,46.986267,0.56842804,1.0359259
93.93563,100.0,1.97534,2.064147
33.825027,40.99654,2.6088586,2.4111192
50.16542,50.637283,2.572749,2.434756
52.00858,51.069294,2.2139187,2.1781647
28.259066,27.477066,1.9527347,1.9160192
49.162525,48.206333,1.8171849,1.7679181
19.39035,7.294464,2.6802657,2.2667284
59.644886,62.80333,2.5448499,2.590215
68.14275,67.40706,1.7865695,1.7100513
98.7006,88.84935,0.51654285,1.0919597
34.503845,33.774796,1.9354607,1.9232947
8.414109,6.1599884,1.1668282,1.5067172
88.78377,88.72403,2.8833077,2.8961196
58.210293,64.19051,1.5441293,1.0902839
21.59033,24.84162,1.1479884,1.1214993
2.2432647,6.529892,0.90891397,1.8870122
80.30482,86.66697,2.726342,2.7955418
50.45457,50.33022,2.225786,2.200846
53.71706,53.627888,1.8947122,1.8992438
38.490185,42.94126,1.477911,1.0667579
96.967735,95.66899,2.657995,2.6189537
32.426556,34.982048,2.5851288,2.585227
6.9253316,6.2339783,2.5462346,2.538382
79.37277,86.37953,1.3330452,1.0340211
20.426733,11.339363,2.234693,1.5417893
55.366554,62.69465,1.5884298,1.012512
96.57844,97.951416,2.1691506,2.1908252
52.02291,54.193073,2.4178386,2.4680283
37.335632,27.730247,0.5134521,1.1608324
82.77681,75.04725,0.7931806,1.5093309
46.929203,47.46887,1.690739,1.5892568
30.925356,20.741693,0.69307464,1.8235518
72.03101,66.64771,0.5707011,1.0280633
5.2176313,4.4694557,1.4391282,1.4664392
29.11625,29.921501,1.300087,1.1045709
51.22667,53.822933,1.2400835,1.0882457
58.417015,59.46109,2.8674662,2.87735
5.5031557,3.9885483,2.7978356,1.6092442
38.76587,37.990475,1.0861666,1.1325591
6.15529,6.344948,2.0892015,1.8787922
52.70901,51.038696,2.3338325,2.350251
20.484766,18.699156,0.8079397,1.8558558
62.684772,67.22537,2.4514518,2.4460442
98.31456,97.67923,2.0999608,2.08624
20.945284,13.545959,2.293801,2.0336225
80.99315,83.41641,1.0216664,1.0194478
24.164385,29.297836,1.9998653,2.1270778
89.55945,90.0163,2.4251802,2.4199667
87.00242,85.14058,2.3007033,2.2643876
44.999123,43.66307,2.4919195,2.5188637
74.8679,73.994385,0.8616286,1.0256858
24.884502,18.796463,2.9931674,2.911801
88.47643,96.9771,2.5305686,2.604899
97.415085,87.57341,0.66994447,1.0809691
59.218567,60.020214,1.7387571,1.5930303
6.703179,11.4073715,1.478013,2.6220028
36.30972,37.767162,2.0910714,2.1736214
59.225838,63.22418,2.5403106,2.5557942
68.53869,76.21463,1.3872166,1.0128303
46.49831,48.23573,1.0998296,1.55789
72.45574,77.68259,2.4706223,2.55641
52.741035,51.936954,2.973074,2.9437716
32.78648,28.710146,0.6062138,1.1375914
17.546505,19.720026,0.99635816,1.6187876
63.85764,65.93441,2.1541271,2.1788561
47.243805,46.6966,0.8177818,1.0262723
96.81376,98.15349,2.8207765,2.9007773
82.62392,76.705536,0.562104,1.0111377
55.471573,59.187866,1.444604,1.1258547
60.335957,59.746265,2.3326273,2.352492
12.588402,14.58773,0.93734,1.4005418
95.11849,95.81845,1.2995864,1.3036647
26.381773,23.462456,0.6585869,1.0648539
66.0785,71.91778,1.4665474,1.1656467
32.59821,31.54971,1.8653992,1.8114797
69.55662,59.650536,2.8873563,2.7743745
98.820404,98.74462,2.0071564,2.122289
29.712421,33.202934,1.6448659,1.4050491
53.54651,51.493366,1.1298165,1.0993903
8.178846,6.1199303,0.8748554,1.2211215
22.27175,23.619167,0.56035435,1.0496178
68.19949,72.20504,2.0977957,2.1670513
44.114384,42.42677,2.6422856,2.6184785
46.47434,44.061096,1.1803765,1.030987
74.87736,78.50827,0.74346906,1.0321989
41.615803,41.953472,1.1638494,1.063611
87.66,84.63748,0.7048812,1.2282836
47.45189,49.259087,1.8990166,1.9790299
78.58015,87.21759,1.8816004,2.1395957
27.070597,31.247635,1.4815332,1.0398067
40.25806,40.993614,1.0209734,1.1086833
37.710438,34.38947,1.1838708,1.0339768
67.34343,71.832085,2.614784,2.6389484
50.99246,44.509815,0.6101431,1.0336931
41.97346,47.602608,1.5207381,1.0948967
44.74251,38.287712,0.5902018,1.4375149
39.720737,31.738783,2.7663853,2.6208038
99.20275,97.64197,1.593609,1.5861179
75.54347,69.89297,0.5265248,1.0112166
93.18582,91.3434,0.9794977,1.1385603
99.51774,97.60869,1.6413928,1.6627214
24.374401,24.176653,1.2392294,1.0668743
94.294106,88.368965,0.74527675,1.061767
91.08244,91.22479,2.1051745,2.0885727
18.047123,4.822014,2.4462457,2.1888072
2.6172326,10.663837,2.2642863,1.5303954
68.16504,68.78767,2.3727777,2.3741531
71.36635,72.44557,1.833993,1.8249505
81.16551,87.1891,1.3516741,1.0453492
7.903878,5.8321114,2.2610583,2.1412792
28.855284,25.388954,0.5574918,1.0890102
69.92875,74.01906,1.1298925,1.009917
31.826159,30.699724,2.1079936,1.9890347
28.613031,29.421083,1.3830566,1.0840627
39.95124,40.506,2.4548862,2.6926022
30.355482,30.025187,0.747811,1.4424462
65.32369,71.24263,0.9501496,1.0075693
62.00884,42.832413,2.8149407,2.4880705
41.63405,37.489105,2.327615,2.2104049
94.773476,86.46681,0.51656544,1.0529575
58.87709,62.661083,1.1465197,1.1938329
30.29196,29.681969,1.04479,1.3506192
22.309855,29.04252,1.2963367,2.1670775
97.71656,93.776184,1.165723,1.6168698
6.603092,7.5362587,2.3790207,2.3333383
41.643177,44.21842,1.8959291,2.0156722
70.34228,72.05225,2.0557256,2.053482
68.059006,68.51319,0.794749,0.9850511
68.533844,79.69948,1.1993737,1.0041018
71.85255,70.467224,2.8689446,2.8411407
45.767975,45.347927,2.1485264,2.1300747
52.291325,53.573635,2.466739,2.473695
25.350079,26.22802,1.8759084,1.8401926
10.365389,10.416969,0.93425435,1.1968992
18.803705,14.554832,0.874827,1.4483213
39.42256,40.969196,2.6316051,2.6904223
0.9741359,10.371464,2.3540769,1.7245727
46.17391,43.12687,0.74957186,1.05651
38.62652,38.108475,1.8498797,1.8427424
96.326225,98.57887,1.8966777,1.9332439
97.262344,94.55849,1.1167018,1.2235184
53.026585,47.29353,0.7280548,1.0301342
24.672886,23.979073,1.6653005,1.3345801
11.7563305,12.071903,1.3596348,1.1595573
15.573154,13.879093,2.7617526,2.2866588
87.66976,85.21025,2.2516847,2.2520852
70.99417,72.468666,2.3560638,2.3765852
56.90894,53.828957,2.2817304,2.201454
37.842434,39.362476,1.454893,1.5785058
62.656178,60.720238,0.8749118,1.0239277
75.884,79.05017,0.80119693,1.0161129
50.966904,48.39428,1.8209461,1.7625169
29.005539,26.54741,0.80247694,1.0795624
58.826595,60.717636,1.1918015,1.0717486
38.154247,42.383778,1.9847193,2.2580557
42.868557,41.403225,0.95876324,1.1172459
83.46886,82.7747,1.8617985,1.8983663
43.104313,46.89851,2.5671875,2.6114397
27.490107,25.376625,2.9685893,2.9293602
95.33139,95.87714,1.6078006,1.6271405
22.87692,21.126986,2.5696175,2.5707908
27.540064,21.527596,2.7656035,2.1327615
2.8796146,10.005444,0.5215307,1.160048
70.97046,76.16085,1.2936012,1.1683967
74.480606,76.094185,2.21035,2.228321
61.953484,63.809044,1.1211456,1.025548
44.61279,44.004765,2.8622072,2.8610063
22.2227,20.340466,2.3000755,2.2787142
67.664734,63.74721,1.0419449,1.2667217
61.66714,61.340622,1.802711,1.8013725
45.12776,46.142475,2.5957673,2.5908782
1.5873947,7.946636,2.142707,1.3124537
51.209244,51.88243,2.0160315,1.990681
77.533134,77.42293,1.9582276,1.930731
25.798187,29.41969,2.277576,2.3367698
22.283037,19.059969,0.8845389,1.1822398
73.70649,86.78624,1.4775993,1.1164632
40.29,41.260918,2.3343546,2.4261696
55.05763,49.423397,2.2324226,2.0833497
43.72401,44.163803,1.9372871,1.9553556
30.29413,24.89803,1.6952173,1.0608959
97.08813,94.114,2.758419,2.6990383
52.47212,56.812256,1.3798307,1.043999
7.327099,7.106308,1.604286,1.474462
53.537884,63.22543,2.3835242,2.4669423
57.130283,53.64649,2.3716338,2.327678
52.57364,54.57622,2.740697,2.7697685
16.05448,17.154701,2.0053837,1.5812464
18.83837,12.235973,0.70194376,1.2950735
90.906715,95.4867,1.8711067,1.9350562
8.806285,7.701126,2.1766417,2.031362
57.219784,71.13545,2.7852917,2.9464798
32.07741,27.520878,2.9477816,2.8982472
88.046524,84.906136,0.8366744,1.053374
30.623455,29.559425,2.6732023,2.712784
70.72433,74.00634,2.2025294,2.2406082
18.552696,13.875778,1.3028198,1.3264017
62.754887,54.718765,2.7047956,2.49876
44.918762,38.06739,2.9382782,2.6740708
69.31611,74.44093,1.3256664,1.037216
29.159918,28.385044,2.7105792,2.6510272
6.983333,6.8376503,2.799016,2.8540225
18.88496,18.111973,2.0117059,1.9873391
88.886635,89.87698,2.7032077,2.7037294
38.763477,38.68884,1.8726505,1.8538305
59.875954,47.96609,2.87375,2.6095338
88.050575,88.33534,0.92184484,1.419085
23.754711,22.402088,2.2546942,2.22962
57.65369,56.891594,2.6739616,2.513172
15.954798,14.097618,1.753495,1.4468901
46.97886,39.76511,2.1610222,2.0601687
8.735555,9.410969,1.5333576,1.3381412
5.080925,8.191414,1.7269158,2.5828104
15.871935,19.610592,2.5114455,2.4050257
91.070984,96.21877,1.3769517,1.4080799
42.43203,42.78034,1.157778,1.1435082
95.094795,94.83916,1.0734155,1.2956107
50.26607,45.355625,0.6640488,1.0578858
94.25211,96.10164,2.9176283,2.9085717
23.641605,20.851568,0.87722427,1.1290339
69.99213,71.36127,2.0762658,2.0883482
57.78361,66.0701,1.5246825,1.0237436
0.97454816,5.122978,1.590762,2.353856
84.432945,85.831314,2.570157,2.5713682
29.103191,28.138042,2.0621984,2.0308099
77.19443,77.27373,0.71855897,1.0331812
97.58676,97.185394,2.3237748,2.3352761
61.663494,53.062824,0.5233331,1.018353
79.91689,74.41688,0.56518596,1.0757127
37.94462,36.115326,2.2669106,2.1420078
61.9341,63.56826,2.6720684,2.6428885
47.456745,36.974907,2.9989564,2.7961187
12.865161,11.432468,2.208395,2.2001362
74.05194,71.57295,0.682361,1.020017
28.28109,35.975315,1.8203398,2.247276
68.53914,78.63665,1.5971252,1.7464739
96.78946,97.52502,2.5627022,2.5594902
78.61625,79.88246,2.5069954,2.4579492
77.35769,74.567184,2.9392283,2.9072857
24.641142,26.391117,1.4631276,1.0603368
19.384804,15.364861,0.66009766,1.2258662
5.241242,4.4679527,1.7457379,1.3367115
47.18806,45.311737,2.5355825,2.5039296
41.237015,33.2097,2.9672112,2.7962456
46.101994,58.264755,2.8731554,2.9499226
78.6791,78.21561,2.333648,2.3243742
76.87101,84.1846,2.2199929,2.2568092
81.54614,75.055786,2.3514922,2.2898583
51.111237,54.890453,1.6025087,1.040416
74.4191,76.825676,0.6306686,0.9904304
36.552814,33.75128,0.84245676,1.5326867
95.62782,95.198235,1.2005917,1.5319124
39.12943,45.142357,1.5221188,1.130062
32.32867,37.132225,2.8573034,2.832181
52.79662,49.388725,0.6087362,1.9039909
16.931269,16.002777,2.0085082,1.9923493
96.640274,93.32535,1.0300851,1.3155538
36.312695,36.79989,2.1584613,2.2407944
3.1841326,1.6287498,2.625212,1.4435089
43.349274,43.139244,2.229645,2.2170355
12.188873,11.931816,1.5546374,1.4351976
62.105843,71.5047,2.666422,2.8138914
29.762411,31.581312,2.2315423,2.3468442
76.37405,78.04461,2.4070263,2.4309733
74.87598,79.59668,1.0503222,1.2160531
89.32747,92.27365,2.0442963,1.8086387
93.97203,94.7737,1.2625248,1.2337584
87.31791,88.84784,1.7245648,1.7248126
6.5127497,9.481838,2.4446087,1.6452005
63.114063,61.837856,2.6470008,2.6130972
15.18327,13.913048,1.1350495,1.1706129
95.60236,95.667816,2.693259,2.6792316
9.462558,9.835396,2.909852,2.472421
61.061172,61.18402,2.1414428,2.1275082
75.37202,79.35964,0.9675176,0.99766904
37.530567,37.119442,1.8829241,1.8890162
97.77693,87.721756,0.5063406,1.0897337
75.44339,82.11113,1.2194048,1.0256033
11.764632,8.547012,2.9679453,2.451231
32.947243,33.470387,2.533339,2.5466814
50.195786,56.952644,1.4509587,1.02089
4.065638,3.406437,1.3134408,1.6176968
33.633068,33.768913,2.6730742,2.6435752
57.572628,56.748695,2.2219002,2.1472468
7.246673,6.9784317,1.8244356,1.8134441
80.16589,87.37583,2.1151912,2.180094
61.72158,71.09813,2.566202,2.6495776
9.772015,25.107927,2.1059592,2.8429122
2.9646616,4.7009964,2.7611156,2.3803265
80.7294,85.74973,1.448356,1.0660765
69.12042,71.405396,2.7092736,2.6834235
97.951324,97.47677,1.6039519,1.6361943
7.7091618,8.654682,2.9054713,1.6208243
97.173256,91.25009,0.8552046,1.247543
61.41367,61.910603,1.7488753,1.7599329
53.130802,52.94477,2.9127429,2.9079976
13.43688,17.503498,1.4082415,1.1110954
67.626396,65.401215,2.9318538,2.8834429
58.462105,62.76904,1.1978701,1.0492654
9.00313,5.485199,1.6239936,1.6603091
48.460285,43.146023,2.779442,2.5673213
78.93624,76.15152,0.62043124,0.9851616
42.30856,41.644695,2.2181954,2.1934505
52.02335,56.48879,1.4380422,1.0466751
5.8745174,7.8624916,1.3642437,2.6432972
97.6175,97.0695,2.8844254,2.9520836
95.260544,88.532745,0.65961015,1.0847142
2.9029229,6.4552155,2.7571855,2.3087692
96.77086,88.229355,0.7408906,1.0843798
91.8262,95.34674,2.421637,2.4935992
63.044914,76.64095,1.0769993,1.7531675
8.823259,8.990227,2.7383265,2.1550012
3.430249,5.267357,0.66218287,2.2074082
79.19453,88.33285,1.466244,1.0810931
26.558277,29.642248,1.6939244,2.0939574
94.2465,95.63635,2.5758252,2.6608481
12.551992,12.479153,1.0168324,1.9704474
27.24119,29.05469,1.3739815,1.0709562
29.724138,30.793377,2.5296881,2.540551
86.93183,87.47671,2.951487,2.8840184
68.81219,74.40878,1.2430031,0.98542917
86.52046,86.4361,2.3699064,2.349758
78.03125,80.96931,2.9521618,2.94877
10.155363,11.485645,2.5381906,2.7853327
52.76365,52.755863,1.0654483,1.0504346
91.58848,90.2702,2.8977478,2.8357863
16.891418,17.77602,1.9141643,1.5841267
75.44731,76.57974,2.601003,2.591451
87.21185,74.236435,2.5893939,2.3458264
21.73302,20.331991,2.130023,2.1008105
57.60278,53.223667,2.4345253,2.4584002
16.59537,17.571266,1.2059324,1.0864589
81.86527,83.4117,2.0255816,2.0203166
28.846493,26.129633,0.701663,1.1201806
74.50997,73.122894,0.97193444,1.3130013
62.50782,57.8229,0.8421988,1.1243618
37.236492,37.631172,2.6052027,2.468288
19.329378,17.744213,2.649622,2.7198873
18.939743,22.37893,1.4648902,1.2042265
41.30555,44.068283,1.5802574,1.1472067
15.611217,15.644878,2.2990222,2.112406
80.845535,81.64951,2.2253554,2.2216563
11.640739,8.428555,2.1050088,1.7757109
32.666893,33.33351,0.74458325,1.0374947
17.364885,15.774948,0.99067634,1.8696737
48.751568,35.970898,2.9339426,2.5865173
32.318886,34.93151,1.473352,1.0701585
54.920918,53.651947,1.9285731,1.9199798
83.68359,83.70073,1.8575072,1.8487257
28.768908,28.34738,1.7493145,1.1592381
66.63249,67.11057,1.9781393,1.9845549
50.588657,54.497818,1.4904283,1.0170311
80.76849,78.27327,0.74710894,1.0043335
13.394176,12.468426,1.0621657,1.1562144
95.45542,96.492004,2.4235134,2.494913
49.320107,43.88903,0.73724705,1.053314
46.995216,53.567314,1.7994576,1.7571442
93.95057,93.418045,2.0113804,2.0101202
93.06787,94.13321,1.8780825,1.8881835
97.30396,97.54399,1.5577445,1.4682168
91.763145,94.24928,2.9728785,2.9372747
1.5792835,4.528919,2.8816006,2.7785394
73.52898,76.06273,1.8275462,1.7291658
15.970436,16.385582,1.3872132,1.0850458
27.627756,31.023289,2.158117,2.1060367
55.667015,62.82096,1.5308362,1.0411762
56.994167,53.757824,0.65760416,1.0391438
39.73996,40.591644,2.7708645,2.7773094
72.37234,71.8027,0.98846936,1.0874943
73.070816,70.90289,0.97271025,1.0819616
37.06941,33.893272,2.860908,2.7201457
3.565259,3.334221,2.1035826,2.4654722
40.950523,40.053967,2.40934,2.3947144
73.793396,74.00301,2.7385647,2.70443
12.557083,13.415852,0.59993035,1.5443115
23.020271,20.855558,0.82756853,1.4351869
32.932423,32.31762,2.596225,2.6142952
39.75404,35.819305,1.1100944,1.0523313
40.515896,43.886833,1.5675424,1.0818725
27.506788,28.529222,1.0723085,1.0989093
59.692486,66.16559,1.232202,1.0878041
63.33271,65.95115,1.2086102,1.0115526
29.70102,29.484653,1.8118827,1.7843666
2.0242026,3.5745888,1.6026458,2.5469255
76.66409,81.833595,1.2564666,1.0494416
21.235273,24.222214,1.2400867,1.2019966
90.81249,92.701706,2.4711568,2.5050244
14.746492,10.807148,0.65212893,1.2786558
1.9715551,4.6726227,2.388705,2.614727
65.105354,60.28487,0.6597223,1.0257318
33.21403,29.257921,2.867725,2.6315022
25.38306,24.332556,0.91717577,1.1162258
89.342735,87.12938,2.0330348,2.0756216
69.047935,69.24884,1.8621765,1.7432232
7.9102798,9.68317,2.9766955,1.310329
92.9528,93.414566,2.323219,2.3098311
4.058005,5.563263,2.5457838,2.386104
33.154137,34.605885,1.1919551,1.5394051
54.980495,49.54695,0.6361702,1.0591166
41.80635,37.606216,2.1388028,2.0584853
20.411787,19.455624,2.297999,2.4860861
74.37828,74.346085,2.2459428,2.2478144
21.492157,17.53075,2.4121633,2.5743716
83.90256,87.846214,1.8296516,1.8253605
1.9563389,2.8454285,2.9537444,2.279025
90.40019,85.195595,0.52108884,1.0395123
8.919334,19.997904,1.341945,2.500893
88.5893,90.85499,1.161538,1.1272752
33.091167,35.905983,1.6387086,1.5517925
81.805565,83.2453,0.59236956,1.008337
68.831604,75.13318,1.269123,1.0134845
3.4275756,13.532295,2.3491442,1.2240961
67.90068,71.32754,0.7780577,1.0224535
95.51974,91.42863,1.0434613,1.3071474
67.079025,73.44585,1.3770092,1.2052515
22.691633,18.403198,2.6632695,2.7244117
0.36782685,5.5995293,2.0990105,2.6824217
95.31309,94.63463,2.808054,2.69817
62.3246,69.78558,1.5218024,0.9950168
24.135029,24.023746,1.2403092,1.1422262
14.43822,11.746094,1.1661606,2.455831
44.468857,50.580517,1.9018234,2.0540426
66.94915,67.95439,1.0201334,0.98973215
51.301197,48.97691,2.642312,2.3855195
50.43,62.842964,1.3159608,0.9761806
82.27561,84.37707,2.609971,2.6162238
26.771624,17.77695,0.9313093,1.5411519
78.200676,81.20445,1.8556639,1.837679
71.64329,76.549225,1.2409528,1.054274
22.58525,23.314968,2.0303795,2.082628
56.185226,57.13285,0.6353858,0.9998085
32.415054,35.989952,1.4217412,1.5720918
21.786722,16.103577,2.811965,2.5425844
96.580864,96.92798,2.033663,2.047886
20.818228,15.324032,2.718548,2.4367971
37.818634,37.086967,2.7142305,2.6793065
6.5235567,3.1673431,1.4300879,2.3611126
88.56952,86.11061,0.8395233,1.0435451
36.533913,40.971493,1.4648887,1.0624884
53.678425,53.518394,2.9744635,2.9491565
77.1086,78.266556,1.0049647,1.0216461
80.152885,87.326904,1.754631,1.8389761
68.721466,71.14628,1.9708095,2.005221
5.91091,9.304592,1.2400829,2.6649113
81.37881,78.98131,0.7044137,1.0187662
86.33456,82.87154,2.6871204,2.6294951
88.704475,89.092224,1.8515123,1.8547485
1.0851446,2.5541763,2.3107023,2.7337499
4.277285,7.3651657,1.5402583,2.4548585
0.69518757,8.4030075,2.2362926,1.468329
77.24643,77.81798,0.7706771,1.0005662
70.79766,72.04535,1.9548442,1.9526147
27.708715,34.889755,2.6841228,2.645595
54.814644,61.588062,1.4470465,0.99926746
74.41332,73.053314,1.8249158,1.8197312
50.297623,46.045612,2.8986812,2.8204074
68.92438,63.596886,0.61540675,1.0221856
26.75818,28.483042,1.577977,1.146528
69.10338,69.07939,1.7695942,1.764988
0.39548647,5.8059807,2.0355725,1.960793
21.216434,20.834633,1.7109656,1.3790983
71.94183,71.406906,0.9575343,1.0198671
29.81387,23.246428,0.59067523,1.0601666
70.39623,67.98063,2.1183424,2.0676732
48.04932,44.09607,0.8445977,1.1555429
30.64886,31.417618,1.3183312,1.0700732
44.151176,42.07065,2.393134,2.2822034
47.12118,48.051426,0.903789,1.3157299
33.588036,35.19615,1.7105088,1.5616513
62.43682,79.42297,2.377895,2.515839
66.65903,54.48964,2.8600054,2.8134396
95.198364,96.74513,1.4417573,1.3664827
35.926983,30.751575,2.645362,2.425415
15.97396,13.65226,2.4190001,2.2657793
40.407364,35.729477,0.96959746,1.0861754
78.80871,71.52022,0.53500634,1.0722756
93.343475,92.68869,1.0853152,1.1851034
64.716255,71.50932,1.5679181,1.0214157
94.98543,94.0543,1.1493335,1.2459651
16.975891,16.046146,2.5135398,2.3967674
48.04997,50.59768,1.527602,1.040116
15.069771,19.063286,1.44124,1.7380457
73.61075,74.48675,1.7569861,1.7371055
8.699773,8.178261,1.5809408,1.8506286
44.11267,46.666042,1.6331494,1.3679278
91.81987,93.15155,1.7352312,1.7453572
76.69139,79.62523,1.758575,1.6677272
83.79438,85.48407,1.010005,1.0355691
38.525444,43.61358,1.7424138,1.825471
23.662046,11.825249,2.6326919,2.5101533
72.03942,65.243355,0.5731463,1.0078231
5.43547,10.922134,2.6314988,2.6304035
48.510387,46.20054,1.7030367,1.5690643
63.474346,64.44435,2.619447,2.5798385
43.685555,43.894333,2.2418826,2.2354288
1.7633326,5.3504715,2.868976,1.5829499
40.621918,41.997097,1.8154991,1.9194188
55.058666,55.10549,1.4682106,1.2081635
63.615414,65.898544,1.0975754,1.0293405
59.847137,60.329823,2.841726,2.8304553
85.33096,89.22493,1.3563293,1.0972781
20.138096,19.390108,0.7242715,1.3391043
32.75472,32.11545,1.4334375,1.307374
61.881268,72.08018,1.2045858,1.0283269
68.874435,71.00019,2.7738721,2.7632465
53.43062,52.106953,1.7667977,1.016125
81.9178,84.10995,1.0373242,1.0376339
86.12565,82.52725,2.6638427,2.5688632
34.95593,37.798416,1.5392579,1.0687199
30.52874,27.847307,0.6455143,1.0919354
34.31089,29.878603,0.54124177,1.5615622
28.082275,30.320147,1.2848595,1.0554785
50.6352,51.310814,1.9441838,1.9608709
46.489273,38.66357,0.57125044,1.0507177
54.148163,60.50822,1.5409406,1.0130522
13.882989,12.289406,0.68887085,1.1028936
34.63966,35.225063,1.2012421,1.4959345
23.431477,15.937061,2.5752761,2.095416
75.55969,89.83812,1.4738039,1.1235421
97.09062,95.801544,1.147562,1.2851958
1.3347887,10.622883,0.8674747,2.3625822
59.208424,52.906136,0.56148267,1.0514255
55.532017,48.746464,0.53252494,1.1137629
29.95993,31.21514,1.3594985,1.0741868
95.372765,97.382095,1.5545096,1.4672982
96.45119,97.48186,1.445928,1.5261074
87.11562,93.995026,1.4677739,1.2163615
27.39369,26.301945,1.961128,1.9065932
13.992915,14.839329,0.9903721,1.0802829
86.87784,87.63706,2.8325567,2.8336377
34.16502,26.90405,2.9268486,2.882883
27.000875,25.178047,2.4588356,2.115354
31.222616,30.174957,2.51203,2.547943
79.56613,85.106995,2.9198086,2.960212
90.69114,91.245285,1.186281,1.1074321
17.228027,6.847908,2.8131828,1.9300176
56.098858,56.611416,0.8832237,1.1751897
46.31,44.554184,1.84983,1.8099701
14.837238,13.975349,0.94522476,1.1087008
13.717154,10.340614,2.5943615,2.328437
26.434803,33.5727,1.782995,1.9693735
21.547577,24.488249,1.2830437,1.4183397
64.30271,63.287994,1.7678806,1.6595778
70.51349,84.07644,1.5326909,1.0707458
57.099483,57.987892,2.1424797,2.201898
84.7546,83.28319,0.79918694,1.0216422
60.261387,62.85899,1.8801924,1.9049228
30.184368,25.40847,2.2305298,1.9862995
24.394796,27.17863,2.0409083,1.9166577
76.81731,70.395294,0.6259098,1.0129883
43.178165,40.155514,2.9958766,2.8183427
23.132402,22.113333,0.96814513,1.0761082
1.0835848,7.5597115,1.6988133,2.5221062
83.71184,88.04944,1.9529757,2.036709
8.601611,7.2707787,2.7886267,1.8364912
29.873255,31.612047,1.5885652,1.1620214
61.966496,63.30402,1.9300551,1.9230367
97.0513,95.43873,1.4311174,1.3238264
36.900475,30.190577,0.6152977,1.0350707
39.822,50.012127,2.4495032,2.6411898
87.83222,88.958954,2.360681,2.3509536
96.93742,89.4315,2.849333,2.8091655
81.20628,86.87068,1.4462181,1.1528232
29.61822,33.845573,1.7266351,1.9053637
10.731944,9.503998,2.1734452,2.2407002
40.789837,46.124428,2.3286192,2.5953286
12.7070465,19.691135,2.0066512,2.605865
25.824877,28.837393,1.2156302,1.1331775
39.542366,43.865837,2.0584118,2.0675914
8.275699,6.814869,2.089552,2.4323096
80.63539,75.97714,0.68192965,1.0295022
16.113388,17.757858,1.3864236,1.0846229
89.71114,87.745636,2.856739,2.8411036
70.87528,79.812065,1.547111,1.4776257
21.06632,17.126701,0.63365847,1.2629259
42.70686,40.678196,2.447092,2.4001958
99.212204,95.70262,1.1055324,1.307381
11.698641,10.174866,0.56604236,1.1209912
40.641815,37.771805,0.84863216,1.1942115
47.999268,49.627693,2.6164274,2.6106434
63.465736,64.950554,0.9982838,1.0157748
72.76245,76.584206,2.4648526,2.4408023
78.35223,79.883804,1.0369738,1.1084771
90.77727,93.420135,2.5323982,2.548287
59.710865,62.302727,1.9635504,1.8045992
8.400495,5.3450203,0.52855,1.8067054
55.611088,54.92209,1.0078868,1.0385705
29.315907,28.186892,1.7313814,1.7248772
60.968422,61.208836,1.9107511,1.9235524
42.20649,40.478737,0.9259362,1.0546873
11.90282,9.765186,2.5053372,2.3348434
78.02373,71.47386,0.5433274,1.1204772
36.768513,37.010773,0.51509476,1.0438997
52.361755,61.84775,2.2536247,2.2424788
90.16558,90.581375,1.7521303,1.7587473
84.35989,81.91927,2.0088475,2.0232177
20.884274,20.434025,1.0831119,1.0965027
35.893406,36.5959,2.2243304,2.4010458
24.311565,17.379105,2.634682,2.549288
11.543147,7.409481,0.5368323,1.5439585
39.4527,35.88692,2.9797857,2.9349127
97.752625,88.08551,0.57754683,1.0624211
19.120314,18.366789,1.8010557,1.6985384
3.1423416,8.365688,0.64206064,1.258016
97.04264,90.41624,0.66608393,1.0877621
54.909542,62.73059,1.5869504,1.0355982
84.76962,84.04225,1.0260571,1.0542355
56.102192,55.89439,2.2507207,2.165218
16.263672,11.508083,2.3674045,2.126879
85.27422,86.174835,1.9716446,1.9712315
98.83058,91.12799,0.70697266,1.1911962
28.322575,20.95635,2.8457367,2.8129764
34.527637,25.805225,0.53301895,1.4206667
12.143766,6.3107147,2.9835112,2.5122802
96.98668,96.645935,2.6471276,2.6754649
37.492958,39.48661,1.6410532,1.2296054
14.456436,27.551329,1.5128258,2.7620573
24.975965,22.012897,1.7069916,1.3985128
1.9298271,5.1317368,2.0616665,2.2562547
54.066998,54.588837,2.8661952,2.8751051
16.583729,14.821091,0.7038985,1.1435206
70.89599,67.77414,0.67934644,1.020292
20.934658,36.02214,2.462086,2.737497
77.21692,73.85304,0.8012075,1.0553257
40.833538,38.907978,2.478242,2.437307
38.392883,37.760963,1.0777196,1.0621765
65.666794,66.97367,1.0278752,1.0068771
69.38846,70.66377,2.8398364,2.8789392
46.99036,46.49926,2.4471505,2.4430609
17.78959,16.863537,0.9164296,1.089544
68.39773,71.63133,2.078069,2.0359845
45.423687,57.68341,1.8342474,2.2774193
32.644108,35.456337,2.2021456,2.301627
50.334946,50.867752,1.0763488,1.0349522
59.19086,62.93005,0.72928923,1.0166701
88.95144,88.91028,2.7745533,2.7139266
44.385654,45.59219,2.2056966,2.1692755
76.89676,74.209755,1.0323246,1.1435838
95.533455,98.63405,2.1915908,2.197476
27.771173,24.806576,2.4602811,2.4407325
52.97345,53.37561,1.5504159,1.3860472
25.2294,24.183825,1.0587728,1.0781361
7.0411744,7.1425743,0.85490435,1.251293
71.3568,71.2974,2.3891046,2.464522
43.709637,43.143303,0.935848,1.0571969
40.15518,48.19174,1.243655,1.0288086
19.08576,17.746273,2.069417,2.0003095
33.78909,31.921545,2.877987,2.8783627
53.120502,43.007107,0.64192015,1.0950508
10.620315,8.567299,2.8184762,2.6425278
13.319463,9.895493,2.8324313,2.6739523
3.777602,7.0536346,1.6748358,1.6187506
12.625633,9.715775,2.3792467,2.3481426
27.583544,28.014925,2.001311,2.074885
57.5893,50.543938,2.493238,2.395174
61.427155,61.294678,2.146024,2.115649
50.017742,49.616478,2.3116496,2.3094532
61.95484,70.721,1.5269241,1.4780586
92.986275,96.474396,1.4878198,1.3340476
37.137886,43.110874,2.9533265,2.8435688
9.418274,5.952091,2.2956545,2.3103042
52.9483,54.598824,1.1731414,1.0587629
46.13304,42.3671,0.5452957,1.092629
80.305695,85.9792,1.2588332,1.0674102
14.84661,12.951965,0.9235984,1.7423782
5.0313444,7.276478,1.8093197,1.641926
73.55169,79.65348,2.7583053,2.828166
17.436491,12.201839,1.5969987,1.2898328
81.20013,81.20553,1.3565743,1.4814712
8.399951,8.344299,2.3503673,2.2234416
8.416268,21.448338,2.1938436,2.4243066
11.399679,8.756596,0.5455359,1.2880154
57.849125,62.868183,1.5746092,1.2082901
64.24004,64.49112,1.7991233,1.8030121
56.62547,59.484478,2.4263096,2.4065728
87.45582,89.73103,1.3176403,1.0983715
58.1602,57.646328,2.6011536,2.5420036
93.92845,95.344604,2.0239015,2.0198486
33.965775,34.13816,1.9613633,1.9277942
95.36115,92.864746,1.0190284,1.2705667
45.00695,42.00904,2.723188,2.7366748
97.93615,96.111115,1.9437659,1.8980569
93.48159,92.720604,2.903877,2.8552485
53.311726,52.191605,1.0514833,1.1193287
66.47389,62.84237,0.55545676,1.055191
83.68203,82.43411,2.5459182,2.5210505
12.833166,11.973301,1.7124542,1.8934425
47.886772,53.288372,1.2330695,1.0978042
91.02332,91.1014,1.8628346,1.858918
68.4174,61.35269,0.84952444,1.2730312
52.19008,49.756367,2.791174,2.7823489
18.060183,26.825247,0.5638618,2.4994159
48.71184,50.062206,2.8386977,2.868084
49.948498,50.019096,2.30135,2.2854004
55.895245,53.65707,2.2043037,2.0940022
67.65689,67.14585,2.280654,2.262143
37.25024,40.560097,1.6040063,1.0500593
36.256504,36.056473,1.2128013,1.0947037
13.243338,11.936676,1.9191802,1.6971009
14.086373,17.008091,2.5058293,2.6150262
82.77818,89.047195,1.880105,1.9123878
9.897409,4.9154816,2.716188,2.332357
77.19229,81.504974,1.9596596,2.0681646
14.800016,15.486538,2.010253,2.3093688
43.29207,45.414463,1.8913313,1.8892052
22.216738,23.992754,1.1488291,1.1103168
61.770084,60.98555,2.4471917,2.320031
38.84628,34.479015,1.659519,1.6604637
1.1545373,11.304222,1.2150651,1.9804554
97.15388,96.7388,2.0551968,2.014337
41.034126,41.17923,1.7025263,1.5556352
66.15278,75.5501,1.4868934,1.0298302
98.14394,93.1838,2.3064997,2.2765281
40.095654,36.688156,0.75772107,1.0674038
90.39136,83.600395,0.58864456,1.0183179
64.76475,69.75896,2.4628787,2.607677
97.13243,91.08522,2.9288206,2.8448691
92.26358,89.95732,2.229174,2.1935952
19.435726,11.187702,2.589218,1.9629999
11.249984,8.221874,0.629449,1.5377773
66.58465,73.15792,1.1407813,1.0097773
97.13169,96.78551,1.2847414,1.5278025
21.793108,21.66863,1.800031,1.2398244
67.339485,76.92747,1.6652411,1.0242237
83.03871,84.21478,0.9330619,1.0380048
32.203087,12.828533,2.9941144,2.4586384
81.5974,90.79045,1.9684168,2.006463
94.900024,95.730194,2.1448202,2.1440213
20.812279,18.097244,0.8309451,1.2566868
27.540367,29.343401,2.2693038,1.9065014
30.063189,24.110764,0.8129656,1.3431393
23.330078,20.107971,0.63213986,1.2105465
11.205028,17.18658,2.485645,2.569615
64.570786,69.05204,1.5871698,1.2132385
34.24057,34.65722,2.327076,2.0622163
31.934217,34.90506,1.3256106,1.7342165
31.325495,29.064114,2.0011704,2.036892
3.2789872,11.621693,1.6281713,1.1369452
95.15568,93.87422,1.8679453,1.8471444
86.697784,85.498314,1.7805933,1.7667632
61.33867,64.02226,2.7385437,2.7329946
1.8560435,9.9226,1.4882195,1.8918657
99.67743,97.58731,2.7760851,2.799408
77.42884,77.47166,2.1306634,2.1407685
22.868557,17.54496,1.9477333,1.91665
66.048874,60.168587,0.6228159,1.0570469
93.02602,89.89484,0.8667859,1.3211336
73.63336,74.85745,0.9674216,0.99995923
81.71727,78.31547,2.4721966,2.4724643
44.104565,35.4412,0.57457376,1.6543126
57.04751,56.805676,1.0612848,1.0577885
29.869312,36.42741,1.2031586,1.1600027
81.21396,86.24463,1.6051902,1.3951669
78.947235,86.60657,1.493914,1.3126113
66.88141,60.80616,0.65234256,1.0054598
63.152424,69.14787,1.4628309,1.2591721
13.072982,15.630428,1.6980225,1.299951
99.72746,100.0,1.9402685,2.0415952
73.5708,85.219864,1.5337008,1.0612576
7.963709,13.867641,1.435316,2.0595412
49.49936,51.83002,2.905839,2.994458
46.412292,54.04919,2.7097259,2.633943
8.214932,7.540661,1.3448378,1.2068484
37.92871,32.99494,2.6076674,2.4440484
13.136806,5.25288,2.9338157,2.2985685
12.845958,11.820721,2.9142978,2.7789092
5.878137,7.6453094,2.1282134,1.6038706
65.704155,71.285225,1.3696809,1.0430796
60.20703,57.823948,0.82537115,1.0209782
94.89808,87.634674,0.64869374,1.0854089
11.763002,13.843609,2.4710476,2.273978
69.918304,79.942245,1.547779,1.0260351
87.40933,90.45198,1.8295074,1.9005368
40.526165,40.677876,1.9809719,1.9824328
49.48197,45.65638,0.76021886,1.0568569
3.6428456,11.435295,2.9031892,1.9775264
46.74629,43.084103,2.0748272,1.942428
96.44788,96.54104,1.2621636,1.3386239
68.83161,69.69862,1.9949144,1.9552687
94.79692,82.12642,0.60082114,1.0428808
33.685944,33.585228,1.2127088,1.6164633
27.028717,22.70045,0.52426755,1.125514
55.897602,57.60027,2.4239824,2.45446
55.797348,56.59706,2.655045,2.6660178
28.602161,28.283499,2.42813,2.4644184
21.298027,19.186323,1.0774996,1.251365
43.743176,40.413666,0.77249086,1.0283998
24.816355,18.244106,2.9056633,2.6527662
50.551014,53.145435,1.0208979,1.0729239
37.87888,40.965565,1.2755045,1.0530498
72.13748,67.64029,2.2438571,2.1969259
19.430557,23.541094,2.1211143,2.2296603
80.17647,73.6649,0.5464774,1.0237012
18.800053,22.43067,1.2941548,1.6264855
38.312603,41.188625,1.4538335,1.0696388
26.818047,28.146097,1.9552203,2.095892
74.38333,78.374435,2.4598346,2.484446
28.985853,21.459555,2.22069,2.1865203
1.9360331,10.058517,2.80777,2.7271307
46.83775,44.441708,1.0435133,1.1908591
86.47785,94.40561,2.608195,2.6278045
52.534515,55.342674,1.3329788,1.1099114
38.55782,49.465492,1.2185057,1.6895432
60.77954,60.223602,2.1782932,2.1538243
34.322025,33.562836,0.88880265,1.0644956
36.0374,43.683754,2.3213515,2.3349118
47.216404,51.85196,0.6337351,1.04237
43.220257,46.298065,2.7819662,2.8868532
58.978996,58.082607,2.9790545,2.9074616
28.073408,26.083574,0.91224045,1.1123189
88.470764,90.802444,2.386424,2.360229
49.537533,49.8085,1.6034281,1.8089483
40.564182,36.005684,2.5696704,2.3901658
95.63956,95.31305,1.8551676,1.8602219
3.8145685,5.2495728,2.5395536,1.7655503
65.337685,68.33249,2.4580195,2.438223
59.66773,56.13102,0.8560263,1.0692937
46.926952,40.89359,2.5340111,2.5933223
58.74936,62.112144,1.8893126,1.9052702
30.428463,30.677473,2.500846,2.3488195
78.48372,82.51463,2.1586623,2.2142413
14.752149,9.045807,0.65877783,1.5612091
15.898221,14.5232315,1.06352,1.0743458
81.88245,69.79538,0.53465366,1.7114582
31.805084,41.24897,2.609987,2.7908468
74.5758,73.63015,1.9672674,1.9458771
88.04071,92.505424,1.2020581,1.1622956
85.54214,86.48737,1.6939605,1.6878456
83.8881,83.84477,2.9854078,2.9055114
2.776273,11.733917,0.8313287,2.428912
55.729782,61.231422,1.5447122,1.8345929
70.30089,65.03993,0.5658027,1.0032549
42.26428,41.585445,2.7178538,2.7085803
11.560545,10.722195,0.8121836,1.12154
9.650433,8.460793,1.5786377,1.9500898
41.977093,45.600094,2.3998637,2.4696217
36.027615,36.5219,2.0836742,2.0532043
14.576419,12.803471,2.230435,2.1797106
49.87778,52.144085,1.6343147,1.0623999
14.809962,10.48526,2.9204922,2.0264401
46.8397,41.178543,0.67676014,1.2322769
84.90124,88.72674,2.3483436,2.3856325
15.272088,16.274414,1.7250817,1.0909681
25.645838,20.579304,2.9616868,2.9221416
49.32555,41.84483,0.8141595,1.0832512
24.23365,17.074776,2.3299546,1.652394
79.83597,85.84947,1.2619205,1.0380532
40.32404,54.27198,2.4123547,2.5932205
46.83306,47.15791,1.7578651,1.7696145
21.242308,15.304855,2.6530967,2.3531084
21.443413,24.913063,0.67560697,1.789817
58.05869,52.062565,0.59757274,1.0478816
36.874954,40.580395,2.0016873,2.1860912
54.451984,61.982883,1.6308689,1.0921187
48.280403,44.50745,0.6670644,1.0794275
33.271996,29.203749,2.6627662,2.4512134
51.06191,53.17529,2.0281897,2.0461292
20.529394,20.131723,1.1689652,1.0743577
20.200367,11.713367,2.9324324,2.545473
95.1389,95.139435,1.2431595,1.2813965
52.123856,51.616405,1.1424232,1.0494214
53.8661,50.604828,2.560625,2.5194004
80.59175,77.39623,2.2618492,2.229454
61.01271,61.331078,2.3718603,2.3945632
33.128902,29.95523,0.71280986,1.1433188
37.81803,40.433952,1.4194981,1.063593
6.187183,7.7134323,2.7117822,2.3080368
3.8616016,8.676125,2.0830462,1.8054434
2.1881409,5.6843185,1.3188304,1.618884
44.13829,44.12822,2.675103,2.7128837
97.94955,93.305374,2.5264828,2.363589
12.409334,12.455082,1.145247,1.1235218
10.626352,8.070076,2.4558785,2.4234135
50.288773,52.267433,1.1681058,1.0366408
73.10157,75.114426,2.0213473,2.0313413
70.0796,71.54671,1.0105704,0.99931407
17.201195,15.7452545,0.8131921,1.219749
72.92909,71.284706,1.8667176,1.8044142
98.5716,95.941315,1.1190045,1.3780686
47.48675,49.847187,2.1432378,2.1669848
18.657051,16.280548,0.83997536,1.1245394
19.458189,18.994535,1.8222784,2.0764441
81.38115,83.19255,2.0028765,2.0196428
95.68526,89.85886,0.7508297,1.1099275
44.30549,42.636585,0.9872516,1.036239
36.065315,28.560484,0.5650908,1.1188886
70.29873,76.424866,1.2249155,1.0159509
9.683342,12.033791,0.5037588,2.3940372
10.814775,7.871361,2.413956,2.164462
17.120573,12.368061,0.8706935,1.426123
92.077255,91.91019,1.0190609,1.1327047
55.203014,63.34941,1.5565594,1.0007498
55.538944,57.379635,2.1557438,2.1513681
43.46201,28.233915,2.772022,2.3058977
58.261803,55.52162,0.93609345,1.0964564
79.36196,83.37712,1.0298939,1.0178914
37.506092,36.35456,2.5852287,2.552814
61.328194,62.060192,2.771475,2.780834
28.886469,28.881033,0.97673273,1.1148918
44.936127,48.23161,1.0863438,1.0971782
92.47135,93.05447,1.9455738,1.9656079
25.975271,28.93078,2.0225983,2.050488
27.52613,30.940771,2.002845,2.258192
76.84856,81.59918,2.4954376,2.53484
39.545036,39.07699,1.0641239,1.0559611
86.76582,86.81601,0.96252805,1.0746047
89.46261,89.32477,0.98191947,1.1013992
55.64861,58.532257,0.757799,1.0180205
66.11603,70.24298,2.7486913,2.856774
55.313484,56.46773,2.7657192,2.8072898
82.32007,76.99333,0.676575,1.0664258
43.986683,39.27634,1.7815006,1.6118968
55.521523,49.947933,2.7392578,2.615768
39.176792,34.85663,0.64429444,1.0659598
93.98811,87.09801,0.7050141,1.0812874
72.63101,82.36149,1.4166163,1.0212778
44.5667,44.06642,1.8710469,1.8844302
1.4694172,6.1137657,2.9311237,2.2389014
90.991585,91.783615,2.7603662,2.7196083
6.5531554,6.0800934,1.6278032,2.3347795
59.045006,64.20351,0.8697422,1.1191387
84.89783,87.3701,0.9035307,1.0562711
23.449865,20.031355,1.663599,1.139256
24.11156,17.092937,2.984193,2.819388
39.807026,41.567253,1.3499093,1.054275
9.437387,11.4851265,0.56829566,2.0015893
41.193745,34.976486,2.894872,2.8292282
17.520187,41.878235,2.8746393,2.9410174
17.940472,9.516911,2.5479553,1.3593701
87.638664,79.629425,0.53868717,1.1729751
29.713434,28.630985,2.817994,2.8448884
79.30723,89.40764,2.5903726,2.7673342
20.120403,18.689705,2.4880483,2.5059507
46.328693,44.49194,2.9180279,2.8911538
21.530283,22.744326,2.3365998,2.2273033
53.456577,46.982628,2.4744058,2.3361516
27.113829,18.602861,2.854687,2.7675757
89.03669,88.7699,2.904823,2.8938687
4.7330275,8.56189,2.8417363,2.3048468
67.236565,68.84589,1.9470482,1.9218899
31.785282,25.946543,2.6284087,2.6156666
70.25023,63.493465,2.2748384,2.1948428
67.517815,67.568726,2.259439,2.248769
52.24977,56.869804,2.0911574,2.1472223
76.08836,86.97217,1.4915715,1.1523323
34.059322,32.752983,2.3015914,2.236217
81.25368,87.36847,1.5983528,1.327493
82.745155,83.26561,1.8354366,1.8185887
40.846973,34.661167,2.2208555,2.066362
75.75573,70.26666,0.58943504,0.9941663
65.93032,61.725613,0.6433189,1.0190493
15.203873,13.142452,0.9319837,1.6651139
29.366262,32.400757,1.3911244,1.043571
83.51209,88.12718,1.7858949,1.9098967
12.002877,3.395115,2.966702,2.207638
31.045048,45.887333,2.0338383,2.6038563
94.622536,95.80937,2.4698484,2.473681
92.527336,95.37503,2.0593836,2.1057026
0.9460761,2.1137924,2.4763145,2.1434608
57.575947,56.382507,2.7713203,2.7103639
7.777619,5.815693,2.2046282,2.4491355
53.760605,56.19206,1.2128555,1.032543
24.814508,37.956554,2.2766485,2.3885336
90.72981,91.61302,2.8864818,2.8500674
5.9876137,5.441929,2.5224817,2.5218167
82.47348,82.74328,0.94358724,1.0580689
36.039196,35.4161,2.282582,2.2610679
65.102806,64.463,1.8806999,1.998021
92.082794,92.50572,1.6883129,1.7174286
68.741875,70.12176,1.6866641,1.6575843
71.72672,70.64721,2.8097312,2.8003833
94.66336,86.55994,0.6231961,1.0610503
76.601456,77.42238,2.4624877,2.446694
16.70271,12.709202,2.6000834,2.399963
32.742958,30.690306,2.4837682,2.5491729
63.99996,64.39879,2.5616693,2.5370908
41.753746,43.709164,0.93963796,1.0526291
74.61518,79.52557,2.3877754,2.426477
71.117615,70.349594,2.1999314,2.129234
38.869987,38.08421,1.1181065,1.103021
20.677717,19.11108,0.88745576,1.1700997
12.780643,12.4552,2.4114506,2.4132087
93.53693,87.528076,2.6198156,2.5727918
2.3030293,15.743126,2.36079,2.8523908
89.04185,89.76093,2.8587291,2.8685815
53.91467,56.050514,2.5374207,2.5293694
63.84635,69.17415,1.5884305,1.2240053
56.637997,60.124477,2.0565472,2.0686467
22.739822,22.74316,1.0328516,1.105819
63.866634,63.872536,1.9654248,2.018479
36.482384,35.991837,1.1617343,1.2537682
53.188953,47.157795,0.5152835,1.0774693
54.77328,51.04383,0.5172029,1.0511703
25.311699,39.616665,2.8135102,2.7958121
50.98099,50.3066,0.6915128,1.7612203
72.410805,83.08552,1.4963001,1.029813
97.806725,97.37174,2.9099972,2.9150248
6.5304923,7.2385902,2.1953707,2.6689844
97.68045,76.99106,0.5120612,1.4991179
36.37832,39.666466,1.4744655,1.0906806
30.4501,27.014967,2.1077375,2.002587
63.99688,66.17099,2.4473839,2.4489994
9.052176,12.139175,1.7261829,2.3256161
33.8338,31.206837,0.6608706,1.8232472
18.049353,16.75259,1.8845185,2.2129562
1.6213832,2.6525726,1.1985819,1.4229345
80.23427,83.198105,1.7054716,1.7533611
99.007614,96.146515,2.9456522,2.939384
88.956375,87.596954,2.4749613,2.4335675
89.74728,97.148705,2.830541,2.8921118
37.395424,32.63936,2.6317918,2.5388918
87.34456,75.616455,0.5613511,1.2150822
59.44225,79.536064,2.1019588,2.3748522
83.27367,93.42437,1.9396999,2.0198154
85.07435,90.13965,1.2725409,1.0904405
22.569424,21.840534,1.4937518,1.2373295
3.9518661,13.125755,2.1702158,1.7461718
59.76239,59.527603,1.7348883,1.722647
37.492558,36.773857,2.7152529,2.5825589
26.80379,30.641249,1.6470162,1.7552567
34.394688,35.452618,1.7241076,1.4760144
20.162329,25.313986,1.556231,1.1127329
0.5722429,15.26273,1.9057009,1.9847156
56.19321,66.76146,1.7315433,1.8350978
5.1223693,27.047174,2.7665653,2.966695
81.95825,84.05136,2.5023487,2.5062928
3.2199411,13.964809,2.5041997,2.5231476
26.959484,29.287977,1.2624203,1.0523933
12.8048315,12.112984,0.90048254,1.782408
83.079155,87.997284,1.1744788,1.0591617
4.5654874,11.495537,1.3901151,2.3416772
14.55425,6.22665,0.7834963,1.4598961
14.1178055,11.464043,2.7194881,2.7526584
69.8037,74.07083,2.3693027,2.3788729
47.775063,49.56117,1.7182617,1.719371
4.9562974,5.7781754,0.5504557,2.2900386
32.05011,19.766644,2.8105683,2.2329838
59.13051,58.818787,1.99395,1.9364858
84.18729,83.93919,1.8960589,1.8841136
21.877964,20.630182,1.8762038,1.8348122
69.818504,74.11249,2.6326358,2.7162204
29.995493,29.530851,1.0651007,1.0862105
80.21167,86.90039,2.5231838,2.471252
19.88813,19.964582,1.6736859,1.7575547
61.85555,63.73562,2.3783414,2.4069169
87.63081,89.0574,2.5734038,2.5377972
97.52695,98.60452,2.7128747,2.7759585
85.07374,85.23679,2.2176692,2.2284544
56.272427,52.863075,0.90854925,1.0491416
70.688995,70.113205,1.768933,1.7469468
70.7147,71.25127,1.9120091,1.9235119
99.94309,99.457855,1.7282165,1.6821659
38.57365,42.01336,2.3161068,2.1268785
52.417828,58.063618,1.495665,1.056918
21.441196,19.263887,0.51386636,1.1294447
67.810165,67.00747,1.7176443,1.7513485
54.170586,63.133434,2.6226935,2.6676283
61.878952,61.4077,0.8944719,1.0101193
19.803831,17.090405,0.56656736,1.0789832
63.865097,59.026154,0.5492897,1.0222692
74.78716,87.463806,1.5477071,1.7524256
16.359035,22.723888,1.9515007,2.0996857
27.916544,30.130167,1.5081931,1.0723512
55.98161,54.498795,0.9281336,1.0120709
76.89055,82.574554,1.1051381,1.027307
78.58645,88.81654,1.4079387,1.0790617
36.266727,35.064743,0.6964893,1.0375946
77.79831,84.756195,1.218231,1.0864785
81.30402,85.15697,0.8506767,1.0340807
36.063908,34.61874,0.75993097,1.0367274
49.673023,50.82341,2.447033,2.4966242
11.150925,12.944992,2.12931,1.739529
39.449257,40.77249,2.4002354,2.4392195
69.11942,65.92421,2.9356954,2.9078827
72.42983,77.60017,1.1614063,0.9998245
73.7709,74.97179,2.4199522,2.4320912
27.176619,21.613935,2.3095746,2.0458674
14.659836,23.456858,1.2643893,1.1174717
54.765408,55.311043,2.432675,2.2844932
93.293755,86.94747,1.0629605,1.2216455
85.94883,94.213776,2.5709822,2.6110415
46.411446,46.7199,1.6490399,1.2755167
6.635162,4.4721603,1.9049678,1.6697769
73.7568,76.06003,1.6826184,1.4610159
85.777725,83.4669,1.8865268,1.8452603
99.063416,94.10501,1.1306518,1.375947
84.85509,79.32103,2.3488643,2.2281218
86.721886,73.63153,2.9785137,2.7960665
93.723465,91.99097,2.8720472,2.8287516
36.223614,44.04932,1.9399813,2.2687168
92.83503,87.139404,0.6975554,1.3126899
56.29433,56.794987,1.6498708,1.5091913
68.03249,70.910675,0.9964569,1.2457201
82.559326,84.233955,2.9059134,2.88574
17.560436,11.673111,2.3000815,2.3977063
19.09193,19.268454,1.6658968,1.3071929
70.47407,67.42143,0.6387284,1.3267473
7.1657224,10.137913,1.976353,2.1088064
94.53141,94.66936,1.6528392,1.6612381
99.3465,93.21857,0.89233947,1.1715622
46.7965,39.756523,2.529841,2.326026
73.21358,71.99077,0.82349575,1.0450978
61.299152,63.291023,1.6724256,1.5712126
24.28873,23.20031,2.181905,2.4085689
21.924858,24.803377,0.9230795,1.1364992
88.49907,78.00151,2.8483307,2.856464
98.786156,94.856285,0.794865,1.435316
8.498737,13.302074,2.9609413,2.6634386
86.880325,77.634514,2.5636735,2.4125404
34.012947,33.66068,1.2271221,1.0338929
2.1900272,3.797493,1.9734075,2.747504
50.276264,51.48068,2.8145878,2.8387632
34.628403,32.41842,0.7586584,1.0610783
38.43995,41.27964,1.4902889,1.512118
88.59611,87.62814,1.7981282,1.7990845
50.57392,55.007362,2.8075304,2.7483945
80.55925,82.43383,2.357662,2.3199635
16.258501,17.051235,1.393173,1.1050363
27.979736,26.243698,1.9034132,1.8901503
20.164093,16.378307,2.7027419,2.5800877
0.18718737,7.7957153,2.3555841,2.0449185
61.268913,64.38965,2.4164672,2.4455686
12.102507,12.354279,1.3505514,1.1145163
84.15436,88.304565,1.2041041,1.0967634
70.82402,63.023384,1.0521592,1.6181879
21.757736,20.940386,0.8932481,1.0614603
47.54645,50.73374,2.6475868,2.6979785
37.313168,32.137367,0.5322143,1.0313582
82.131516,86.99825,1.17686,1.1246823
27.523512,22.870235,0.56881696,1.7749518
98.01924,90.91962,0.68976957,1.1823862
86.582466,84.14901,2.6906402,2.6464715
44.37047,43.606148,1.1053395,1.0627978
53.31079,53.497456,2.5542262,2.545704
9.05852,13.350101,1.3964975,2.426684
82.475395,79.01634,0.5534186,0.98509
73.357666,83.40181,1.4916342,1.1214235
28.762285,30.306698,1.7250375,2.028418
94.59103,86.753235,0.6829269,1.0481126
97.16489,89.448746,0.59082603,1.0832222
32.50716,33.14476,1.8974594,2.0083735
65.63589,75.990616,2.7312818,2.8576298
60.982483,57.626747,0.7718329,1.2189292
20.510069,20.403416,1.2497628,1.1074101
87.02008,90.7529,1.2479651,1.1107076
91.994,93.19249,2.6919253,2.5935547
13.171408,16.883373,1.5383499,1.6778722
39.208748,31.238947,0.80673677,1.3679776
19.364912,19.324808,1.8743145,1.1829345
21.820406,21.75198,2.0033505,1.7469199
85.70578,87.313545,2.9441566,2.9003687
29.437286,26.469246,0.7655585,1.0383661
52.62198,45.224983,0.7332446,1.0271869
53.24972,51.84873,1.1817907,1.1813848
7.22375,7.435261,1.4410181,1.4376007
3.5649164,10.350025,2.7889676,2.5564373
46.07106,47.34946,1.7502669,1.4710791
3.0288835,4.626503,1.9418554,1.4692357
37.196136,35.429016,0.85241944,1.8251935
57.55314,64.4075,1.1485348,1.0234569
48.525867,49.01731,1.1499028,1.029892
88.775475,88.97606,1.9753706,1.9666266
78.73884,79.20993,2.3347995,2.3359027
53.893394,48.73335,0.74777645,1.0180204
26.819834,26.185774,2.2045448,2.1804798
46.39996,44.05267,2.2673075,2.241397
68.1035,66.67445,0.85093665,1.021913
66.81283,72.31775,1.1550257,1.0033939
14.315322,12.119453,2.3928132,2.393362
76.89022,77.55238,2.9121678,2.9047613
11.242981,10.256153,2.0762756,2.011448
74.42145,82.291534,1.6641303,1.3992851
39.934143,38.388615,1.8013123,1.8581585
23.806879,19.684101,2.2144308,2.1625247
41.67922,44.47395,1.3512436,1.0568132
41.67876,41.644135,0.89364016,1.0729598
44.045452,56.129913,2.3165686,2.4037251
77.46457,76.19997,0.7466673,1.0003068
83.57538,83.67361,2.265293,2.2519014
6.075599,6.862591,1.1056138,1.3162408
66.765434,77.044106,2.1909308,2.250243
52.543694,50.854862,0.93279463,1.073204
30.348944,31.521593,1.3292277,1.0729748
69.51235,68.31927,2.8213382,2.8298073
74.83315,83.74495,2.6295884,2.7447934
8.155663,3.7469215,2.4166324,2.6421802
76.5226,88.361244,2.336647,2.457708
21.433615,19.351612,1.033746,1.3690352
2.8711348,2.133503,1.4987311,1.6709806
51.087753,55.821102,2.4757037,2.632771
15.021009,13.620209,0.69615704,1.4159377
36.629963,29.399412,2.6717236,2.7757163
91.83934,83.867935,0.82450485,1.5148816
77.73264,74.82764,0.91533697,1.1673281
81.37192,77.2928,0.6546027,1.0135076
95.91999,97.09726,2.2338367,2.2523139
52.047066,65.0976,1.2220302,1.0147197
46.826485,47.235527,1.9547005,2.0075393
41.804985,40.052273,0.8898027,1.0307615
15.753142,13.182442,1.8075598,1.5249333
14.194792,8.674812,2.4120672,2.6685603
89.496635,91.62666,2.6994996,2.6818748
6.3394895,8.85384,1.1248815,1.166242
51.363262,48.430458,1.0689957,1.2606851
27.337759,35.265953,1.4722705,1.053792
33.954617,35.1252,1.4384534,1.0459177
40.98324,40.77774,0.9123313,1.1035334
50.84749,51.015236,2.0632815,2.0613797
10.764447,12.0506935,1.5251107,1.1492187
81.0688,81.971306,1.6598002,1.6768618
84.36194,90.23538,1.3521296,1.1222448
46.84123,49.215763,1.6293794,1.3867716
6.1326513,5.516487,2.7309234,1.5559531
27.006226,25.418098,2.3512635,2.3138452
75.99532,89.59091,1.5728091,1.1637864
96.98808,96.241196,2.1942952,2.2000594
54.103886,59.68543,1.9269136,1.9196914
7.7017264,6.067669,2.4077463,2.478048
76.99534,83.09967,1.0666765,1.0326191
56.795555,55.936623,1.2642219,1.3137953
12.290347,14.280918,1.1112374,1.5521163
39.942387,39.276062,2.1772013,2.1791015
97.47582,88.53158,0.55697423,1.0844852
17.973267,16.607082,0.97340024,1.2804134
17.655554,13.947174,2.6313899,2.5768075
37.128735,39.6178,1.8966238,1.9995117
24.7398,26.214554,1.437789,1.0800701
37.787956,48.02757,2.1395018,2.3784568
97.041595,94.94502,2.2432287,2.1925755
47.353638,41.16033,2.5461998,2.4466581
67.96813,61.63814,0.6850634,1.049612
78.25032,75.02881,2.8474705,2.7479813
58.712673,53.305073,2.1457179,2.0505486
38.75621,38.22334,1.0976903,1.0637388
25.179512,21.591125,2.609849,2.8133645
91.67106,91.90111,1.6962634,1.7118448
87.153984,88.90757,1.0532287,1.1186658
86.982834,93.56116,1.7390054,1.814581
98.47942,90.54433,0.68083256,1.1266308
35.8796,22.377611,2.861175,2.706396
25.793102,23.657234,1.8932736,1.4057941
42.25952,40.958107,1.0977559,1.0828558
35.556656,39.32312,1.7624934,1.9553908
38.00719,36.334766,2.4732964,2.4780245
53.951424,46.099586,0.507913,1.0108094
78.43983,84.500565,2.4912477,2.503772
72.74908,68.010506,2.9880264,2.9582133
43.509254,45.565655,2.264518,2.3060694
34.563496,32.831432,2.2101352,2.1405256
71.74301,74.152565,1.6624842,1.670088
18.036072,11.411865,1.7122824,1.5046625
55.74625,62.61606,2.6449754,2.7047136
48.43655,48.997707,1.7822546,1.8210471
78.63155,85.25417,2.6632717,2.7353435
12.406329,12.778194,1.3942802,1.8666964
0.5086169,9.47559,2.0451095,2.0495684
89.666115,91.58948,2.2867706,2.255946
80.243126,78.83249,2.954864,2.924621
92.65429,95.73042,1.5322413,1.4355981
7.527062,5.0074234,2.740065,2.5694008
25.022068,21.544775,1.8600827,1.52528
94.8104,83.28087,0.6148103,1.0985847
40.917797,37.78789,0.87292784,1.2562132
40.974865,35.60749,0.63128585,1.0569848
89.41895,82.38891,0.51789117,1.0677736
91.47518,98.62294,2.1814194,2.2164164
99.31651,93.0468,0.8545263,1.2458904
10.574988,8.801407,2.4090843,2.3448877
39.8181,35.880814,1.084791,1.1515491
88.084915,91.5647,2.8041735,2.8247054
54.32273,62.417007,1.5215638,1.0410717
95.08329,85.65893,0.75703853,1.0552287
88.52744,90.93936,2.4918027,2.4845676
59.94335,61.23823,1.0272413,1.048932
60.202774,59.810585,2.8882732,2.866172
40.637688,33.204533,0.84745777,1.6055098
36.810677,42.469944,2.24763,2.251493
53.456448,46.334564,0.63869244,1.0099859
99.079124,88.933395,0.5219995,1.0978286
90.31827,90.39917,1.1176151,1.2205052
43.496304,46.01233,2.4344394,2.3843608
34.612057,30.238445,0.88449997,1.3723012
7.7588816,9.603348,0.7428493,2.1234534
25.125397,23.977327,2.8095307,2.7758336
35.88001,31.74706,0.79107106,1.4366028
33.63421,35.12058,2.356335,2.671362
47.569653,46.29034,0.9801884,1.0958948
7.73558,7.3301697,1.5110685,1.5157775
62.491596,63.039658,2.8170934,2.825038
55.421543,49.609417,0.5428515,1.0414753
1.4828259,8.4575,0.5578411,1.6104531
63.655052,52.54042,0.67473924,1.4676486
99.56105,97.57875,2.8472273,2.8623478
70.46573,78.5017,2.4118762,2.4964952
71.42135,71.23278,2.8542504,2.8439898
47.08732,31.189356,2.7858465,2.7583268
56.18321,57.50443,2.5767722,2.5796816
66.23715,58.58378,0.79509497,1.4648998
99.30957,96.90529,2.226217,2.2237248
21.543505,36.48707,2.346651,2.8237538
30.579287,30.866348,1.8324685,1.8213634
9.240475,8.841206,2.5293078,2.6042862
85.17854,85.84999,1.7648522,1.7673616
30.61083,30.252308,1.0591924,1.0557868
9.101521,8.69326,0.97395194,1.1557245
79.030266,80.86073,1.6748399,1.6759752
38.94344,40.246803,2.5579543,2.5564008
45.662094,46.186455,2.0993106,2.089291
27.521685,16.613102,0.5610762,1.2439682
70.593,69.099335,2.5811644,2.5771692
26.482462,27.27366,1.6284513,1.1220703
50.32606,50.940468,1.129426,1.0497344
49.887722,49.9482,1.290037,1.088079
73.28756,72.39193,2.3446813,2.3718746
90.17825,92.383835,1.2285173,1.1596853
58.20684,57.980988,1.8612089,1.8629626
48.860577,49.956047,0.9658871,1.2756282
64.31059,69.541435,1.9846481,1.8460151
98.13777,96.79088,1.7283678,1.7249416
99.82522,93.81026,0.8579748,1.2251704
12.003401,10.332104,2.685638,2.1940627
5.0018516,4.6366463,1.2370167,1.7123115
19.488375,7.4647636,2.8785543,1.2975373
76.99215,77.798584,0.9795792,0.9948685
36.20382,33.58928,0.65073425,1.0409122
98.22031,97.86501,2.338663,2.3071072
76.68946,89.66693,2.859056,2.8772345
19.033516,14.818775,2.6349525,2.621354
87.98344,90.9144,1.7656641,1.5529122
40.301804,36.952328,0.707969,1.900373
74.79105,75.83337,1.9986444,2.018485
88.27112,95.10364,2.2467213,2.1379242
2.3871124,2.358471,2.2159467,1.8046514
97.842224,94.74766,1.0705899,1.2590239
76.275055,70.89226,2.9853275,2.934094
26.406359,24.234394,2.708379,2.713105
61.785236,69.643036,2.522162,2.5453393
17.501106,16.613808,2.5569003,2.376731
92.08522,89.66428,0.8697914,1.1238093
21.957045,20.439568,1.0812975,1.1034894
24.787626,25.816118,1.4363137,1.0892422
72.07462,70.179,0.88381344,1.0007229
60.04404,60.062637,1.7416584,1.7306143
69.46073,78.22359,0.9531466,0.9928711
74.42922,76.231,2.2388856,2.2661238
32.374912,31.354847,1.2216499,1.4628506
79.590866,80.17053,1.7673116,1.7959079
81.889694,88.364105,2.636859,2.7372417
37.03565,38.241592,1.0476123,1.1347358
48.39145,51.116856,2.5169356,2.5424888
16.975601,4.222019,2.9393492,2.6228752
49.39912,48.408024,2.2388892,2.2292306
43.618866,39.18626,0.8134599,1.0338798
7.859473,12.60228,1.166929,2.7338743
12.487378,12.041386,0.9873048,1.1137638
65.72439,73.79632,1.8338279,1.2756796
70.61595,66.72452,2.3658812,2.346416
8.547112,6.7847214,2.0047982,2.123745
8.350123,8.467678,0.9063383,1.1754375
14.537366,18.276188,1.5984132,1.2418406
65.95534,62.531197,2.9710898,2.9182222
26.18626,17.504639,2.5049014,2.2635112
58.78438,59.759552,1.9595805,1.9743314
29.788021,30.664873,0.9270944,1.0386748
7.830094,7.979519,2.8392909,1.8899714
89.02065,91.59233,2.0268364,2.018808
81.11627,87.15242,1.594894,1.3125087
45.33882,43.055298,2.371576,2.2705698
32.1332,28.838943,2.7429597,2.714509
26.06209,14.274666,2.6634853,2.8138294
62.57297,54.339638,0.6964498,1.2385514
14.97332,11.704231,2.6785033,2.8534389
59.65228,61.894363,1.9403294,1.951924
6.3586993,7.706375,0.6064092,2.2549744
69.59605,69.544174,2.0397227,2.087658
50.077477,54.938885,1.4671906,1.0015421
37.52746,34.52181,2.9669716,2.9145193
21.301226,18.297308,1.0392395,1.2752758
94.39548,91.07721,0.7394071,1.2645814
7.300661,9.167194,1.5603174,1.1415925
17.306097,14.684448,1.7787776,1.8782007
78.272644,81.09078,0.8140666,1.0162259
30.504158,33.95961,1.2251439,1.0459715
62.545113,64.76749,2.0465724,2.0503983
22.485106,22.651066,1.1948864,1.0818717
94.63563,87.68491,0.9074484,1.3696069
12.569576,13.40414,1.3224007,1.3228416
58.848576,66.70517,1.3896811,1.0548452
97.641685,90.731285,0.79052955,1.1536571
53.704235,57.291206,1.089968,1.1997526
27.12518,27.882915,2.975833,2.8394942
14.974303,15.066483,0.9031028,1.3210357
74.022285,79.27489,2.4101665,2.4373603
53.953102,52.953804,1.7743902,1.1477451
2.8922853,7.0928154,1.2939589,1.0640744
31.659632,31.124044,2.327142,2.317408
92.64514,91.23961,0.9288487,1.138839
16.828485,15.204426,2.1751742,2.1258912
67.49502,71.53331,2.8515863,2.8782523
62.799484,67.117294,1.6047217,1.2553061
78.50703,82.433205,1.9152607,2.0307267
10.206725,12.102428,1.3681372,2.2065923
34.568516,36.042027,2.5739944,2.2800336
13.720791,15.310856,2.762724,2.3418603
87.86363,94.08098,1.4922177,1.5626645
54.12957,51.12028,2.1053722,1.9562246
40.930428,41.62501,1.7561407,1.75331
33.399677,34.682312,1.4222862,1.0779837
50.6439,47.14571,0.78977,1.0554612
17.47194,24.73154,1.8180424,2.2645037
20.329231,19.098967,1.01449,1.1054416
23.486217,13.9840355,2.0443141,1.9321404
25.07155,26.37899,0.8748302,2.0125592
76.458,89.7856,2.3012664,2.4682078
37.641064,36.352367,2.1243021,2.0431604
84.754616,94.701035,2.3585804,2.4483213
22.086403,21.618864,2.5358102,2.5847483
42.424423,42.149117,1.1239098,1.0488439
17.254358,15.85265,1.7985448,1.6186187
98.60614,97.49855,1.9801633,1.9648995
22.50616,12.8503,2.908828,1.8825722
11.303556,16.958935,1.7464771,2.5168123
41.695885,43.785828,1.1749568,1.1787603
70.871216,73.07756,1.7749246,1.7803503
43.02865,40.413666,0.8681646,1.0442319
49.52983,52.407684,1.6841854,1.418031
17.087936,18.291494,1.4988075,1.0766972
0.7834491,20.474894,1.0565288,2.9547694
84.17453,82.57991,1.0876609,1.147196
95.06674,86.79853,0.63680726,1.141941
83.0271,88.592926,1.2680949,1.0845721
42.534256,40.95575,0.8784337,1.0781496
59.927887,63.150726,0.78926826,1.0704143
58.435555,59.54088,1.9720116,1.9549022
50.240494,50.633194,1.069077,1.0659218
83.98294,73.25313,2.884478,2.8535464
87.618645,91.10898,2.4999669,2.498296
60.066307,55.608135,2.4599223,2.459668
80.54462,80.79071,1.739843,1.7374024
0.8386612,6.4100533,1.109549,2.4518132
34.38432,38.071995,1.4365305,1.7934189
54.540203,63.2757,2.652791,2.6582916
71.38972,79.12541,2.345501,2.41418
50.16201,57.185764,2.5350578,2.6088772
85.246124,84.09597,0.7583577,1.0481045
50.002087,54.44972,1.4553311,1.0222927
10.953462,10.056225,0.83139706,1.1292953
94.137146,96.2099,1.3615901,1.3217773
13.632455,14.19379,0.5282582,2.7877111
76.265205,90.34264,1.4907295,1.2452562
37.097725,32.955048,2.6662176,2.5998642
4.564557,5.538929,2.436702,1.8390919
55.937992,59.678432,1.7547529,1.765219
14.86054,12.300343,2.6095006,2.5889351
8.11393,7.6064034,2.9389958,1.4756054
30.080797,26.29032,1.2992063,1.6539762
53.914715,54.751945,1.1555463,1.0436397
25.791286,24.146875,0.8987747,1.0776409
12.673566,16.196434,1.7590916,1.6532106
63.605484,71.0292,1.4132766,1.0439295
93.68494,92.041954,0.99397534,1.1473813
95.52853,94.00445,1.6842124,1.5518923
81.56073,88.30167,1.5697002,1.3217515
47.841766,39.778725,2.775529,2.5016282
93.7491,96.0961,1.4131534,1.6020893
2.404284,2.251316,1.7147759,1.9547138
24.91896,25.761627,1.4822131,1.0427543
21.91796,22.850487,1.9769197,2.060081
7.077767,11.501595,1.9244511,2.4281354
56.500034,60.55161,2.476897,2.4044936
78.54584,74.991196,1.6546671,1.815072
17.700453,25.789824,1.4773741,1.1543353
94.54284,94.86865,2.5681496,2.6102602
17.945723,12.695351,0.7756766,1.838986
15.543215,13.72282,2.2146387,1.9936118
4.6033745,10.492912,1.0068885,2.5232856
78.08223,87.42584,2.9830596,3.0
38.259144,39.755367,2.4222798,2.4607239
64.88462,64.0889,2.2157109,2.1700435
6.323842,4.695652,2.0721843,2.4182084
59.353844,52.960167,0.57001173,1.0463507
81.682495,84.607315,2.307656,2.327417
46.687656,50.089382,1.2315645,1.0280559
97.93899,96.73757,2.8583827,2.950314
0.2822449,0.5502243,1.7965462,2.2030313
53.494736,61.46847,0.59796196,1.0024996
12.971978,11.374016,1.7471247,1.3953142
76.90271,79.053825,1.667419,1.6184647
24.149277,25.29461,1.3092158,1.0638114
88.15615,93.22365,2.135304,2.1652477
74.00307,73.89395,1.9108053,1.9190851
26.1107,21.570368,2.9165788,2.864134
83.232574,83.48264,1.9045147,1.914597
41.235188,38.633526,1.8052502,1.7825546
24.583256,23.504387,2.1849735,2.1521318
8.31305,10.638332,2.864305,2.3169727
22.627316,22.160095,1.8786321,1.9440777
21.838963,10.029587,2.7880561,2.4520535
33.935646,41.197735,1.9396114,2.0999265
38.710266,42.369907,2.346294,2.3008409
50.863155,50.070858,1.9889662,1.9754204
38.01835,41.919346,1.7504479,1.95286
28.83872,27.072277,2.7726405,2.7870927
15.360647,16.43407,1.6698135,1.997222
10.408422,16.88052,2.2262788,2.466123
66.24678,70.28763,2.78656,2.7872581
54.417053,53.58456,2.8908174,2.8713841
61.58875,66.86815,1.2731895,1.039032
28.343403,32.340454,1.7201784,2.1793315
66.62199,66.32348,2.145184,2.0804052
47.66283,45.66848,2.207469,2.1997378
24.1181,16.452118,2.2660902,2.100481
93.647095,93.73682,1.023583,1.1762404
43.028416,43.46773,1.7539814,1.7955619
40.538036,40.125526,0.8282937,1.1058187
56.460056,60.990364,1.9848634,2.0297766
70.57871,73.995766,2.1290226,2.1654623
48.995853,48.88896,1.697844,1.6097212
47.65203,48.87262,1.9477298,1.9810787
22.24348,23.001438,1.6728997,1.376378
64.90367,64.68733,1.7688618,1.7752807
98.350365,97.72455,1.3624012,1.4227078
61.217957,63.032482,1.1790385,1.1372683
41.45411,40.72425,0.8485729,1.0263927
17.518301,14.137714,0.5070574,1.2696829
81.00506,85.380905,2.092895,2.1040242
2.3213885,11.879364,0.91124755,2.253964
51.591072,45.197075,0.67606544,1.0994289
28.267206,29.969698,2.9235373,2.7695165
93.52654,91.64746,2.6822357,2.676354
22.844719,12.40781,2.3003783,2.29044
57.268208,48.742508,0.51729494,1.0170497
67.60799,69.708755,2.6004422,2.6233485
60.22841,52.36177,2.7733502,2.5239668
65.632065,66.43944,2.0346625,2.0142965
7.0384526,6.140526,0.80158126,1.4506167
1.2076724,0.7965088,1.0412209,1.5385352
3.509266,9.034283,1.3649455,2.6826558
6.9355164,6.302059,0.9266598,1.9508075
33.211403,32.03224,0.8361213,1.4960072
93.595024,97.294205,2.8603938,2.877533
4.3873334,2.961979,2.5762687,2.2783735
3.867004,6.987377,1.7202617,2.6557734
17.967316,7.8006554,2.7314065,2.4363198
53.36647,45.785244,0.6425918,1.0559845
68.6601,68.49372,1.0013263,1.0184729
90.84078,91.30333,1.7038738,1.3673154
40.246017,45.681293,1.4335283,1.3698492
35.335438,36.27696,1.8780807,1.8446068
22.880466,25.079157,1.0561576,1.5105343
82.68424,88.888214,1.6067144,1.2176831
13.117399,9.67617,1.4172688,1.2496896
27.656435,30.69072,1.5064846,1.2191896
4.2262025,6.420578,2.8375854,1.3255806
49.208553,48.818497,2.393379,2.4935837
78.004555,79.90283,2.041521,2.0377412
77.23913,76.24965,2.445724,2.3908577
17.568235,13.076164,2.9746964,2.4887486
21.028788,26.650196,2.7247262,2.652836
41.68427,46.772896,2.2097883,2.1695662
89.8293,90.603165,1.1182228,1.1949606
6.1566014,12.702221,1.4588919,2.6563516
96.43125,92.65465,0.9473571,1.147269
34.663956,38.71956,2.18889,2.1532972
7.3994956,11.446053,2.3225477,2.6031804
88.08676,88.790344,1.0756524,1.1459277
84.023796,78.026596,0.5332185,1.0355061
19.38831,15.598202,1.0523256,1.0743196
28.27001,27.841185,0.895099,1.0572613
16.57063,13.029148,1.9987655,1.9422185
88.352165,84.666626,2.8875854,2.7925744
17.382751,16.091785,2.0377214,1.9902794
80.741684,82.38808,2.3242557,2.3476434
27.938162,28.194702,1.273778,1.0554751
76.562355,73.384796,2.7655077,2.6656666
88.01749,89.3961,2.8636348,2.8605917
33.274742,36.92557,1.1470889,1.4044785
79.595566,84.43202,1.1676301,1.029644
18.635168,17.141815,2.5270898,2.5553508
14.622615,17.922657,2.0165658,2.490974
26.877714,33.102196,2.356128,2.4490972
79.8848,87.459076,1.592994,1.5526615
52.329887,60.781807,2.7043433,2.7682402
19.042301,10.614983,0.58520234,1.4338533
56.641106,55.140057,0.95692414,1.1270342
48.470432,48.430595,1.1351428,1.0494401
85.44174,86.375336,2.1978128,2.1482303
92.92637,92.38896,2.3097968,2.298033
83.105415,85.50177,1.049315,1.0402825
38.131832,44.606552,2.503623,2.392398
63.605957,58.156116,0.72423,1.0525092
3.8152366,2.8064308,2.132484,2.5015178
99.473495,98.41171,2.3921914,2.398688
75.28574,82.51346,2.5327263,2.5546117
75.58411,80.687836,1.1449336,1.0370394
27.68985,27.481379,1.5738441,1.542696
85.01095,89.35831,2.8450456,2.7692728
85.94668,91.16966,1.2959769,1.1747322
36.010864,37.319275,1.6310264,1.7088423
47.300285,48.930004,2.9871924,2.9703283
94.91587,98.215164,2.0405097,2.0423431
63.929276,57.593803,1.0371107,0.9793057
16.27805,17.303246,2.5753253,2.615694
62.70573,73.35901,1.7352796,1.798229
23.168474,24.321276,1.9313469,1.9932028
40.900707,35.46705,0.5195559,1.0765274
65.99138,68.55191,2.7658615,2.7436109
44.121456,44.60971,1.3900077,1.1021276
90.39147,84.58879,2.7284493,2.672099
23.351688,28.349571,2.6034327,2.8157744
4.329384,7.7022705,2.4632392,1.9304578
20.167158,18.877337,1.3519171,1.1443908
88.59073,87.84897,0.9046706,1.1489749
32.92033,30.386574,2.7824621,2.773521
72.39458,74.75891,2.47948,2.4941373
25.798788,22.558695,1.3982741,1.4294374
59.126976,57.2586,2.950826,2.952508
4.424572,10.688282,1.5840075,1.3654575
82.85312,84.58305,2.6844602,2.6915119
86.43051,87.361374,2.3804476,2.4251215
51.61612,53.46068,2.6217566,2.639018
37.567196,35.9837,2.6610408,2.476081
41.221825,37.3787,0.57084334,1.0508319
47.53069,42.035263,0.513586,1.215874
78.30736,75.185646,2.0966983,1.9893947
94.848404,92.56607,2.800789,2.7898936
66.88941,66.600815,0.9818277,1.1296079
28.300869,25.2258,2.2718017,2.0940337
75.2845,69.134674,2.7286103,2.5785615
63.36506,65.404175,1.8291441,1.8807011
24.44674,14.589581,2.920983,2.8568668
96.73806,97.51781,1.3676385,1.455347
78.444916,83.06082,0.9524168,1.2705717
32.057877,27.60201,2.5825338,2.6205475
31.371338,26.70839,2.8527343,2.6936018
36.78764,34.36183,0.8317693,1.0500863
66.51505,76.50787,1.6000148,1.6261969
25.265867,23.533352,0.6830225,1.2262849
87.895134,91.29759,2.6895905,2.7264953
89.541275,94.81598,1.4551947,1.2685606
6.771832,6.1073837,2.0562904,1.9098368
28.76598,25.767553,1.3819494,1.266608
8.609708,8.1026,1.0185107,1.3547362
63.551285,69.066826,1.5996062,1.0175319
27.812038,32.94282,0.55985314,1.4282817
48.56465,46.28714,2.2740293,2.2030036
7.2767053,8.60043,1.4586927,1.3230127
72.752235,73.95157,1.9932284,1.9847984
47.03885,48.601765,2.1314266,2.1254954
20.17117,15.682289,2.9645638,2.8850517
99.42432,95.36054,1.0780983,1.2649372
36.168198,34.217453,1.0341616,1.6202154
62.5013,71.088135,1.6241086,1.5879931
75.20014,81.04138,1.0000098,0.9963355
47.414867,49.725487,0.7232417,1.6348269
90.210396,93.43289,2.800726,2.8264375
54.522804,66.82798,2.529185,2.4989855
54.35334,55.91784,1.1544414,1.5141244
39.967064,47.32272,1.528134,1.2262523
50.186523,65.14066,1.9784181,2.1595054
27.055445,23.6164,2.235444,2.0645854
5.6286664,6.2589912,2.525716,2.1669786
36.248505,34.346237,0.9791099,1.0429243
4.458537,5.639408,1.6365188,2.5281994
60.213497,63.139046,1.8364527,1.847081
19.067411,16.09401,2.7731802,2.6801631
81.406265,82.12753,1.7109447,1.7182857
95.921486,97.10529,1.9746302,1.9666378
32.820618,38.99735,0.8172051,1.8628168
21.176933,19.30559,0.9116804,1.0593319
36.412926,33.605408,0.9034097,1.1601627
82.07595,73.85055,2.2464151,2.1850023
80.00819,89.49702,1.4407892,1.1091534
10.060765,14.057526,1.3955741,1.1733897
24.417435,22.082876,1.9549863,1.8410567
59.757088,61.30046,2.716332,2.7237859
60.180996,63.16315,1.6905584,1.7833208
24.750515,25.07556,1.1629038,1.0708938
32.910347,41.39871,2.9211073,2.881867
94.50487,89.55591,0.9615547,1.6220305
67.266716,69.83711,2.486279,2.478945
78.419624,81.34122,2.4836025,2.4905853
30.80815,32.756275,1.4418948,1.0694269
86.51531,86.24728,1.7722038,1.7365383
66.54944,75.24914,1.3017762,0.98461443
94.25081,95.59497,1.3955462,1.5561662
91.318146,92.25122,2.876653,2.8766975
55.160576,56.618294,1.2416679,1.5784814
31.502718,33.933014,2.228068,2.131724
19.343632,10.037773,0.93618566,1.7143095
55.04707,55.25558,0.927735,1.064852
26.860415,29.592081,1.4920675,1.0622694
27.131468,23.277027,0.9682325,1.1711318
71.67705,84.85103,1.4824606,1.0260537
67.4201,69.80529,2.2396483,2.253701
86.62592,85.83008,0.9987841,1.3476665
16.327778,17.068832,0.67128277,2.1845315
48.06937,39.84188,2.7796323,2.4641461
7.7235904,9.350636,1.6916304,1.4356618
74.710754,77.88583,1.0966818,1.0059729
64.15331,65.79265,1.050494,1.0215733
42.698666,45.48637,1.8862381,1.8982601
51.854645,52.67515,2.6084666,2.6046052
35.372543,31.252926,2.492854,2.3697567
82.05491,75.913605,2.6947715,2.602009
44.3492,34.768623,2.9888322,2.8831692
85.643295,90.971985,1.4131408,1.1561711
95.21592,94.56812,2.3914526,2.3882046
72.94796,77.88471,2.8808916,2.6700394
72.98301,81.29422,2.1660097,2.311891
87.36071,86.66678,2.045861,1.9824615
12.792835,9.839092,0.9922545,1.2867926
59.961773,61.152554,2.0342288,2.038281
26.311846,24.430618,2.6716542,2.669034
8.150695,6.3789253,2.4879587,1.5752295
68.18395,65.81795,2.3783386,2.2983694
87.10898,87.51863,2.040151,1.9900954
58.601833,62.162518,2.2912486,2.3646746
40.018463,39.27911,1.9184334,1.964017
95.91885,97.7405,2.4583466,2.4801323
71.52712,65.8958,0.5537422,0.9982528
29.52281,30.513985,2.6308918,2.8067458
54.4659,47.39659,0.74573374,1.0641401
95.241875,86.72412,0.6099409,1.0388165
45.780575,44.730526,0.9691097,1.0435015
75.68558,82.940475,1.624475,1.235059
44.35586,50.39388,2.699082,2.7493098
64.78803,65.58071,1.6437577,1.7792805
44.80097,50.911247,1.516244,1.0414104
5.5506625,5.4867783,1.6319181,1.266474
74.718666,78.36937,0.9723229,1.0194976
84.82978,80.722404,2.782,2.6960568
46.365585,47.10949,2.5872288,2.5987225
99.21841,90.070435,2.5633254,2.349762
93.36137,94.840744,2.9444711,2.9294362
9.871711,9.580822,1.7233528,1.4942791
64.95373,65.709946,2.6122084,2.6035545
39.509087,36.82381,0.83705604,1.0672646
6.3851633,7.9345818,2.0447242,1.6613091
75.03142,79.19046,2.7732334,2.8294902
68.53282,68.147835,1.8951926,1.9119931
36.09499,35.96804,1.3105612,1.0380349
1.0359025,5.8893127,1.2403451,1.7374557
9.258545,17.953754,1.0640941,2.2315552
72.7112,82.09233,1.1192191,1.0130137
56.218143,59.652237,2.127887,2.219278
27.915316,27.575077,1.9603642,1.9565353
43.161446,39.26394,2.3436854,2.2671819
17.857546,15.380489,0.8535549,1.1391592
98.366585,92.2195,1.1259177,1.3870999
80.57652,80.731636,0.8835197,1.0165076
28.992699,28.610062,0.9956392,1.3096303
28.079159,14.864101,2.650148,2.4381158
61.69686,64.39122,1.109313,1.0047314
5.458243,6.920418,2.3403754,1.9367228
23.04381,28.437387,0.5838112,1.1264291
19.684753,20.78475,1.5073301,1.1081021
15.260216,26.22256,0.5841131,2.3110745
89.82474,90.84596,2.9310534,2.9323447
53.056206,56.126785,1.9325353,1.9468421
31.292997,26.017086,0.67741936,1.0422456
27.15957,19.302496,2.511229,2.5339007
89.06784,84.90785,0.8295069,1.3138689
20.004812,19.261951,2.0286756,2.0041056
53.459373,61.992844,1.2947171,1.7233595
22.367786,24.041174,2.0124807,2.3098593
17.119831,20.67029,0.60252494,1.0467751
34.236004,37.145588,1.4834235,1.0468976
18.585213,17.807472,1.0376568,1.1081582
6.295817,4.0006905,2.5826108,1.8629514
14.243497,15.424549,1.5608202,1.0918989
10.141087,10.222641,1.2937756,1.271936
65.151596,69.1812,1.2853531,1.0576735
35.882973,29.540962,2.300649,2.015125
33.682568,36.31173,1.3755007,1.0437605
83.57723,83.75323,2.26602,2.247724
10.382587,11.053921,1.1453526,1.0501935
34.404827,30.957787,2.0245562,1.9201477
59.66328,61.08345,0.8815742,1.0366322
70.09256,64.37861,0.81009275,1.3393115
59.484066,60.000122,2.3401546,2.3137808
24.154034,20.48684,1.7333719,1.2636074
21.563189,22.246433,0.97717345,1.1014216
9.162096,9.402882,1.4567268,1.0908175
62.955788,62.364548,2.592649,2.56187
10.47321,10.566406,2.399427,1.5577292
44.990597,42.526165,0.87599784,1.1605904
67.58883,73.85921,1.6082124,1.2537401
90.10878,88.13695,1.9156389,1.8922124
77.20726,80.17493,1.6647675,1.6935985
86.007515,85.531525,1.6230527,1.6552804
5.428044,4.901966,0.50461584,1.5761966
72.708336,76.0503,0.9667061,1.0177792
45.96955,45.288906,2.7287323,2.6666517
2.9213052,2.3839722,2.272487,2.203662
72.990425,84.20654,1.1812326,1.019531
50.902897,56.725414,1.6187365,1.8249359
15.992994,10.500858,2.9879727,2.8826065
45.38184,45.176388,2.9425519,2.8656116
57.591873,62.126575,2.9879813,2.9977212
46.758667,47.620487,1.7478424,1.865325
55.27571,56.717392,2.015704,2.0098708
89.96335,91.05031,2.311238,2.3453517
53.550552,67.24356,2.7512407,2.7794175
66.86233,68.36359,2.2627587,2.262145
91.70524,94.71389,2.8443465,2.8403234
90.0244,93.19183,2.3304784,2.512425
49.834473,54.24412,2.8086336,2.739536
0.60568726,5.551903,1.8652233,2.1340861
5.8260193,5.754524,1.8922274,2.0900815
64.25885,58.01512,0.5774583,1.0431721
49.14032,48.623188,0.7681513,1.0201546
18.92093,12.734158,2.924693,2.8140237
60.264698,61.32071,2.694976,2.7092834
36.970177,30.946783,2.704963,2.518322
16.055365,6.176338,2.5527968,2.2732594
84.37264,83.98387,2.1284077,2.1117914
46.264072,41.986496,2.9751358,2.8906221
99.41085,90.94968,0.74686354,1.3054523
73.4253,80.20627,1.7590765,1.831608
57.201057,54.823822,2.3064456,2.3351986
73.126564,75.02164,0.71383756,1.0315269
65.12167,65.08749,1.1303374,1.1260827
69.516235,81.45819,1.3712387,1.0043187
76.10251,80.056946,2.2733912,2.3156345
66.42462,70.934326,1.96404,2.0096889
77.36155,89.834564,1.5373074,1.1334751
7.8428235,3.3812904,2.9173489,2.1069894
99.24964,84.864555,0.5659861,1.7063957
95.16211,96.36392,2.4903104,2.4841058
91.1332,96.024765,1.562938,1.2644305
15.660172,14.151524,0.69256854,1.1450992
44.673256,47.176826,1.7017952,1.0800014
27.99527,26.765934,1.0518919,1.0568498
82.18379,84.80681,2.6355414,2.6460972
71.97994,78.21142,1.6169373,1.2863095
32.689392,40.164646,2.8189144,2.86439
68.949234,77.05336,2.361532,2.3655818
50.51457,50.392452,2.3126895,2.3024395
41.196983,40.48841,1.6933706,1.4588327
34.214252,41.393864,1.4771657,1.0799546
64.159225,74.8774,1.5427334,0.996293
69.940735,72.646835,1.9897037,2.0781293
48.55234,53.112926,2.0522277,1.9951824
95.20479,95.46536,1.2566465,1.2970576
61.217598,57.044704,0.75433105,1.0221956
15.46674,14.808361,2.735334,2.1920853
12.992679,20.941837,0.913954,1.0750606
54.637203,61.581913,1.5318803,1.0900465
69.17528,69.73757,2.720051,2.7013073
12.564444,14.031746,1.8359132,2.2022839
83.437164,83.903244,2.9749858,2.9439673
53.819515,59.257393,2.643566,2.7912867
89.74855,95.73233,1.8490331,1.8679312
65.432465,66.74329,1.8867726,1.9044471
49.739914,49.628765,0.524801,1.0340025
16.382267,16.221973,1.3411053,1.131285
78.683395,72.94117,0.5429303,0.98921406
43.62908,42.899876,1.0143245,1.0446303
38.01284,34.66615,0.964961,1.0418663
92.898346,95.23809,2.5037696,2.5229151
39.78388,42.665535,0.85889816,1.0866365
35.600872,42.60491,1.5946765,1.4562194
19.783411,26.100122,1.8130533,2.5970263
54.536823,57.560226,2.0409348,1.9498647
12.675306,9.59478,2.6822362,2.1727755
2.0215573,2.4988098,1.9258868,1.2433152
4.3047414,11.27713,2.8431122,2.711227
46.46134,46.6677,2.632631,2.5411832
94.97464,92.01065,2.885164,2.910234
26.570484,24.952715,0.8644105,1.0888679
36.39786,29.282928,2.6970978,2.4769008
7.8025675,14.532631,2.3005059,1.0901554
13.655115,15.139793,1.5078083,1.1034043
16.894176,15.128994,0.8582291,1.0946567
39.865112,43.52605,1.2280055,1.7498847
51.47808,54.419434,2.1821656,2.211031
10.902052,11.912632,1.8219479,2.1175313
41.88885,48.23784,1.6715161,1.159764
87.60559,98.50191,2.6317754,2.7245045
30.239624,31.592827,1.44022,1.249606
28.76662,34.296677,2.4641805,2.7052214
36.60303,37.77584,1.1589127,1.0689206
22.332159,21.186237,1.333355,1.05211
35.859333,36.165726,1.6655469,1.272863
77.75031,72.20799,0.5530097,1.076671
45.025757,49.242977,2.884841,2.8918705
16.230505,19.442696,1.5375897,1.1085734
64.02389,64.24623,1.1216229,1.0648141
38.482536,33.119453,0.518165,1.0617167
10.713559,6.2036705,1.2695317,1.6731281
71.719765,73.955505,1.0965364,1.00999
36.778473,28.888891,0.5130272,1.0691736
65.72217,75.14557,2.779063,2.657811
94.634926,95.70141,1.3369578,1.3296936
47.777706,48.893738,2.7315238,2.800684
21.902418,17.680943,2.5945122,2.3317387
35.2146,39.446186,1.320932,1.681828
97.75457,96.28896,1.7469718,1.7366649
66.437805,66.733635,2.3032517,2.3061109
37.551617,40.32777,1.4544165,1.0662909
7.2902904,6.5106506,2.1830943,1.747218
54.023457,54.98732,2.6911726,2.6685994
94.163185,92.96912,1.763338,1.7555943
3.338953,9.18969,0.9788389,2.2624278
99.19173,91.99593,0.90336514,1.1690094
57.28049,55.639866,2.0906494,2.06537
89.962975,88.771515,2.9290926,2.9482896
77.474915,78.92169,2.820984,2.8304992
75.455605,80.51824,1.4318044,1.2286122
36.472626,40.72527,2.7321072,2.6022565
22.626318,21.395947,1.6121832,1.0528097
57.578423,57.12726,1.1463773,1.1159708
6.9280143,7.8871727,0.693519,1.3028808
78.126976,85.203224,1.1583117,1.095655
90.4755,82.90016,2.9142041,2.7980483
12.566197,10.744534,2.392595,2.368437
99.93428,99.60338,1.4552122,1.5159563
13.337294,13.197731,2.9602354,2.900375
4.5169992,10.654976,0.5237034,2.2985356
10.90234,5.8084145,0.61754936,1.5143658
25.715153,24.013773,1.5108957,1.0502534
93.1962,94.82583,1.2775921,1.2726747
9.266156,9.809837,2.632806,2.6398544
46.245502,45.784977,2.1823208,2.2077384
96.89943,97.33305,2.8129325,2.8250356
25.783575,25.948439,1.9921153,1.8292649
50.827515,62.590614,2.8662102,2.8535502
18.140902,14.770256,2.5284235,2.4912791
14.112711,15.776173,1.6344788,1.0404415
98.87094,90.0957,0.77234423,1.3028531
94.806526,97.68027,1.7328815,1.7656902
73.52808,85.91437,2.4351583,2.4775078
23.021097,21.500208,0.8568692,1.0650849
10.70046,9.632454,2.1495812,2.0936418
63.603477,71.31574,2.4126604,2.4609976
63.49858,67.05016,1.6707249,1.4182978
52.917652,56.72349,2.0038617,1.9814367
15.996489,13.164139,0.5421482,1.1660652
2.0578346,3.7004013,2.6148622,1.9145381
1.8336138,7.1665344,1.8848081,1.5312202
33.595753,35.06138,2.3304727,2.38889
99.195274,96.225784,2.845128,2.7749367
16.3034,9.65176,2.5659227,2.0976536
70.46454,75.91224,2.77573,2.852987
92.270546,90.18126,0.94974995,1.1104026
52.228863,56.010765,1.2561294,1.0708747
33.78438,31.701975,2.738234,2.545938
50.13168,50.264706,2.3624618,2.3617501
70.56828,84.03432,1.5386407,1.0192055
61.251965,61.73014,0.8559606,1.0468446
20.623255,18.990675,2.1394408,2.0591197
4.3962655,9.296276,0.8999309,2.3012567
9.736653,7.5645676,2.797257,1.6621166
25.757227,24.09155,0.90373623,1.0834785
91.0987,90.81732,0.97246784,1.1131148
32.258587,16.202705,2.9620697,1.4008504
53.05533,52.546448,1.9558082,1.9235688
10.341565,11.19006,1.4161417,1.1404071
76.41409,89.92913,2.8416145,2.8323092
97.88002,98.7704,1.5692593,1.6016003
0.6332764,4.806423,2.1399949,2.1918478
52.46059,57.66541,2.4818645,2.5459523
39.813755,40.67096,1.2075475,1.0401102
89.06862,93.75335,1.3550991,1.2013931
11.275414,10.036774,2.3596616,2.3203306
20.112429,20.67561,1.575698,1.0930858
63.96208,67.14807,2.205705,2.194399
77.26589,91.59053,2.6996288,2.7721086
37.590416,38.707355,2.3693779,2.3632414
85.18776,87.19474,2.0261502,1.9458822
7.036771,6.250946,2.2819648,2.2432253
53.967537,52.086193,0.77327746,1.0077448
11.62359,12.261871,1.2824944,1.1324699
96.28397,95.38904,2.9708455,2.950772
13.639211,14.139061,1.4255441,1.8118063
60.417683,62.58648,2.3990963,2.3918123
10.769123,7.948555,0.85632807,2.0240848
76.60005,81.342834,1.6497046,1.6178954
31.660362,29.13542,2.7586179,2.5846694
10.933966,10.566761,1.7782221,1.2530233
17.79438,28.3645,2.055813,2.64416
85.661934,84.84563,2.5004663,2.4907053
52.147675,43.78337,2.1006382,1.9704105
28.68996,22.917622,2.9167511,2.7726169
27.349821,31.194195,2.4422364,2.69492
8.094713,6.6132355,1.1553867,1.4913979
22.40587,20.68161,1.340347,1.7591699
54.742603,53.656654,1.7871895,1.8148707
61.059093,65.6954,2.868833,2.9404006
66.47683,68.187096,1.8649389,1.8305594
26.49643,25.985746,2.2010474,2.0786457
46.921917,41.252968,1.0849801,1.1685104
99.68082,91.1559,2.9828596,3.0
8.660173,9.281643,2.0145454,2.1125515
10.0548725,6.0233994,2.386974,2.3942773
43.80887,52.537872,2.0299547,2.001953
3.369508,2.2991867,0.8999399,1.4050438
6.4141726,6.7067146,1.7313915,1.5643777
13.968368,5.993782,1.4717251,1.9198186
89.99704,90.7047,2.0611455,2.0660768
75.89655,78.81749,1.0116569,1.0192932
18.277512,18.194893,2.2359316,1.4125911
1.6171911,10.78878,0.93355894,2.228395
68.65339,68.005615,0.8700649,1.01756
29.874508,33.346893,1.2415689,1.1051775
27.9514,23.194672,0.6960657,1.4074566
23.273876,21.376467,0.91414905,1.1628318
87.762634,90.43923,1.2632668,1.1125965
95.18792,95.4894,2.6242745,2.6195288
56.044544,55.831944,2.8935804,2.6736946
31.168715,35.114067,1.3000028,1.0490322
83.31227,80.3796,2.093952,2.069495
64.658066,65.04307,1.0947987,1.0648649
57.45371,47.629776,0.5736686,1.0612721
14.173333,10.541832,2.2013555,2.3451605
46.93061,44.649864,0.5545642,1.0394256
97.28149,92.50302,0.69155234,1.1440976
32.96176,30.309795,2.1428034,2.028164
29.791487,28.135292,1.0028297,1.0915427
38.92156,37.77128,1.8584609,1.7901938
63.626392,65.51323,2.1519158,2.2354295
21.68504,16.458412,1.0012623,1.280966
43.031387,38.94265,2.667015,2.6865127
75.165054,75.052895,2.3237228,2.230184
75.15819,73.038925,0.8872009,1.1423957
13.188818,14.00462,0.60408825,1.5568736
0.0432645,4.284561,0.9274077,2.4615738
19.323969,20.426178,1.2574862,1.355154
96.39124,93.673615,0.9651965,1.1998653
69.38107,77.30021,1.2846372,0.99936026
19.5037,16.715607,2.631606,2.648985
13.511306,7.8854523,0.5995055,1.4661912
58.75397,55.561485,2.4178004,2.281376
80.419754,77.08263,0.65562433,1.0205861
9.046383,8.658852,1.3115807,1.864364
50.856674,49.216557,0.5486,1.094073
31.597599,25.66308,0.82128334,1.7192551
98.338936,97.65341,1.4099871,1.423007
8.072935,11.645603,2.6264453,2.764546
97.235176,89.692505,2.876743,2.7563229
14.11761,13.599308,0.5495777,1.1503437
68.29662,76.25267,1.1866843,0.9895048
72.05301,80.44655,1.6288642,1.214844
39.804058,36.71015,0.668342,1.4378793
35.22859,35.989635,1.252515,1.0692751
5.299434,3.8412666,0.7421185,2.5072525
3.166176,9.669975,2.581197,2.4696856
24.818033,22.631523,1.2302369,1.0728015
30.79267,32.922333,2.4372454,2.4231126
48.644295,44.84001,2.950397,2.865064
19.457962,24.702736,1.5443568,1.5547769
95.83609,94.83464,2.289596,2.2520213
89.720085,93.342834,1.3013527,1.2176194
38.442818,50.05398,2.485526,2.7144136
10.454663,10.868771,0.7353429,1.1915283
70.766075,65.45748,0.70667034,1.2507073
90.759384,95.25071,1.4766129,1.3064611
51.54847,51.94987,2.2538283,2.3075008
79.291794,82.78409,2.6734776,2.7055192
75.447624,84.37424,1.2057483,1.0361688
74.04804,77.86131,1.1245422,1.0630608
27.266626,20.301313,2.5482771,2.2848349
24.87496,16.855228,2.3304393,1.2470521
19.163425,20.239952,1.4372224,1.0892637
22.44691,18.525768,0.852227,1.4148695
57.662132,73.34104,2.8279724,2.9905932
18.058575,16.620785,0.8093941,1.1657722
31.561323,29.932222,1.0556322,1.1290696
32.401077,34.67032,1.6565585,1.1258371
38.180958,39.521614,1.127233,1.0406698
74.84323,76.324265,0.8625482,1.0175838
26.059639,24.71739,1.7857594,1.6075191
41.2082,40.685223,1.1777982,1.0494204
1.8939754,3.0777664,1.2503933,2.3898723
56.842674,56.753532,1.069997,1.0529921
5.073875,11.919052,2.747149,2.0462737
17.540993,15.465435,0.8979147,1.2722161
38.325047,31.314587,0.6478611,1.066833
37.025826,41.05131,1.5444387,1.0417328
92.53456,96.655334,1.5116806,1.3581271
44.988922,43.59796,2.2706082,2.189865
43.505146,44.602127,2.2818983,2.268945
5.1604943,8.154854,2.612672,2.255723
0.8040926,0.2032547,2.8766744,1.5148649
79.26912,79.49208,2.1924462,2.1906302
35.144066,36.778233,0.88423866,1.0340731
7.518705,9.966339,2.23188,2.0953271
36.596424,27.328943,2.2604594,1.7449833
4.3801107,5.389866,1.4381453,1.0844986
65.361694,74.363235,2.6893108,2.7914984
69.697685,73.746445,0.943617,1.0285474
86.63373,81.92006,2.3818514,2.3044517
96.2914,97.35652,2.0175567,2.0532317
96.63198,94.40692,2.8832054,2.862958
22.493168,19.38849,0.71564907,1.7403222
98.127525,90.81152,0.5978436,1.0938551
72.54611,74.48909,0.9975814,1.0098614
46.78819,49.43966,2.488565,2.5564365
84.62662,88.68599,1.2182565,1.0855436
40.55994,43.38932,1.4105468,1.0603315
83.70825,89.48875,2.3444064,2.2840588
67.08287,64.49532,0.9102201,1.1457753
77.62796,77.74902,0.81806827,1.0000161
31.060122,28.09191,0.70874226,1.8519136
4.6727276,3.8197136,1.9427744,2.4997945
36.678005,37.48943,0.72227854,1.0368805
85.077,79.26008,0.5130717,0.99306226
74.03651,83.12393,1.5606246,1.1022136
27.411299,25.95999,2.4888647,2.486431
29.449545,29.995049,1.3491881,1.0852408
9.073847,7.760132,0.61758685,1.2619337
47.97925,48.54426,1.8305603,1.7912792
99.75161,98.84839,1.469007,1.4959009
48.807266,48.371136,0.8059718,1.0513544
87.95034,91.546326,1.2813772,1.137672
44.444668,45.46876,0.7870044,1.0307807
54.455017,48.90608,0.7162657,1.1651008
89.12114,91.83441,1.2688755,1.1381159
94.843124,95.475876,2.0563211,2.0346463
86.00173,87.04503,2.8321424,2.8410819
98.23366,95.45599,2.8346732,2.8000183
19.406305,18.742699,1.0002782,1.0775065
62.797787,61.847084,0.98916334,1.1032546
31.508013,39.386772,1.1058586,1.0307839
33.1927,35.85409,1.5631025,1.8170962
63.90327,67.861115,2.2116654,2.3243456
6.2597547,7.662834,1.050349,2.1630354
59.2051,60.550262,2.5223095,2.5796962
94.59262,88.27224,0.6847797,1.0826025
4.070754,8.124535,1.2850914,2.0652773
91.85518,93.52025,2.6566086,2.693409
15.865505,13.070278,2.6365826,2.6187787
97.771805,92.12396,1.232072,1.1459086
90.570526,78.93705,2.6013174,2.4191165
61.18486,72.70122,1.3903701,1.0843248
14.551654,14.596432,2.1383028,2.1780622
10.073062,9.250488,0.9485247,1.1272075
45.389915,49.27856,2.786059,2.64644
62.739826,64.96069,1.7047176,1.1457014
2.672335,2.3002167,2.634257,2.4703162
31.417007,26.794617,2.6560917,2.6133738
57.83457,60.098442,1.7337258,1.7477067
59.32515,61.209084,1.125436,1.017903
7.021732,4.436222,1.0646063,1.2276521
58.66078,65.31148,1.5970769,1.1285576
58.47466,67.28041,2.500545,2.6111605
53.485188,59.82824,1.5466594,1.138044
50.510612,47.951057,2.4257534,2.352838
80.47601,88.22298,1.9619304,1.9636291
82.68895,82.58389,1.8650564,1.7921914
43.120865,41.933975,0.9701367,1.0678399
3.2622602,14.0383,2.3578448,2.6991637
84.22896,78.39404,2.8859422,2.915029
68.63297,69.58623,2.1935778,2.2297099
63.027912,63.816483,2.1521173,2.140654
95.432465,92.78244,2.3108604,2.2183232
88.16995,97.92225,2.3791997,2.4689298
28.10718,33.27403,1.7682796,2.1751814
37.65122,38.239254,2.9745271,2.9465885
29.546824,27.912872,2.5005307,2.3703194
89.46506,91.4733,1.0422219,1.1389055
5.35548,5.228985,0.8430214,1.2794726
73.40071,73.52623,2.3266656,2.327269
78.964935,85.16315,1.2583408,1.0490408
25.127872,28.434443,1.706377,1.8816255
98.814995,98.93971,1.505964,1.509711
74.34117,77.65378,2.3732224,2.2669392
88.049065,91.90352,1.1549182,1.1489758
80.5626,76.388855,2.2373013,2.1960661
53.232437,54.10825,1.8284805,1.8186721
18.821184,16.88501,0.85761297,2.5918112
27.739054,25.51542,0.9159831,1.088963
57.34324,50.279682,0.5052699,1.3307724
68.77981,70.5394,0.82257986,0.98930347
19.266552,19.942987,2.4155312,2.4576168
87.887886,90.160614,2.1097012,2.1146052
21.467627,17.542942,0.60147804,1.0783861
30.575254,30.712393,1.3681,1.0849476
89.76902,95.33594,2.5983825,2.6634138
30.278952,36.185772,1.4992428,1.5157955
10.305757,17.404102,2.4045289,1.8191444
45.926636,41.658264,0.68271893,1.1643968
19.499872,11.94347,2.2529025,2.0078475
91.37338,93.639725,2.5713756,2.6080098
34.952267,36.073917,1.3626012,1.4954181
8.253631,9.001858,2.031144,2.444871
59.87424,58.249863,1.034386,1.1993241
63.449234,63.173706,2.800987,2.6863627
95.84458,92.5798,0.9473324,1.1889124
6.006116,5.786434,1.2471374,1.0799761
63.157665,68.71554,1.2887917,1.0186543
4.832545,5.8183937,1.9447895,2.2492824
13.866129,9.390591,2.5169024,2.10259
88.37056,87.70116,2.3942902,2.408945
1.9699886,3.309246,2.8063374,2.2831743
33.3773,32.899673,2.2430682,2.2255177
72.11688,72.55228,0.98131895,1.0270919
27.906828,25.745216,2.8604836,2.8380728
64.78624,64.59265,2.986433,2.962583
31.788982,20.710756,2.682656,2.5036821
11.418367,15.6479,0.8284709,2.177582
6.7022715,7.8957253,1.203789,2.1050334
77.570496,79.9374,2.8646352,2.864614
40.870674,46.656548,1.5288486,1.0395935
0.15683372,3.4527817,0.79272705,2.0676641
88.67367,88.95294,1.8927326,1.9911748
43.931755,43.923378,1.7248937,1.8094652
93.52949,96.99912,2.4938397,2.5493715
24.885878,23.54307,0.87773645,1.0551579
27.253515,22.154522,2.9584143,2.8987527
33.596138,33.97673,1.0749724,1.0550592
80.36578,77.990814,2.705279,2.5400243
91.822685,95.78097,1.5160438,1.4598144
93.41581,95.33428,1.6148745,1.5793957
22.537315,24.351631,1.5733387,1.3078381
79.494865,87.149155,2.569286,2.7118888
60.142315,62.00235,1.3481492,1.0642211
5.761605,8.237022,1.2425189,1.5759106
64.6416,68.298325,0.8430522,1.006997
46.423115,52.127934,1.4158853,1.6528037
46.267345,47.566765,2.7069516,2.7591884
1.5967717,5.7029877,2.2909281,2.488339
6.838425,7.6396103,1.6454109,2.0865195
76.67132,86.796524,1.4576674,1.3136154
76.72069,76.384575,2.649657,2.6300552
34.238853,36.224014,1.5968925,1.1090153
23.745716,23.541208,1.6973522,1.6353568
89.38272,93.274155,1.407082,1.2313347
82.22371,88.01143,1.2395171,1.0538532
94.57131,94.65527,2.4593046,2.4738889
58.284092,58.402306,2.2843716,2.28363
77.13412,79.0549,0.65850544,1.0423181
53.949047,58.278664,0.75262016,1.0353136
14.442534,13.713619,1.764415,1.8168886
67.93152,66.23336,2.5322826,2.5890815
71.50208,64.86299,0.58628166,1.0673412
23.396437,23.183252,1.0771929,1.1115353
63.79644,63.40861,2.4365687,2.4490008
41.06141,41.782196,1.259427,1.106597
64.40553,63.92603,0.9324821,1.0287852
7.127447,8.730747,0.69391084,2.1030035
26.94709,30.483242,1.2727132,1.6921873
19.1985,16.162064,0.58142245,1.1485304
51.60083,55.25767,1.8473577,2.0431674
76.68448,87.91513,1.5559181,1.0929593
94.84269,94.95975,2.7834246,2.7824523
62.046223,60.37128,1.813796,1.9722437
3.919834,6.4884796,1.8523581,2.0634086
74.5797,76.98834,2.1480792,2.102646
50.199333,49.068665,1.9778503,1.9490875
2.8438518,3.3034935,0.98523766,1.7571416
41.732685,41.358124,2.7826204,2.7881515
15.633809,22.125912,0.9744058,1.131035
4.849394,6.269417,0.6825386,2.025159
54.618042,55.543156,2.2531075,2.1268284
2.5486977,3.190754,2.329087,2.679589
43.332336,40.240147,2.4226685,2.5328903
12.210825,11.558937,2.7058723,2.767868
24.67575,17.550232,2.8288543,2.7874134
84.11329,79.28857,2.263763,2.3268082
91.27399,93.41198,2.4996996,2.5158606
80.91819,84.09656,0.84833884,1.0284858
2.4473991,12.679478,0.53264153,2.0402093
44.153164,46.509533,2.6077762,2.4827392
75.550255,70.72271,0.60752577,1.0306222
13.730328,15.620369,2.7667172,2.6602688
83.37107,80.04039,2.349393,2.2853057
34.829124,36.161438,1.29181,1.2424152
98.95834,99.47354,1.9291989,1.9497185
46.00363,41.324444,0.5697321,1.1748619
7.8951054,3.4780579,2.4819367,2.2290044
9.007027,10.747288,1.0830023,1.4601303
93.36291,90.297775,0.96660894,1.180264
4.9576936,8.890152,1.6374774,1.7706716
9.717983,12.818939,1.6744087,2.5614555
52.63541,52.427574,1.0106173,1.0500265
52.083477,54.8042,1.0093179,1.034246
39.910233,40.54981,1.6876485,1.3314403
10.421041,17.866905,2.738879,2.7865825
19.736212,18.984793,1.7280992,1.3097432
40.654434,43.37368,1.2315769,1.242375
72.99307,78.98201,1.1093925,1.0286002
17.25108,18.91802,2.061531,2.0862727
47.011234,44.860207,2.308762,2.1610706
27.990528,20.494331,0.7225916,1.1866941
33.23283,47.761547,2.0441291,2.3732083
71.62031,76.42523,2.051676,1.9436846
97.87467,99.519775,2.2937787,2.3376184
30.477968,32.861244,1.9943882,1.7717098
31.91094,26.202068,2.989783,2.7392573
77.874855,82.836,1.4347295,1.4120358
50.434654,43.061543,1.8855387,1.7588522
66.325294,61.48816,0.5900367,1.0423868
63.675396,61.09553,2.393979,2.3513975
68.76626,68.027054,1.1944797,1.0054338
82.380455,87.70125,2.5457487,2.624504
83.88612,88.59305,1.1941847,1.0795214
98.34693,98.554596,2.6979609,2.7270832
2.9745247,9.930084,2.2491434,1.849842
71.5325,78.7511,2.738925,2.7921486
10.484772,10.237236,1.2567265,1.8213356
6.4436235,5.238144,2.1026642,2.1211078
38.334217,33.45453,0.6591315,1.545178
16.359173,12.734783,1.8693417,2.094257
17.23029,12.044632,1.636764,2.219372
73.1413,79.71121,1.0515771,1.0023193
27.351683,18.179972,2.9108646,2.6638963
61.5116,53.43452,0.511584,1.0603733
43.84511,46.13673,1.2555072,1.0488636
47.887703,50.418446,1.586322,1.0500573
92.083916,94.649635,2.254669,2.2701857
72.370224,86.28717,2.3345664,2.5447326
36.82523,39.036537,1.044389,1.5619544
39.598114,41.14241,1.6156844,1.1381538
84.54822,88.07439,2.2501988,2.3120728
35.613094,25.210182,2.6620486,2.5696855
79.848305,87.385414,1.6799406,1.5501558
6.8171544,12.367611,1.8019785,2.1498444
51.830086,52.27405,1.8569871,1.889055
19.21035,13.702431,0.8558037,1.178359
41.457893,39.755577,0.7036381,1.3756537
6.6132746,5.482273,2.4252803,2.2696748
97.85541,95.663574,1.9411856,1.9501643
2.006816,6.3223457,1.2246032,2.3268218
23.050907,31.40469,1.9779508,1.6318707
70.33829,70.84319,2.3605847,2.3622763
52.40347,55.35133,2.137597,2.0936344
57.1274,49.10697,2.3056316,2.0518956
59.212864,59.39476,1.9010979,1.8937529
25.476934,25.819452,1.4004205,1.3384283
16.714645,19.386663,1.0564901,1.0517094
56.598366,54.54591,0.51947707,1.5438626
7.048708,8.5784,1.7177161,1.7187011
78.61812,81.28394,1.5996943,1.5598843
48.515633,45.38544,0.8401811,1.0550065
46.809322,45.605797,1.894136,1.916259
37.603065,41.036064,2.4654455,2.4113965
70.333694,73.80664,1.7298561,1.7145361
3.3006928,16.206558,2.6167035,2.054365
27.23506,23.079018,0.892447,1.1246557
63.443466,70.79942,1.4280956,1.0934513
25.768902,23.096954,1.3413864,1.1794226
75.53231,77.37749,2.5511973,2.5460744
94.75519,91.22296,0.93382436,1.2427511
49.858055,55.08196,1.4786832,1.0067184
96.013115,95.01877,1.2264358,1.3309467
41.27112,40.55518,2.3224502,2.3766758
54.62582,66.42163,1.6551763,1.6649038
63.586693,73.18257,1.6004298,1.7437348
78.87745,80.20035,1.9346361,1.9371402
27.591042,22.551514,1.1016366,1.1266985
51.03524,52.1771,2.8706217,2.8752944
2.1104288,2.4051094,1.7326378,2.002877
37.286446,34.594788,2.471373,2.3501573
52.956573,50.211357,2.5316172,2.4921043
70.929276,67.397964,2.008161,2.0031228
8.513022,10.385086,1.6658441,1.0848315
56.23139,61.93134,1.2466328,1.0144038
43.27885,43.00374,1.1700954,1.0931299
57.60175,64.36464,1.0071058,1.0225434
73.540596,78.21025,1.1125431,1.0572113
99.2374,97.116806,1.2645578,1.3554667
83.27134,71.854774,2.5288668,2.448446
9.533018,8.7574005,0.9597416,1.2305603
86.85199,86.94191,2.1142313,2.093408
57.619854,65.30683,1.4887668,1.0794411
30.214981,19.077393,2.2768857,2.125305
79.24519,84.904755,2.3061345,2.3742604
79.67824,80.68643,1.6667786,1.74028
28.898039,21.250834,2.8908827,2.8240592
29.474064,30.859352,2.3209245,2.266455
78.90028,85.9364,1.2369163,1.0510914
98.423744,96.91718,2.8368468,2.8335176
59.72047,69.13528,1.6166574,1.1235756
12.896818,10.393234,1.0630825,1.5468982
56.721077,59.889847,0.9621986,1.0126221
41.945324,43.935246,1.277614,1.0460563
58.82548,60.132793,2.0475554,2.0452757
52.273796,60.02112,2.1547434,2.2685075
98.43301,97.85466,2.0026598,2.0048077
73.733826,80.51566,1.2935928,1.0191181
80.596985,82.55119,2.556238,2.4435706
97.19933,87.61601,0.64465445,1.0630007
56.177948,63.648476,2.8749886,2.748444
65.46475,79.39197,2.6526196,2.8441393
52.73106,54.494293,2.1078155,2.0264466
5.7755322,7.0280266,2.60807,2.4767497
66.11251,68.559586,1.6627799,1.5988307
83.25494,87.25331,2.5109215,2.5420437
18.497967,17.648312,2.5273638,2.4438136
30.18169,31.03598,2.1490643,2.2144227
70.55337,80.94916,2.4291246,2.536866
23.349674,21.17201,0.7996378,1.7475114
16.021204,21.0253,1.4463701,1.0450399
6.2453914,11.098831,1.9820123,2.1965017
10.79714,12.631504,1.5463895,1.961577
96.77449,93.53526,0.7510751,1.2018392
18.206322,17.601917,1.8009069,1.7303878
48.40031,43.32554,2.198788,2.0039542
22.552763,22.144081,0.71876717,1.1081301
18.584911,13.161751,2.4078598,2.6655214
17.14546,18.421516,1.6720515,1.1404197
91.23202,91.447845,2.237479,2.2505636
26.559702,27.014345,1.560277,1.0374854
91.96532,97.14465,1.3770242,1.3438929
5.192533,13.51976,2.883825,1.367705
73.585594,78.10108,1.1005204,1.0104411
24.413969,23.370169,1.7774531,1.4664956
96.05498,92.657814,0.890167,1.1693738
67.83944,65.046745,0.5733936,1.0209272
40.360287,34.79032,0.6081404,1.0829742
60.416454,63.800404,1.9255421,1.8572354
99.1663,96.97398,1.2684568,1.35743
29.086626,29.680317,1.6115613,1.1254764
49.261944,46.026043,2.9325738,2.9266958
41.350655,43.451134,1.267585,1.0471957
24.326143,24.541262,1.2174535,1.0827036
12.610026,13.074852,1.36577,1.1163394
43.980362,38.693947,0.6737095,1.0796736
48.90156,52.777275,2.5127704,2.552988
26.177399,22.666838,0.63719445,1.074642
68.00719,84.125656,2.5897336,2.8302457
11.536682,10.523624,0.7132462,1.117961
33.235596,36.226505,2.0727503,2.147574
7.366581,7.3112755,0.8204698,2.0434089
19.663862,18.799849,2.027969,1.9832022
33.7609,33.013973,2.4753788,2.657155
86.20077,82.471924,0.68446237,1.0135794
38.428078,32.7771,2.8365088,2.6848996
83.08703,85.77783,1.9384052,1.9841894
31.80517,31.467218,2.3589587,2.355019
85.55195,88.50487,1.7345657,1.7399033
54.17825,53.98249,1.8753479,1.8931352
64.55502,72.55507,1.5642115,1.0924246
65.319725,65.30442,1.7310033,1.613513
87.325584,85.36287,2.896394,2.909003
46.74158,45.048943,0.7327651,1.073166
31.151026,31.302853,2.1393201,2.1598134
30.473291,21.030106,2.664718,2.4651928
5.5176177,10.635384,1.9018488,2.44801
57.626312,53.8902,0.6224006,1.0893658
49.01466,51.143936,1.3356676,1.0342011
26.494074,26.622663,1.7590847,1.5928382
10.327866,10.961941,1.6305401,1.2189568
21.125683,21.970547,1.5660014,1.1415888
67.36888,83.028145,2.3924785,2.4871101
16.194963,16.139965,0.8671923,1.4259455
73.74021,80.278885,1.2383947,1.0115856
41.034576,40.881893,0.7367317,1.0516987
90.14108,91.170044,1.0674775,1.2160888
1.5584061,3.1897888,2.1684418,1.9256123
97.43175,98.406265,2.1342158,2.157276
9.670409,9.642822,2.062868,1.66501
7.359354,9.942436,1.6216918,2.0056584
54.828274,49.20072,0.61511993,1.0417006
42.275253,42.244736,2.1345353,2.1226015
44.722107,44.945263,1.0006809,1.043164
61.74579,57.025494,0.7050292,1.0007527
15.109076,11.63599,2.6706414,2.563118
1.6907556,7.116085,1.9561584,1.687129
0.7617753,0.8005028,2.3153975,1.6436611
33.079967,32.865932,1.793669,1.8776702
31.056332,26.830568,0.6592067,1.0801212
45.47357,42.103107,0.83798945,1.0725867
23.213074,21.04416,2.0625858,2.150969
97.868965,93.30955,0.7244162,1.1543252
9.754017,7.4982986,1.7436761,2.2125044
28.885508,28.558636,2.1515696,2.1550908
10.801505,7.180195,2.9883618,2.7667942
52.34526,55.38103,2.145461,2.23737
74.675476,93.06143,2.2167141,2.3362756
71.696785,83.94738,2.9411998,2.9512956
49.83118,44.023952,2.808959,2.7498522
47.492004,46.375015,2.1408055,2.0646129
72.527214,76.69947,1.2267168,1.0242748
57.95168,58.74868,1.0679002,1.0283103
54.33662,51.343616,0.86049485,1.0426357
59.9352,69.362526,2.0360746,2.1872916
95.22118,95.232574,1.9727567,1.975724
65.467285,57.381985,2.4090118,2.2832413
20.135372,17.039246,2.12923,1.4294883
9.727405,10.046757,1.1684109,1.1134238
94.69057,89.197784,0.79212,1.0967972
17.602749,9.482464,2.9596617,1.9829319
39.40475,39.086887,1.9291751,1.9568064
3.7918093,8.461475,1.4142355,2.6670792
94.642136,96.35297,2.9515705,2.9679446
20.730658,21.82233,2.0681236,2.1274464
73.85535,70.50441,0.6898907,1.0005828
59.469048,55.54389,0.7001713,1.0421419
84.87589,84.19516,1.6215518,1.5459105
42.50854,38.92811,0.98332995,1.0424057
16.706387,3.8959846,2.8257384,1.7496303
33.982716,28.712414,0.8234378,1.1162744
79.7882,82.02756,2.8511329,2.8783374
47.184277,50.161552,1.4023662,1.0391359
60.16359,53.18654,0.69543004,1.1358191
4.935766,4.82917,1.0055073,1.1909266
1.3966957,1.9801178,0.82675934,1.436017
23.703375,20.095602,1.7372386,1.401083
15.770278,14.501472,2.507751,2.4324098
18.97467,25.45461,2.3358788,2.519473
99.08618,97.35432,1.2886614,1.3919301
53.628513,58.416687,2.1741838,2.2361856
57.676605,65.898674,2.4376447,2.5259356
84.44537,85.68735,1.6456343,1.5477465
7.11869,7.923195,2.0248258,1.8147157
77.53026,75.15208,1.931137,1.875468
27.321253,20.664356,2.564548,2.347826
10.957383,8.490337,1.7499312,1.8744112
54.666317,55.531433,1.1122257,1.0424764
21.862991,16.193447,2.9563153,2.8601425
66.53622,69.04173,2.5130038,2.5310936
16.113754,14.965359,2.4676998,2.7439709
53.94889,53.643246,1.1198229,1.6124055
41.754448,41.924305,2.3534763,2.354457
80.05417,86.8929,0.93116164,1.5745296
16.49418,13.52457,2.6083217,2.552083
41.860905,39.4765,0.6048464,1.1369431
55.91027,56.97516,2.2882085,2.2961652
64.92017,69.554955,2.0056634,1.8625832
58.2582,53.30132,0.88283527,1.0760963
44.21599,38.48844,1.837473,1.9144632
11.131124,13.959415,2.1113691,2.200532
18.43167,15.730152,2.2946618,2.2102714
62.217922,71.852066,1.4496704,1.0173604
17.598383,14.894161,2.532893,2.3036203
30.509527,29.837505,0.98230964,1.1744674
62.527817,68.46647,1.0577004,1.0257994
67.36561,71.82167,1.7586014,1.7202647
70.31106,71.81322,1.9182364,1.914009
73.960396,81.365906,1.9836609,1.9599613
32.897797,30.410524,0.87131655,1.1363958
21.763535,26.87965,2.4463527,2.6751359
73.58641,74.6938,1.7397283,1.7606564
96.99076,96.29076,2.3754692,2.3383856
12.106006,9.198441,1.4453455,1.5048783
33.212807,32.653057,1.1159605,1.2865574
15.565664,15.399204,1.7123011,1.4205251
33.613445,35.583313,2.5620153,2.6478474
2.0758333,7.54657,2.0636864,2.5551019
0.97381294,2.4537086,0.629493,2.445397
96.20682,95.70668,1.3713112,1.2624866
49.027,49.10885,1.9291387,1.8949546
18.19747,17.193802,2.2698934,2.5354643
52.034492,50.531666,0.9492664,1.0254967
88.839966,81.31847,0.80878496,1.1950958
21.171034,21.205776,1.0579283,1.0901858
57.982006,41.781723,2.9804444,2.4591098
99.4384,99.48465,1.5577773,1.6200154
45.259487,48.23262,1.6650691,1.4525892
36.274193,35.031796,2.094704,2.1118445
92.59032,91.11211,2.12653,2.023933
77.03655,78.86749,2.0491045,2.0670977
34.954098,30.267252,0.6676199,1.1020732
82.72542,84.05348,2.0565536,2.0475507
86.83375,87.81077,2.1489556,2.1401997
79.43295,77.62039,0.5603556,1.2403367
87.43233,89.74823,2.0844672,2.0829864
17.431284,21.182861,2.2182136,1.1663485
71.59887,70.60885,1.7841219,1.5689058
86.27741,85.406075,2.8755503,2.8255398
74.29768,79.99151,1.9583852,1.9931971
35.511833,34.27444,2.2385032,2.1634705
29.734169,30.860073,1.9072194,1.890416
26.4169,27.121271,2.7251446,2.7136977
94.09107,90.86835,1.1854527,1.464117
24.894373,23.402878,0.69749963,1.2047307
80.35127,82.7381,0.9549902,1.0406582
68.55612,81.82197,1.5249426,1.0082679
99.10205,93.82269,0.9121521,1.1806054
26.018488,25.221489,1.3020191,1.2483578
24.75814,23.023418,0.6414437,1.7399246
57.433746,54.912247,0.910949,1.0384243
33.675835,29.138092,2.3807132,2.4433522
84.40525,83.277954,0.9763099,1.0279647
46.92628,47.31218,1.6895779,1.5976366
23.989765,14.620525,0.5172879,1.1540642
67.50927,69.097084,2.3509386,2.3728108
62.172775,70.1454,1.2636561,1.0901217
81.44806,84.214905,1.7471106,1.7195473
84.03266,79.23844,2.0947514,2.0159426
37.548058,34.513462,0.8309037,1.0750434
2.747193,3.4402122,2.6705308,2.0348687
5.8355994,16.833324,1.3711591,2.7522106
66.533394,71.45641,1.199634,0.9918468
31.21731,26.739807,0.6873417,1.1596832
25.985115,25.793911,2.0121157,2.0682025
29.490911,25.817043,0.5424248,1.0468802
55.4398,57.85554,1.8121845,1.8504627
6.529473,5.921341,2.199184,1.2067785
18.298086,27.133204,0.5081654,2.3166385
41.405655,50.016926,1.7277938,1.9834213
35.457836,38.40258,2.4702199,2.6704323
77.77606,79.47309,2.019385,2.0293043
21.11233,21.33945,1.5808645,1.2660998
55.833828,55.47308,2.0542872,2.0247948
11.9323845,7.9878883,0.7367767,1.620984
26.772724,25.797338,2.1544242,2.0753748
30.065376,28.223656,1.8125602,1.8150592
94.01473,91.697014,1.0431688,1.1905361
54.90069,55.066616,1.1312053,1.0440749
87.80755,90.61667,1.1499035,1.1314194
75.8976,81.78589,2.2733884,2.3129363
1.0966884,12.629105,1.1910095,1.1140188
17.091908,15.397648,0.62791175,1.0755935
56.504105,56.39923,1.7486061,1.7283663
79.793144,89.22186,1.468722,1.0824496
0.46757707,14.440823,2.721186,2.1584773
2.4499738,4.984562,2.2321327,1.7535585
84.851944,86.27188,2.7581148,2.7636733
30.157106,28.562641,2.4663663,2.5043106
94.56205,88.67357,0.8522077,1.0893873
66.01972,66.574875,1.7981654,1.9393204
37.868385,38.233826,2.1655293,2.1510596
93.34067,95.69062,2.05185,2.1087904
69.59914,65.614586,2.8384953,2.8424568
39.2489,35.107964,1.0163383,1.0721824
6.3404346,9.754368,0.56622624,1.1353042
96.70446,94.22171,1.0827868,1.2596476
31.037903,32.669174,1.390199,1.0719153
90.88787,82.56963,0.5200802,1.0682669
5.957959,7.634182,2.066264,2.1869595
92.55741,84.36791,0.63678753,1.0733905
0.9451894,1.1279335,2.2259688,1.5474393
75.31229,75.50781,2.9062068,2.8269162
67.668304,68.30713,2.4641943,2.463097
46.12434,50.537308,2.6268523,2.5350962
83.842255,84.05935,2.2306294,2.2182584
81.8125,89.7829,2.7666268,2.8066163
82.0234,82.44252,1.8147937,1.8222202
67.85822,83.72891,2.9801145,2.9674406
99.35768,96.33756,1.1679335,1.3406929
79.055244,74.109566,2.9375386,2.9192777
63.33719,63.293785,0.9413827,1.0094942
84.82546,94.74249,2.751052,2.8637085
15.257458,14.000717,1.066194,1.4262652
24.415668,18.552534,0.6957878,1.184396
48.153572,46.450363,2.9584718,2.9384854
63.129665,63.765053,2.9526331,2.9399807
96.64572,96.295,2.2479212,2.2317548
45.12117,45.135487,2.7701418,2.7909071
17.869144,16.144802,2.9588237,2.867148
8.052638,8.333458,2.928467,2.6967306
6.7618437,6.388363,2.480411,2.413266
76.42918,81.01418,1.1635346,1.0210708
55.891396,60.940964,1.5804912,1.1044296
28.60265,28.92921,1.9495656,1.9028302
14.756813,16.590511,1.9059368,2.0672321
93.47489,95.094475,1.1191621,1.4226756
65.45105,67.41376,1.1773489,1.3112259
81.88362,81.19238,2.3506258,2.3377557
58.476166,67.36737,1.3005266,1.0033649
29.33477,28.389917,2.6636312,2.6790152
80.92162,77.055664,2.6887624,2.659635
30.339056,31.962364,1.7720448,1.8183165
66.67177,61.035007,2.5969565,2.2576594
45.316246,42.17754,0.74233174,1.0197463
0.5706674,7.624996,2.8354568,2.6585345
21.773897,19.034603,0.54922366,2.175887
12.398937,16.921993,2.6936247,2.1802096
99.0519,97.189926,1.3417358,1.3534272
28.595089,31.685791,2.4989092,2.528376
91.08318,91.18953,1.75137,1.6542513
47.842045,48.42672,1.8688486,2.0159626
67.55522,57.484474,0.6084179,1.0522856
10.674889,10.158428,0.83056486,1.1214187
49.58169,56.414135,1.509659,1.0325576
81.60835,77.27132,2.8217497,2.711978
60.75328,60.281445,2.8128207,2.8168678
59.227222,67.84006,1.5251484,1.0275427
31.742258,25.409758,2.0795624,1.9987235
83.730804,84.57215,2.1461782,2.152356
6.592438,11.516674,1.5533013,1.4027978
25.95056,30.224056,2.5188901,2.3460538
72.90643,75.2836,1.7656103,1.7011018
62.296722,55.96176,0.58394104,1.2904983
5.802687,9.318752,1.0942963,2.1888268
44.512123,44.383976,1.9717293,1.8403339
82.70993,80.17896,0.66086644,1.01296
42.569885,46.63954,1.4989988,1.0839381
92.64013,82.39351,0.65195626,1.2373099
2.0343719,4.418476,0.99114925,2.5574784
89.077644,89.266785,1.7284248,1.7294137
79.88398,83.919556,2.5201807,2.555035
19.843334,15.212887,1.15341,1.1938094
57.550095,62.276775,2.9957807,2.9812431
21.921492,20.042288,1.3238406,1.1999717
70.685745,74.777855,2.0130908,2.0801206
75.752495,78.034454,2.0290747,2.0406399
4.6611295,9.96003,2.020784,1.9781017
33.924137,28.643112,0.66155213,1.3898704
71.932205,78.07989,2.6701455,2.6342418
72.148224,75.7352,2.175206,2.2058597
98.90494,94.147514,1.6611973,1.7115527
14.0441,21.540232,2.3443532,2.765311
43.24318,41.17182,1.336613,1.2103094
44.37083,39.53183,1.8155962,1.620012
65.558876,75.27681,1.4001783,0.99385667
40.356064,37.556103,1.1474072,1.0328135
99.646286,97.602005,1.2727115,1.4616127
77.81841,85.05823,2.3570852,2.425426
19.098618,10.216427,2.657047,2.598368
86.89321,82.07149,0.806592,1.0027659
14.177054,11.93095,2.2808533,2.0285137
17.898836,14.301159,0.6433761,1.1353419
42.305084,46.765076,1.7220709,2.0373816
74.05795,83.17972,1.4078252,1.027533
96.38924,94.99466,2.5942597,2.560945
61.67236,62.345932,1.7912389,1.7260342
20.556831,14.611973,2.8076527,2.5961642
65.1149,64.076,2.0821533,1.8792644
26.503477,22.961195,2.4187455,2.2973282
78.05909,83.378174,1.607264,1.3885335
22.883934,29.84566,1.560086,1.573373
68.1277,64.04086,0.8147103,1.0564994
43.18854,47.364494,1.5360231,1.0608916
77.23804,80.357475,1.6523017,1.4759302
29.583937,24.943018,2.0784223,1.7220763
28.293358,30.642534,1.180138,1.138706
54.4125,47.768852,0.57345843,1.1088021
27.883371,29.247885,2.441819,2.5327377
12.959602,9.378208,0.5743829,1.6177176
49.459217,46.987305,1.8114552,1.6446474
1.1812593,7.736309,0.735285,2.6856785
3.782231,8.584263,2.982111,2.3051925
67.56943,60.808136,0.5632629,1.0112605
22.748919,21.235502,2.3152604,2.2806845
47.046696,51.19731,2.5266042,2.6474328
87.85168,82.45128,2.8403022,2.8059466
60.190697,56.927567,0.53513896,0.99719363
91.003,93.1598,0.97809076,1.220763
7.554143,8.505795,0.8566403,2.6351562
20.613813,19.436092,2.254415,2.2879336
67.50228,62.741737,0.52346486,1.1466894
4.4199724,5.0139656,2.288299,2.2850342
6.1532927,17.331566,2.8465996,2.830492
77.98151,82.470795,1.1970516,1.0175972
29.956696,36.22081,2.9388585,2.9575925
79.942894,79.21079,2.2284224,2.2268138
4.9344907,3.1878967,2.5478084,1.7622848
45.52787,39.853565,0.54559153,1.0612326
60.303394,59.951893,0.9888844,1.0241718
71.62078,77.18318,1.3812504,1.1525438
63.26667,64.72626,2.3352442,2.2325423
57.239807,58.32563,0.8799892,1.009922
68.988846,66.55447,2.8808799,2.915824
3.8554327,7.122738,1.0139426,1.9609511
94.417534,98.91817,2.4450853,2.3874545
97.55235,96.94588,1.6269717,1.6334158
61.331768,58.482613,1.7669076,1.3919028
58.044296,61.761528,1.6913897,1.8742324
67.44919,63.179535,0.85652834,1.1035048
25.166338,31.204752,1.3940358,1.1126921
54.754826,65.483574,1.3381729,0.9930869
25.801832,26.616407,0.91919804,1.1147704
43.85432,45.582226,1.2711358,1.0188167
20.438637,19.848341,1.0620018,1.0952003
38.406635,39.80977,1.2548805,1.0344822
36.847202,37.25887,1.0134025,1.0228156
73.29769,67.701996,2.3525453,2.2815578
55.59589,56.67209,2.065976,2.0663745
45.955208,43.773315,2.0320594,1.9984596
21.331635,21.43511,1.9395299,1.9372324
70.206795,78.66861,1.2600149,0.9980838
38.428703,41.203976,1.472712,1.0494977
5.2821083,6.123684,0.600273,1.3104824
9.121679,14.268444,1.02296,1.2160497
19.698782,19.09056,1.9108893,1.8597636
35.37697,34.327385,2.72727,2.7129867
8.565461,8.009766,1.429936,1.5840706
36.160915,40.41444,1.7267541,1.7525889
70.90017,79.40585,2.3264875,2.3991337
89.3679,90.81966,2.7694812,2.7694929
31.985037,34.00176,2.0653384,2.1468506
92.741066,95.86795,2.5343869,2.468784
89.48444,89.10991,2.6367857,2.6181736
20.28604,21.365353,1.8063368,1.0948446
70.88999,73.8584,2.7462332,2.7838917
33.42614,27.415106,0.59005797,1.0484633
48.313576,48.737835,1.7683449,1.268527
26.032246,18.337162,0.7466335,1.2969697
85.51172,81.36375,2.84804,2.8048396
32.67836,40.121326,1.4308884,1.030288
52.842377,53.322723,2.72217,2.693286
4.478777,12.009571,2.7693124,2.4903514
65.11596,74.246994,1.4859586,1.0049299
65.049614,74.3109,2.8664584,2.7824721
52.521347,48.936718,1.7983552,1.597589
87.411766,93.072075,1.3629421,1.1754094
91.40123,79.78786,2.7469387,2.642254
87.02362,87.93228,2.103908,2.0912862
77.80807,84.14415,1.5946224,1.2792704
84.417595,88.70375,1.3056257,1.0651584
17.313967,14.647812,0.6261243,1.3753691
61.13737,65.076805,1.3277466,1.0144541
71.221344,79.975464,1.8743824,2.0226393
60.630642,49.850437,2.3164644,2.1736817
65.703,67.59778,2.5942638,2.6020794
68.90208,67.48754,2.2694635,2.215197
97.81081,97.9373,2.8745317,2.9025078
87.464874,86.95265,0.9293291,1.0379136
99.211784,95.303314,2.9213412,2.8704805
73.50501,80.29535,1.4072022,1.1032364
78.13585,77.31271,2.5804074,2.632347
37.246994,35.35811,2.5843596,2.462264
97.88124,96.78004,2.6856256,2.801437
18.78881,23.7726,1.5660518,1.84789
94.18065,94.956375,2.1224275,2.0991955
30.10552,30.30533,2.0154207,2.0042245
53.507477,61.75731,2.2524219,2.364748
21.438463,24.100435,2.3944783,2.5428808
99.75028,97.80227,2.706032,2.700498
84.33852,85.03844,2.5495098,2.5296843
33.578583,32.265488,2.2025526,2.2237408
9.182264,13.264065,1.822534,2.208596
49.5735,52.195618,1.2974871,1.049423
56.499165,56.173775,1.7931143,1.7932205
79.74987,79.43417,0.6693759,1.0147111
94.312355,84.56801,0.59192157,1.1224747
69.61668,72.74018,1.6157286,1.429667
74.89111,74.38251,2.3189597,2.298093
51.14274,56.172394,1.7765521,1.8214755
94.259705,93.84331,1.1700743,1.1905751
19.271345,25.817293,1.9629675,1.9668295
87.458015,88.08188,2.1423783,2.0651307
53.057167,48.588917,2.4914362,2.483426
30.631102,27.425495,0.82024634,1.1780136
69.853065,75.98904,2.7483845,2.7808428
81.12734,80.01493,2.9952354,2.9613323
72.062836,71.54305,2.2945306,2.317366
44.27607,44.112545,0.946882,1.0120659
83.03129,84.03288,2.9867008,2.9609392
86.54342,88.04634,2.9677022,2.9498355
3.6197262,3.1364403,2.6462126,2.1860209
33.21802,35.692352,1.7563266,2.0758038
45.48188,44.751774,1.951011,1.9634062
51.800617,56.007053,2.7998202,2.7607746
87.92459,89.35979,1.7613825,1.7530477
27.798935,21.6794,2.8706212,2.8469791
22.246105,12.397854,2.6930907,2.5215945
5.613779,4.6816216,0.9697265,1.1814147
42.03956,40.593815,2.3655777,2.2675426
92.39819,92.94997,2.984586,2.9644365
72.73955,70.02281,0.52572733,1.0153166
88.26637,86.02916,2.7182302,2.6192832
9.982221,14.814892,1.9117777,1.318001
73.11813,70.34731,0.88522536,1.4704163
98.2509,95.26962,1.2780988,1.2182971
62.544495,61.123356,2.3886666,2.4057522
32.20062,28.050718,0.59580743,1.0932631
10.534722,9.566132,1.8796312,1.9012858
6.0613165,4.944767,1.6277385,1.6132267
58.326054,63.910294,1.2476107,1.0440369
30.33384,43.14473,1.8690658,2.3541126
13.927907,11.877201,2.4379056,2.438902
46.82342,44.432144,2.9938483,2.877234
28.609747,29.787584,1.5905435,1.16114
13.675291,11.683418,2.5544493,2.5596237
91.90343,87.655846,0.8274272,1.205689
45.445755,46.359356,2.099656,2.1523082
71.68919,79.68071,1.373247,1.0257878
55.986916,57.96751,2.7786145,2.85742
96.599785,96.10248,2.1431746,2.1302552
36.80237,38.812943,2.65965,2.5319204
31.232567,30.765694,1.0219691,1.0903718
25.062082,21.910252,2.6976542,2.8009195
24.694283,26.60951,1.5578773,1.0721686
17.70249,18.28313,1.6189799,1.177398
76.93367,73.058014,0.6591014,1.0195838
96.73744,99.22568,2.3416002,2.3610666
73.78632,72.5403,2.9235072,2.900335
70.240585,64.059746,2.2161357,2.076068
95.20381,90.198555,0.7280174,1.1010203
64.89514,68.82878,1.1081066,1.8112173
43.14855,42.726055,2.1875634,2.1737936
48.076965,46.99448,2.1298044,2.068647
0.13260072,0.0,1.5717434,1.7089925
81.734764,89.07498,2.6466708,2.6916764
99.30763,100.0,1.8899702,1.9064034
57.96831,54.672607,2.0019894,2.0168402
77.70569,76.7057,0.8408018,1.0118228
6.9696884,7.904949,1.4191427,1.2259531
83.65689,79.97104,2.2879624,2.331126
41.234646,43.707485,2.7266731,2.7293427
16.158129,15.873779,0.60805297,1.1079546
91.66987,98.2764,2.4560049,2.509342
34.88359,36.716988,1.4532611,1.1580344
94.58513,84.41054,0.7730109,1.5173969
7.0855837,4.76577,0.6458856,1.3676324
77.4257,79.13071,2.9193137,2.913245
69.05301,70.341705,2.9358227,2.9279184
54.724915,58.86817,1.5421594,0.9924732
69.328606,63.95347,0.5005195,1.0085795
12.033051,8.864948,2.5120845,2.3519344
46.649597,56.75188,2.9256206,2.8721745
53.05393,50.986397,2.7160757,2.6693954
6.371617,8.319939,1.6020743,1.8694211
17.656921,17.989662,2.1706243,1.3560966
7.2002277,10.749119,1.0423766,1.3946233
99.73566,92.91012,0.8336795,1.1989686
26.801111,28.521397,1.5613238,1.0892732
13.320664,17.611256,1.3162441,1.3661592
55.72821,54.91738,0.9229432,1.020397
29.46022,30.058323,0.59688276,1.0632308
70.7777,77.404175,1.2261527,1.0019214
86.95518,80.49536,0.5709674,1.0575824
84.19995,77.151566,0.6417117,1.0118915
29.766678,36.50944,2.6938365,2.793065
13.103253,13.650661,1.5086157,1.4521767
0.85621196,5.7603073,1.603252,2.4541752
39.73645,41.02633,1.0299395,1.0397434
7.0946584,6.427086,1.672694,1.9966028
11.67528,11.023258,0.9895377,1.1599463
71.66261,76.12203,1.1336336,1.0000675
30.799791,29.766459,0.5523463,1.1156774
97.08256,98.78822,2.2271302,2.2761793
52.517075,52.254677,1.7828487,1.7853854
70.19523,76.12966,2.2431338,2.3668532
77.074455,71.82928,0.66844136,1.0076883
26.82051,27.824549,1.4802884,1.0532771
71.24572,59.011597,0.6366047,1.5706058
61.45783,61.314613,2.7666173,2.77214
43.852665,47.619194,2.7056231,2.6881745
87.26707,93.605804,1.5368036,1.2534089
36.96776,35.924744,1.7517835,1.6947881
0.8693014,8.569397,1.9641764,1.7370551
59.778038,65.25745,1.5400695,1.1746755
31.286964,27.272995,0.7730722,1.1169872
84.08239,84.29062,2.0618043,2.0827155
81.05156,90.857895,1.6063672,1.6484271
36.68561,31.773598,2.6094382,2.6188035
52.205566,53.076527,2.8525813,2.8695366
76.51257,88.89522,1.5291202,1.0723048
21.336218,19.654495,2.2308724,2.177576
26.978497,27.318356,1.1968287,1.0393482
67.48136,66.08533,2.2117522,2.1672084
66.41009,58.182457,2.957613,2.9224195
27.855453,28.610546,1.7023268,1.3773619
66.65729,66.847015,0.9468259,1.0206766
87.39538,88.34212,1.0599527,1.1312428
60.200603,67.24501,1.216621,1.0344269
26.320147,28.97679,2.5775533,2.6209652
33.881012,40.569016,1.9677852,1.9969971
68.784386,74.47035,1.3019935,1.0002165
54.13119,61.063244,1.3293396,1.0396179
16.0777,10.473129,2.6896915,2.3834143
5.7277565,7.1112633,0.62120134,1.6691812
19.762568,16.978607,2.7541118,2.563558
78.844795,86.515594,1.6373149,1.3206463
42.252968,45.04833,1.4044816,1.0673795
57.740116,57.55041,1.7545087,1.7354662
15.478302,13.993042,2.1465096,2.08779
82.81056,82.545044,1.9635566,1.9056827
88.473236,89.89305,0.8916197,1.0798165
57.03505,58.002785,1.6174682,1.7828219
25.04594,24.09511,2.8054335,2.9100764
98.55216,95.233505,2.954168,2.8876827
88.62426,95.42415,1.6008083,1.4084572
36.186974,38.642,1.4010456,1.0733471
67.68022,69.92478,1.9912964,2.085734
99.454544,94.523895,1.0558449,1.2577081
63.677616,63.401863,2.1766796,2.1096342
52.19978,54.360588,1.1694918,1.0202312
57.914417,62.269794,1.193316,1.0665436
68.7974,69.566986,1.0616487,1.0522611
82.15764,82.514984,1.8467784,1.8506904
55.461926,55.988926,2.4153645,2.4209797
86.2214,92.19104,2.8793733,2.828964
68.13169,63.454857,2.1082344,2.0747008
60.8237,60.51718,2.2486415,2.2471843
48.96676,44.833458,0.8259469,1.2135117
3.8700223,4.4170227,0.54897684,1.4348392
38.917908,42.33512,1.4627315,1.0649097
99.81068,98.854454,2.4913468,2.502335
73.68548,74.142624,0.79175496,1.1420285
17.719526,11.874058,2.5737753,2.4429827
25.362885,20.344023,2.5673864,2.7237346
64.05484,65.20587,2.3039935,2.2640078
48.973587,48.85546,2.3117163,2.3140874
85.19734,85.71483,2.2339475,2.1937428
93.523766,94.4777,2.8613784,2.888053
9.455307,12.837246,0.6182188,1.2483859
8.38408,8.288765,0.8625206,1.3163102
15.608747,15.304161,1.7077308,1.4518871
72.96597,80.72586,1.3266629,1.3425804
73.45883,74.55595,2.0580127,2.052794
25.076601,25.861544,1.4200064,1.0843012
19.00907,19.8965,1.4724479,1.1105404
95.28673,95.583176,2.1288333,2.108523
73.41146,74.61514,2.4295313,2.425856
83.52246,89.15347,1.6687068,1.7111712
29.351543,32.528038,1.8220314,1.9278162
94.23903,94.67273,1.025629,1.3983703
24.54737,24.575996,1.2406332,1.0631733
6.187299,9.865002,2.9131446,1.7700974
46.630535,59.069145,1.5155016,1.1527402
11.505766,10.059261,2.129348,1.5673747
49.78362,46.672565,0.89645267,1.0795765
97.4091,93.26839,2.7388637,2.6919308
79.02932,82.66845,0.875985,1.0985796
69.602325,78.74511,1.4286736,1.0234672
20.219105,20.787441,1.9086795,1.0544417
41.026897,36.672215,2.4946887,2.3221617
15.454847,15.566174,0.8919069,1.2780484
63.23987,69.675026,1.5759542,1.0717585
4.827673,7.7349052,2.4707754,1.9717278
8.337015,4.566166,2.7820365,2.4203563
12.052328,4.2539673,2.7457218,2.5670128
71.69829,71.26729,2.9454906,2.9049358
88.59337,92.00093,1.3142704,1.121542
30.89114,28.284851,2.8015018,2.807342
1.432502,9.773022,2.1642392,2.4104538
67.31564,69.73889,0.6957856,0.99390566
35.428345,32.619038,1.0527241,1.0628256
50.896084,58.279686,1.4459484,0.9863843
26.996391,29.051037,1.247029,1.1016951
47.374058,46.820786,2.899867,2.928872
55.082836,57.908276,2.233458,2.1431797
20.473866,22.462692,2.0046086,2.2305558
75.24931,65.38045,0.5395777,1.1215725
9.794685,8.064831,2.4694173,2.5658147
13.822057,16.69497,1.5606339,1.5836369
34.99633,36.992474,1.4310386,1.0442486
52.957306,60.003193,2.4914098,2.5328116
39.369114,35.99764,2.0188048,1.4577446
59.632713,55.798492,1.8682741,1.8180557
64.851135,69.84429,2.4744422,2.539357
32.41758,34.21005,1.3802599,1.0378536
55.098194,63.978592,2.1693842,2.2624867
35.188385,19.601137,2.8210146,2.5202272
73.91102,76.92658,2.8243794,2.7772107
62.757473,72.36649,1.4419746,1.0047305
93.88823,90.28157,0.8720143,1.3637204
59.69183,63.28324,1.249598,1.0389235
89.85857,93.48576,1.8441783,1.7892698
18.321201,24.212345,2.3517177,2.2538316
41.122257,36.0713,2.8755984,2.6281524
63.90774,63.736652,1.8649824,1.8752782
59.443424,60.033905,2.3064418,2.2808175
65.93464,70.338905,2.9690695,2.93009
70.83741,79.35827,1.3352437,0.9952752
93.51467,94.12616,1.6114119,1.2731328
11.244647,8.2639885,0.96902865,1.6812345
90.5369,87.92227,0.6723478,1.209221
35.335693,34.768616,2.2940652,2.2842646
11.320763,14.34816,0.96248245,1.987069
17.537329,17.111,1.6610087,1.7090476
51.352337,57.985634,2.1417053,2.2653384
88.25828,94.96115,1.5046549,1.257904
13.967782,12.153965,2.6057823,2.644617
90.58473,98.32805,2.6824868,2.7761474
31.78759,51.5715,2.943059,3.0
29.687689,24.810574,1.2600933,1.4722382
61.870106,55.61161,1.8269577,1.7961062
63.039047,64.66841,2.71642,2.5539355
7.6808476,7.773674,1.4825809,2.3247864
9.681935,8.694099,0.84642804,1.6970919
28.630306,25.265774,2.9507792,2.8570385
50.63893,54.247345,1.9328271,2.1086507
15.879717,11.180634,2.379703,2.171909
97.83635,96.29645,2.7189426,2.7131495
33.809605,35.404778,1.2106885,1.0360825
5.3790865,4.364334,1.9684141,1.9857763
0.058971677,4.0026207,0.86251074,2.5162144
53.28567,58.638294,1.3319819,1.0493264
45.45051,48.44416,1.4483224,1.1047313
47.029316,32.000057,2.893093,2.82379
70.532585,72.86807,2.953376,2.9343839
43.51575,43.99141,1.0092746,1.0470319
47.527573,47.27547,1.2553822,1.1382437
99.85188,94.48857,1.0501156,1.2605811
32.218285,34.891415,1.2653538,1.671336
61.16794,62.412457,1.1367211,1.0658097
79.534805,73.368256,2.8125806,2.8359816
95.28519,95.28131,1.2761533,1.2748406
2.1977768,1.7716522,1.9499278,1.8455486
93.02899,94.43356,1.3509172,1.2456615
5.116864,6.6881485,0.8618341,1.75514
7.4839044,4.3443375,0.87156445,2.5715902
40.09817,40.349026,2.7303767,2.7217736
76.62341,88.1275,1.4967723,1.1228173
7.4564247,7.197689,2.3221774,2.4093704
97.15934,96.05158,1.8466967,1.8153605
31.059332,32.16623,1.4657377,1.0599436
18.452791,13.816891,2.9014409,2.8544893
17.007578,17.529339,1.4433742,1.1157613
65.76248,65.277275,2.4073339,2.3980155
73.37105,68.7997,0.58297515,1.0841222
63.452084,67.94873,1.1327899,1.020871
55.94156,57.133987,0.830247,1.0136836
32.439735,27.334625,2.85454,2.6890054
86.39093,86.11937,1.3535206,1.0374167
16.08006,14.830147,1.2678591,1.2295461
44.461754,47.117813,1.4837471,1.182953
7.7659307,5.6193275,0.9578891,1.2919879
20.05083,21.005896,2.850578,2.3483338
95.31302,91.17851,0.8737232,1.0992359
98.650925,97.771416,2.210404,2.220615
27.675497,26.874899,1.917997,1.8895059
22.244555,24.44558,2.4461243,2.5966055
62.139034,61.059868,0.6117769,1.086482
91.792885,82.46478,0.559788,1.1013074
75.03147,73.55288,2.103057,2.001753
33.402466,29.007294,1.9581957,1.7741823
78.25599,77.67348,2.5907788,2.5562449
21.908398,20.728912,1.6780262,1.6800528
77.04064,85.41983,2.7824955,2.841053
67.82607,69.31308,2.047268,2.0489528
12.476322,13.122837,1.8984197,1.594954
11.648028,11.622677,1.2160103,1.1339884
37.45595,39.843643,2.1069455,2.1096842
69.84212,74.96068,1.6622826,1.6212829
14.670778,13.278671,2.115844,2.1023228
6.3554144,6.8438034,1.8352599,1.6792345
2.5818646,6.5339622,0.70614845,1.3583162
0.6270266,25.007034,2.731083,2.76605
72.12604,72.89888,0.75987023,0.9809903
70.77576,67.75297,2.1511102,2.1183124
76.75861,81.418564,2.268362,2.343985
12.856436,11.641914,0.94085836,1.1121515
4.369015,6.0703125,1.2981849,1.9015905
76.95609,73.53117,0.65988934,1.0055454
21.137877,19.299665,2.8516395,2.810678
8.739661,11.940186,1.3765953,1.3369216
3.2811127,3.7667007,1.2366238,1.4340405
72.1789,85.58316,2.4963126,2.6550646
3.025729,10.74239,0.88221264,1.6069062
63.244183,54.17374,0.5913352,1.0563962
35.239094,34.02903,0.98463213,1.0427694
51.32356,52.69919,2.2704222,2.0655112
56.979633,58.907238,1.2569593,1.5751784
54.40252,60.57508,1.2918663,1.0140967
68.528076,72.94778,1.2300427,1.0626926
42.47335,47.37261,1.0499269,1.8911757
73.77578,81.5426,1.3389016,1.0298346
13.2579565,9.196873,1.0988293,1.549297
57.330734,62.50597,1.5958595,1.144144
62.850433,65.03863,2.873178,2.816393
0.5464928,2.6359177,0.77406466,2.0003624
28.760672,21.74444,2.9015205,2.35967
74.919365,78.1378,1.1553324,1.4282125
41.5551,39.738968,1.7227659,1.8023685
25.463095,26.101646,1.3200053,1.2368684
31.69932,32.79737,1.71998,1.5977716
22.900131,18.393785,0.73746884,1.3108022
45.656013,47.196243,1.3599333,1.1011515
74.39913,69.67776,0.65794426,1.1341369
68.6979,62.80512,0.62078834,1.0444626
59.146526,65.0562,2.3369663,2.3497515
94.40821,96.291016,2.4587834,2.4626327
86.88614,88.8212,1.1177385,1.1608673
47.16632,46.03178,2.8682323,2.4587467
63.551327,64.2438,1.340814,1.2626855
1.0744039,2.1739159,1.8939553,2.1159835
39.487103,47.749176,2.6651514,2.659666
7.1428065,6.4313164,2.264941,1.9692485
8.871029,12.854691,2.1943195,1.1384504
29.422945,23.006948,2.2960124,2.3853972
9.85515,9.373875,2.3788505,1.9206723
60.034767,60.470596,2.1322992,2.1080084
8.427103,8.317379,1.8080778,1.3112915
3.7250288,20.671757,2.3002076,2.7634344
39.996017,45.439724,2.3488512,2.7023177
69.22961,69.20564,1.8877189,1.890975
7.222113,6.5009003,0.7594108,1.165247
10.888154,11.36615,1.7246383,1.6512406
34.737404,34.547848,2.7553892,2.710707
33.93358,40.793457,2.7942505,2.8999567
6.2448363,27.431484,2.3915641,2.5889838
34.103657,33.376556,2.1052332,2.1042688
84.55197,90.58826,1.338014,1.1166502
98.88656,98.16027,1.9411259,1.9046044
74.387,84.215744,1.3923383,1.0398209
86.17047,88.91304,1.9251287,1.9480124
77.33162,88.5802,1.473518,1.0628183
12.394012,17.48497,1.9897256,1.9514102
60.966175,57.8306,0.8391053,1.4013332
13.395692,9.115513,1.649976,1.3347533
22.37928,16.357578,2.9943304,2.6679168
96.60514,95.04425,1.112515,1.2562494
18.509836,18.703026,2.0391054,2.0714693
87.49669,85.09244,2.7721732,2.7742918
59.061687,59.19501,1.0293543,1.0704367
44.37001,41.95376,2.604479,2.552064
49.134506,37.371063,2.9881115,2.8564339
76.64936,84.8385,1.2699536,1.0329912
23.061846,21.88089,0.9609172,1.0805614
73.01187,74.47215,2.1222088,2.0734994
11.787281,7.5027657,1.0210725,1.9989859
41.24037,36.271065,2.0560484,1.844678
78.08013,85.79128,1.4213423,1.0754468
12.330351,13.04985,1.5924156,1.253905
19.240122,16.480446,0.9633379,1.2326188
6.9101486,4.7311096,2.046053,1.9333559
78.00815,78.90355,2.5104995,2.4651012
91.84296,95.63732,2.5607653,2.6092997
50.124763,48.847923,0.983142,1.0568898
34.94781,37.352875,1.8218075,1.9152598
5.201308,8.187546,2.0405066,1.1699679
94.39942,95.683685,2.0469067,2.0249894
45.987244,46.64739,2.7127635,2.726384
5.3592215,4.158127,0.53880787,1.9360186
94.00521,98.1559,1.1057916,1.4357988
38.078682,34.24809,0.9769923,1.0445065
45.640408,50.044415,0.78449255,1.0485613
80.13827,82.848076,0.96715987,1.0111685
21.086214,23.481272,1.9067422,1.8448293
73.15557,74.064865,1.961429,1.9690669
46.656513,47.434017,2.2942195,2.2829394
1.697445,4.3624535,1.158696,2.067407
93.17958,94.542336,2.1586094,2.201212
69.496994,76.25488,1.3607504,1.0796602
61.393635,63.941624,1.679349,1.6183887
11.102612,8.843708,2.5726674,2.4664445
84.53831,80.522804,0.6821493,1.0098372
37.1855,33.714005,2.8921518,2.8695316
17.047533,14.838211,2.3412232,2.3985384
39.17787,40.027847,1.8891661,1.8247268
2.0069067,12.682957,0.8950343,1.2599239
43.92271,44.843304,1.0877066,1.0407201
69.97133,68.62967,2.025338,1.9278396
71.06081,76.54484,1.6294473,1.3479801
81.38392,82.20146,1.9243264,1.9417735
51.917164,55.57517,1.0773957,1.018345
64.43019,61.184055,0.7819656,1.2554326
8.006617,8.339111,1.6036572,1.3928602
92.70792,89.78764,0.8784881,1.101424
28.061563,23.946571,2.3516738,2.2331645
11.605969,12.410671,0.6370402,1.0883713
40.842987,40.2302,1.0566299,1.056102
15.109698,11.698753,2.4643548,1.3275533
28.213665,24.717724,0.96170026,1.0565706
41.418816,33.55182,0.6754977,1.0459193
89.85688,94.17479,1.3626182,1.310302
41.795677,39.886555,1.0636089,1.2941353
75.75373,73.159874,2.0116525,1.8746389
65.12233,65.78638,2.8145096,2.7774186
79.54293,72.2288,0.8493804,1.0412209
21.57753,11.932064,2.986241,2.5781915
38.071667,40.57091,2.5173817,2.5640419
73.1953,77.8841,2.5546277,2.607586
12.193393,12.90942,1.4116687,1.1054382
37.411507,35.13542,2.924096,2.8416033
50.727207,49.43672,2.9290626,3.0
48.033054,48.66161,2.0474813,2.051906
48.909527,48.312515,2.6794872,2.8036845
82.822525,84.81123,1.0364765,1.063291
1.6424319,9.24659,0.7197071,2.3755856
99.435646,98.47298,1.808174,1.7841144
48.08646,43.923042,0.54681253,1.1528647
62.68062,65.42321,1.3820779,1.0623846
63.45399,66.78396,1.850501,1.8814642
32.610123,32.34005,1.833668,1.7976692
85.055824,89.242294,2.1548622,2.1356208
47.94862,43.65032,2.9459367,2.7062569
6.153164,17.757126,2.4789195,2.5113673
69.923546,69.57444,1.797448,1.7063311
84.993835,81.745316,0.71439016,1.0160582
91.6294,86.48123,0.7173996,1.0803738
15.37866,20.30991,1.6864568,1.2205619
53.847572,56.366737,2.4983883,2.50155
75.89965,94.32237,2.6845474,2.8423834
91.18318,93.41046,1.2101924,1.2087979
51.170303,57.470543,2.8589203,2.8151283
88.55329,90.73077,2.444018,2.4573286
64.741806,68.52944,1.1667076,1.0364001
79.78194,88.64465,1.4182594,1.0951936
23.841888,24.409071,1.6364071,1.2729554
23.47338,28.906456,1.7864788,1.0746908
21.09813,23.917355,0.72314453,1.0717144
17.605017,19.882332,2.5994976,2.5674703
49.71671,51.45364,1.2381985,1.0464065
13.085875,9.22591,2.566602,2.4532967
21.394312,19.841494,2.354002,2.3003545
21.126894,19.617178,2.6755018,2.1359541
14.21968,14.882439,1.2778947,1.1964366
69.30923,70.04882,2.0327501,2.0283885
36.182945,36.288124,2.3208532,2.3079476
50.335426,50.739132,1.1006958,1.0871067
86.1963,87.53725,0.96122676,1.4949638
86.22838,89.84381,1.2619966,1.5798306
56.17049,47.71771,0.7212118,1.0416737
29.335709,32.58352,1.359259,1.034203
74.562965,78.74577,1.1652427,1.1224275
30.31614,34.88735,2.010072,2.3156724
10.222992,6.2747536,2.549545,1.8939235
66.30181,67.5359,2.4539087,2.4452803
82.632996,89.660034,1.27259,1.1029258
26.20414,22.012917,2.565316,2.6571283
97.856255,97.42365,1.989731,1.9571548
73.721405,73.17383,2.4490337,2.426836
29.371117,26.563435,0.55643153,1.3813094
17.578465,15.93642,0.77932346,1.1012956
13.198803,11.965416,2.406581,2.4806871
77.78479,69.72061,0.791484,1.2658424
90.40681,89.621666,2.3612227,2.4031456
8.581321,6.3750687,0.65614235,1.2881901
7.4440584,4.4258575,2.7482378,1.9437183
30.849377,28.414707,0.81034386,1.2049494
82.44251,82.0871,2.3437319,2.1644862
19.402729,20.77735,1.1885715,1.4090688
32.77434,19.750233,2.9468424,2.800676
37.98851,36.125946,2.1261704,2.2367144
2.7953837,3.9192657,1.8982912,2.1704042
50.60722,50.56866,1.027847,1.0654426
54.174473,57.043537,1.6134182,1.5263178
32.6463,25.32779,0.6457899,1.0645053
93.82951,93.05316,2.8310192,2.8145957
58.388367,60.02812,2.75242,2.7404304
89.70183,92.909515,2.5951214,2.6001973
11.343687,19.047401,0.6551934,1.3009547
41.11151,43.301147,1.9213398,1.8236153
15.203265,9.387783,2.9804175,2.1114419
39.012028,42.17319,1.0426717,1.0656967
56.59576,56.50786,2.2134757,2.192941
45.43733,39.803177,2.1797235,2.0571637
0.53878856,8.616119,2.1743965,2.1684306
49.745903,56.293243,1.4921657,1.1158404
82.870766,83.67093,1.8508439,1.8292079
52.276115,56.532726,2.5262027,2.6629825
3.6874948,4.262718,2.0636,1.7261785
4.376863,4.3818398,2.8488235,1.7584391
18.311886,12.694351,2.9507613,2.625798
80.43567,76.43633,0.8547916,1.2187133
62.33824,59.486435,0.5261994,1.0626335
83.77891,85.23366,1.0364199,1.0515075
10.757943,16.559006,1.3619802,1.0546327
95.2914,98.13879,2.0704026,2.13515
19.495792,11.734215,2.22119,2.0018432
12.517177,11.783413,1.9305574,1.9000727
20.937763,17.235073,0.6725526,1.2751623
4.7133107,2.062088,2.8600812,2.2063599
92.39206,85.371796,2.943417,2.8614335
84.41752,77.26979,2.546086,2.5548313
40.58085,35.50306,2.9905007,2.842715
91.484474,92.56599,1.1918677,1.1633973
86.78391,86.57332,1.6787925,1.5472763
37.287136,36.455177,1.9199995,1.9352719
88.71224,92.96979,2.9631155,2.9643822
11.788359,6.88192,2.770834,2.6739087
29.847307,29.42393,1.1562545,1.4952428
45.99412,37.726482,1.8428181,1.7563865
73.891304,76.30181,1.3308744,1.1597092
75.906975,77.427734,2.6169863,2.617013
77.40399,76.64804,0.90958095,1.3123674
87.01692,92.38077,1.381521,1.2050405
35.366096,36.234898,1.4055487,1.035047
61.244846,56.14367,2.7562065,2.643956
36.55182,29.98063,2.6327188,2.71492
56.78017,58.41498,1.9601909,1.953634
30.42346,24.58235,1.2404603,1.0906372
40.43426,41.04725,1.3317885,1.0755637
56.10296,54.935436,2.4960663,2.4944735
14.935431,9.796894,2.4145937,2.5519783
19.5691,19.39085,0.8372427,1.0759121
64.66133,63.51564,0.7877158,1.0111122
73.421005,72.69596,2.3755064,2.3469667
47.0816,53.40521,2.5605567,2.5570347
54.59065,61.337105,1.5368404,1.0501388
99.04768,97.94818,2.3696592,2.36956
81.05823,68.45695,2.7987905,2.6058922
78.17151,85.1223,1.2273121,1.5538068
71.59762,80.8117,1.3684582,1.0478337
86.777054,89.788895,2.514349,2.537189
9.148927,6.5575943,2.043439,1.816497
21.854673,22.292082,1.73047,1.7082103
77.08961,83.570305,1.2375642,1.0455127
84.712326,87.77084,1.7101701,1.7548482
95.85454,98.5054,1.5845017,1.4251591
96.817085,89.064224,0.6382677,1.1085572
22.391973,23.068958,2.307756,2.4508312
59.212486,71.30982,1.2600634,0.9808208
18.347824,16.960823,0.7275854,1.0787473
37.19956,34.630623,0.9397295,1.0730729
70.35473,74.69159,2.5754015,2.6102939
11.196795,9.257385,1.9104395,1.86297
72.07555,76.248245,2.34345,2.3993692
11.526749,12.797852,1.5748752,1.0961981
80.79728,86.0071,1.5788145,1.2326477
26.66272,30.476,1.4436276,1.8570024
1.2635825,9.56575,1.1783131,2.021292
75.94118,68.92248,0.68761444,1.2587926
87.84529,80.69115,0.562024,0.998339
80.50184,85.060745,2.1037295,2.163357
91.41125,93.8311,1.5916588,1.5970857
54.267212,63.08455,1.4874225,1.091164
45.537548,46.01135,2.43509,2.4310708
28.015982,22.992216,0.80577624,2.340977
62.295406,53.293983,0.65830463,1.03199
75.42752,83.13536,1.0950776,1.0294472
75.974976,82.918594,1.5588723,1.5170972
21.20024,22.51984,1.3103302,1.5047134
79.336525,81.47514,1.396184,1.655782
77.67391,77.661446,0.852713,1.0071545
90.55214,91.83043,0.82139057,1.1479344
41.11991,43.483078,1.6876965,1.6730462
43.75744,41.922165,2.5808873,2.527229
77.04966,88.117325,1.5321759,1.2398529
53.130005,57.643463,1.5604507,1.1106322
1.407984,6.56876,2.7073824,2.244116
51.839123,47.656902,0.7221827,1.0543758
95.685524,92.43781,0.93179524,1.1874344
81.06507,83.56981,1.312669,1.037594
19.582012,28.111876,0.95113146,2.2787836
83.62604,87.51218,2.7532191,2.769691
17.131433,12.158886,2.7845905,2.5711691
29.360786,26.607347,2.843518,2.822525
14.101128,13.420448,1.9733429,2.0582604
59.265347,62.23915,1.1131657,1.0207722
99.96646,95.21724,1.1024063,1.2678484
31.604347,31.652578,1.817564,1.2474182
38.914795,45.000576,2.4052203,2.4839559
51.132385,36.024124,2.8800483,2.6384542
4.8265266,2.4331932,2.616668,1.8022429
44.330807,41.35645,2.7268972,2.575577
62.9353,66.755356,2.6377637,2.6450362
31.127771,30.870909,1.8174835,1.7067758
22.553396,20.216646,2.5075054,2.521182
51.612095,48.135292,0.79101443,1.0515008
87.2379,89.37755,1.9317456,1.9361675
62.772,68.967804,2.0808997,2.136889
57.27388,56.939373,1.8695792,1.8540051
54.745304,47.964737,0.7684337,1.2390273
71.949615,80.533585,1.2044141,1.0012984
34.657135,35.315025,2.278751,2.5547934
45.096233,34.571842,2.9136784,2.8293042
92.80417,94.73671,1.1507689,1.4105597
55.556488,58.164177,1.1076691,1.0130851
44.737926,46.277443,2.6964428,2.7947764
53.529675,61.75507,1.3990328,1.0286803
28.153687,26.839876,2.3466055,2.3209758
81.50046,77.1946,2.9180737,2.8685555
90.49599,89.04101,1.7770602,1.6890041
90.200806,95.376785,1.2918028,1.2856015
87.87894,89.60014,2.4527495,2.4593234
25.84906,23.33694,0.66091454,1.3693675
97.194145,94.7323,2.7451801,2.6747
40.984707,41.451538,2.9733212,2.9718904
39.40953,39.912643,1.6370472,1.2020338
8.103075,8.975849,2.7080216,1.6358912
53.880318,59.34314,1.8326259,1.7805487
76.95836,73.96695,0.7082983,1.0214922
48.90613,45.167393,0.7768337,1.0625012
91.43836,93.397896,2.5823336,2.5859122
33.026142,28.615374,0.6237797,1.170116
35.828075,31.016434,0.70855045,1.0500699
44.90188,45.752205,2.491082,2.334261
37.518967,46.963356,1.3905873,1.0442505
93.59108,91.891815,2.9526136,2.9181006
37.17008,34.308624,1.6471848,1.8280292
37.653282,39.319466,1.8047469,1.8814662
21.874441,18.251396,2.7427864,2.7178073
74.99239,75.59514,2.847128,2.7705061
57.74391,71.48193,2.6879454,2.794114
51.440807,59.490612,1.4517827,1.0239841
38.68564,41.131073,1.0911815,1.1541821
14.187904,9.382984,0.9376448,1.3904302
69.981445,70.31196,1.7591714,1.7819599
45.332005,46.752575,1.7805551,1.8786355
80.10612,76.96338,1.8650253,1.8354521
88.94239,93.82141,1.5629402,1.2346382
47.351635,45.074635,2.0624053,2.1123536
90.34729,85.49337,0.5626324,1.0652721
42.40874,42.416286,1.7464596,1.6900537
93.587814,84.81559,0.5675343,1.1449301
89.17792,93.22688,1.8850254,1.8664389
86.49935,81.09344,0.5015692,1.0007119
54.86781,60.13797,2.8703704,2.872565
92.836426,88.16243,0.89283174,1.1964519
12.101423,10.345352,2.8316371,1.6399336
29.714577,27.234468,0.7535318,1.0696137
91.409676,89.47921,2.6204715,2.5774186
43.38688,38.813396,0.64633226,1.0610621
38.97444,37.54726,2.3017247,2.2652059
87.62117,79.62715,0.5293349,1.1014057
43.51106,40.08334,1.8419423,1.9238768
15.796639,18.837473,2.440399,2.7565231
79.70893,84.86002,2.0299344,2.1840534
42.540146,39.44191,0.60136503,1.0490854
89.82162,89.834076,0.8675469,1.1145992
41.042572,31.249151,2.6188147,2.353333
24.872862,21.988756,1.7157853,1.9179606
83.94662,84.95543,1.139612,1.5213884
45.093006,43.61578,2.7190652,2.733975
96.89722,96.98566,2.528594,2.5264099
92.44362,96.786255,2.1411083,2.1958492
36.456535,37.633522,2.5837376,2.57884
38.24341,34.726803,0.62993175,1.1770775
42.00915,42.052807,2.3133492,2.3123162
69.13074,61.715473,0.5051816,1.0329071
34.75337,41.62269,1.4944415,1.8387377
82.7955,83.75559,1.7054647,1.719269
94.51166,94.85014,2.761383,2.7627597
7.9375176,9.370377,2.1873376,2.1405206
97.06828,89.87316,0.68217105,1.0900251
27.458393,24.474163,0.5553838,1.0536067
20.55212,16.04155,0.5381523,1.2366891
9.835635,8.036823,2.841939,1.363244
98.32852,96.32477,2.6816046,2.687275
20.592093,19.577068,1.8408123,1.6606445
12.420352,10.538021,0.6573071,1.2731334
45.25596,43.1012,1.0446321,1.0431316
37.639874,38.939255,2.935444,2.959949
77.40512,74.632095,0.82246923,1.0715674
94.286644,94.41069,1.193835,1.2457601
54.327988,58.7724,2.3996494,2.4999828
65.57889,66.01836,0.8570201,1.0472007
0.13946854,0.0,0.7036543,1.3019283
60.84256,58.686283,0.92730266,1.2584467
98.81215,97.17096,1.6223098,1.4965007
23.837027,20.586378,1.9699908,1.8067714
2.462356,5.907425,2.7947147,1.6401132
65.14913,63.248825,2.8000064,2.73616
59.00899,66.68727,1.2769244,1.0090394
57.201973,63.3228,1.4228046,1.0520755
96.31229,95.60442,2.7837803,2.7460365
64.98989,73.68934,1.6023887,1.3369851
38.191105,31.347574,2.6403265,2.7059102
36.324024,46.835,2.860874,2.9585238
37.368923,36.02778,1.1160506,1.0450066
36.942314,37.93894,1.2111751,1.3861567
63.026817,67.741165,1.4349172,1.0585775
46.958183,50.01065,1.6581364,1.0987656
61.406757,67.80372,2.7197793,2.7423942
39.85975,42.795074,2.4480941,2.3446774
53.017067,55.86435,1.4335763,1.33063
99.548134,98.2142,1.5397732,1.3961155
67.42851,65.527435,1.0761031,1.0964068
99.39617,97.48181,2.11495,2.0506759
39.073383,39.28679,2.343646,2.3290024
61.34536,52.858997,2.703413,2.5640454
59.583794,66.19444,2.3890834,2.3360927
40.264927,41.83828,1.3459201,1.2417703
1.030729,1.8228188,1.5911595,2.1509507
28.75907,28.870197,2.4664426,2.4268506
81.49781,86.63846,1.8806316,1.9272125
43.01169,43.05079,1.4164122,1.251455
20.616219,22.166803,1.1858237,1.0507765
79.610794,87.742455,1.5625942,1.1691675
4.408512,6.9653816,0.9620488,1.7888407
84.09273,83.21635,1.9188381,1.9210023
19.013231,17.685577,2.4163651,2.030817
94.09844,95.741486,1.3796186,1.2689472
5.869501,5.7078667,1.6291887,1.2393385
6.628873,9.297886,0.88736546,1.1791193
75.74222,70.142456,0.7105272,1.0238988
70.04658,82.91786,2.5283997,2.6059055
79.26104,79.99756,2.5794108,2.5726986
55.850945,54.769855,0.79129374,1.0257498
76.24706,80.168495,1.6270176,1.2697053
15.409323,6.443844,2.4365506,1.8894402
28.513567,24.663887,2.360897,2.473352
84.73007,88.050415,2.6493456,2.6625643
35.4711,32.954224,1.0232106,1.0700737
25.61285,23.115849,1.6806165,1.1503481
33.140003,35.039055,1.8127207,1.7353562
64.71989,62.675045,0.59827787,1.0146465
72.713394,73.34342,2.2568965,2.2552614
51.711773,57.142643,2.7329314,2.7615457
48.602882,45.80253,1.0659602,1.0345671
90.88339,92.92795,2.3676054,2.3789103
79.30197,79.43949,1.8676775,1.8618492
82.567,88.63045,1.5869294,1.3149393
51.73109,52.226475,2.2333424,2.179068
85.1911,82.83359,0.82511735,1.0198624
82.91419,77.01471,0.7942444,1.3405206
27.869043,28.908289,1.2814368,1.0444047
75.017555,76.70665,1.9344089,1.9360464
98.62801,95.89594,1.761964,1.7158264
76.028275,77.38492,2.947582,2.93363
68.069466,74.95075,1.2951492,1.0031545
83.0989,83.15468,1.8576672,1.86987
58.32251,58.972977,2.0635862,2.0462208
3.8959255,4.804764,2.9692626,2.8555036
45.794415,48.027264,1.3519076,1.081886
96.08536,89.244484,0.74418175,1.0985478
97.29822,95.71355,1.1565866,1.3019387
10.756915,9.500519,0.66006273,1.1305544
17.879229,12.768738,2.965865,2.0370047
38.320175,33.844067,2.179988,2.2956915
48.400635,50.38079,1.2512823,1.0494752
66.84556,64.39348,0.5496223,1.6014465
73.003716,77.3978,1.1055818,1.0133076
83.44046,85.509674,2.185875,2.2160451
30.797043,27.513565,0.81176466,1.1996794
26.823257,26.537207,1.162409,1.1056325
93.60059,94.54694,2.229244,2.2809868
27.18012,24.742165,0.516712,1.112587
0.008608005,9.844776,2.456067,1.6691283
64.317055,50.910133,2.8658981,2.576668
25.338251,22.237728,2.7705007,2.7174342
10.081579,9.696056,1.3237032,1.3352638
88.58481,94.45915,2.2355855,2.3262863
89.387474,89.95064,2.996923,2.9715185
6.19434,8.056057,2.1362586,1.8879243
23.306011,21.532665,1.2106749,1.0641216
75.77347,76.708496,0.92798895,1.0012803
52.870354,51.12534,2.158217,2.0417411
2.7488532,8.5355835,1.309454,2.8024106
47.080673,41.705654,1.8998924,1.6374621
67.19474,71.86471,2.931279,2.9239655
80.262085,77.963524,2.0297382,1.9319642
97.86271,97.70126,2.763799,2.7456765
98.20744,96.862854,2.3160012,2.1970155
38.00741,37.160168,1.2620667,1.0559783
86.70365,85.36885,0.8531245,1.0322204
20.033672,18.933207,0.7799206,1.2446663
53.955406,54.02801,2.3375013,2.3369772
16.1998,16.747551,1.5245035,1.0877396
56.74,56.85495,2.1066427,2.0958781
99.568954,96.84527,1.7716023,1.7125642
51.969578,46.702724,2.9477034,2.8784814
40.588593,40.22146,1.7577673,1.733516
93.31078,94.702255,2.1437793,2.1360364
80.055016,77.59246,0.8164964,1.0763478
27.71273,27.453224,2.467666,2.8142865
67.03072,78.80686,1.5831,1.0104245
28.24441,22.284174,2.9657936,2.8712728
15.913646,9.132858,2.1005523,2.6670103
55.41887,53.01806,2.845855,2.7935624
5.15854,7.490116,0.7724284,2.39853
42.428207,42.199825,2.2769856,2.2642443
52.037903,49.223324,2.2549725,2.2140055
91.2501,85.2368,0.7590796,1.0421083
35.22534,31.172411,0.8910503,1.0666955
16.393188,16.82177,2.186827,2.0190938
95.28491,96.74208,2.0267775,2.0299692
10.437994,10.531166,0.84684145,1.2253363
13.333667,10.865009,2.417667,2.2020206
51.680992,54.635757,1.1539049,1.1902127
20.005354,17.209473,1.9315082,2.2706583
77.81543,78.18944,2.269238,2.2764783
23.996819,25.033148,1.3336574,2.0989282
50.46867,48.74895,1.1345763,1.0586762
15.405539,13.299519,1.0056119,1.169326
53.713997,55.87063,2.8040326,2.693011
93.961555,86.62807,0.5050201,1.0451652
36.26502,14.690628,2.7464917,2.7699418
43.63817,51.18112,2.752521,2.791901
2.4841106,10.511608,0.8970775,2.0621703
80.35345,78.90141,0.7973846,1.014789
16.406116,13.894306,2.225643,2.5295641
8.544453,12.325417,1.9185753,2.1663399
90.59871,97.73784,1.5194775,1.5855949
3.6242573,10.283096,1.6942052,2.1903567
94.82092,94.77184,2.2136035,2.2078333
59.874893,65.49797,1.2980566,1.0446475
64.29252,63.59573,1.8007675,1.7915417
58.595875,58.720932,2.1706734,2.093269
98.84087,96.87576,1.898843,1.867733
39.873848,41.98258,0.76677805,1.0521461
33.008873,31.478758,2.4647543,2.4972534
5.561489,4.3660316,1.4195442,2.1412637
5.6748343,5.6765594,1.2619016,1.3176253
44.017204,41.112152,1.937812,2.0877824
97.82954,92.46655,2.28529,2.167098
12.862059,13.010258,2.4047623,1.4103968
68.27438,69.17121,2.9293425,2.9015455
0.5700323,2.7489548,0.88998467,2.3277657
32.8858,33.014633,0.96779674,1.0605158
14.867939,17.465435,0.5518307,1.1423967
5.5922475,10.390057,2.1580477,2.4270573
13.868275,13.066788,1.9366544,1.9280633
62.936886,61.593212,2.7089298,2.7235417
2.8939543,9.755104,0.7872349,1.3783681
7.0099034,6.1141853,2.9369304,2.8032944
15.433994,15.96529,0.65142494,1.8181585
69.68629,70.62357,0.97049767,1.0132612
16.629004,16.686443,0.76001066,1.3093219
21.580711,17.27192,2.4119432,2.1872392
96.20529,88.25029,0.71282226,1.179957
21.400303,31.942352,2.805288,2.909233
21.780842,22.809572,2.506762,2.4566078
5.364354,10.454464,2.4112687,1.8984225
44.19712,41.539906,2.7745523,2.7638965
48.665306,48.22291,1.7657061,1.7339216
73.631256,67.41617,0.69731545,1.5296414
73.43332,77.47009,1.1688472,1.0368657
80.46627,78.92731,2.1895514,2.1726935
70.878586,82.73268,2.385822,2.5925412
44.343914,29.846876,2.9626725,2.4430308
12.490638,8.23344,0.66023904,1.2998984
13.406962,9.576244,1.0636505,1.6810274
42.92536,40.36612,1.1180869,1.0275843
36.405277,34.70397,1.4773784,1.0472475
65.227,56.461647,1.9317601,1.8178654
5.4069266,18.089914,2.5987742,2.60483
32.939606,28.283117,0.5197418,1.0774782
5.0526075,3.9743462,0.6344548,1.5081812
86.64699,91.52103,1.3139303,1.2007356
27.290882,26.730434,1.9321382,1.9497113
59.611324,62.52899,2.7935724,2.7783632
93.48027,95.906006,2.4824665,2.497672
26.49739,26.7992,1.0597553,1.8548685
51.941463,54.039806,2.5608783,2.6028438
76.02925,85.37086,1.3750017,1.1856928
51.411766,48.086662,0.8042951,1.0786597
20.16575,19.710104,0.9228384,1.4559722
85.17885,81.99891,0.7661006,1.0527042
35.4653,31.402224,0.6596462,1.0956659
28.245955,26.908573,2.5211577,2.506175
58.45261,54.032063,2.7847018,2.6916742
16.542728,16.883434,0.90132934,1.1530182
8.652549,8.759655,0.83493704,1.3103775
99.08533,98.345085,1.6999907,1.6544874
97.60195,98.30217,2.5461414,2.5127757
80.66701,73.84898,0.557455,1.0199509
86.74537,91.19109,1.3885512,1.118623
85.240486,91.22329,1.3976758,1.1248374
87.32437,86.731285,0.9738938,1.0569942
86.044846,86.89781,1.0940554,1.062219
15.541788,14.052391,2.1385126,2.090528
41.535027,41.2982,1.6244848,1.2474627
97.070335,83.5956,0.6030807,1.268815
96.788055,98.94086,2.177606,2.1964936
12.848404,14.261158,1.3849882,1.1704675
98.078865,94.27271,1.0266707,1.2378585
38.81646,37.260944,1.3783004,1.6172891
20.566084,18.717367,1.3696282,1.6833931
45.12331,46.992313,2.1438744,2.2057514
6.5334907,11.766945,2.715352,2.827849
80.286385,83.16249,2.0929272,2.1287472
64.7269,67.90453,1.0293717,1.0052702
18.860575,16.256184,2.142883,2.405757
93.68678,95.20185,1.2989944,1.2792267
77.18363,85.231,1.5398135,1.0579741
31.519373,29.97204,1.7906073,1.2680849
52.65189,52.38262,2.681147,2.7604494
69.68651,69.343376,2.9808931,2.9462972
50.19201,42.13993,0.50833553,1.118846
92.65778,94.18376,1.2295742,1.1757193
54.14683,58.632877,1.2337339,1.0022215
21.655045,21.406136,0.97824305,1.1254666
18.089418,11.123493,2.7152045,2.7732182
77.92985,79.98024,1.574114,1.0505028
86.36987,93.584236,2.560496,2.697587
53.072166,57.040207,1.8569684,1.972194
92.222855,97.01257,1.5309135,1.3870529
97.234604,96.72984,2.178008,2.166935
50.099052,49.413784,1.070454,1.0641658
10.338372,4.5774536,2.7327359,2.213394
31.51153,33.39869,1.4076746,1.0708694
42.53881,40.96669,2.3915052,2.2796104
11.4923,15.076485,1.53625,1.1516128
69.292725,76.91062,1.9200922,2.0429766
17.205599,7.4391556,2.814077,2.3306448
53.676598,49.749847,0.811893,1.1028349
34.640644,37.697525,1.516251,1.0587885
11.042471,10.700657,1.1696489,1.0681872
37.17988,37.582397,2.2783995,2.2725503
36.108917,35.347015,2.696804,2.6401453
46.7611,45.296673,1.002053,1.0645092
69.57512,75.18385,1.5936313,0.994032
9.915298,6.574257,2.424584,2.568169
79.18639,81.29962,0.93598396,1.0067298
79.98496,81.60423,2.280462,2.3071985
38.642838,32.037273,2.7397623,2.7130706
38.461323,58.151176,2.5511174,2.7422786
73.09151,76.83113,1.8382723,1.9493171
37.168507,31.269583,0.7822469,1.6151726
39.978077,33.546577,0.8077982,1.211211
93.96282,95.921295,1.3748702,1.4649961
89.03375,89.60661,2.1452978,2.160005
82.71067,79.48521,0.81637263,1.0462307
60.784756,68.48575,1.2225617,1.0361853
99.13848,98.73214,2.0352921,2.024387
21.004248,17.487698,2.7086158,2.688953
69.697815,78.53269,1.4727612,1.0237753
44.702198,47.3153,2.0977566,2.2395082
53.400265,50.799595,0.7574316,1.0337133
42.42645,44.457916,1.9155506,1.8137462
71.995544,71.981514,1.925123,1.8326274
80.61262,87.667755,1.3231727,1.0646703
56.316185,55.651558,2.5120163,2.482758
86.87144,88.47625,2.943361,2.9238153
43.668472,42.900448,1.8991883,1.9610847
91.97988,93.89802,1.3302263,1.1798507
51.128235,51.736824,1.8275435,1.8377331
92.60373,96.29979,2.3409755,2.4374995
9.920914,7.9897614,1.4108797,1.7031351
28.975277,33.39394,1.5968122,1.7710476
91.18384,91.87727,2.389199,2.4147367
76.60587,79.3174,0.7609135,0.9887735
19.621647,14.684231,2.9440386,2.7635262
59.56565,63.910995,2.4967558,2.5460505
40.667805,51.404613,2.5374854,2.6972306
25.690277,27.677078,1.4101777,1.0415971
40.402924,40.49963,1.9796203,1.9770643
30.635689,29.251251,1.7993379,1.6552733
82.3855,81.529465,0.8663879,1.0108235
13.854583,19.683867,2.1585836,2.6373823
10.871221,10.449692,0.7264727,1.4848064
80.597916,79.09354,1.8952342,1.9218936
34.96593,31.710379,0.8911721,1.1074208
38.315536,41.96563,1.4111543,1.0719134
78.641304,73.39261,2.2918603,2.1849236
29.335623,28.42864,1.1669884,1.0645832
15.646983,26.123888,2.454836,2.583281
57.55626,68.35081,1.3350484,1.1544869
8.290054,8.360699,0.8955753,1.5862342
16.504976,15.372192,1.2875872,2.1471057
64.60031,68.12627,2.4802864,2.442689
45.453953,50.599777,1.6083637,1.6041144
29.200502,27.145287,0.7400862,1.1675706
83.30662,87.500114,0.9607053,1.1233404
74.52999,75.18498,1.0333368,1.0144112
8.379347,9.095768,1.128833,1.2086979
93.09851,97.244995,1.863844,1.8445865
7.945641,8.488705,0.6173161,1.4621402
12.5466795,15.172283,1.4698373,1.855233
71.64248,71.42244,0.88310933,1.0306478
48.95665,49.872837,1.3429688,1.0496453
50.939323,58.060905,2.9053688,2.9663334
19.176353,20.591087,1.8317375,2.1511114
57.635895,58.947803,1.2307097,1.0339955
71.31395,65.79401,0.7447333,1.5644649
78.38537,82.04276,1.5640799,1.6665208
67.14558,77.37392,1.2701344,1.0299045
32.482212,24.95887,1.9560521,1.9521974
87.87724,88.82408,1.95509,1.9639516
65.8483,69.249825,2.7189326,2.7493403
80.044914,91.32689,2.033359,2.1184514
87.71048,90.31445,1.9067641,1.9252242
46.70888,46.09188,2.2079487,2.1174686
85.49394,86.778,0.9648723,1.0402613
47.18703,45.90245,2.8457704,2.8234863
29.159533,24.267271,0.5371689,1.4625852
83.52242,80.494736,2.1651826,2.076468
35.128822,30.033997,2.7860227,2.8950255
98.13307,98.90512,1.423379,1.4475069
70.55395,67.977974,2.4180326,2.3225572
6.1146507,11.348408,2.7675421,2.6107545
55.10387,60.419296,2.7546394,2.8495996
74.64335,82.513794,1.329938,1.0269139
52.8671,51.23073,1.7534341,1.2000933
70.53015,71.15719,1.1743175,1.0159023
74.279564,77.22926,2.6838512,2.7172823
91.365746,93.92617,1.7012806,1.7398409
83.46355,83.55937,1.7413303,1.7478416
75.0104,85.88839,2.1133955,2.354085
87.374535,79.5398,0.5164643,0.99674267
21.624653,15.716068,0.5505072,1.208734
45.47103,43.872993,2.16181,2.1199486
92.94975,85.64891,0.66884565,1.1450319
11.150308,6.160572,2.9944355,2.6481957
93.694,93.34531,2.64897,2.6233728
26.050978,24.476936,0.9301369,1.0648558
0.040583484,0.0,0.9070554,2.3846574
37.502018,40.531788,1.49603,1.1049731
60.540867,59.491158,1.7497338,1.7441502
72.18053,81.20596,1.3690896,1.0075083
56.389805,61.702164,1.3959109,1.0394406
24.606766,22.64573,1.1222247,1.0869151
31.078537,23.764683,0.56777203,1.0415657
95.77567,95.93071,2.0958076,2.0883813
92.66722,97.19366,2.0943177,2.1787822
26.79033,21.838995,1.1656475,2.01831
92.9604,97.87891,1.4716709,1.4002001
54.353485,52.05981,0.9898202,1.0909197
50.627026,43.953987,0.97879493,1.3755648
28.064545,22.589142,2.6709814,2.809971
75.02654,75.71285,2.6363218,2.561425
36.44725,36.6254,1.1215757,1.0573306
65.517296,68.15654,2.5963547,2.5909023
49.213966,55.615803,1.0288988,0.9953421
15.527499,9.750542,2.7742417,2.735349
90.511215,97.05522,1.4067571,1.3792443
20.71676,19.690933,2.0168734,1.9277307
48.10414,46.645245,2.367615,2.3126383
89.72098,87.803925,0.71972686,1.0797055
34.246567,33.41214,2.7338395,2.802137
61.53923,56.70291,0.65468276,1.023237
29.870636,26.39154,2.93762,2.882445
19.849474,20.193775,1.6434492,1.2758806
40.01267,39.688995,1.1436756,1.0729272
39.87599,45.386856,2.0130336,2.175566
68.14804,85.202095,2.7010012,2.8313296
58.75782,49.375805,0.58201563,1.3437674
57.313507,51.435104,0.59489083,1.0451064
45.433838,44.325886,2.406132,2.3697891
32.34569,35.49324,1.7113134,1.6452507
69.75115,66.1371,2.0504708,1.9278468
72.198944,73.79102,1.1663215,1.0081229
74.935974,74.83321,1.8030176,1.7429453
66.78408,71.3231,1.1793222,1.0032071
16.416094,15.149132,1.7087222,1.1142668
80.7857,82.0508,0.85392755,1.0160961
30.986843,27.87081,0.94210815,1.1003006
32.377934,29.430832,0.8122324,1.168748
95.22217,94.93754,1.138267,1.2417567
35.64449,42.79986,1.8765799,1.9941833
79.43275,83.11009,2.1331282,2.1849966
90.82479,95.19112,1.4416227,1.2642412
67.96832,68.216095,2.141752,2.1308582
0.09309919,4.8893967,2.6259735,2.3797626
41.166416,40.924812,1.8856099,1.880997
57.532726,65.684105,1.5096766,1.0252075
76.643,78.5801,1.7647464,1.7483573
48.27091,49.22175,2.6144834,2.630399
10.855835,5.854576,2.9347904,2.6357887
20.404303,14.513138,2.7373762,2.693663
32.2576,30.57347,2.3907733,2.3618422
83.62048,77.982414,0.5586644,0.998929
95.208565,95.45871,1.439121,1.4061754
75.91589,75.8109,1.859377,1.8633907
99.722755,98.23083,1.3653688,1.5451514
51.10817,43.21025,2.6470969,2.5035086
35.300213,34.14452,2.8220875,2.8292832
64.679405,48.688023,2.963175,2.7814336
25.308077,30.682638,2.060576,2.1555378
52.708645,49.31635,1.9078872,1.910999
0.5883489,4.765812,2.1106324,2.3297555
10.884972,10.433075,0.58603173,1.3672553
4.9302893,7.6819077,1.5122048,2.2162297
73.00374,72.143036,2.1350222,2.0243177
73.26147,75.38681,2.9872015,2.906135
86.177216,89.525955,2.0206144,2.0402524
25.852613,32.0852,2.6182098,2.8202257
23.108784,20.340944,0.8933738,1.5972568
10.421404,12.564484,1.6026614,1.117166
91.174866,94.024,1.3310889,1.6065711
42.540833,44.46205,1.2956163,1.0730026
69.64154,65.46121,0.73132557,1.059761
72.14833,69.61766,1.0267981,1.37442
92.186646,94.966644,1.5865097,1.4839413
39.893356,30.60526,2.987865,2.6305592
92.61101,87.43787,0.81914353,1.1032338
65.86219,70.749756,1.2521249,1.3631997
89.99088,93.01808,1.4766519,1.6575305
93.23773,91.41313,2.3062534,2.2829387
98.44695,97.7248,1.6142608,1.6475899
19.562674,18.842443,2.1306405,2.2027676
37.921883,35.39027,0.83347124,1.0704331
50.193153,48.14893,2.481535,2.663517
66.940735,66.3141,2.2502444,2.2400486
71.63118,66.67057,2.5872474,2.461803
33.80123,33.464607,2.1451635,2.1256235
29.760534,28.995394,0.8579224,1.086436
21.5868,18.72024,0.6666244,1.1088941
8.885474,7.9552536,2.1790223,2.1199121
93.02869,84.10632,0.52399874,1.0679672
19.548367,17.10595,1.0776837,1.1695387
45.146816,49.38453,2.8372593,2.9013877
43.316765,44.70884,2.7002141,2.4170153
11.377194,11.772686,1.4878435,1.8254275
18.065327,11.945953,2.6752677,2.3324473
53.02416,50.594154,2.704679,2.5978832
40.11128,49.405823,2.5228739,2.7947443
90.05539,94.081085,1.3984485,1.2043066
40.280727,33.509857,2.882543,2.7968905
84.34086,82.29016,2.466757,2.3864532
20.077408,21.508627,1.4002287,1.0705485
10.350666,15.994663,1.7549224,2.0204406
80.57748,78.976814,0.7911234,1.005378
62.51977,65.36038,2.1187646,2.1085615
75.71331,68.56041,2.3767097,2.3111138
97.19134,95.86461,1.3589466,1.4801846
60.17872,52.785374,0.57953376,1.1016684
32.505203,33.37909,1.528397,1.8808457
83.992714,75.07068,0.7234323,1.2261308
81.40259,75.18314,0.5030917,1.0033009
90.56292,87.95094,1.866745,1.8083982
72.36645,64.451965,0.517145,1.0330123
26.071934,30.691456,2.1343684,2.2573204
73.70092,79.331184,1.6892033,1.5525681
62.22077,62.979595,1.9454188,1.9502333
62.163765,70.43919,1.5876771,1.2146847
93.34703,96.207794,1.8088553,1.8000691
69.16598,81.32675,1.522578,1.2229015
15.761592,17.299973,1.3998435,1.1326145
20.396105,18.102758,1.8942021,1.8078152
57.530464,55.288223,1.0585288,1.377291
95.80644,95.89229,2.21546,2.1962059
11.342929,11.30077,0.686464,2.3781326
24.560863,22.16959,2.4157872,2.342127
61.830338,60.94262,2.9211278,2.8782449
16.379807,17.58791,2.4673216,2.4807386
49.39663,50.48021,2.5017729,2.5183046
89.51117,90.03081,2.2714353,2.261178
93.2747,92.81189,2.3613126,2.3354151
42.910362,37.097237,0.7467008,1.0565987
90.71909,93.082825,1.6170236,1.5488034
88.79444,86.50399,0.8432444,1.3677347
7.712587,5.2398605,2.445666,2.2086658
66.92988,72.74873,2.096882,2.0930533
41.638496,44.073727,1.5795208,1.1294242
72.61626,78.954926,1.3373998,0.98332417
37.13938,38.446293,1.6870258,1.7723305
77.4356,80.99634,1.6374104,1.5223926
58.32826,57.483418,1.8564658,1.8337026
22.088634,21.568573,1.799978,1.9257861
45.892635,48.719475,1.6646905,1.011903
77.84276,80.903564,2.9027827,2.799759
69.66515,73.56717,2.1423106,2.10511
41.191956,44.949596,1.3548063,1.0362482
22.653751,22.650194,0.9640488,1.085851
59.809734,61.224716,1.7140568,1.5774196
34.230972,30.371794,0.6012485,1.2365336
31.316288,27.896727,2.9013708,2.8721688
68.049126,60.641834,0.6584765,1.0527737
64.77105,57.115902,2.3513021,2.236956
88.78212,88.74454,2.459276,2.4630182
90.33463,83.327805,0.80405396,1.6214331
90.77988,75.48103,0.59843725,1.4187114
31.668985,34.944176,1.2970629,1.6392598
91.01593,93.68802,1.9961385,2.0011418
88.2342,90.64464,2.7305157,2.7455354
57.051884,60.664482,1.3606291,1.0648528
85.48761,84.27222,0.7722557,1.0184193
85.48627,91.38678,1.5978062,1.1946948
55.90985,49.203648,0.60187125,1.0649202
7.4960766,11.031803,0.9480218,2.3222938
29.264505,27.472858,1.3915954,1.0913131
9.29218,12.221355,2.0196643,2.837161
39.410866,40.021454,2.5752528,2.6195698
70.11965,64.15752,0.7148943,1.4180539
62.26243,72.325584,2.0053742,2.068017
80.81475,74.29186,2.272466,2.270592
14.093804,13.563133,2.447893,2.7168083
36.355972,34.389305,2.0862076,2.1236167
35.433186,33.266693,1.7796743,1.3483734
30.369978,26.13234,0.60099226,1.0648602
84.436966,93.64339,1.3854793,1.1641374
99.774414,93.41025,0.76297325,1.255902
36.712322,36.33419,1.1911262,1.1631471
12.389809,14.404636,2.206473,2.5853763
43.219112,44.637714,2.0871496,2.0969527
39.550728,30.98275,2.646215,2.4698308
35.194412,31.35232,1.3306195,1.0640144
37.75997,37.45335,2.093172,2.0361066
38.377342,35.0843,2.8296545,2.7413208
38.499897,35.647648,0.9505552,1.0912476
69.39588,72.74121,2.8606803,2.9151287
86.48063,93.12975,1.3573391,1.1607172
3.0276482,16.82161,0.74752647,2.5889077
54.750362,55.1574,1.8636514,1.9367994
11.785051,10.16869,0.50101006,1.123837
33.88137,41.604534,2.7805488,2.8416557
53.026115,47.961884,1.9889303,1.9446121
65.30177,59.144012,2.5269172,2.429027
86.94987,85.439285,2.0250642,1.9354881
66.93508,66.291016,0.74253845,1.0156882
52.93985,49.68036,0.79947245,1.0527153
3.975946,10.385208,0.5777414,2.4044228
58.892136,60.970783,2.9489,2.9246883
59.606583,60.262585,1.0126237,1.0262239
77.28975,87.20761,1.4207083,1.2382281
83.424675,78.017494,0.7079753,1.0601022
19.0289,17.537205,0.8338329,1.1391494
28.84857,22.453272,2.8419597,2.7397778
10.179165,9.897579,0.87474734,1.32957
23.415895,24.985222,1.4716609,1.0820036
10.48119,15.121742,0.7697937,1.2209523
95.65608,92.63051,0.97523075,1.1688676
57.888096,63.27002,2.470267,2.267405
49.31167,47.795303,1.1026517,1.0233145
93.44195,88.30022,0.72030854,1.1319706
75.454124,77.890045,2.6893575,2.6223862
49.81849,54.680237,1.6519581,1.4186231
67.33138,78.970505,2.770106,2.8146515
59.039154,70.02702,2.8769743,2.9317553
45.701183,48.077347,1.858181,1.8785672
64.94572,65.91424,2.2707944,2.2652774
90.324196,86.45287,0.61747634,1.0679169
93.90996,87.63919,0.7937269,1.1725686
54.769432,50.044666,0.67413926,1.050717
32.24464,33.58855,2.16438,2.1768115
94.43239,94.5561,1.8254151,1.8141508
55.201103,62.03394,2.533135,2.5086584
26.389372,24.268261,2.4447467,2.4469204
42.724606,44.747086,2.5377274,2.5557
69.485016,81.83936,2.1475937,2.2132196
64.605965,68.108505,1.666644,1.807255
3.2923577,13.481609,0.5983674,2.7061274
68.001396,65.61786,2.409043,2.5407383
79.67174,81.87188,2.2014525,2.1898649
61.0467,60.76523,1.8003771,1.8089479
39.690903,40.856617,2.4132926,2.4151635
62.797207,58.474724,2.672865,2.6392703
49.89324,61.52899,1.5208318,1.6681085
5.6211777,11.158779,1.9570723,2.539562
10.977442,19.388288,2.420437,2.3961432
19.06929,18.292936,1.9617004,1.940442
13.374149,13.085621,0.5822612,1.2498062
27.155428,27.419382,1.0025396,1.0645816
30.770947,34.80623,1.4406065,1.06215
59.19231,52.05562,0.6414814,1.0596648
28.826511,31.60158,1.0437155,2.0239222
44.685875,53.22663,2.4804332,2.8001873
75.74996,72.10471,2.7005994,2.5863798
71.76594,72.47977,2.013239,1.9962779
46.199394,45.772003,1.9475107,1.9069666
4.4294977,11.565475,2.452042,2.741488
74.020615,68.96241,2.1362464,1.9725591
43.533344,39.253296,1.0403465,1.0411352
70.49247,73.69708,2.0292418,1.8071026
58.195786,60.57104,2.0509002,2.0723686
65.35595,61.182632,1.6228412,1.1202512
92.6304,92.97463,2.4166777,2.4124238
69.598755,78.70287,1.485922,1.0417767
34.4717,28.004986,0.6636489,1.1435553
46.84945,50.010963,1.4610686,1.0568749
51.75013,57.967552,1.3439511,1.1101446
79.03939,84.55444,1.6027594,1.0632098
47.10581,46.937096,1.0407897,1.0817957
64.70189,69.136284,2.5638745,2.5304708
97.572876,97.55467,2.3430097,2.3612416
73.32196,69.5458,0.57176214,1.0148739
87.224754,90.399765,1.6240308,1.6895188
64.5616,62.5155,0.96428955,1.1129246
62.396255,56.884247,2.906006,2.7926106
89.6724,85.00484,0.6974535,1.037313
40.919834,51.608505,2.7971933,2.9407115
77.0246,76.211105,2.7493796,2.7239494
20.637613,16.276878,1.9887428,1.9751114
65.724525,68.88734,1.9337765,1.900173
23.888653,16.09496,2.7428281,2.5770054
64.762405,66.50554,2.7691422,2.7399027
14.041336,12.892433,2.095651,2.1277494
78.80989,80.919266,1.6629374,1.6412253
56.36596,61.572937,1.3590317,1.0312853
98.559425,94.78453,2.9845583,3.0
87.67885,87.86934,1.7360401,1.7385598
92.66246,91.504425,0.94618815,1.1514764
41.541714,42.86354,1.2656912,1.0753529
42.968716,42.277634,2.6607838,2.6873994
43.43043,39.78723,0.7526665,1.064262
18.614815,13.661083,2.4475641,2.192409
99.427864,89.444244,0.8738109,1.3261495
36.225338,34.634773,1.2603065,1.7924138
38.256073,41.691925,1.4977747,1.0622602
12.480876,10.767185,1.9704866,2.2384791
92.45112,92.02515,2.593051,2.5597048
20.422014,26.56186,2.790988,2.886541
68.09417,68.62931,2.6460927,2.6004734
70.61752,75.63176,1.6175735,1.4141291
6.0456,5.908436,0.50461406,1.067409
49.907555,55.20361,1.3579793,1.0228047
2.5974195,2.5260277,1.3838614,1.1522108
44.817123,55.628693,2.1194837,2.4712963
4.306005,11.434612,1.7559408,1.5112432
41.772705,42.41563,1.4098686,1.079309
79.173836,79.75572,0.8099839,0.9986265
72.572266,73.57914,1.6858648,1.6520566
63.916565,63.12244,2.9861333,2.911653
49.10424,39.002804,0.78982574,1.0735899
11.035409,9.259163,2.5572298,2.5540538
58.43285,63.26844,1.3126366,1.0134417
73.88144,77.972984,1.7201805,1.7243688
52.182907,58.168106,1.1063997,1.0524136
90.655334,80.27832,2.4696612,2.3442657
86.28059,86.4122,2.0406272,1.9979712
8.344342,14.053627,2.7405605,2.2656937
75.223404,73.54896,2.8591228,2.86412
66.507385,63.68686,2.321393,2.2521884
99.61357,89.06784,0.52235854,1.0719672
50.634716,50.106644,2.310107,2.2120013
99.48666,96.61096,1.2131516,1.4514294
71.445435,77.32231,1.333617,1.002579
67.88273,69.64825,2.0498064,2.0687609
65.86468,61.62399,0.68668014,1.0286319
11.76461,17.627861,2.00607,2.4412656
53.71672,58.42818,1.6792897,1.8013705
34.546078,32.47014,0.89463234,1.0954043
42.971577,44.575428,2.4252627,2.4504728
94.96688,96.63676,1.0446751,1.3181697
71.81856,67.51356,2.8855546,2.883163
99.35209,97.73706,1.9334893,1.9403378
79.24339,84.55617,2.0900836,2.169788
17.891855,8.776424,2.6475701,1.9934841
67.375496,70.01087,1.0157506,1.105436
67.538155,67.421265,2.7355783,2.7199526
64.05293,63.115063,2.3017547,2.2601898
6.0548086,10.720146,2.8330686,1.2632518
62.371403,57.401165,2.465264,2.371179
18.738205,17.375832,0.60127455,1.0227101
87.30773,88.21304,2.1553757,2.156384
70.96417,66.38045,0.8751551,1.1193104
79.2168,80.84674,2.6666973,2.6654475
40.61466,35.756004,1.0906711,1.0804782
42.04244,41.19799,2.8698022,2.8672357
38.018295,40.7255,1.4631647,1.3308363
28.62434,23.952559,0.79421777,1.2690699
5.299621,5.5817795,1.2422531,1.2826276
17.990091,16.154697,0.58854765,1.1442833
74.39968,82.62786,1.2740821,1.0353812
68.07926,76.94912,1.5860535,1.2398554
49.47282,50.36851,2.6579916,2.63887
6.5214267,9.541023,0.953472,2.432509
64.75997,70.86091,1.3078874,1.0230207
25.385628,29.728626,1.6999451,2.0572968
27.790863,34.6174,2.8481476,2.9685729
53.17341,53.11525,2.9032702,2.898656
19.557245,20.517881,1.2847557,1.1035811
9.494133,18.167978,2.611914,2.8459134
82.20533,83.0347,2.4737043,2.5294654
62.18779,61.705544,1.0181946,1.0032986
40.907394,40.83613,1.918127,1.9118243
56.767242,60.96818,1.3080653,1.0318463
41.334183,40.88116,1.7595836,1.7282591
27.490532,29.452356,1.1600562,1.0403059
4.9619203,7.78257,1.7492539,2.6666677
23.620163,21.570234,2.077091,1.9936905
7.188963,4.67017,1.0631334,1.5077429
21.496807,20.262394,0.93371415,1.0848916
74.47807,78.41303,1.124463,1.0446999
88.64228,92.74281,1.5268776,1.3517742
27.568697,26.107134,1.9171792,1.9319907
74.161316,74.28146,1.8650421,1.8684025
60.341057,67.46127,2.92239,2.9592783
7.823578,10.130375,2.4881256,2.5807185
67.59153,65.831116,2.874314,2.8908412
88.39225,89.942566,1.0801617,1.1036701
26.557783,22.037392,0.9669719,1.2297814
41.541973,41.47848,1.6559659,1.6661128
41.17818,37.34251,2.0984488,2.1111484
54.150513,54.424828,2.1384745,2.1010118
86.030174,86.77093,2.421123,2.413938
27.311619,28.113295,1.1176276,1.3566005
47.66796,48.097916,1.6627674,1.2393949
19.369741,13.824547,2.0651243,2.0311365
94.40708,94.831924,2.58068,2.5800257
34.156754,33.185112,2.7289183,2.7339098
95.54311,95.880806,2.7357218,2.748763
75.920074,75.1866,2.7065434,2.6372232
18.380163,17.810654,1.2735881,1.8014684
84.63369,91.88107,1.4451392,1.1525764
2.275655,5.510048,1.031943,1.8764787
6.845008,14.386719,1.8701516,2.7622037
76.25646,89.642365,1.4218197,1.0784984
37.4538,41.228477,2.690184,2.631228
10.114531,9.486614,1.8750246,1.8013401
16.01141,20.361143,1.4246172,1.9103047
75.291916,79.42186,0.8785904,0.99537545
72.236244,79.37089,1.369315,0.9953565
66.51678,72.27456,2.5811517,2.5164123
