true_cbf,pred_cbf,true_att,pred_att
1.1564991,5.5117455,1.6202266,2.170843
73.55399,74.80153,1.8552415,1.8886786
59.37541,63.843052,2.4530916,2.4421406
61.17423,56.642117,0.72118753,0.99407476
2.896089,0.7329445,2.7908807,1.8380564
11.967427,6.7986565,2.597155,2.1340053
94.41376,94.46867,1.9351194,1.936295
83.955055,85.735054,2.3883455,2.436507
28.165813,25.969717,1.0239103,1.0359559
54.907738,59.63001,1.3870697,0.99587756
52.51123,54.80729,0.75166035,1.004235
93.25665,90.71626,2.6132135,2.544887
9.6157675,8.3386345,2.0584385,2.0407996
87.826935,92.74886,1.2999678,1.1893483
20.596333,22.050974,2.449647,2.27599
30.734447,30.835169,1.7288402,1.6267004
93.967705,92.59506,2.3831615,2.332505
56.268063,57.068344,1.9631112,2.0621848
2.9409993,6.673584,2.9450214,1.3858604
93.07967,93.8641,1.3127618,1.2324314
72.52924,65.320244,2.1163487,1.9406518
81.54141,85.32138,2.0207484,2.0546627
5.832674,4.5817223,2.5024107,2.683613
26.003447,23.013119,0.5084481,1.0615919
36.687057,37.31481,1.9460654,1.9114987
78.19421,77.347694,2.2366908,2.2422476
4.183142,9.821316,2.008609,1.6441861
92.73199,88.078964,0.71251863,1.0364494
19.872602,20.523617,1.7840109,2.0286174
88.32245,91.04619,2.5005498,2.5408924
16.298937,12.522217,1.9988707,2.2352893
23.794207,24.239443,1.1561805,1.4323965
75.760796,77.79532,0.8717549,0.9899723
72.34029,75.18487,2.2822287,2.309449
80.43078,87.51616,1.4367347,1.1754994
25.74639,24.981464,2.2506866,2.2597952
79.96995,84.79334,1.608909,1.370363
36.19346,34.48519,1.0336478,1.0028465
81.76641,81.1035,2.2949588,2.2970715
82.41607,81.88938,0.9795279,1.0106599
94.90578,92.36519,1.3379858,1.3177855
10.267626,16.161465,1.6781133,1.2678416
9.773277,4.6941566,0.88601375,1.7438196
98.06707,91.283066,1.047137,1.2925756
93.66888,89.89054,0.9650566,1.1131997
43.50308,42.5542,0.94105285,0.97605944
84.11336,88.92665,2.578543,2.5932565
96.390114,90.098236,0.7712285,1.1020503
28.919245,31.082787,1.4375579,1.0447892
89.746284,90.32359,1.0610763,1.1075763
13.314322,12.736458,1.917766,1.9134599
67.4617,67.540726,2.7800944,2.7936587
19.393707,23.205147,2.0442998,1.6875237
66.01165,65.430664,2.2085917,2.171951
42.921432,39.842587,2.877579,2.851409
10.753798,7.9174614,2.6335385,1.8710537
53.179943,53.3447,2.4442198,2.4647913
10.654949,10.742088,1.0652405,1.1950371
83.121124,80.05639,2.9613404,2.9260502
80.81221,81.95636,2.57672,2.582644
52.94199,53.14016,1.9591739,1.9642321
64.50952,65.044304,1.7179115,1.454293
42.6538,38.531765,0.7855216,0.9726295
73.905594,66.953606,1.9688736,1.9423813
26.968044,24.299656,0.6750607,1.0624639
4.9019513,4.0221634,0.84778094,0.9408159
96.17719,97.0599,1.4975691,1.4601402
10.678392,21.02478,1.7423776,2.3954122
85.431656,91.01529,1.4966351,1.6301359
93.87466,93.00824,2.5914419,2.573735
85.39487,83.73714,2.5644042,2.5561593
87.09184,91.44351,2.903043,2.9000435
51.750446,52.72018,1.4583015,1.0196278
41.52793,36.29001,0.8216476,1.1304915
21.559685,20.274158,2.2186258,2.3032014
52.85416,47.53713,0.5261534,0.96636593
71.79351,72.68541,1.7490262,1.7067189
75.848175,71.8067,0.50871724,0.98858845
76.64305,79.6405,2.5520117,2.6116734
43.862003,44.586838,2.732912,2.7465577
87.89865,86.65869,1.7186291,1.7408475
51.139427,51.832764,2.2556686,2.2928631
87.80268,91.241745,2.7322395,2.7721486
66.777115,68.81546,2.5468173,2.4268684
31.383514,29.063765,0.80339783,1.0224985
45.48025,41.19101,0.7706972,1.115675
50.65087,51.42306,2.7582147,2.6789527
54.00662,58.282673,2.9019563,2.886303
97.457504,100.0,2.198091,2.3210678
96.179985,97.861465,1.2926443,1.5223141
86.607635,86.88167,1.7825813,1.7896224
24.007154,30.812965,1.9396844,2.0312934
36.196495,39.417534,2.521017,2.6470864
17.858456,15.8748665,0.91560555,1.1277819
94.235535,96.102585,1.4524446,1.3628068
87.82389,87.11165,1.8413343,1.7944937
50.918068,56.191708,2.4317653,2.8276877
23.185133,22.140894,2.0412405,2.0123777
67.71025,69.81647,1.0952113,0.9839652
29.828793,32.388924,1.585529,1.5594975
15.486176,7.2155952,2.189249,1.8359286
80.0271,87.0345,1.4975317,1.0887681
80.3338,86.13631,1.2777627,1.0222167
31.30297,28.650505,1.0733961,1.0643692
59.766438,61.59394,1.7203653,1.6301123
60.598904,56.882664,1.85352,1.7586772
68.20124,62.704464,2.2613087,2.137989
18.497128,16.742252,2.5378468,2.5194964
6.198287,10.002144,2.6421251,2.721161
16.234707,15.644875,1.203302,1.0566521
83.95667,81.382965,0.67285305,1.0378361
27.651884,28.792282,1.6691895,1.2367686
6.6064234,5.172447,0.7079763,0.97141594
88.26891,93.919365,1.3406334,1.246907
19.214762,10.043636,2.9214606,2.7225542
92.97417,92.40323,2.0588186,2.032349
48.97667,42.37579,0.69477975,0.97420895
74.25128,73.84144,0.89881414,1.0045426
73.679955,73.13964,2.877337,2.9352813
74.92188,75.207756,2.5918376,2.5994265
5.8864717,4.8952904,1.5937406,1.288886
57.17945,56.705727,2.6138606,2.6212919
75.89088,84.55281,1.4387186,1.0116146
21.787157,20.048794,1.6935046,1.2257661
28.062372,26.648102,0.72561723,2.2484055
19.05794,20.290995,1.8127728,1.9312073
20.467367,28.319443,1.3516262,1.6804713
71.867714,82.98664,1.4596211,1.0020308
77.11243,76.95447,2.3077428,2.3544974
48.988987,41.48352,2.991315,2.6222177
74.95481,77.10037,0.78760993,0.9701323
77.66248,75.48817,0.7620501,1.002824
81.143166,77.13052,2.1678572,2.1274028
83.62321,91.69857,1.4916635,1.1432585
24.813566,24.99124,0.87630737,1.5645199
42.129578,43.42725,1.1272639,1.0184919
58.21199,60.37078,1.8145651,1.8598413
7.244636,5.1733055,0.5297368,0.9550296
20.755894,20.899197,1.699605,1.4931824
71.235664,70.62379,1.8600869,1.8590736
58.932606,58.54059,2.074932,2.1131732
48.64652,51.03628,1.7233429,1.7797626
95.586685,97.150345,2.4957554,2.546319
25.529839,26.431244,1.1126027,1.1135241
16.473595,21.00135,1.7521595,2.0242953
60.799477,63.06356,2.9374795,2.8949587
62.803734,56.478638,0.6127997,1.5575987
36.444733,33.960976,0.7952227,0.964121
68.15133,69.022766,2.8110275,2.8353934
89.824745,91.27309,1.2587554,1.2516094
5.7149153,4.878357,2.8148024,2.7886128
52.496967,57.660507,1.6615473,1.1189961
51.729286,54.61175,1.8158448,1.8897957
73.68811,79.32199,1.1989939,0.9952465
0.37860036,3.3885078,2.8565218,1.964739
69.924515,71.78257,1.7320733,1.7247009
21.389,22.50752,1.2809556,1.1302875
59.285023,65.39333,1.0967926,0.9658126
53.401157,50.478615,0.8545707,1.0346676
45.134987,41.815,0.6919237,1.0258701
75.36082,87.10289,2.5386343,2.6828084
30.645334,39.434395,1.4315745,1.0976763
73.42469,67.13603,0.6152476,0.95667076
42.129105,43.44284,2.0069952,2.1894934
16.500195,15.242886,1.4893175,0.977668
4.5026264,4.9276314,1.1380187,1.24193
13.197831,11.64175,2.830591,2.8156724
9.940635,13.749264,1.8106835,1.8706115
85.646965,92.092125,1.2094373,1.1238527
21.466055,21.08214,1.5355095,0.98700595
36.582764,31.097912,0.6558944,0.99200743
87.00906,87.36841,2.5563083,2.5638893
92.320885,90.82593,2.8222759,2.8113003
1.0683336,5.814743,2.1655972,2.275105
4.7318144,1.8882256,2.610673,1.9408616
62.23796,61.74908,2.0206876,2.0289679
94.51771,94.25264,1.2179434,1.2683351
26.531357,25.782198,2.2754948,2.272842
45.621315,38.01201,2.7508943,2.5243316
96.15268,87.13259,0.60001117,1.0168371
79.6112,67.6656,0.6562438,1.731972
10.250744,12.823338,0.81260383,1.3548963
77.46681,74.104355,2.370797,2.3182392
92.16413,93.29036,2.2701824,2.267352
95.16798,97.106346,2.4957972,2.5522745
9.682482,13.147076,0.5078425,1.3936257
10.883847,15.339195,1.0071524,1.4797828
29.964195,36.78772,2.320295,2.4293861
74.73112,76.014,1.8486928,1.8444412
69.37862,69.21057,2.594845,2.6543593
75.42966,80.243484,1.6106777,1.6296556
91.64866,91.56352,1.1819955,1.1046872
82.48093,82.014465,2.834479,2.8300374
51.386757,46.108532,0.5783402,0.9992357
91.08684,91.81523,2.135118,2.1906278
53.948864,57.877995,1.5302513,1.0302459
13.01172,15.9141655,0.68810606,0.93369246
10.967068,8.923302,1.8235737,1.1652263
36.677444,33.993843,2.5644033,2.5754023
55.017937,51.672005,2.3942566,2.3329382
58.975094,58.152237,1.8856683,1.9026896
97.31558,94.75061,1.240858,1.3315694
21.018044,16.727005,0.645953,1.6418319
56.76434,57.213467,1.9380455,1.9757389
70.00593,72.92505,2.0209098,2.014402
16.533228,13.574387,1.3000058,2.065722
15.364513,11.409176,2.1091487,2.0072777
66.98171,69.392006,2.2297869,2.3142931
41.7859,39.16549,0.7936103,0.9731775
91.252464,87.567764,2.6256666,2.5603123
73.01671,76.491974,2.4017234,2.5523844
91.67075,93.755005,1.6434519,1.4454774
7.997511,6.7504272,2.8552823,2.815674
26.295673,26.144938,2.5856087,2.59002
33.348286,30.913359,1.8730717,1.8690553
23.647375,24.197165,1.0697732,1.8937868
27.078426,31.520685,2.4656172,2.590303
92.481674,88.73904,2.063777,1.9554918
26.680752,26.790752,2.059348,2.0635579
46.641598,36.650215,2.8350127,2.731309
6.443882,8.346306,1.4178624,1.6151582
62.824577,69.08594,0.921603,0.974189
50.77855,48.924698,2.5394015,2.530558
75.01011,73.808105,2.4027655,2.4026444
45.63601,49.91436,2.2026606,2.2103822
26.275778,29.775763,1.5621272,1.0132754
44.214016,47.15829,2.85087,2.8280072
51.426327,57.232777,2.512057,2.5014808
63.49664,68.27385,1.3973517,1.0201323
96.865234,94.4617,1.7229548,1.6591407
34.35354,35.733383,0.8725081,1.095054
87.67442,85.334305,2.7831955,2.7880878
97.610275,92.308136,0.90224105,1.1609721
47.6394,46.51316,1.791494,1.8280379
80.68792,83.9882,1.9019023,1.9802458
36.091522,36.497578,2.152435,2.1381118
47.15958,49.856426,1.3104767,1.0090549
68.30726,72.18882,1.2070272,0.99395
12.534798,7.3508415,1.9251162,2.238895
48.063995,45.193295,2.470701,2.4591675
92.881035,92.23801,2.9782584,2.9643927
75.182655,73.25128,1.8926662,1.8832686
21.396154,10.409893,1.8698196,1.2955832
0.9991323,0.0,1.0303571,1.6457517
17.969002,22.13905,1.8679088,1.8937496
36.77564,34.491997,0.8240281,1.023589
45.103935,35.81102,0.6007624,0.9499481
35.126373,40.783234,2.4738994,2.6028101
85.04482,90.071945,1.471882,1.6062218
34.783398,36.679436,1.3278381,1.0241296
76.79357,72.05562,2.9327068,2.885612
67.17524,63.9468,0.6866307,0.9583685
48.720398,46.44656,1.843502,1.8851802
2.6100123,0.8805275,1.2016453,1.7831808
11.277007,11.450138,1.832968,1.6869421
13.347136,9.925133,2.6565845,2.572296
82.50369,84.368,0.97071266,1.0006261
71.31824,72.63585,1.6536545,1.5954015
14.837451,15.726109,2.1351995,2.0581644
32.20521,20.345623,2.9286873,2.5160358
0.9898234,4.6199455,1.0913408,1.4461755
94.26573,94.39643,2.9255724,2.937677
41.983185,40.585472,2.288504,2.2867298
99.26657,98.37271,1.6077456,1.6263244
34.27042,31.57591,2.136644,1.9809155
54.18697,53.562786,1.8232731,1.8179603
2.8524575,5.9940796,1.4256614,1.3368347
14.902584,17.003345,2.1743457,1.8175404
38.81034,38.660522,2.131884,1.8951336
56.213005,53.834248,1.9697005,1.9491733
34.72839,33.69124,1.2107751,0.97397465
60.353844,61.672165,1.0696914,0.99640703
31.813677,30.452309,2.507702,2.5612369
71.04074,73.8709,2.1006713,2.1336136
23.603062,23.805769,1.2355934,1.3108685
26.200209,14.996613,2.9700186,2.925699
35.587025,21.273062,2.3699899,1.2110536
85.66999,85.13144,2.2344484,2.2409937
68.02753,66.67526,2.4001672,2.31538
37.244595,49.612087,1.2397777,0.9855554
8.330697,4.468235,0.97058904,1.575969
80.55401,90.1488,1.5081878,1.1199961
49.993114,41.63055,0.60427856,0.98180073
51.343403,53.202267,1.6913912,1.699581
0.53719044,5.092972,1.2089454,2.173027
16.188526,21.915934,0.6838234,2.478416
90.27898,85.989975,2.118576,2.0736034
52.414627,51.550564,0.7849789,0.9990479
29.643051,28.736069,1.570397,1.078483
68.11347,76.66532,1.5156368,1.0355062
94.5656,95.95055,1.5756285,1.4602637
18.879974,13.870895,2.1575756,1.33435
59.641132,60.90631,1.6878767,1.6634959
76.239365,76.59077,2.4939644,2.5146716
20.071867,18.198214,0.80804837,0.9720446
16.406254,20.219627,1.6422614,1.0208502
30.849749,35.322815,1.3665671,0.9987641
54.7618,66.974396,2.5889604,2.7893004
69.19627,65.616264,2.7730196,2.6690881
36.644382,37.462223,1.1907445,1.0377357
58.946644,59.07438,1.6277851,1.6625477
34.992508,31.220934,0.78549093,0.96367586
86.72653,89.678665,1.1630033,1.1092062
94.50352,95.95337,2.9267993,2.8972087
80.74446,83.56092,2.7552917,2.7931979
8.3077135,6.219795,2.4649384,2.5358999
96.81853,96.6249,2.462615,2.477317
41.219883,54.42929,2.9006248,2.8336048
20.168884,23.440035,1.5298887,0.9985262
2.7278476,1.2215767,2.3447018,1.6213161
43.597004,50.86847,2.2957873,2.4608636
66.52635,67.25256,2.2012153,2.208851
26.282547,16.021816,0.90457743,1.5544266
31.646168,30.493603,1.1140543,0.9802692
3.66453,14.305893,1.3001022,2.420397
71.49353,68.54445,1.7293471,1.7471402
57.2579,53.490723,2.1813252,2.1304228
88.70292,88.12495,1.9107451,1.9107851
10.441482,6.605297,2.3194163,2.2874494
16.624386,25.501745,1.5999205,1.9963005
61.225662,64.59025,2.0305748,1.999406
9.403685,6.274475,2.9946153,1.4796147
29.849754,29.714697,1.7483562,1.6705456
54.219025,53.29398,1.0664129,0.9856594
92.11451,91.91029,1.0422839,1.2841651
88.15794,95.828865,2.4959714,2.54603
34.195976,30.081297,2.660874,2.5957618
53.473534,54.863552,1.3532126,1.0382668
39.103436,38.403355,2.183093,2.1352935
31.295784,38.855392,1.9204273,2.120649
43.294704,43.62299,1.716691,1.6716244
15.526379,6.9593163,2.6693459,2.4105952
54.32555,50.576927,1.918501,1.9520497
27.328043,29.927282,0.5434654,0.97190046
34.88353,38.321198,1.5117004,1.0128376
7.921836,6.2189293,2.4824452,2.1134133
14.222381,10.460968,2.6940722,1.3404083
77.836716,78.06635,2.2375038,2.3780603
97.59194,96.22415,2.0976372,2.1033323
47.170647,61.011253,2.6569307,2.7367437
34.956234,26.75118,2.6587348,2.3465781
37.494713,37.465126,1.311051,0.9645881
21.431366,19.996761,0.60275275,1.0104251
32.088455,35.067993,1.2285872,0.988262
0.72792786,3.1741486,2.4249191,2.264237
72.92871,63.885784,2.9608853,2.885326
14.688405,20.024305,1.5949117,1.0753725
68.10662,66.6668,0.8883184,0.97351235
5.509812,1.6275215,2.616904,1.3517929
73.95746,79.949066,1.2724633,0.98820406
55.68685,66.16966,2.5153131,2.5785625
33.381668,33.314896,2.4956334,2.4743342
70.00829,70.02974,2.3222022,2.3355992
31.10259,41.035496,1.6346956,2.009155
57.87446,56.887646,1.0867163,1.1309586
20.797222,21.739159,1.2871482,0.98468024
83.61673,84.14876,1.9586416,1.8663486
38.185196,42.850975,1.5436864,0.9576447
89.97632,95.32764,1.4398214,1.3225543
0.24846457,2.1256638,1.7169392,2.343608
36.407196,39.930496,1.517993,0.9651238
89.93218,90.86853,1.1401181,1.1988981
36.953632,39.535366,1.3111329,1.0070356
52.72591,58.375454,1.5442994,1.0112396
39.646202,35.593964,0.7327398,1.0203466
3.743795,6.5001297,1.6591842,1.9370764
77.55346,86.234116,1.4732057,1.0366828
59.65764,59.29278,2.844626,2.7882738
73.728874,73.398224,0.8918954,0.96605694
96.45748,89.079216,0.6095304,1.0834551
87.810165,83.426834,2.179066,2.1743708
22.606218,18.426748,2.3693159,2.5121825
67.77426,67.1285,1.8797263,1.8840886
18.882767,20.699087,1.1990023,1.0124896
76.3489,75.437225,2.2482507,2.2522025
44.157696,43.85547,1.7202333,1.68311
63.366196,57.465084,0.60792273,1.0368366
5.702939,8.54987,2.1501565,1.2103148
16.143417,8.785019,2.715821,2.2741036
88.58686,91.13548,2.4785285,2.4914997
96.30836,95.41632,1.5179954,1.3659778
19.336052,18.30169,1.8381727,1.3698096
75.833046,77.39915,1.7609043,1.644629
92.327095,96.01666,2.2312775,2.2815728
81.396,81.551094,2.585157,2.5850062
91.656204,92.38425,1.7990589,1.7974982
63.52174,59.55591,0.7015235,1.0308243
88.94477,89.821075,2.8987646,2.8973832
55.35255,61.45722,1.6329079,1.4996265
95.8466,93.692215,1.0498403,1.2085975
85.562164,85.07379,2.1074836,2.1106632
72.01107,67.89027,2.433245,2.3756723
1.5845952,2.1555061,1.1353033,1.4299253
49.989403,47.53602,0.7183361,0.9753373
33.13979,33.904,2.9173245,2.998217
33.249485,29.173018,1.9587662,1.8270003
93.93951,93.92857,2.5446599,2.5547247
9.004101,10.364967,2.1312137,1.6680444
2.6163087,13.725792,0.9818977,2.5706792
90.5867,90.10506,2.3159468,2.3252225
90.09996,83.019135,0.81380653,1.1567774
76.25215,82.14277,2.8002508,2.8786106
9.514802,10.983944,2.5553472,2.673801
9.599992,3.2426414,2.7663808,2.464511
33.24642,34.362114,2.1281703,2.0895526
56.664154,55.115013,2.9842873,2.9422808
7.121491,15.136501,0.8240011,2.6159973
98.81225,100.0,1.9928339,2.1356747
3.3147123,2.1779747,2.4833255,2.418271
83.233185,89.23659,1.3358973,1.0515863
71.9145,69.971664,2.3352695,2.328477
90.26628,92.79071,2.770984,2.775866
8.533199,16.737537,2.235576,2.463326
45.269196,42.55112,0.87044007,0.99731886
70.8833,75.08587,1.1875584,0.9852207
30.699266,31.698298,2.0390022,1.9845755
48.54675,57.012695,1.2475113,0.97271127
0.5684461,10.639061,1.1105406,2.2268505
84.40688,86.33808,1.7366271,1.3542273
74.73182,77.01098,1.1487893,0.98540896
24.604729,24.3267,0.79265,0.9782985
7.970234,12.742657,2.22541,2.3203902
13.157235,11.082672,0.7867306,1.8305678
72.18451,56.986053,2.9566996,2.9065156
17.079025,17.712067,1.5610005,0.95389116
31.470383,39.379364,1.0431682,1.0145453
50.760357,47.06615,0.76818496,1.0451323
85.19972,84.25658,2.1888134,2.2097888
23.048183,22.152319,0.87338614,1.7145727
36.99195,33.32769,0.73160577,1.0810577
99.00342,97.60239,1.9540461,1.9630976
30.343552,35.534233,0.93813634,1.4309621
25.034237,24.444283,1.7312305,1.5840129
42.92831,44.64664,2.3381963,2.43012
17.31805,24.073923,2.2577293,2.2374294
1.358529,1.7557487,1.0627612,1.9290471
78.79255,72.094124,1.8391721,1.7776487
98.799385,98.04265,1.9523638,1.9587847
8.756656,6.7915077,0.50961787,1.5222135
3.0448966,1.784172,0.59447074,1.3350096
71.05923,65.74097,0.53638744,0.9691184
2.635191,1.8581848,2.9559429,2.367868
0.7342987,11.483944,2.154939,2.1523046
85.34398,89.17967,1.489933,1.0524697
74.79807,73.59157,2.1373384,2.1529303
2.0315528,2.050972,1.5989741,1.937923
37.951984,33.303547,1.9266977,1.9944155
29.702019,27.671532,0.8297251,1.0601496
62.328983,70.85879,1.5511854,1.1653566
4.377349,6.902542,2.3619142,2.1546717
9.772888,7.2921944,0.9353583,2.314444
48.36147,42.412273,0.756216,1.0160816
90.734,94.40864,1.4159182,1.2543901
22.661678,30.113188,1.5060282,1.1508899
12.073208,10.67659,0.92733175,1.0488901
89.14872,90.601425,1.8161987,1.8277014
79.89067,82.90319,1.1392394,0.99502903
48.120804,43.64341,2.6693082,2.7081451
9.194447,5.1295395,2.6773872,2.2872908
82.46195,84.3449,1.608634,1.4508175
30.47626,40.339275,2.7079287,2.8053246
13.765035,14.790348,1.8165703,2.3697028
12.643588,19.726982,1.5629631,1.9634659
10.439342,11.293957,1.6856195,1.392936
37.683525,35.182888,1.8974043,1.99784
23.009905,21.90549,1.9155291,1.5561526
46.050068,61.024616,2.2952693,2.576148
5.990454,5.403103,1.500789,1.5836501
69.73887,63.652687,0.682105,0.9812948
54.418056,58.159885,2.2479682,2.2506595
64.53064,58.72821,0.6432245,1.0620332
78.20043,68.136856,0.6162579,1.3411717
35.159737,54.22429,2.921873,2.811561
20.234661,21.839703,1.4522209,1.8395098
43.882847,44.980667,2.015276,2.009201
89.41287,88.46065,1.6642001,1.6430613
70.95884,70.62621,1.7899481,1.795376
14.333907,17.395496,1.5945004,0.9694284
56.285152,58.222435,1.6545893,1.4745803
0.41890305,9.030853,1.4314827,2.796454
23.119844,19.94673,2.3382816,2.1027205
86.363754,85.62567,2.4912798,2.484211
47.926964,41.406727,2.3058865,2.2943306
90.890625,96.49921,2.7451572,2.7693696
4.243392,12.188286,2.380099,2.4627144
56.49879,56.93356,2.472187,2.5032687
87.872574,86.26932,2.1103706,2.088964
83.54414,73.83026,0.57186174,1.0197579
53.176777,49.579887,0.7589089,1.0075004
65.92372,64.552155,1.0810366,1.0172596
1.4665345,2.9059296,1.5483468,2.3995695
18.21375,19.90135,0.75389457,1.7452068
50.71589,63.948387,2.9689727,2.9277406
55.79191,57.710316,2.3121378,2.3500485
59.04871,64.59927,0.8189596,0.9669172
84.003105,90.84041,1.5890169,1.5046797
0.43064547,4.542061,1.3659861,2.0751948
35.11862,30.000336,2.489187,2.3532836
34.979286,39.833027,1.7338101,2.0247023
61.309784,64.420456,1.073642,0.9667493
31.781664,31.481485,1.3201948,1.1985523
62.89039,64.15952,1.0333865,0.97656107
49.590816,49.98777,0.92073256,0.9875405
9.646186,7.005295,1.6672083,1.2270563
57.401913,51.257523,2.518856,2.4239058
43.538784,48.884247,2.4858916,2.659552
89.82379,89.11496,2.0861135,2.0745347
89.38277,90.87849,1.1599675,1.1221118
93.04174,96.91982,1.6844119,1.7511938
97.62519,96.43003,2.5770595,2.6124175
90.78243,96.97701,1.9651396,2.0326467
21.929848,23.491796,1.8541465,1.9425198
24.54394,24.204506,1.2690681,1.2715358
66.5471,77.3975,2.5359023,2.624259
21.955435,21.925226,2.150336,2.1052866
2.231728,19.699652,0.66334313,2.8215485
20.867603,25.203371,0.6111781,1.8616328
59.676487,61.58272,2.148569,2.2162485
37.302216,39.19725,1.2932936,1.1544673
63.456436,77.750206,2.8058152,2.916234
22.921091,21.005232,1.7216634,1.6653336
93.43605,92.71528,1.3028374,1.180349
40.935295,39.91231,1.8895853,1.8311851
75.95052,75.457275,1.7825084,1.784791
77.13144,78.50475,1.6806039,1.6539847
69.39985,68.2001,1.7684418,1.3475761
69.48109,76.25903,1.2838244,0.99057055
95.54431,96.48437,1.9865204,1.9517909
93.064766,94.7225,2.1336432,2.1247957
47.597324,45.465137,0.9005477,1.004892
91.21463,86.86649,0.7670216,1.0431011
21.679495,25.710423,1.3780568,1.1191123
25.236376,26.360424,2.9620655,2.909865
14.413846,9.580406,2.9614227,2.1698353
97.49684,99.514435,2.1058593,2.1050491
90.07251,89.10823,2.1803617,2.197382
89.000656,91.105545,2.216628,2.2536402
95.128944,89.38161,0.78334564,1.3113185
18.455177,6.9899864,2.6217465,2.3465009
62.519142,58.276245,0.8380864,1.3385563
2.2062652,1.4737816,2.5386539,2.1081195
4.3281794,15.598,2.9906774,2.5382464
38.111153,34.93724,2.4189534,2.5669014
4.9515038,28.907047,1.4405649,2.831874
18.354038,12.935192,0.57554656,1.7589997
51.393368,55.911484,2.593679,2.7089593
6.897821,12.497425,1.1658299,1.8969767
49.229626,46.625664,2.0793016,2.018093
13.545779,12.025558,1.9305842,1.8963457
98.4002,96.42885,1.7942501,1.7833229
99.27187,91.32222,0.6266555,1.1134534
38.7686,29.107216,2.8383176,2.677146
71.9514,62.74621,0.5034636,0.96894914
67.27629,66.649994,2.2919307,2.3108993
85.67759,84.553116,0.86874974,1.001128
23.754004,27.989775,1.8120205,2.03257
77.07842,77.807556,1.9365358,2.0082266
63.695168,62.957443,0.94750166,0.9930318
68.995674,69.38716,2.8838162,2.8880692
61.230278,63.927883,2.7321289,2.7674294
39.48551,42.415073,1.5319759,1.0157144
44.105675,44.651947,1.798597,1.6909914
34.915127,31.907122,1.8257236,1.936595
97.89176,91.04324,2.9257312,2.879364
87.40014,87.31532,2.511186,2.5283492
88.29591,84.77258,0.71883655,0.9936393
73.422356,71.46124,2.133923,2.1091397
8.516971,6.104748,2.1436622,1.8675061
45.21561,45.04277,0.58871675,0.9831275
97.26581,98.05894,1.8908029,1.9088167
26.34226,27.892603,2.620457,2.397682
7.151235,5.526932,0.9715933,1.1591527
40.348312,41.141296,2.240174,2.2136345
20.37158,21.028358,1.2850597,0.98680925
15.139806,17.687767,1.2141432,1.481425
29.94508,34.985405,1.5026852,1.037983
14.374505,16.084087,1.9633132,2.003243
84.33425,86.125946,1.0898767,1.0253867
8.0211525,7.2351875,0.62830704,2.3511043
70.45174,66.39841,1.9446244,1.8937104
4.8080316,11.131531,1.1329587,2.70191
28.258133,27.800514,1.9647332,1.940973
21.706438,18.576944,1.1878558,1.8884878
10.944926,6.5437393,1.9436897,2.164291
86.91622,85.287315,2.9886994,2.882823
90.40081,90.67928,2.3522134,2.35539
24.940763,23.746649,0.95020735,0.9689886
42.787956,42.615414,1.7327913,1.7121104
40.028255,32.482708,2.047646,1.7702477
62.479813,56.318977,0.6062005,1.0017254
95.25703,92.95314,1.8602911,1.8967943
3.221106,2.0023918,2.7081943,1.8038827
95.03841,90.80231,2.0823994,2.0270429
45.879074,42.066406,1.2105117,1.3247855
69.28378,78.38262,1.2279408,0.98411983
29.52578,28.426018,1.3036397,1.0592221
65.47169,64.78731,2.2499197,2.1998584
61.84452,59.233475,0.81599605,0.96955544
55.615784,50.287086,0.5773905,1.8102309
9.9865465,6.618267,1.7724496,2.5323007
79.91779,78.39496,0.7642549,0.99868214
51.14135,53.285294,2.8510203,2.8860292
49.66974,50.51699,2.5892432,2.5846667
91.24604,92.8499,2.1429465,2.2778363
74.3114,73.1089,2.4577172,2.4821584
17.34878,17.365303,1.9504058,2.1258209
69.904076,73.41687,1.356807,1.6754305
50.276585,52.338028,2.500257,2.5461211
18.531902,17.585644,0.85230935,1.0162041
93.18168,91.33516,2.921926,2.875019
89.1641,87.147,2.2104547,2.2356906
35.441643,36.810326,1.6481622,1.025434
78.08585,77.14605,2.2454743,2.157877
91.20169,93.321594,1.5945858,1.4375435
7.9981194,5.9066315,1.8542184,1.9394164
33.856197,37.897408,1.7902358,1.9976676
27.38636,26.414501,2.3358243,2.2476382
1.1359633,1.6557426,2.1523292,2.2647161
99.733635,99.44,1.9625852,1.98612
77.76118,80.88669,2.2083304,2.2635627
41.57482,42.56533,1.0251603,0.9741218
44.469845,50.03878,2.8628721,2.8002381
53.298233,49.76721,1.9336346,1.7670805
13.538278,12.525787,1.009534,1.4406049
66.24426,69.960815,1.2061226,1.0055984
17.99183,17.096664,1.8436695,1.7898015
10.648848,11.449402,1.3812443,1.0695457
19.11181,18.17239,2.0734184,2.0355823
67.99238,60.10676,0.5501602,0.9637166
97.05981,95.777145,1.7570394,1.8183925
24.395338,24.33146,1.6489229,0.937267
63.352436,69.47409,1.4144561,1.0413601
28.007883,25.19735,0.6401577,0.95895416
97.45041,96.63921,2.4221826,2.419869
76.30546,78.83204,1.0185015,1.0003657
62.209995,58.959633,0.94766957,1.0142815
86.57847,89.571495,2.507392,2.5316453
49.367283,54.81053,1.6567951,1.7348204
91.382774,90.55774,2.4825618,2.4709663
56.919254,56.363853,2.4816158,2.4953382
62.41046,66.229546,1.6001886,1.5675657
64.28122,63.706127,2.1144893,2.1497655
56.51344,64.38329,2.9617717,3.0
72.93405,71.70002,1.8611094,1.9142991
69.0391,61.45735,2.3584697,2.3643527
73.35852,81.604416,1.4151771,0.99630845
39.003765,43.24305,1.5620631,1.0850608
24.080103,20.98125,1.1285046,1.7943395
69.38189,73.409386,2.0405881,2.1149933
16.11173,13.563019,1.0181197,1.0572443
77.95725,73.45038,0.6939912,0.99696803
26.172623,17.662785,0.9906248,1.181004
48.858433,56.39611,2.5526984,2.6453614
93.66982,94.709595,2.5176778,2.5224118
93.07046,90.4702,2.3370998,2.3408191
55.268627,56.38155,2.5379655,2.560574
87.251335,87.5274,2.0667577,2.0711372
22.327576,22.176647,1.5250348,1.0896058
23.520227,31.085188,2.600328,2.7780523
0.6118195,1.4962006,1.8329313,1.5595984
75.62564,75.886955,2.592471,2.6045804
45.122356,46.76361,2.9241154,2.8223913
31.012737,33.11271,1.582862,1.6553185
65.049995,67.87728,1.7467456,1.9799687
58.645416,61.98948,2.0678465,2.0923386
42.84053,41.80364,1.6137508,1.0957537
44.809284,47.147835,0.896356,0.9712812
29.729782,25.026627,0.63469034,1.0520146
35.779907,36.263374,2.8312037,2.746133
42.11385,41.71176,2.2080343,2.2152
5.153609,9.358574,2.6701303,1.5137196
33.830013,37.808464,1.5189841,1.0015475
47.310543,48.821198,1.1747178,1.0163541
1.7777927,8.053703,2.8679476,2.0056794
30.381918,32.638367,1.4257084,0.8799459
97.216415,95.35763,1.7631071,1.7512857
33.616226,33.569542,1.9007012,1.9264039
95.27277,94.32419,1.7220829,1.7261047
24.699526,23.238382,1.3105241,1.0613657
45.711803,41.391106,0.6566399,0.99919
56.875202,64.28315,1.2694486,1.1983998
14.527498,11.926212,0.6538605,1.0295142
64.779625,64.53419,2.6589344,2.6307049
83.98813,84.95351,2.037268,2.0374117
17.52775,19.331482,1.1650897,1.290626
93.53088,94.645874,1.951733,1.9482977
61.20624,57.095173,0.9053017,1.0244513
34.345936,33.072975,1.8225336,1.77346
73.92318,76.78912,1.0092394,1.1250587
46.385033,49.510662,1.3626668,1.0569167
62.618954,65.44769,2.1960995,2.2422018
48.775913,41.894157,0.7451163,1.6512456
15.6775875,15.739178,2.2091217,1.4667158
5.205519,8.945232,1.509996,2.8557007
29.308159,6.919235,2.955218,2.6049936
38.51809,52.85971,2.1017709,2.283808
34.261852,38.168636,1.5014775,1.0055643
38.539158,47.414665,1.2924422,1.0807576
76.02588,76.45382,1.0079287,1.0045156
25.420824,28.06496,1.1326537,1.0197364
58.356598,55.754745,2.3590486,2.3455174
68.2546,66.15199,2.4427414,2.4234161
74.83745,74.86914,2.754913,2.7663393
8.286895,6.2516594,2.7809784,2.604456
3.7241294,2.9888458,1.8977762,1.751471
79.15575,70.424835,2.380834,2.4191368
1.8371546,0.34415436,1.6684004,1.8098251
62.695347,61.72787,1.767895,1.7507979
24.22788,21.518671,0.880563,1.6177621
62.109734,61.519928,2.0323336,2.0909672
8.343552,12.10482,2.532321,2.1903038
93.00886,91.767395,2.0121531,1.990248
36.99996,36.89667,1.6632588,1.3877223
40.60654,45.065727,1.6815622,1.8379769
67.50016,67.614716,2.4116237,2.4471889
77.765594,73.21356,0.7519963,1.0035951
36.364075,31.369932,1.0142096,1.8413844
11.933653,7.582176,2.598529,2.4553564
37.39078,41.550484,1.4797237,0.99520713
27.613153,28.73211,1.2076296,1.1516147
38.088978,38.811058,0.72010314,0.9966233
44.248146,47.7382,1.5849222,1.110604
39.950356,35.582573,0.61491406,1.0098026
82.461075,80.608406,2.1795607,2.1683354
97.19715,94.70038,2.2898412,2.2792006
58.375988,61.130386,0.7992136,0.98116624
13.993321,13.4351425,1.0798976,1.4244039
35.773952,35.00792,2.0724673,2.0567293
60.656353,65.48411,1.6099162,1.1918027
47.65493,47.052216,0.8892857,1.059873
38.50944,35.628147,0.68104446,1.0366528
57.243313,65.81207,2.8279004,2.8356287
43.71867,43.638622,1.0625058,1.0107569
90.57717,94.26483,1.3995228,1.2107866
10.212112,5.743519,2.8588727,2.6429706
20.740707,15.240334,2.338643,2.3178782
51.434814,51.725986,1.6484175,1.7177366
26.026657,25.215658,1.4353158,0.98554766
75.12834,71.97447,0.77838624,0.9813761
89.34211,92.47195,2.8503845,2.8033767
27.856142,30.197296,2.6702666,2.844831
90.334305,86.78851,1.7809983,1.737636
95.67089,92.13176,2.854612,2.7869203
75.95204,72.919075,2.335132,2.167736
43.183746,42.65927,1.717397,1.8917073
88.42926,92.63193,1.4375589,1.1763047
28.71701,16.040195,2.3872895,2.1593714
48.2798,62.204876,2.4869168,2.6239233
23.402987,16.079437,2.5689428,2.145978
53.178394,50.03727,0.7999637,1.0114326
50.598305,49.50076,2.9995632,2.9697123
76.825386,74.81445,2.5144129,2.5333202
26.03755,25.939837,1.1633675,0.98919064
33.671158,33.98214,2.008689,1.976281
34.906128,30.7577,0.8570854,1.0331006
36.977062,35.411285,2.523066,2.5717616
81.72775,79.44566,2.0614402,1.9514089
28.383648,23.720457,2.3856535,2.313065
96.067345,90.273895,0.8134256,1.0796342
36.784332,43.02225,1.5981699,1.5262315
59.1072,56.846058,2.3507404,2.3290935
52.111206,47.370235,0.56842804,0.9967975
93.93563,99.4148,1.97534,2.079681
33.825027,40.650406,2.6088586,2.4243999
50.16542,50.608067,2.572749,2.448563
52.00858,50.74223,2.2139187,2.1935244
28.259066,27.507055,1.9527347,1.9202213
49.162525,48.4347,1.8171849,1.763157
19.39035,7.295723,2.6802657,2.3448372
59.644886,61.735123,2.5448499,2.5978339
68.14275,66.91927,1.7865695,1.6947559
98.7006,88.22786,0.51654285,1.0570908
34.503845,33.819656,1.9354607,1.9277381
8.414109,5.2084465,1.1668282,1.5064476
88.78377,87.878784,2.8833077,2.898137
58.210293,63.620583,1.5441293,1.0520482
21.59033,25.31876,1.1479884,1.0756419
2.2432647,5.506241,0.90891397,1.8522048
80.30482,85.59063,2.726342,2.8002505
50.45457,50.01576,2.225786,2.215595
53.71706,53.35263,1.8947122,1.9056699
38.490185,43.411583,1.477911,1.0412579
96.967735,94.432236,2.657995,2.619864
32.426556,35.003746,2.5851288,2.5835865
6.9253316,5.6350555,2.5462346,2.5425372
79.37277,85.47957,1.3330452,1.0033115
20.426733,11.165062,2.234693,1.5479943
55.366554,62.25844,1.5884298,0.9685569
96.57844,97.05634,2.1691506,2.2002308
52.02291,53.361217,2.4178386,2.4839163
37.335632,28.018105,0.5134521,1.1311791
82.77681,74.45896,0.7931806,1.508633
46.929203,47.450287,1.690739,1.607926
30.925356,20.787252,0.69307464,1.8221757
72.03101,65.92414,0.5707011,0.9935999
5.2176313,3.9693909,1.4391282,1.569613
29.11625,30.349854,1.300087,1.0589951
51.22667,54.223515,1.2400835,1.0112191
58.417015,59.15118,2.8674662,2.8851938
5.5031557,3.690281,2.7978356,1.7326659
38.76587,39.14205,1.0861666,1.1248622
6.15529,5.6731415,2.0892015,1.8866599
52.70901,51.43734,2.3338325,2.3704882
20.484766,18.90872,0.8079397,1.8563462
62.684772,66.15075,2.4514518,2.4600246
98.31456,96.64256,2.0999608,2.0973177
20.945284,15.10186,2.293801,2.1333628
80.99315,82.52283,1.0216664,0.993003
24.164385,29.51268,1.9998653,2.1376672
89.55945,88.5109,2.4251802,2.4271777
87.00242,84.01806,2.3007033,2.272058
44.999123,42.92652,2.4919195,2.5280912
74.8679,73.04287,0.8616286,0.9925253
24.884502,20.405638,2.9931674,2.919235
88.47643,96.02489,2.5305686,2.6039357
97.415085,86.72718,0.66994447,1.0472493
59.218567,59.49226,1.7387571,1.5953823
6.703179,11.710304,1.478013,2.6026597
36.30972,37.038044,2.0910714,2.1765425
59.225838,62.183495,2.5403106,2.5679624
68.53869,75.156044,1.3872166,0.9868203
46.49831,48.45156,1.0998296,1.5679168
72.45574,76.14449,2.4706223,2.5630136
52.741035,52.27386,2.973074,2.948099
32.78648,29.80731,0.6062138,1.0901816
17.546505,20.261902,0.99635816,1.6271664
63.85764,65.170494,2.1541271,2.192927
47.243805,46.871613,0.8177818,0.97768897
96.81376,99.1315,2.8207765,2.9033465
82.62392,75.691795,0.562104,0.98195654
55.471573,58.974022,1.444604,1.0853566
60.335957,59.422215,2.3326273,2.366329
12.588402,15.216812,0.93734,1.4033779
95.11849,95.20845,1.2995864,1.2929686
26.381773,23.647278,0.6585869,0.99631023
66.0785,71.09732,1.4665474,1.126054
32.59821,31.881178,1.8653992,1.7883936
69.55662,59.073486,2.8873563,2.7766876
98.820404,97.8463,2.0071564,2.1333585
29.712421,33.54656,1.6448659,1.4319978
53.54651,51.865116,1.1298165,1.051172
8.178846,5.4585,0.8748554,1.255691
22.27175,24.245342,0.56035435,0.9594915
68.19949,70.67955,2.0977957,2.1857538
44.114384,42.14161,2.6422856,2.624565
46.47434,44.387794,1.1803765,0.96940255
74.87736,77.61337,0.74346906,0.97223353
41.615803,42.426723,1.1638494,1.0199811
87.66,83.96001,0.7048812,1.1823573
47.45189,49.218746,1.8990166,1.979296
78.58015,86.307236,1.8816004,2.1491833
27.070597,31.975647,1.4815332,0.96627915
40.25806,41.40636,1.0209734,1.0610547
37.710438,35.115616,1.1838708,0.9817911
67.34343,70.377266,2.614784,2.643987
50.99246,44.77173,0.6101431,0.9708968
41.97346,48.06042,1.5207381,1.0582874
44.74251,39.57135,0.5902018,1.4876487
39.720737,31.852716,2.7663853,2.6238086
99.20275,97.07587,1.593609,1.5643343
75.54347,69.0741,0.5265248,0.9776081
93.18582,90.68312,0.9794977,1.0926113
99.51774,96.99481,1.6413928,1.6462044
24.374401,24.186485,1.2392294,1.0033927
94.294106,87.44536,0.74527675,1.0288477
91.08244,90.01575,2.1051745,2.097558
18.047123,5.780758,2.4462457,2.1800275
2.6172326,10.799206,2.2642863,1.561998
68.16504,67.89863,2.3727777,2.3872561
71.36635,71.97458,1.833993,1.8338122
81.16551,86.32747,1.3516741,1.017955
7.903878,4.954006,2.2610583,2.1239214
28.855284,25.553848,0.5574918,1.03202
69.92875,73.0134,1.1298925,0.9808383
31.826159,30.762188,2.1079936,1.9968174
28.613031,29.668837,1.3830566,1.031557
39.95124,40.373444,2.4548862,2.6923416
30.355482,30.539038,0.747811,1.4807638
65.32369,70.29938,0.9501496,0.9802228
62.00884,42.92547,2.8149407,2.4971635
41.63405,37.956436,2.327615,2.2407842
94.773476,85.41435,0.51656544,0.99737597
58.87709,62.15314,1.1465197,1.1755137
30.29196,30.029705,1.04479,1.370176
22.309855,30.455215,1.2963367,2.2071512
97.71656,93.15904,1.165723,1.6022925
6.603092,7.363537,2.3790207,2.3688598
41.643177,44.573013,1.8959291,2.0277174
70.34228,70.85294,2.0557256,2.0653915
68.059006,67.58743,0.794749,0.96579576
68.533844,78.75905,1.1993737,0.9625281
71.85255,68.98595,2.8689446,2.8573
45.767975,45.083984,2.1485264,2.144067
52.291325,52.925102,2.466739,2.4851305
25.350079,26.839987,1.8759084,1.8527496
10.365389,9.93063,0.93425435,1.1711402
18.803705,14.626118,0.874827,1.4278282
39.42256,40.34578,2.6316051,2.7027957
0.9741359,10.499638,2.3540769,1.7672162
46.17391,43.677185,0.74957186,1.0192652
38.62652,38.403164,1.8498797,1.8459831
96.326225,96.98761,1.8966777,1.9412776
97.262344,93.865776,1.1167018,1.2105217
53.026585,47.41157,0.7280548,0.97130835
24.672886,25.20154,1.6653005,1.3486812
11.7563305,12.332592,1.3596348,1.0686712
15.573154,13.690121,2.7617526,2.2879562
87.66976,83.17235,2.2516847,2.259767
70.99417,71.18918,2.3560638,2.3869972
56.90894,52.559677,2.2817304,2.2119408
37.842434,40.37626,1.454893,1.5687339
62.656178,60.376312,0.8749118,0.98761123
75.884,77.98665,0.80119693,0.9589206
50.966904,48.948635,1.8209461,1.7883861
29.005539,26.76419,0.80247694,1.0232205
58.826595,60.403175,1.1918015,1.0311339
38.154247,43.10762,1.9847193,2.27775
42.868557,41.89302,0.95876324,0.97409046
83.46886,81.98773,1.8617985,1.9042021
43.104313,46.710083,2.5671875,2.6112537
27.490107,27.461494,2.9685893,2.937253
95.33139,95.38255,1.6078006,1.6199884
22.87692,21.987715,2.5696175,2.5627177
27.540064,22.508663,2.7656035,2.1538932
2.8796146,9.464989,0.5215307,1.1157689
70.97046,75.232635,1.2936012,1.130601
74.480606,75.101,2.21035,2.2380457
61.953484,63.28157,1.1211456,0.98899794
44.61279,44.868073,2.8622072,2.868321
22.2227,20.596348,2.3000755,2.2916052
67.664734,62.878162,1.0419449,1.2254881
61.66714,60.92467,1.802711,1.8098325
45.12776,45.647526,2.5957673,2.5946069
1.5873947,7.6187477,2.142707,1.263365
51.209244,51.615913,2.0160315,1.9976935
77.533134,76.50755,1.9582276,1.9361163
25.798187,28.645042,2.277576,2.3463173
22.283037,19.129831,0.8845389,1.148757
73.70649,86.12547,1.4775993,1.0782757
40.29,39.948284,2.3343546,2.4281821
55.05763,49.085762,2.2324226,2.087204
43.72401,44.201057,1.9372871,1.9584315
30.29413,25.443941,1.6952173,0.9960622
97.08813,92.89827,2.758419,2.7034392
52.47212,56.702415,1.3798307,1.0065837
7.327099,6.236412,1.604286,1.4762417
53.537884,62.038704,2.3835242,2.481122
57.130283,52.69192,2.3716338,2.3332758
52.57364,54.336807,2.740697,2.7709541
16.05448,16.955029,2.0053837,1.6225605
18.83837,12.035549,0.70194376,1.3091401
90.906715,94.594,1.8711067,1.9345872
8.806285,6.8094864,2.1766417,2.0295458
57.219784,70.01335,2.7852917,2.9527402
32.07741,29.92252,2.9477816,2.9136248
88.046524,84.13124,0.8366744,1.0175407
30.623455,30.833717,2.6732023,2.7090988
70.72433,72.83307,2.2025294,2.2533782
18.552696,13.825642,1.3028198,1.2922775
62.754887,53.905876,2.7047956,2.514315
44.918762,38.210144,2.9382782,2.6718833
69.31611,73.38635,1.3256664,1.0007836
29.159918,29.170393,2.7105792,2.6413336
6.983333,6.2069054,2.799016,2.8579743
18.88496,17.9819,2.0117059,1.9955103
88.886635,88.46952,2.7032077,2.7060986
38.763477,38.92185,1.8726505,1.8564937
59.875954,47.136585,2.87375,2.6191447
88.050575,87.474976,0.92184484,1.3384877
23.754711,22.606575,2.2546942,2.2472193
57.65369,56.866848,2.6739616,2.5158758
15.954798,13.967087,1.753495,1.4604403
46.97886,40.37392,2.1610222,2.0904658
8.735555,9.559952,1.5333576,1.2906651
5.080925,7.71093,1.7269158,2.5918274
15.871935,20.221258,2.5114455,2.4016252
91.070984,95.78732,1.3769517,1.3857907
42.43203,43.391903,1.157778,1.1191821
95.094795,94.30314,1.0734155,1.2734244
50.26607,45.76043,0.6640488,1.0165224
94.25211,96.43094,2.9176283,2.921824
23.641605,21.11587,0.87722427,1.0795224
69.99213,70.296104,2.0762658,2.0993662
57.78361,65.39766,1.5246825,0.9883327
0.97454816,5.456959,1.590762,2.4907994
84.432945,84.090706,2.570157,2.5762448
29.103191,29.001678,2.0621984,2.024748
77.19443,76.15113,0.71855897,1.0119799
97.58676,95.99548,2.3237748,2.3402128
61.663494,53.225464,0.5233331,0.9731945
79.91689,73.23497,0.56518596,0.9971903
37.94462,36.290565,2.2669106,2.162274
61.9341,62.336792,2.6720684,2.6532788
47.456745,37.435738,2.9989564,2.8036618
12.865161,10.696865,2.208395,2.2048728
74.05194,70.59971,0.682361,0.9645033
28.28109,37.5306,1.8203398,2.2888231
68.53914,78.20303,1.5971252,1.7472901
96.78946,96.74752,2.5627022,2.5607772
78.61625,78.659164,2.5069954,2.4664664
77.35769,73.592705,2.9392283,2.9161277
24.641142,26.387169,1.4631276,0.90598774
19.384804,16.006397,0.66009766,1.2120686
5.241242,3.757187,1.7457379,1.3774861
47.18806,45.446022,2.5355825,2.5068464
41.237015,34.76052,2.9672112,2.8191452
46.101994,58.489075,2.8731554,2.9518547
78.6791,77.52899,2.333648,2.334293
76.87101,82.73909,2.2199929,2.2622142
81.54614,73.88309,2.3514922,2.2983656
51.111237,54.893307,1.6025087,0.99108994
74.4191,76.464905,0.6306686,0.9698113
36.552814,34.14155,0.84245676,1.5593963
95.62782,94.77794,1.2005917,1.5054959
39.12943,45.020283,1.5221188,1.0988674
32.32867,38.324055,2.8573034,2.8379426
52.79662,49.29721,0.6087362,1.9097844
16.931269,15.763481,2.0085082,2.0018845
96.640274,92.942184,1.0300851,1.278079
36.312695,36.373962,2.1584613,2.2554817
3.1841326,1.260807,2.625212,1.3636678
43.349274,42.69604,2.229645,2.2324653
12.188873,12.360626,1.5546374,1.4567195
62.105843,70.614296,2.666422,2.818842
29.762411,30.865517,2.2315423,2.3541684
76.37405,77.293015,2.4070263,2.4429917
74.87598,78.62893,1.0503222,1.1648793
89.32747,91.72035,2.0442963,1.8135757
93.97203,94.04974,1.2625248,1.215653
87.31791,88.76097,1.7245648,1.7260226
6.5127497,9.249691,2.4446087,1.7228462
63.114063,60.85292,2.6470008,2.6196737
15.18327,14.119408,1.1350495,1.1121383
95.60236,94.66337,2.693259,2.680525
9.462558,9.533646,2.909852,2.4725027
61.061172,60.5865,2.1414428,2.1411529
75.37202,78.335526,0.9675176,0.98210114
37.530567,37.266705,1.8829241,1.8927467
97.77693,87.077034,0.5063406,1.0542591
75.44339,81.196106,1.2194048,0.9940162
11.764632,8.073231,2.9679453,2.4576151
32.947243,33.699417,2.533339,2.5468357
50.195786,56.781067,1.4509587,0.9856464
4.065638,2.4624977,1.3134408,1.6714697
33.633068,34.22492,2.6730742,2.638425
57.572628,56.165794,2.2219002,2.161532
7.246673,6.342598,1.8244356,1.8575318
80.16589,86.09836,2.1151912,2.1899765
61.72158,69.616,2.566202,2.6493955
9.772015,27.130482,2.1059592,2.857016
2.9646616,3.995449,2.7611156,2.3831782
80.7294,84.98419,1.448356,1.0276973
69.12042,69.97957,2.7092736,2.6894844
97.951324,96.805954,1.6039519,1.6401808
7.7091618,8.423618,2.9054713,1.702585
97.173256,90.799934,0.8552046,1.2082548
61.41367,61.607353,1.7488753,1.769328
53.130802,53.15164,2.9127429,2.9157865
13.43688,17.242897,1.4082415,1.0732671
67.626396,64.866066,2.9318538,2.8898385
58.462105,62.36852,1.1978701,1.002873
9.00313,5.6456184,1.6239936,1.7063054
48.460285,43.253567,2.779442,2.568842
78.93624,74.988754,0.62043124,0.9697036
42.30856,41.367805,2.2181954,2.210227
52.02335,56.38671,1.4380422,1.0083086
5.8745174,8.29179,1.3642437,2.7141056
97.6175,98.483604,2.8844254,2.9481575
95.260544,87.873764,0.65961015,1.0519423
2.9029229,5.1439743,2.7571855,2.2962322
96.77086,87.62972,0.7408906,1.0332707
91.8262,93.776985,2.421637,2.4937575
63.044914,75.853836,1.0769993,1.7681452
8.823259,8.088715,2.7383265,2.1575837
3.430249,4.787674,0.66218287,2.1916447
79.19453,87.6317,1.466244,1.0476052
26.558277,31.242054,1.6939244,2.1577888
94.2465,94.5628,2.5758252,2.6748927
12.551992,11.9941635,1.0168324,1.9723134
27.24119,29.291862,1.3739815,1.0141025
29.724138,31.09696,2.5296881,2.538792
86.93183,86.42058,2.951487,2.8907871
68.81219,73.4773,1.2430031,0.95442206
86.52046,85.20145,2.3699064,2.357623
78.03125,79.947205,2.9521618,2.9515176
10.155363,12.05278,2.5381906,2.8045273
52.76365,52.852253,1.0654483,1.010715
91.58848,89.1879,2.8977478,2.8436027
16.891418,17.767841,1.9141643,1.6148692
75.44731,74.8905,2.601003,2.5992262
87.21185,74.20892,2.5893939,2.3590658
21.73302,20.484987,2.130023,2.1125093
57.60278,52.500156,2.4345253,2.4614701
16.59537,17.708961,1.2059324,1.0078095
81.86527,82.225845,2.0255816,2.024889
28.846493,26.35974,0.701663,1.080616
74.50997,72.37842,0.97193444,1.3009758
62.50782,57.38557,0.8421988,1.0993528
37.236492,37.28746,2.6052027,2.4761899
19.329378,18.501633,2.649622,2.735589
18.939743,22.847265,1.4648902,1.1605506
41.30555,44.480316,1.5802574,1.1217105
15.611217,16.890179,2.2990222,2.1753469
80.845535,80.61896,2.2253554,2.2303712
11.640739,7.8897095,2.1050088,1.7699242
32.666893,33.819344,0.74458325,0.96669406
17.364885,15.715656,0.99067634,1.8810843
48.751568,35.72071,2.9339426,2.5983853
32.318886,35.361725,1.473352,1.0226209
54.920918,53.21001,1.9285731,1.944332
83.68359,83.157555,1.8575072,1.8560034
28.768908,29.640152,1.7493145,1.129381
66.63249,66.261856,1.9781393,1.9916046
50.588657,54.52846,1.4904283,0.9797066
80.76849,77.32317,0.74710894,0.96863467
13.394176,12.71735,1.0621657,1.0422668
95.45542,95.16858,2.4235134,2.4960082
49.320107,44.40885,0.73724705,1.0125942
46.995216,52.734398,1.7994576,1.7336391
93.95057,91.856606,2.0113804,2.0143657
93.06787,93.39055,1.8780825,1.8907292
97.30396,96.7537,1.5577445,1.4482585
91.763145,93.89305,2.9728785,2.941513
1.5792835,3.7636871,2.8816006,2.7983675
73.52898,74.71953,1.8275462,1.7092853
15.970436,16.865543,1.3872132,1.0020124
27.627756,31.031878,2.158117,2.1151118
55.667015,62.369217,1.5308362,1.0005515
56.994167,53.7858,0.65760416,0.9752566
39.73996,40.98605,2.7708645,2.7815204
72.37234,71.12559,0.98846936,1.0347154
73.070816,69.77887,0.97271025,1.02406
37.06941,33.02674,2.860908,2.7448301
3.565259,3.2262497,2.1035826,2.499629
40.950523,40.0916,2.40934,2.4115193
73.793396,72.62861,2.7385647,2.7063599
12.557083,13.476738,0.59993035,1.5417045
23.020271,21.34002,0.82756853,1.4269617
32.932423,32.66991,2.596225,2.6095314
39.75404,36.32804,1.1100944,0.939052
40.515896,44.235832,1.5675424,1.0422992
27.506788,29.253122,1.0723085,1.0537448
59.692486,65.46271,1.232202,1.0250099
63.33271,65.429474,1.2086102,0.9672934
29.70102,29.648514,1.8118827,1.7814795
2.0242026,3.4210815,1.6026458,2.5003607
76.66409,81.0222,1.2564666,1.0091952
21.235273,24.67054,1.2400867,1.1771808
90.81249,90.95659,2.4711568,2.5093918
14.746492,10.8316765,0.65212893,1.2340183
1.9715551,4.1332817,2.388705,2.579018
65.105354,59.956093,0.6597223,0.98948365
33.21403,30.220678,2.867725,2.6222944
25.38306,24.4381,0.91717577,1.0739303
89.342735,85.97824,2.0330348,2.0837958
69.047935,68.571236,1.8621765,1.7321111
7.9102798,9.056759,2.9766955,1.2982297
92.9528,92.101944,2.323219,2.3166893
4.058005,4.2077675,2.5457838,2.377997
33.154137,35.0765,1.1919551,1.579997
54.980495,49.799625,0.6361702,1.0200467
41.80635,38.02381,2.1388028,2.0679111
20.411787,20.07254,2.297999,2.4882734
74.37828,73.316666,2.2459428,2.2566643
21.492157,19.377577,2.4121633,2.5930295
83.90256,87.269806,1.8296516,1.8344146
1.9563389,1.9108238,2.9537444,2.2531295
90.40019,84.33533,0.52108884,0.99848753
8.919334,20.862219,1.341945,2.4925728
88.5893,90.16216,1.161538,1.1100776
33.091167,36.417145,1.6387086,1.580744
81.805565,82.51952,0.59236956,0.98664904
68.831604,74.05628,1.269123,0.9885652
3.4275756,13.405281,2.3491442,1.2102729
67.90068,70.370384,0.7780577,0.9995174
95.51974,91.03064,1.0434613,1.2593291
67.079025,72.19323,1.3770092,1.2003584
22.691633,19.330519,2.6632695,2.7184858
0.36782685,5.118763,2.0990105,2.7006135
95.31309,93.99452,2.808054,2.7072067
62.3246,68.62633,1.5218024,0.9841895
24.135029,24.343145,1.2403092,1.0993023
14.43822,11.497967,1.1661606,2.460671
44.468857,50.313076,1.9018234,2.0742126
66.94915,66.934204,1.0201334,0.97555476
51.301197,48.276623,2.642312,2.3946958
50.43,62.486423,1.3159608,0.96533275
82.27561,82.647934,2.609971,2.6224945
26.771624,19.04598,0.9313093,1.5817266
78.200676,80.67064,1.8556639,1.8454068
71.64329,75.56705,1.2409528,1.0163426
22.58525,23.971138,2.0303795,2.1105857
56.185226,57.00453,0.6353858,0.9740834
32.415054,36.736946,1.4217412,1.5987375
21.786722,16.961773,2.811965,2.5390887
96.580864,95.919754,2.033663,2.0565393
20.818228,17.78165,2.718548,2.4434457
37.818634,37.767693,2.7142305,2.6770606
6.5235567,2.9210052,1.4300879,2.3982477
88.56952,85.32925,0.8395233,1.0120132
36.533913,41.4906,1.4648887,1.0204474
53.678425,53.68228,2.9744635,2.9549637
77.1086,77.22757,1.0049647,0.95946044
80.152885,86.82965,1.754631,1.8394538
68.721466,70.244896,1.9708095,2.0100632
5.91091,9.57346,1.2400829,2.67805
81.37881,78.02802,0.7044137,0.9847842
86.33456,81.22153,2.6871204,2.6268418
88.704475,88.57505,1.8515123,1.8586316
1.0851446,1.6299706,2.3107023,2.734614
4.277285,6.8694344,1.5402583,2.4444692
0.69518757,8.724323,2.2362926,1.3775228
77.24643,76.724144,0.7706771,0.97180104
70.79766,71.18427,1.9548442,1.9565635
27.708715,35.073387,2.6841228,2.6426334
54.814644,61.195343,1.4470465,0.9701321
74.41332,72.458176,1.8249158,1.8294036
50.297623,45.33858,2.8986812,2.8441052
68.92438,63.058563,0.61540675,0.9920474
26.75818,28.843773,1.577977,1.1162877
69.10338,68.62633,1.7695942,1.7727643
0.39548647,6.0520515,2.0355725,2.0513961
21.216434,20.921574,1.7109656,1.3993189
71.94183,70.4857,0.9575343,0.9878648
29.81387,23.720514,0.59067523,0.97341526
70.39623,67.12209,2.1183424,2.0781739
48.04932,45.310688,0.8445977,1.0288236
30.64886,31.723251,1.3183312,1.0243049
44.151176,42.053978,2.393134,2.3000917
47.12118,48.177414,0.903789,1.3146819
33.588036,36.828644,1.7105088,1.6216763
62.43682,77.46472,2.377895,2.5268204
66.65903,54.57645,2.8600054,2.82034
95.198364,96.20559,1.4417573,1.3620397
35.926983,31.851038,2.645362,2.4471643
15.97396,13.6860695,2.4190001,2.265683
40.407364,35.821903,0.96959746,0.9963824
78.80871,70.67018,0.53500634,1.0305946
93.343475,92.13069,1.0853152,1.1583338
64.716255,70.521736,1.5679181,0.99237907
94.98543,93.688416,1.1493335,1.2202682
16.975891,15.970627,2.5135398,2.403504
48.04997,50.710808,1.527602,0.9684945
15.069771,19.12337,1.44124,1.7480068
73.61075,74.26644,1.7569861,1.7464962
8.699773,7.7111053,1.5809408,1.8353972
44.11267,46.489357,1.6331494,1.3938408
91.81987,92.65333,1.7352312,1.7411519
76.69139,78.6458,1.758575,1.6858788
83.79438,84.632706,1.010005,0.9942532
38.525444,43.475883,1.7424138,1.8210702
23.662046,12.851006,2.6326919,2.578313
72.03942,64.659225,0.5731463,0.96852416
5.43547,11.661182,2.6314988,2.689288
48.510387,46.78135,1.7030367,1.567797
63.474346,63.013275,2.619447,2.5924013
43.685555,43.529327,2.2418826,2.2509375
1.7633326,4.5035095,2.868976,1.5899987
40.621918,42.074787,1.8154991,1.922268
55.058666,55.102257,1.4682106,1.1883779
63.615414,65.20309,1.0975754,0.9953293
59.847137,60.039238,2.841726,2.8379874
85.33096,88.201614,1.3563293,1.0638765
20.138096,19.491526,0.7242715,1.3584833
32.75472,32.611862,1.4334375,1.3096212
61.881268,72.5122,1.2045858,0.993625
68.874435,69.88558,2.7738721,2.7680764
53.43062,52.164467,1.7667977,0.9880035
81.9178,83.29535,1.0373242,1.0008962
86.12565,80.774216,2.6638427,2.573687
34.95593,38.24801,1.5392579,1.0368478
30.52874,28.001003,0.6455143,1.0396398
34.31089,30.559324,0.54124177,1.5570345
28.082275,30.852482,1.2848595,0.9653979
50.6352,51.01286,1.9441838,1.9679486
46.489273,39.45806,0.57125044,0.97055995
54.148163,60.196106,1.5409406,0.9691457
13.882989,11.756855,0.68887085,1.0429306
34.63966,35.915787,1.2012421,1.5338428
23.431477,16.297775,2.5752761,2.1026165
75.55969,89.27705,1.4738039,1.1021934
97.09062,95.17663,1.147562,1.2810191
1.3347887,10.280079,0.8674747,2.3681817
59.208424,53.086807,0.56148267,1.0160686
55.532017,48.96238,0.53252494,1.078983
29.95993,31.566486,1.3594985,1.0236374
95.372765,96.89228,1.5545096,1.4492077
96.45119,96.99068,1.445928,1.5090235
87.11562,93.36511,1.4677739,1.2024202
27.39369,26.367533,1.961128,1.9046987
13.992915,14.687355,0.9903721,1.0086423
86.87784,86.70511,2.8325567,2.835885
34.16502,29.093021,2.9268486,2.8968449
27.000875,26.144728,2.4588356,2.1644607
31.222616,30.881624,2.51203,2.5467575
79.56613,83.872925,2.9198086,2.9614725
90.69114,90.56075,1.186281,1.0803009
17.228027,6.5969963,2.8131828,2.0298522
56.098858,55.387524,0.8832237,1.1596136
46.31,44.8605,1.84983,1.8156257
14.837238,13.630127,0.94522476,1.0560477
13.717154,10.419758,2.5943615,2.4601948
26.434803,33.993824,1.782995,1.9816911
21.547577,24.72538,1.2830437,1.439055
64.30271,63.3722,1.7678806,1.6810372
70.51349,82.93233,1.5326909,1.0127454
57.099483,57.56369,2.1424797,2.217224
84.7546,82.385544,0.79918694,0.97814673
60.261387,62.3891,1.8801924,1.9140167
30.184368,25.373701,2.2305298,1.9930524
24.394796,27.478806,2.0409083,1.918155
76.81731,69.5158,0.6259098,0.9738889
43.178165,41.045578,2.9958766,2.8217578
23.132402,22.237823,0.96814513,1.0118763
1.0835848,7.450924,1.6988133,2.5265515
83.71184,86.69096,1.9529757,2.041725
8.601611,7.3716125,2.7886267,1.9695755
29.873255,32.025627,1.5885652,1.1329948
61.966496,62.749336,1.9300551,1.9267757
97.0513,94.38182,1.4311174,1.3191937
36.900475,30.41319,0.6152977,0.9577765
39.822,49.378002,2.4495032,2.6433978
87.83222,87.93855,2.360681,2.3587928
96.93742,88.3553,2.849333,2.8174763
81.20628,86.21422,1.4462181,1.0897051
29.61822,34.080406,1.7266351,1.9040557
10.731944,8.578896,2.1734452,2.2395382
40.789837,45.728546,2.3286192,2.6085973
12.7070465,20.32504,2.0066512,2.6203597
25.824877,29.287634,1.2156302,0.97535974
39.542366,43.8228,2.0584118,2.0802379
8.275699,7.2109375,2.089552,2.4148493
80.63539,74.76682,0.68192965,0.9649317
16.113388,17.91,1.3864236,1.0155003
89.71114,86.84718,2.856739,2.843149
70.87528,79.18499,1.547111,1.4852723
21.06632,17.522633,0.63365847,1.245104
42.70686,39.77909,2.447092,2.4043381
99.212204,95.11694,1.1055324,1.2949145
11.698641,9.485657,0.56604236,1.0672886
40.641815,38.387787,0.84863216,1.1771173
47.999268,49.115345,2.6164274,2.61369
63.465736,64.42676,0.9982838,0.96037674
72.76245,74.68351,2.4648526,2.448693
78.35223,79.02049,1.0369738,1.044735
90.77727,91.73291,2.5323982,2.5578303
59.710865,61.924904,1.9635504,1.8212141
8.400495,4.719574,0.52855,1.8775803
55.611088,54.931915,1.0078868,1.0009553
29.315907,28.60891,1.7313814,1.7228186
60.968422,60.610817,1.9107511,1.9333146
42.20649,41.002563,0.9259362,1.011282
11.90282,8.929729,2.5053372,2.3276448
78.02373,70.61729,0.5433274,1.0739083
36.768513,38.125267,0.51509476,0.9927556
52.361755,61.01773,2.2536247,2.2632778
90.16558,90.171776,1.7521303,1.7704955
84.35989,80.7607,2.0088475,2.0282295
20.884274,20.389364,1.0831119,1.0404007
35.893406,35.987617,2.2243304,2.4099624
24.311565,17.95134,2.634682,2.5518842
11.543147,8.093639,0.5368323,1.580827
39.4527,37.730774,2.9797857,2.938828
97.752625,87.286575,0.57754683,1.0205988
19.120314,18.328978,1.8010557,1.7150452
3.1423416,7.8777504,0.64206064,1.2207538
97.04264,89.53095,0.66608393,1.0580022
54.909542,62.302906,1.5869504,0.9594265
84.76962,83.18195,1.0260571,1.021631
56.102192,56.213505,2.2507207,2.1809554
16.263672,11.308956,2.3674045,2.149135
85.27422,85.17485,1.9716446,1.9737235
98.83058,90.62181,0.70697266,1.1555867
28.322575,22.486073,2.8457367,2.8408928
34.527637,27.628231,0.53301895,1.4816724
12.143766,5.8292885,2.9835112,2.5217814
96.98668,95.94052,2.6471276,2.6768324
37.492958,40.05548,1.6410532,1.2192359
14.456436,29.048653,1.5128258,2.7721977
24.975965,23.87306,1.7069916,1.4662151
1.9298271,4.09499,2.0616665,2.2803206
54.066998,54.657845,2.8661952,2.8823776
16.583729,14.62196,0.7038985,1.1163452
70.89599,66.99671,0.67934644,0.9681282
20.934658,36.967606,2.462086,2.7343266
77.21692,72.93675,0.8012075,1.0178341
40.833538,38.83412,2.478242,2.451459
38.392883,38.263523,1.0777196,1.0173109
65.666794,66.15297,1.0278752,0.9792801
69.38846,69.85932,2.8398364,2.8815346
46.99036,45.99873,2.4471505,2.45546
17.78959,16.665184,0.9164296,1.0282334
68.39773,70.597626,2.078069,2.0446553
45.423687,55.81805,1.8342474,2.2925565
32.644108,35.163467,2.2021456,2.3159323
50.334946,51.092934,1.0763488,0.9972712
59.19086,63.490425,0.72928923,0.9982435
88.95144,87.49729,2.7745533,2.7234306
44.385654,44.888844,2.2056966,2.1703858
76.89676,72.559204,1.0323246,1.037277
95.533455,97.73947,2.1915908,2.2046344
27.771173,25.396538,2.4602811,2.4483802
52.97345,53.245625,1.5504159,1.3813848
25.2294,24.376308,1.0587728,1.0166466
7.0411744,6.773102,0.85490435,1.3219751
71.3568,70.984604,2.3891046,2.4759734
43.709637,43.14269,0.935848,0.92347926
40.15518,48.480957,1.243655,1.0124412
19.08576,18.000912,2.069417,2.0132327
33.78909,33.944527,2.877987,2.8963597
53.120502,43.509033,0.64192015,1.0407243
10.620315,8.262821,2.8184762,2.6431355
13.319463,10.034828,2.8324313,2.6838634
3.777602,7.0326004,1.6748358,1.6085994
12.625633,9.238174,2.3792467,2.3587348
27.583544,28.766922,2.001311,2.0841959
57.5893,51.0705,2.493238,2.4031649
61.427155,60.634872,2.146024,2.1302464
50.017742,49.171852,2.3116496,2.3230793
61.95484,69.67643,1.5269241,1.4733926
92.986275,95.85481,1.4878198,1.3287219
37.137886,43.92806,2.9533265,2.8567874
9.418274,5.0028,2.2956545,2.3021505
52.9483,54.21996,1.1731414,0.97863287
46.13304,43.01021,0.5452957,1.0674092
80.305695,85.23845,1.2588332,1.0305132
14.84661,13.083614,0.9235984,1.7924291
5.0313444,6.733631,1.8093197,1.6885928
73.55169,78.536194,2.7583053,2.8348224
17.436491,13.136471,1.5969987,1.1948111
81.20013,80.88698,1.3565743,1.4647739
8.399951,7.3097076,2.3503673,2.2129793
8.416268,22.182907,2.1938436,2.4366586
11.399679,8.1947975,0.5455359,1.2775899
57.849125,62.30259,1.5746092,1.1703715
64.24004,63.875763,1.7991233,1.8031425
56.62547,59.705307,2.4263096,2.4257193
87.45582,88.916794,1.3176403,1.04868
58.1602,57.141144,2.6011536,2.5516906
93.92845,94.10465,2.0239015,2.024443
33.965775,34.169083,1.9613633,1.9314075
95.36115,92.737976,1.0190284,1.2498043
45.00695,42.7916,2.723188,2.741197
97.93615,95.21867,1.9437659,1.8955717
93.48159,91.900055,2.903877,2.8636856
53.311726,52.158424,1.0514833,1.0891345
66.47389,62.36486,0.55545676,0.9491937
83.68203,80.747925,2.5459182,2.5291731
12.833166,12.34005,1.7124542,1.9761409
47.886772,53.320637,1.2330695,1.0602851
91.02332,90.53134,1.8628346,1.863654
68.4174,61.04631,0.84952444,1.2744286
52.19008,49.970062,2.791174,2.7841225
18.060183,27.453047,0.5638618,2.502317
48.71184,50.13409,2.8386977,2.880653
49.948498,49.557053,2.30135,2.2987995
55.895245,53.47496,2.2043037,2.1077347
67.65689,65.94131,2.280654,2.2755997
37.25024,41.16032,1.6040063,1.0118518
36.256504,36.562805,1.2128013,1.0597651
13.243338,11.834717,1.9191802,1.6811874
14.086373,17.381824,2.5058293,2.599885
82.77818,88.33998,1.880105,1.9085685
9.897409,4.9345818,2.716188,2.456335
77.19229,80.73784,1.9596596,2.0801198
14.800016,17.055801,2.010253,2.347674
43.29207,45.48534,1.8913313,1.8913858
22.216738,24.394016,1.1488291,1.0654385
61.770084,60.415718,2.4471917,2.3358595
38.84628,34.84792,1.659519,1.6657414
1.1545373,11.824013,1.2150651,2.0028183
97.15388,95.49777,2.0551968,2.018783
41.034126,41.47563,1.7025263,1.5848551
66.15278,74.6925,1.4868934,0.96919596
98.14394,91.88547,2.3064997,2.2834792
40.095654,37.168716,0.75772107,1.0211253
90.39136,82.667435,0.58864456,0.99180275
64.76475,68.193954,2.4628787,2.6135886
97.13243,90.327255,2.9288206,2.8454566
92.26358,88.894135,2.229174,2.201654
19.435726,12.307674,2.589218,2.0730186
11.249984,7.974457,0.629449,1.5747536
66.58465,72.24257,1.1407813,0.9757569
97.13169,96.21774,1.2847414,1.486961
21.793108,23.30075,1.800031,1.2381856
67.339485,75.781494,1.6652411,0.9732971
83.03871,83.15958,0.9330619,1.0032132
32.203087,12.642624,2.9941144,2.471993
81.5974,89.45154,1.9684168,2.0136192
94.900024,94.580215,2.1448202,2.153883
20.812279,18.314432,0.8309451,1.256103
27.540367,30.185865,2.2693038,1.9098815
30.063189,24.316082,0.8129656,1.3701655
23.330078,19.521917,0.63213986,1.2317724
11.205028,19.295462,2.485645,2.6074429
64.570786,68.15545,1.5871698,1.1766553
34.24057,35.926815,2.327076,2.1138544
31.934217,36.17491,1.3256106,1.7681162
31.325495,29.14398,2.0011704,2.0433583
3.2789872,11.420269,1.6281713,1.0731903
95.15568,93.249954,1.8679453,1.8515912
86.697784,85.390495,1.7805933,1.7734692
61.33867,63.326916,2.7385437,2.7389822
1.8560435,10.195271,1.4882195,1.9874821
99.67743,98.3189,2.7760851,2.8064404
77.42884,76.36029,2.1306634,2.1522868
22.868557,17.404205,1.9477333,1.9090317
66.048874,58.33201,0.6228159,0.9987646
93.02602,89.36331,0.8667859,1.2615327
73.63336,73.87335,0.9674216,0.96993154
81.71727,76.55153,2.4721966,2.4703596
44.104565,35.863087,0.57457376,1.6759802
57.04751,56.697063,1.0612848,1.0136038
29.869312,36.499634,1.2031586,1.0707735
81.21396,85.88805,1.6051902,1.3550698
78.947235,86.16269,1.493914,1.2827191
66.88141,60.30323,0.65234256,0.97551024
63.152424,68.670975,1.4628309,1.2461905
13.072982,15.72234,1.6980225,1.2606974
99.72746,99.48697,1.9402685,2.0583975
73.5708,84.503265,1.5337008,1.0213808
7.963709,13.450737,1.435316,2.064534
49.49936,52.47202,2.905839,2.9864507
46.412292,53.236137,2.7097259,2.6477258
8.214932,6.805523,1.3448378,1.1748848
37.92871,33.21718,2.6076674,2.4563568
13.136806,4.352768,2.9338157,2.2787337
12.845958,12.468723,2.9142978,2.7924845
5.878137,7.1405487,2.1282134,1.6114259
65.704155,70.59015,1.3696809,0.98697394
60.20703,57.636963,0.82537115,0.98522687
94.89808,86.967,0.64869374,1.0516583
11.763002,15.049854,2.4710476,2.318482
69.918304,78.73516,1.547779,0.98204255
87.40933,89.78665,1.8295074,1.9003565
40.526165,40.757385,1.9809719,1.9857142
49.48197,46.028076,0.76021886,1.0148784
3.6428456,11.227264,2.9031892,2.0056207
46.74629,43.119095,2.0748272,1.9446952
96.44788,95.92752,1.2621636,1.330244
68.83161,68.752396,1.9949144,1.9666481
94.79692,81.220795,0.60082114,0.9975414
33.685944,34.06231,1.2127088,1.6184523
27.028717,22.754986,0.52426755,1.0827041
55.897602,56.79578,2.4239824,2.4675045
55.797348,55.69092,2.655045,2.6729004
28.602161,28.706993,2.42813,2.4719634
21.298027,20.05326,1.0774996,1.2116861
43.743176,41.12059,0.77249086,0.98761714
24.816355,19.046814,2.9056633,2.645071
50.551014,54.28731,1.0208979,0.98405504
37.87888,41.223747,1.2755045,0.9638715
72.13748,66.19945,2.2438571,2.1999407
19.430557,24.110285,2.1211143,2.2602043
80.17647,72.7541,0.5464774,0.9866667
18.800053,23.031422,1.2941548,1.659199
38.312603,41.665977,1.4538335,1.0267522
26.818047,28.136543,1.9552203,2.1046188
74.38333,76.48085,2.4598346,2.4981608
28.985853,23.587587,2.22069,2.1944134
1.9360331,10.144222,2.80777,2.7295275
46.83775,44.776585,1.0435133,1.1826506
86.47785,92.80088,2.608195,2.637873
52.534515,55.38069,1.3329788,1.0722804
38.55782,48.96261,1.2185057,1.6753027
60.77954,59.971954,2.1782932,2.1726947
34.322025,33.857525,0.88880265,1.0068166
36.0374,42.549656,2.3213515,2.3393333
47.216404,52.040615,0.6337351,1.0189233
43.220257,46.63433,2.7819662,2.8906994
58.978996,57.90554,2.9790545,2.9112334
28.073408,26.24623,0.91224045,1.0677583
88.470764,89.44475,2.386424,2.366313
49.537533,49.472973,1.6034281,1.8043242
40.564182,36.721264,2.5696704,2.411026
95.63956,94.50404,1.8551676,1.8667655
3.8145685,4.8447037,2.5395536,1.8103888
65.337685,67.424934,2.4580195,2.4533768
59.66773,55.98343,0.8560263,1.0440735
46.926952,41.35902,2.5340111,2.5887363
58.74936,61.37558,1.8893126,1.930997
30.428463,30.690634,2.500846,2.3601303
78.48372,81.443344,2.1586623,2.2235599
14.752149,8.504925,0.65877783,1.5469096
15.898221,13.98951,1.06352,1.0018531
81.88245,69.213264,0.53465366,1.7265209
31.805084,41.39566,2.609987,2.8063445
74.5758,72.790634,1.9672674,1.9522266
88.04071,91.505264,1.2020581,1.1167905
85.54214,86.13678,1.6939605,1.6771055
83.8881,82.60518,2.9854078,2.9168034
2.776273,12.4296875,0.8313287,2.4459767
55.729782,60.355568,1.5447122,1.8161192
70.30089,64.44092,0.5658027,0.96751815
42.26428,41.769295,2.7178538,2.7062197
11.560545,10.061562,0.8121836,1.0681798
9.650433,8.087177,1.5786377,1.9441319
41.977093,44.365055,2.3998637,2.4707491
36.027615,36.42272,2.0836742,2.059188
14.576419,12.50396,2.230435,2.1943946
49.87778,52.3431,1.6343147,1.0388217
14.809962,9.807217,2.9204922,2.0170581
46.8397,41.59055,0.67676014,1.2270222
84.90124,87.53747,2.3483436,2.394412
15.272088,16.185768,1.7250817,1.0272
25.645838,22.535963,2.9616868,2.9233603
49.32555,42.287075,0.8141595,1.0199854
24.23365,18.283936,2.3299546,1.7072715
79.83597,85.01427,1.2619205,1.0031039
40.32404,54.001633,2.4123547,2.5903065
46.83306,47.25636,1.7578651,1.7627871
21.242308,17.066143,2.6530967,2.3908293
21.443413,25.198137,0.67560697,1.7846632
58.05869,52.197887,0.59757274,1.0081501
36.874954,40.613766,2.0016873,2.205311
54.451984,61.52538,1.6308689,1.0527577
48.280403,44.86041,0.6670644,1.0389801
33.271996,29.559074,2.6627662,2.4623618
51.06191,52.832977,2.0281897,2.0551155
20.529394,20.101702,1.1689652,1.0077461
20.200367,11.263817,2.9324324,2.5513577
95.1389,94.54439,1.2431595,1.2644434
52.123856,51.873466,1.1424232,0.9514536
53.8661,50.216446,2.560625,2.5235095
80.59175,75.88323,2.2618492,2.2340753
61.01271,60.590034,2.3718603,2.4093611
33.128902,30.530018,0.71280986,1.1126037
37.81803,40.931183,1.4194981,1.0196736
6.187183,8.078342,2.7117822,2.3879523
3.8616016,8.009182,2.0830462,1.7944585
2.1881409,5.8732452,1.3188304,1.618531
44.13829,44.41087,2.675103,2.709037
97.94955,92.410675,2.5264828,2.3726037
12.409334,11.992104,1.145247,1.0748852
10.626352,7.4656677,2.4558785,2.4143388
50.288773,52.34346,1.1681058,0.99357253
73.10157,73.95676,2.0213473,2.0394876
70.0796,70.48779,1.0105704,0.9837061
17.201195,15.699081,0.8131921,1.2120903
72.92909,70.531006,1.8667176,1.8000318
98.5716,95.537506,1.1190045,1.364985
47.48675,49.641933,2.1432378,2.1773531
18.657051,16.316055,0.83997536,1.0700555
19.458189,19.24662,1.8222784,2.093039
81.38115,82.1204,2.0028765,2.0234377
95.68526,89.25171,0.7508297,1.0782981
44.30549,43.21002,0.9872516,0.9968893
36.065315,29.252298,0.5650908,1.07654
70.29873,75.42116,1.2249155,0.98588264
9.683342,12.574474,0.5037588,2.4075427
10.814775,7.84396,2.413956,2.2102163
17.120573,12.490482,0.8706935,1.4672617
92.077255,91.268166,1.0190609,1.1096001
55.203014,62.59012,1.5565594,0.98261315
55.538944,56.874214,2.1557438,2.1663833
43.46201,30.92912,2.772022,2.3080735
58.261803,55.447376,0.93609345,1.0578082
79.36196,82.43662,1.0298939,0.99070334
37.506092,36.250336,2.5852287,2.553774
61.328194,61.45805,2.771475,2.782938
28.886469,28.799603,0.97673273,0.9685857
44.936127,48.47252,1.0863438,1.0644407
92.47135,91.83858,1.9455738,1.9692796
25.975271,28.87739,2.0225983,2.0581663
27.52613,30.959435,2.002845,2.2789798
76.84856,79.993706,2.4954376,2.5445259
39.545036,39.618603,1.0641239,1.014742
86.76582,86.12294,0.96252805,1.0396597
89.46261,88.66947,0.98191947,1.0811474
55.64861,58.299297,0.757799,0.97601825
66.11603,69.5108,2.7486913,2.8635123
55.313484,56.20564,2.7657192,2.8114858
82.32007,76.37758,0.676575,0.998961
43.986683,39.89061,1.7815006,1.6296409
55.521523,49.56531,2.7392578,2.616269
39.176792,35.275208,0.64429444,1.016496
93.98811,86.38405,0.7050141,1.0492759
72.63101,81.45694,1.4166163,0.9886905
44.5667,44.222626,1.8710469,1.8866271
1.4694172,6.1163254,2.9311237,2.2763917
90.991585,90.58101,2.7603662,2.7279
6.5531554,5.400509,1.6278032,2.362417
59.045006,63.779488,0.8697422,1.0719804
84.89783,86.52235,0.9035307,1.0238545
23.449865,19.923653,1.663599,1.0462662
24.11156,17.98452,2.984193,2.8425932
39.807026,42.03574,1.3499093,1.0085226
9.437387,11.389664,0.56829566,2.0260293
41.193745,34.432495,2.894872,2.8665
17.520187,42.53537,2.8746393,2.9519572
17.940472,9.31683,2.5479553,1.3351994
87.638664,78.87806,0.53868717,1.1210886
29.713434,30.612574,2.817994,2.8578415
79.30723,88.27078,2.5903726,2.7695804
20.120403,19.367634,2.4880483,2.503365
46.328693,45.407986,2.9180279,2.8993893
21.530283,23.506433,2.3365998,2.2664928
53.456577,47.16036,2.4744058,2.3549657
27.113829,19.081657,2.854687,2.8065534
89.03669,87.89224,2.904823,2.900702
4.7330275,7.505993,2.8417363,2.3026783
67.236565,68.05584,1.9470482,1.9255935
31.785282,27.584616,2.6284087,2.6148684
70.25023,63.136776,2.2748384,2.2096238
67.517815,66.74127,2.259439,2.261259
52.24977,56.60846,2.0911574,2.1634634
76.08836,86.42279,1.4915715,1.1091248
34.059322,32.49965,2.3015914,2.252327
81.25368,86.94739,1.5983528,1.2893347
82.745155,82.83891,1.8354366,1.8224484
40.846973,34.98961,2.2208555,2.0711646
75.75573,69.19366,0.58943504,0.97748804
65.93032,61.3409,0.6433189,0.97221226
15.203873,13.131496,0.9319837,1.7365549
29.366262,32.456715,1.3911244,0.94282687
83.51209,87.194336,1.7858949,1.9020388
12.002877,2.9383926,2.966702,2.201547
31.045048,45.536503,2.0338383,2.619936
94.622536,94.44919,2.4698484,2.4790235
92.527336,93.5693,2.0593836,2.1068606
0.9460761,1.8346367,2.4763145,2.1882956
57.575947,55.56552,2.7713203,2.7156389
7.777619,5.7571793,2.2046282,2.4905872
53.760605,56.17717,1.2128555,0.9951168
24.814508,36.91385,2.2766485,2.3927305
90.72981,90.83229,2.8864818,2.8520756
5.9876137,4.747265,2.5224817,2.5179029
82.47348,81.95686,0.94358724,1.018579
36.039196,35.279976,2.282582,2.279737
65.102806,64.24647,1.8806999,2.0049944
92.082794,92.31116,1.6883129,1.7116845
68.741875,69.58995,1.6866641,1.6546376
71.72672,69.48298,2.8097312,2.8072755
94.66336,85.703064,0.6231961,1.003856
76.601456,76.67777,2.4624877,2.4494343
16.70271,12.917831,2.6000834,2.3982468
32.742958,31.98954,2.4837682,2.5590925
63.99996,63.610226,2.5616693,2.540161
41.753746,44.264988,0.93963796,0.97223043
74.61518,77.711266,2.3877754,2.4322126
71.117615,69.49994,2.1999314,2.140666
38.869987,38.569897,1.1181065,1.0534897
20.677717,19.587507,0.88745576,1.1189775
12.780643,12.411583,2.4114506,2.4091365
93.53693,85.800415,2.6198156,2.5828996
2.3030293,16.034489,2.36079,2.8472595
89.04185,88.913185,2.8587291,2.8726063
53.91467,55.24832,2.5374207,2.537837
63.84635,68.34921,1.5884305,1.1900527
56.637997,59.51541,2.0565472,2.0775566
22.739822,22.754585,1.0328516,1.0580547
63.866634,63.285015,1.9654248,2.0237966
36.482384,36.172047,1.1617343,1.2406638
53.188953,47.420895,0.5152835,1.0299165
54.77328,51.129265,0.5172029,0.9908423
25.311699,40.90044,2.8135102,2.8071518
50.98099,50.102383,0.6915128,1.7600653
72.410805,82.22223,1.4963001,0.99558187
97.806725,98.13626,2.9099972,2.919684
6.5304923,7.5667915,2.1953707,2.7143354
97.68045,76.222565,0.5120612,1.473174
36.37832,40.193718,1.4744655,1.0520113
30.4501,27.90712,2.1077375,2.0225484
63.99688,65.34745,2.4473839,2.4627512
9.052176,11.667595,1.7261829,2.3294692
33.8338,31.418833,0.6608706,1.7994934
18.049353,16.49229,1.8845185,2.2188282
1.6213832,1.8100853,1.1985819,1.530926
80.23427,82.727974,1.7054716,1.7473365
99.007614,96.64601,2.9456522,2.938391
88.956375,85.834625,2.4749613,2.4361262
89.74728,97.97653,2.830541,2.892108
37.395424,33.06556,2.6317918,2.5497122
87.34456,74.572334,0.5613511,1.1534657
59.44225,77.65673,2.1019588,2.3817565
83.27367,92.06793,1.9396999,2.0269833
85.07435,89.48303,1.2725409,1.0595875
22.569424,23.178074,1.4937518,1.2114997
3.9518661,12.87735,2.1702158,1.7866205
59.76239,59.145042,1.7348883,1.7222613
37.492558,36.677216,2.7152529,2.5882623
26.80379,31.13298,1.6470162,1.7497214
34.394688,36.032383,1.7241076,1.5219064
20.162329,25.652538,1.556231,1.0606525
0.5722429,15.322517,1.9057009,1.9909277
56.19321,66.16453,1.7315433,1.8319927
5.1223693,29.68448,2.7665653,2.9504573
81.95825,82.51426,2.5023487,2.5142648
3.2199411,15.2314415,2.5041997,2.5459912
26.959484,29.50849,1.2624203,0.95282114
12.8048315,12.405907,0.90048254,1.7722441
83.079155,87.1974,1.1744788,1.0335898
4.5654874,11.866184,1.3901151,2.3411617
14.55425,5.5560226,0.7834963,1.5351876
14.1178055,11.57967,2.7194881,2.7895126
69.8037,73.589714,2.3693027,2.3873715
47.775063,49.460236,1.7182617,1.6954918
4.9562974,5.0560303,0.5504557,2.3077116
32.05011,19.968294,2.8105683,2.2447
59.13051,58.246292,1.99395,1.9478555
84.18729,83.28182,1.8960589,1.8863497
21.877964,20.463058,1.8762038,1.8214375
69.818504,72.82566,2.6326358,2.7206285
29.995493,29.810856,1.0651007,1.0337734
80.21167,85.29587,2.5231838,2.4797683
19.88813,20.187912,1.6736859,1.7552522
61.85555,62.948807,2.3783414,2.4193196
87.63081,87.30409,2.5734038,2.5433798
97.52695,99.1095,2.7128747,2.7747555
85.07374,84.1551,2.2176692,2.236491
56.272427,52.951576,0.90854925,1.0027163
70.688995,69.76811,1.768933,1.7553704
70.7147,70.426994,1.9120091,1.9288204
99.94309,98.676285,1.7282165,1.6987962
38.57365,41.949413,2.3161068,2.142627
52.417828,57.866325,1.495665,1.0174668
21.441196,19.349249,0.51386636,1.0858424
67.810165,66.41795,1.7176443,1.7513918
54.170586,61.99153,2.6226935,2.676206
61.878952,61.071598,0.8944719,0.9737839
19.803831,16.965145,0.56656736,1.0099381
63.865097,58.807873,0.5492897,0.97949135
74.78716,87.121826,1.5477071,1.7476615
16.359035,23.497694,1.9515007,2.1008754
27.916544,30.446737,1.5081931,1.0195017
55.98161,54.465065,0.9281336,0.98417634
76.89055,81.563354,1.1051381,0.9922679
78.58645,87.94992,1.4079387,1.0287039
36.266727,35.851807,0.6964893,0.9616035
77.79831,83.72836,1.218231,1.0286009
81.30402,84.51174,0.8506767,1.0118902
36.063908,34.892834,0.75993097,0.9683162
49.673023,50.39407,2.447033,2.507657
11.150925,12.853241,2.12931,1.7324107
39.449257,40.31594,2.4002354,2.4501877
69.11942,65.09305,2.9356954,2.904789
72.42983,76.51282,1.1614063,0.9746049
73.7709,73.84979,2.4199522,2.444878
27.176619,22.16709,2.3095746,2.066399
14.659836,23.88827,1.2643893,1.0702696
54.765408,54.88073,2.432675,2.2933936
93.293755,86.22569,1.0629605,1.1714787
85.94883,92.71109,2.5709822,2.6247134
46.411446,47.100716,1.6490399,1.2635919
6.635162,3.7210274,1.9049678,1.6892431
73.7568,75.28688,1.6826184,1.4597547
85.777725,82.881714,1.8865268,1.8432304
99.063416,93.55219,1.1306518,1.3391323
84.85509,78.15458,2.3488643,2.2351513
86.721886,72.63551,2.9785137,2.8002698
93.723465,91.11317,2.8720472,2.8331528
36.223614,43.75898,1.9399813,2.2781615
92.83503,86.05408,0.6975554,1.2074687
56.29433,56.33348,1.6498708,1.5132028
68.03249,70.37771,0.9964569,1.227385
82.559326,83.2091,2.9059134,2.8894432
17.560436,12.038784,2.3000815,2.3898277
19.09193,19.272053,1.6658968,1.3209658
70.47407,66.84469,0.6387284,1.3465813
7.1657224,9.381287,1.976353,2.0998652
94.53141,94.34595,1.6528392,1.64977
99.3465,92.54428,0.89233947,1.1515981
46.7965,40.47892,2.529841,2.3485641
73.21358,71.15659,0.82349575,1.0047789
61.299152,62.82875,1.6724256,1.5707852
24.28873,23.437874,2.181905,2.4075048
21.924858,25.207914,0.9230795,1.08971
88.49907,77.01589,2.8483307,2.8599465
98.786156,94.45099,0.794865,1.407203
8.498737,14.269363,2.9609413,2.682523
86.880325,76.00795,2.5636735,2.4227529
34.012947,33.928898,1.2271221,0.9587251
2.1900272,3.596531,1.9734075,2.7398198
50.276264,51.6345,2.8145878,2.8438213
34.628403,32.822563,0.7586584,1.005147
38.43995,41.75462,1.4902889,1.5327923
88.59611,86.80821,1.7981282,1.7908458
50.57392,54.190144,2.8075304,2.7575254
80.55925,80.10954,2.357662,2.3308635
16.258501,16.876251,1.393173,1.0532714
27.979736,26.961329,1.9034132,1.8889698
20.164093,16.858513,2.7027419,2.5751348
0.18718737,7.569145,2.3555841,2.1008148
61.268913,63.749283,2.4164672,2.4583516
12.102507,12.096329,1.3505514,1.0440398
84.15436,87.68117,1.2041041,1.061438
70.82402,62.698532,1.0521592,1.6207237
21.757736,20.871735,0.8932481,0.9864325
47.54645,50.617447,2.6475868,2.695269
37.313168,32.970505,0.5322143,0.9708635
82.131516,86.222824,1.17686,1.0693679
27.523512,23.376299,0.56881696,1.7679366
98.01924,90.40149,0.68976957,1.1449955
86.582466,82.46802,2.6906402,2.6509514
44.37047,43.98956,1.1053395,1.0071225
53.31079,52.948257,2.5542262,2.554494
9.05852,14.769577,1.3964975,2.411426
82.475395,78.010666,0.5534186,0.96504307
73.357666,82.66317,1.4916342,1.0754728
28.762285,31.089285,1.7250375,2.041279
94.59103,86.0233,0.6829269,1.0253856
97.16489,88.84889,0.59082603,1.0462248
32.50716,33.940582,1.8974594,2.0326052
65.63589,74.67874,2.7312818,2.867886
60.982483,57.30231,0.7718329,1.1967441
20.510069,20.50667,1.2497628,1.0549697
87.02008,89.94502,1.2479651,1.0843296
91.994,91.64683,2.6919253,2.597413
13.171408,17.322483,1.5383499,1.7326245
39.208748,32.21309,0.80673677,1.3498902
19.364912,19.40446,1.8743145,1.1509383
21.820406,21.69127,2.0033505,1.7304883
85.70578,86.20989,2.9441566,2.9079862
29.437286,26.55811,0.7655585,0.9563927
52.62198,45.451794,0.7332446,0.9773431
53.24972,52.09198,1.1817907,1.1493821
7.22375,6.7141037,1.4410181,1.4920434
3.5649164,11.159771,2.7889676,2.5389543
46.07106,47.636433,1.7502669,1.4800277
3.0288835,3.9912338,1.9418554,1.476413
37.196136,35.455532,0.85241944,1.80189
57.55314,63.924625,1.1485348,0.9706137
48.525867,49.34085,1.1499028,0.9811309
88.775475,87.77011,1.9753706,1.9704373
78.73884,78.199875,2.3347995,2.3461444
53.893394,49.09106,0.74777645,0.9826177
26.819834,26.240635,2.2045448,2.1975522
46.39996,44.563,2.2673075,2.261511
68.1035,65.96475,0.85093665,0.98713225
66.81283,71.34277,1.1550257,0.97452533
14.315322,12.134953,2.3928132,2.392929
76.89022,76.63101,2.9121678,2.908132
11.242981,9.57431,2.0762756,2.0132337
74.42145,81.82507,1.6641303,1.3955102
39.934143,38.56121,1.8013123,1.8584666
23.806879,19.615587,2.2144308,2.1697514
41.67922,44.74942,1.3512436,1.0052775
41.67876,41.975418,0.89364016,0.9661291
44.045452,55.49455,2.3165686,2.4182668
77.46457,75.14222,0.7466673,0.97550136
83.57538,82.66246,2.265293,2.2599628
6.075599,6.081936,1.1056138,1.2963415
66.765434,75.12704,2.1909308,2.2576523
52.543694,50.59844,0.93279463,0.95696026
30.348944,31.876509,1.3292277,1.0219965
69.51235,67.58293,2.8213382,2.8351607
74.83315,82.31894,2.6295884,2.7465367
8.155663,3.865368,2.4166324,2.6145494
76.5226,86.48729,2.336647,2.4643123
21.433615,20.265102,1.033746,1.3611224
2.8711348,1.2040443,1.4987311,1.6987923
51.087753,54.768402,2.4757037,2.6420674
15.021009,13.500938,0.69615704,1.4502318
36.629963,31.96348,2.6717236,2.7888775
91.83934,83.33176,0.82450485,1.5184656
77.73264,73.65315,0.91533697,1.1169662
81.37192,76.28996,0.6546027,0.9837517
95.91999,96.03578,2.2338367,2.259602
52.047066,63.985245,1.2220302,0.9943141
46.826485,47.094067,1.9547005,2.0222957
41.804985,40.513763,0.8898027,0.97978747
15.753142,13.027336,1.8075598,1.5057319
14.194792,9.086765,2.4120672,2.6543484
89.496635,90.11502,2.6994996,2.6796734
6.3394895,8.568829,1.1248815,1.0605184
51.363262,48.60887,1.0689957,1.2749062
27.337759,35.656364,1.4722705,0.99892664
33.954617,35.49037,1.4384534,0.99044436
40.98324,41.322063,0.9123313,1.0737793
50.84749,50.755634,2.0632815,2.0683424
10.764447,12.190239,1.5251107,1.0668845
81.0688,81.66406,1.6598002,1.6641421
84.36194,89.64781,1.3521296,1.0881519
46.84123,49.24391,1.6293794,1.3963348
6.1326513,4.685581,2.7309234,1.5645773
27.006226,25.759665,2.3512635,2.3330958
75.99532,88.015854,1.5728091,1.0904768
96.98808,95.0961,2.1942952,2.2086663
54.103886,58.10897,1.9269136,1.9044663
7.7017264,5.3997917,2.4077463,2.480054
76.99534,82.153534,1.0666765,1.0054693
56.795555,55.83695,1.2642219,1.3161079
12.290347,14.094078,1.1112374,1.6171044
39.942387,39.233833,2.1772013,2.1990533
97.47582,87.76394,0.55697423,1.0564106
17.973267,16.596039,0.97340024,1.2767091
17.655554,14.189407,2.6313899,2.5677469
37.128735,39.825745,1.8966238,2.0142448
24.7398,26.421642,1.437789,1.0233704
37.787956,48.89458,2.1395018,2.4003582
97.041595,93.76507,2.2432287,2.2014508
47.353638,41.585922,2.5461998,2.4662068
67.96813,61.214478,0.6850634,1.0209799
78.25032,73.73386,2.8474705,2.7565203
58.712673,52.785236,2.1457179,2.0612097
38.75621,38.637108,1.0976903,1.0132604
25.179512,23.244345,2.609849,2.8263762
91.67106,91.65704,1.6962634,1.7047672
87.153984,88.315735,1.0532287,1.0860496
86.982834,92.23944,1.7390054,1.8000873
98.47942,90.00599,0.68083256,1.0936898
35.8796,25.00838,2.861175,2.7326658
25.793102,24.990486,1.8932736,1.4661728
42.25952,41.54064,1.0977559,1.0092381
35.556656,39.329056,1.7624934,1.9556217
38.00719,36.296825,2.4732964,2.4867892
53.951424,46.667458,0.507913,0.9711151
78.43983,82.71498,2.4912477,2.5052629
72.74908,67.55487,2.9880264,2.9601946
43.509254,45.112404,2.264518,2.3198795
34.563496,32.759575,2.2101352,2.1540558
71.74301,73.88989,1.6624842,1.6756009
18.036072,11.99807,1.7122824,1.5234513
55.74625,61.54026,2.6449754,2.7104104
48.43655,48.9942,1.7822546,1.8224452
78.63155,83.84573,2.6632717,2.7450728
12.406329,12.740807,1.3942802,1.8657283
0.5086169,8.9827385,2.0451095,2.0308468
89.666115,90.3669,2.2867706,2.2622864
80.243126,77.52406,2.954864,2.9331021
92.65429,95.37358,1.5322413,1.3967264
7.527062,4.0608063,2.740065,2.5856092
25.022068,21.918829,1.8600827,1.5334218
94.8104,82.40811,0.6148103,1.071181
40.917797,38.35296,0.87292784,1.2304302
40.974865,36.14405,0.63128585,1.0052514
89.41895,81.482216,0.51789117,1.0349582
91.47518,97.59233,2.1814194,2.2247405
99.31651,92.559494,0.8545263,1.2148708
10.574988,8.363686,2.4090843,2.356646
39.8181,36.69211,1.084791,1.1396961
88.084915,90.091095,2.8041735,2.829123
54.32273,61.973442,1.5215638,1.0082823
95.08329,84.863235,0.75703853,1.0087075
88.52744,89.34856,2.4918027,2.4907084
59.94335,60.892033,1.0272413,1.0070214
60.202774,59.5512,2.8882732,2.867143
40.637688,34.04502,0.84745777,1.6099677
36.810677,41.879486,2.24763,2.2656555
53.456448,46.63271,0.63869244,0.9791372
99.079124,88.27428,0.5219995,1.0587682
90.31827,89.94728,1.1176151,1.1738163
43.496304,45.606045,2.4344394,2.4000168
34.612057,30.69319,0.88449997,1.4167385
7.7588816,9.728905,0.7428493,2.17275
25.125397,25.720335,2.8095307,2.7928786
35.88001,32.219154,0.79107106,1.4745585
33.63421,35.63701,2.356335,2.6752546
47.569653,46.67035,0.9801884,1.0608114
7.73558,7.423435,1.5110685,1.5871601
62.491596,62.36741,2.8170934,2.8283439
55.421543,49.873344,0.5428515,1.0018926
1.4828259,8.239819,0.5578411,1.6746957
63.655052,52.56382,0.67473924,1.4809229
99.56105,97.94502,2.8472273,2.8672206
70.46573,77.40904,2.4118762,2.5049634
71.42135,70.41897,2.8542504,2.8497458
47.08732,32.15622,2.7858465,2.7540345
56.18321,56.64601,2.5767722,2.5871778
66.23715,58.23162,0.79509497,1.4697138
99.30957,95.79552,2.226217,2.232115
21.543505,37.881714,2.346651,2.8379886
30.579287,31.147934,1.8324685,1.818126
9.240475,8.6175995,2.5293078,2.5960808
85.17854,85.67758,1.7648522,1.7689284
30.61083,30.43115,1.0591924,0.9975586
9.101521,7.920929,0.97395194,1.120601
79.030266,80.8583,1.6748399,1.6813064
38.94344,40.289547,2.5579543,2.5566988
45.662094,46.236176,2.0993106,2.102429
27.521685,17.303299,0.5610762,1.208584
70.593,67.51488,2.5811644,2.5883896
26.482462,27.467754,1.6284513,1.0813482
50.32606,51.12658,1.129426,1.0098218
49.887722,50.222607,1.290037,1.0589055
73.28756,71.216515,2.3446813,2.3831425
90.17825,91.793335,1.2285173,1.135476
58.20684,57.55038,1.8612089,1.8708278
48.860577,50.19003,0.9658871,1.2579352
64.31059,68.79988,1.9846481,1.8598845
98.13777,96.20685,1.7283678,1.7262639
99.82522,93.04286,0.8579748,1.2062824
12.003401,9.645355,2.685638,2.1869652
5.0018516,4.3611565,1.2370167,1.7624625
19.488375,7.0859337,2.8785543,1.317059
76.99215,76.74696,0.9795792,0.9521672
36.20382,33.834614,0.65073425,0.9714325
98.22031,96.95291,2.338663,2.3129044
76.68946,88.80442,2.859056,2.8793845
19.033516,15.613483,2.6349525,2.630963
87.98344,89.95808,1.7656641,1.5490065
40.301804,37.33187,0.707969,1.9112647
74.79105,74.83056,1.9986444,2.021855
88.27112,93.907936,2.2467213,2.1497211
2.3871124,1.404377,2.2159467,1.8351715
97.842224,94.16409,1.0705899,1.2412031
76.275055,69.962585,2.9853275,2.942235
26.406359,25.589945,2.708379,2.7098527
61.785236,67.91925,2.522162,2.5576675
17.501106,18.272892,2.5569003,2.4242284
92.08522,88.97061,0.8697914,1.0916322
21.957045,20.629866,1.0812975,1.0447867
24.787626,26.087692,1.4363137,1.0395505
72.07462,69.33076,0.88381344,0.9678516
60.04404,59.6129,1.7416584,1.7305013
69.46073,77.34859,0.9531466,0.9725246
74.42922,75.42444,2.2388856,2.2761784
32.374912,31.730816,1.2216499,1.4979078
79.590866,79.64389,1.7673116,1.7960715
81.889694,86.89229,2.636859,2.7409925
37.03565,38.87712,1.0476123,1.1137055
48.39145,50.49185,2.5169356,2.5498424
16.975601,4.145012,2.9393492,2.5893154
49.39912,48.12513,2.2388892,2.244202
43.618866,39.81951,0.8134599,0.9910877
7.859473,13.891045,1.166929,2.747862
12.487378,11.5251045,0.9873048,1.0590332
65.72439,71.926285,1.8338279,1.1827039
70.61595,65.03622,2.3658812,2.3546698
8.547112,6.056835,2.0047982,2.1021333
8.350123,8.362316,0.9063383,1.0582867
14.537366,18.252703,1.5984132,1.242895
65.95534,62.20281,2.9710898,2.9258466
26.18626,19.073442,2.5049014,2.2720673
58.78438,59.227108,1.9595805,1.9814124
29.788021,30.887997,0.9270944,0.96817976
7.830094,6.907112,2.8392909,1.8572043
89.02065,90.48727,2.0268364,2.022757
81.11627,86.525085,1.594894,1.2860447
45.33882,43.12493,2.371576,2.2902508
32.1332,29.942507,2.7429597,2.707699
26.06209,16.277164,2.6634853,2.7879233
62.57297,54.16594,0.6964498,1.2339939
14.97332,12.4772,2.6785033,2.8651814
59.65228,61.219734,1.9403294,1.9628642
6.3586993,7.8757133,0.6064092,2.3090706
69.59605,68.467865,2.0397227,2.1015477
50.077477,54.943436,1.4671906,0.9750403
37.52746,36.392475,2.9669716,2.9243693
21.301226,18.885284,1.0392395,1.2389219
94.39548,90.65115,0.7394071,1.2231325
7.300661,8.350765,1.5603174,1.1402459
17.306097,14.818512,1.7787776,1.8623012
78.272644,80.0036,0.8140666,0.98205334
30.504158,34.338024,1.2251439,0.986371
62.545113,64.04337,2.0465724,2.056508
22.485106,22.762695,1.1948864,1.0223823
94.63563,87.31836,0.9074484,1.3441371
12.569576,13.74667,1.3224007,1.3267365
58.848576,65.798096,1.3896811,1.0274172
97.641685,89.92795,0.79052955,1.1014411
53.704235,57.267963,1.089968,1.1620307
27.12518,29.828108,2.975833,2.852014
14.974303,15.214706,0.9031028,1.4093738
74.022285,77.44369,2.4101665,2.4432023
53.953102,52.46077,1.7743902,1.1272142
2.8922853,6.1004715,1.2939589,0.9639105
31.659632,31.141539,2.327142,2.3341086
92.64514,90.70341,0.9288487,1.1058977
16.828485,15.077316,2.1751742,2.1401224
67.49502,70.5161,2.8515863,2.8896327
62.799484,66.33485,1.6047217,1.2273767
78.50703,81.24675,1.9152607,2.0354419
10.206725,12.922943,1.3681372,2.260325
34.568516,35.22961,2.5739944,2.288537
13.720791,15.345505,2.762724,2.351258
87.86363,93.56602,1.4922177,1.5525566
54.12957,51.42634,2.1053722,1.9724572
40.930428,41.8978,1.7561407,1.7550094
33.399677,35.34146,1.4222862,1.0404603
50.6439,47.48756,0.78977,1.0147356
17.47194,25.101337,1.8180424,2.2767615
20.329231,19.49365,1.01449,1.0389419
23.486217,13.9975395,2.0443141,1.9288865
25.07155,27.45605,0.8748302,2.0014956
76.458,87.90257,2.3012664,2.4743652
37.641064,36.091198,2.1243021,2.0452845
84.754616,92.42801,2.3585804,2.4510117
22.086403,22.477953,2.5358102,2.5742712
42.424423,42.53564,1.1239098,0.9982301
17.254358,15.587185,1.7985448,1.6526691
98.60614,96.40144,1.9801633,1.9676962
22.50616,13.713856,2.908828,1.9659874
11.303556,19.680866,1.7464771,2.5143147
41.695885,44.319958,1.1749568,1.155312
70.871216,72.407646,1.7749246,1.7782475
43.02865,40.74904,0.8681646,0.96633047
49.52983,52.18885,1.6841854,1.4354274
17.087936,18.195435,1.4988075,1.0067863
0.7834491,22.61424,1.0565288,2.934648
84.17453,81.762566,1.0876609,1.1054767
95.06674,86.158676,0.63680726,1.0960872
83.0271,87.93373,1.2680949,1.0516884
42.534256,41.38684,0.8784337,1.0344288
59.927887,62.44106,0.78926826,1.0375819
58.435555,58.952927,1.9720116,1.968236
50.240494,50.84433,1.069077,1.0294197
83.98294,72.368515,2.884478,2.8526
87.618645,89.43341,2.4999669,2.5039868
60.066307,54.954414,2.4599223,2.4773917
80.54462,80.67674,1.739843,1.7421381
0.8386612,5.432682,1.109549,2.4217684
34.38432,38.426277,1.4365305,1.7902454
54.540203,62.256126,2.652791,2.6586032
71.38972,77.0979,2.345501,2.4190216
50.16201,56.367393,2.5350578,2.6160417
85.246124,83.24092,0.7583577,0.98985964
50.002087,54.342724,1.4553311,0.9746543
10.953462,9.35836,0.83139706,1.0806286
94.137146,95.55975,1.3615901,1.3149602
13.632455,15.693424,0.5282582,2.7781749
76.265205,89.634155,1.4907295,1.1908442
37.097725,33.543602,2.6662176,2.5964994
4.564557,4.9374504,2.436702,1.9266002
55.937992,59.333904,1.7547529,1.7686026
14.86054,12.405735,2.6095006,2.582157
8.11393,6.9993362,2.9389958,1.4666989
30.080797,26.842825,1.2992063,1.6369339
53.914715,54.730522,1.1555463,1.0032244
25.791286,24.257214,0.8987747,1.0165179
12.673566,16.429592,1.7590916,1.6373831
63.605484,70.11023,1.4132766,1.0095931
93.68494,91.4393,0.99397534,1.1193509
95.52853,93.12915,1.6842124,1.5436273
81.56073,87.83566,1.5697002,1.2791126
47.841766,40.888744,2.775529,2.5084667
93.7491,95.38343,1.4131534,1.5678847
2.404284,1.0431213,1.7147759,1.9386532
24.91896,25.620672,1.4822131,0.9446868
21.91796,23.501291,1.9769197,2.0661597
7.077767,11.558235,1.9244511,2.4127743
56.500034,60.02529,2.476897,2.4218059
78.54584,74.216965,1.6546671,1.8138053
17.700453,26.506256,1.4773741,1.126579
94.54284,93.91121,2.5681496,2.6130428
17.945723,12.40773,0.7756766,1.84501
15.543215,13.253475,2.2146387,1.9995794
4.6033745,10.516716,1.0068885,2.505506
78.08223,85.48183,2.9830596,2.9887674
38.259144,39.557823,2.4222798,2.471087
64.88462,63.571392,2.2157109,2.1785395
6.323842,4.2326355,2.0721843,2.3926117
59.353844,53.052387,0.57001173,1.0067704
81.682495,83.469284,2.307656,2.335266
46.687656,50.350403,1.2315645,0.970404
97.93899,99.43485,2.8583827,2.9394057
0.2822449,0.0,1.7965462,2.277223
53.494736,60.476696,0.59796196,1.0080817
12.971978,11.085411,1.7471247,1.4084752
76.90271,78.83687,1.667419,1.614952
24.149277,25.60454,1.3092158,0.99642897
88.15615,92.006516,2.135304,2.1749907
74.00307,73.08034,1.9108053,1.9243128
26.1107,23.368677,2.9165788,2.8814447
83.232574,82.69348,1.9045147,1.9176562
41.235188,38.911083,1.8052502,1.7603905
24.583256,23.680775,2.1849735,2.1692796
8.31305,9.723427,2.864305,2.3200345
22.627316,22.10126,1.8786321,1.9445192
21.838963,9.648281,2.7880561,2.4628117
33.935646,40.64231,1.9396114,2.1037774
38.710266,43.061676,2.346294,2.3260894
50.863155,49.830147,1.9889662,1.9894577
38.01835,42.126892,1.7504479,1.9600247
28.83872,28.913937,2.7726405,2.8015933
15.360647,17.287968,1.6698135,2.0358963
10.408422,17.37045,2.2262788,2.4711175
66.24678,69.26349,2.78656,2.7908766
54.417053,53.694313,2.8908174,2.874302
61.58875,66.08168,1.2731895,1.0058141
28.343403,33.79409,1.7201784,2.209636
66.62199,65.74716,2.145184,2.0908623
47.66283,45.106514,2.207469,2.2157843
24.1181,18.644838,2.2660902,2.103972
93.647095,92.96338,1.023583,1.1578321
43.028416,43.32886,1.7539814,1.7861359
40.538036,40.78501,0.8282937,1.0769434
56.460056,60.462593,1.9848634,2.039039
70.57871,72.75615,2.1290226,2.178246
48.995853,49.16983,1.697844,1.6117282
47.65203,48.715614,1.9477298,1.9853607
22.24348,23.155773,1.6728997,1.3989598
64.90367,64.17546,1.7688618,1.7813147
98.350365,97.11854,1.3624012,1.425347
61.217957,62.499897,1.1790385,1.0975938
41.45411,41.266644,0.8485729,0.9716071
17.518301,14.919296,0.5070574,1.184317
81.00506,84.196976,2.092895,2.1111794
2.3213885,12.603397,0.91124755,2.28341
51.591072,45.741764,0.67606544,1.0732088
28.267206,30.97655,2.9235373,2.7727609
93.52654,90.20366,2.6822357,2.677001
22.844719,11.5674515,2.3003783,2.2950356
57.268208,49.182827,0.51729494,0.9878157
67.60799,68.25336,2.6004422,2.631299
60.22841,51.418163,2.7733502,2.5275273
65.632065,65.60097,2.0346625,2.023092
7.0384526,5.68433,0.80158126,1.4443285
1.2076724,0.20851135,1.0412209,1.5897316
3.509266,9.450199,1.3649455,2.7465832
6.9355164,5.595104,0.9266598,1.9328067
33.211403,32.436783,0.8361213,1.5309734
93.595024,97.68784,2.8603938,2.887055
4.3873334,1.5703506,2.5762687,2.268512
3.867004,7.196022,1.7202617,2.680663
17.967316,8.81189,2.7314065,2.4163144
53.36647,46.085514,0.6425918,0.94102734
68.6601,67.67527,1.0013263,0.96245116
90.84078,90.429955,1.7038738,1.2744972
40.246017,45.896465,1.4335283,1.3675725
35.335438,36.6983,1.8780807,1.8388951
22.880466,26.364252,1.0561576,1.5378597
82.68424,88.42743,1.6067144,1.1723583
13.117399,9.098217,1.4172688,1.2337916
27.656435,31.085968,1.5064846,1.1998932
4.2262025,6.281372,2.8375854,1.2304499
49.208553,48.679825,2.393379,2.5071683
78.004555,78.74545,2.041521,2.044045
77.23913,74.77253,2.445724,2.3996596
17.568235,12.689228,2.9746964,2.4726467
21.028788,28.348991,2.7247262,2.6524718
41.68427,46.844547,2.2097883,2.1947124
89.8293,90.07323,1.1182228,1.1513736
6.1566014,13.8945465,1.4588919,2.6460223
96.43125,91.95967,0.9473571,1.121851
34.663956,38.26476,2.18889,2.162108
7.3994956,11.87191,2.3225477,2.6289856
88.08676,88.21916,1.0756524,1.0997735
84.023796,77.19561,0.5332185,0.9919048
19.38831,15.205494,1.0523256,1.0003395
28.27001,28.077648,0.895099,0.9809401
16.57063,13.135262,1.9987655,1.9335977
88.352165,83.576996,2.8875854,2.7963395
17.382751,15.858532,2.0377214,1.9978873
80.741684,81.48674,2.3242557,2.3580327
27.938162,27.978624,1.273778,0.9667411
76.562355,71.89426,2.7655077,2.670138
88.01749,88.54938,2.8636348,2.8631425
33.274742,37.392975,1.1470889,1.41475
79.595566,83.51848,1.1676301,0.9986166
18.635168,17.787529,2.5270898,2.546687
14.622615,18.63008,2.0165658,2.4834533
26.877714,33.159164,2.356128,2.4556005
79.8848,87.30359,1.592994,1.5453988
52.329887,59.388557,2.7043433,2.7900457
19.042301,10.668278,0.58520234,1.5660841
56.641106,55.29463,0.95692414,1.0778637
48.470432,48.613724,1.1351428,1.0000478
85.44174,85.34674,2.1978128,2.1572566
92.92637,91.292564,2.3097968,2.3039517
83.105415,84.71208,1.049315,1.0055313
38.131832,43.525932,2.503623,2.4035244
63.605957,58.10135,0.72423,0.973571
3.8152366,2.4802933,2.132484,2.5055223
99.473495,97.46835,2.3921914,2.400786
75.28574,80.76706,2.5327263,2.5613375
75.58411,79.7298,1.1449336,1.0063097
27.68985,27.657043,1.5738441,1.5769714
85.01095,88.199936,2.8450456,2.7833831
85.94668,90.621635,1.2959769,1.1189768
36.010864,38.29646,1.6310264,1.7458463
47.300285,49.475533,2.9871924,2.9637933
94.91587,97.11314,2.0405097,2.0536835
63.929276,57.378063,1.0371107,0.9652611
16.27805,18.038095,2.5753253,2.6099193
62.70573,72.554375,1.7352796,1.7916654
23.168474,26.4282,1.9313469,1.99648
40.900707,35.90472,0.5195559,1.0349193
65.99138,67.537224,2.7658615,2.74568
44.121456,45.079006,1.3900077,1.0346252
90.39147,83.11096,2.7284493,2.6919727
23.351688,28.224041,2.6034327,2.8586106
4.329384,7.9231796,2.4632392,2.01584
20.167158,18.962172,1.3519171,1.0877986
88.59073,86.55194,0.9046706,1.0949361
32.92033,32.093582,2.7824621,2.790037
72.39458,73.02106,2.47948,2.507419
25.798788,23.06411,1.3982741,1.4344989
59.126976,57.20652,2.950826,2.9531584
4.424572,10.202686,1.5840075,1.3513414
82.85312,83.09729,2.6844602,2.6942625
86.43051,85.97151,2.3804476,2.4365344
51.61612,52.77871,2.6217566,2.6434116
37.567196,35.98753,2.6610408,2.486263
41.221825,38.16389,0.57084334,1.0077713
47.53069,42.677654,0.513586,1.1909151
78.30736,74.22412,2.0966983,1.994194
94.848404,91.49109,2.800789,2.7993503
66.88941,65.74841,0.9818277,1.09219
28.300869,25.209072,2.2718017,2.0982344
75.2845,67.61407,2.7286103,2.5867145
63.36506,64.69403,1.8291441,1.8830914
24.44674,15.273415,2.920983,2.8676553
96.73806,96.985825,1.3676385,1.4492466
78.444916,81.82922,0.9524168,1.1811774
32.057877,29.498688,2.5825338,2.635144
31.371338,27.580666,2.8527343,2.7035975
36.78764,34.851334,0.8317693,0.9937681
66.51505,75.64105,1.6000148,1.6139548
25.265867,23.477423,0.6830225,1.21703
87.895134,90.006386,2.6895905,2.7287736
89.541275,93.96048,1.4551947,1.2641132
6.771832,4.9345474,2.0562904,1.8887445
28.76598,26.126085,1.3819494,1.2675428
8.609708,7.427616,1.0185107,1.4333025
63.551285,68.38269,1.5996062,0.9767895
27.812038,34.05972,0.55985314,1.4717585
48.56465,46.447308,2.2740293,2.2226791
7.2767053,8.030708,1.4586927,1.4030771
72.752235,72.996056,1.9932284,1.988601
47.03885,48.47499,2.1314266,2.140167
20.17117,17.03526,2.9645638,2.8957858
99.42432,94.7279,1.0780983,1.2501281
36.168198,35.179214,1.0341616,1.6554098
62.5013,70.254135,1.6241086,1.5793678
75.20014,80.01326,1.0000098,0.97565347
47.414867,49.48767,0.7232417,1.6303889
90.210396,92.52253,2.800726,2.8275585
54.522804,65.87656,2.529185,2.5115948
54.35334,55.467987,1.1544414,1.526694
39.967064,47.510914,1.528134,1.2217915
50.186523,65.04836,1.9784181,2.171386
27.055445,23.392035,2.235444,2.0653367
5.6286664,5.1809387,2.525716,2.1556427
36.248505,34.679615,0.9791099,0.95839584
4.458537,5.365429,1.6365188,2.5402122
60.213497,62.461967,1.8364527,1.8425839
19.067411,16.805233,2.7731802,2.6798973
81.406265,82.12605,1.7109447,1.7206078
95.921486,96.08447,1.9746302,1.9686155
32.820618,39.09694,0.8172051,1.854415
21.176933,19.466927,0.9116804,0.9409894
36.412926,34.035995,0.9034097,1.1324161
82.07595,72.835526,2.2464151,2.1988754
80.00819,88.88504,1.4407892,1.0760146
10.060765,14.014908,1.3955741,1.1183178
24.417435,23.14779,1.9549863,1.8641676
59.757088,60.56734,2.716332,2.7254045
60.180996,62.468,1.6905584,1.7794844
24.750515,26.088995,1.1629038,0.98641294
32.910347,42.531315,2.9211073,2.8852367
94.50487,88.99938,0.9615547,1.6010838
67.266716,68.65754,2.486279,2.489441
78.419624,79.85788,2.4836025,2.5001254
30.80815,33.15178,1.4418948,1.0272726
86.51531,86.11726,1.7722038,1.7351493
66.54944,74.033264,1.3017762,0.9689558
94.25081,95.106766,1.3955462,1.5428452
91.318146,91.459816,2.876653,2.8803816
55.160576,56.07927,1.2416679,1.5763301
31.502718,34.48127,2.228068,2.1565528
19.343632,9.528992,0.93618566,1.708451
55.04707,55.026577,0.927735,1.0423616
26.860415,29.896646,1.4920675,0.9969029
27.131468,23.627974,0.9682325,1.1317949
71.67705,83.8871,1.4824606,0.9844007
67.4201,68.65773,2.2396483,2.2636418
86.62592,85.41385,0.9987841,1.3159634
16.327778,17.40208,0.67128277,2.1948452
48.06937,40.39734,2.7796323,2.4716706
7.7235904,8.877228,1.6916304,1.4572105
74.710754,76.821396,1.0966818,0.98089117
64.15331,65.12936,1.050494,0.9870941
42.698666,45.510986,1.8862381,1.9012715
51.854645,51.982456,2.6084666,2.6096659
35.372543,31.521954,2.492854,2.388535
82.05491,74.80534,2.6947715,2.6107674
44.3492,36.689663,2.9888322,2.8987641
85.643295,90.26347,1.4131408,1.1009288
95.21592,93.19495,2.3914526,2.3944452
72.94796,76.40567,2.8808916,2.689929
72.98301,80.34001,2.1660097,2.322013
87.36071,85.5092,2.045861,1.9863286
12.792835,9.838779,0.9922545,1.2337476
59.961773,60.55586,2.0342288,2.047838
26.311846,25.616022,2.6716542,2.6630826
8.150695,5.6539574,2.4879587,1.5843362
68.18395,66.39249,2.3783386,2.313397
87.10898,85.99831,2.040151,1.9949856
58.601833,60.260468,2.2912486,2.3714268
40.018463,39.465164,1.9184334,1.9690396
95.91885,96.84505,2.4583466,2.4839275
71.52712,65.24213,0.5537422,0.9680856
29.52281,32.36331,2.6308918,2.8197107
54.4659,47.69398,0.74573374,1.0042307
95.241875,85.775894,0.6099409,1.008671
45.780575,45.11958,0.9691097,0.996683
75.68558,82.20681,1.624475,1.1973417
44.35586,50.2708,2.699082,2.7493074
64.78803,65.03842,1.6437577,1.7759606
44.80097,51.086143,1.516244,0.967104
5.5506625,4.90242,1.6319181,1.3284622
74.718666,77.329765,0.9723229,0.99966323
84.82978,79.261826,2.782,2.6957576
46.365585,46.56146,2.5872288,2.602992
99.21841,88.90532,2.5633254,2.358231
93.36137,94.591644,2.9444711,2.9362254
9.871711,9.113224,1.7233528,1.5545831
64.95373,64.59196,2.6122084,2.6086044
39.509087,37.30653,0.83705604,1.0210899
6.3851633,7.654026,2.0447242,1.5779566
75.03142,78.029076,2.7732334,2.834588
68.53282,67.40949,1.8951926,1.9160459
36.09499,36.486816,1.3105612,0.9716998
1.0359025,6.588192,1.2403451,1.6744548
9.258545,18.169197,1.0640941,2.243451
72.7112,81.1189,1.1192191,0.9802909
56.218143,59.430923,2.127887,2.2361271
27.915316,27.588575,1.9603642,1.9629614
43.161446,40.663456,2.3436854,2.3027413
17.857546,15.26577,0.8535549,1.0976975
98.366585,91.86269,1.1259177,1.3407257
80.57652,79.78328,0.8835197,0.9855026
28.992699,28.953335,0.9956392,1.3194333
28.079159,16.155586,2.650148,2.4391196
61.69686,63.883266,1.109313,0.9670011
5.458243,6.6391983,2.3403754,1.9457794
23.04381,28.884272,0.5838112,1.0793047
19.684753,21.048319,1.5073301,1.0500863
15.260216,27.413038,0.5841131,2.3411186
89.82474,90.026855,2.9310534,2.9361231
53.056206,55.577152,1.9325353,1.9531833
31.292997,26.451706,0.67741936,0.9653602
27.15957,20.593685,2.511229,2.531631
89.06784,84.3201,0.8295069,1.2741765
20.004812,19.215477,2.0286756,2.012744
53.459373,61.389103,1.2947171,1.7174038
22.367786,24.570742,2.0124807,2.317738
17.119831,19.699554,0.60252494,0.91035515
34.236004,37.609562,1.4834235,0.9938893
18.585213,17.762737,1.0376568,1.0540965
6.295817,3.9378014,2.5826108,1.8891402
14.243497,15.072853,1.5608202,1.032268
10.141087,9.918423,1.2937756,1.2603643
65.151596,68.50986,1.2853531,1.0113003
35.882973,30.128868,2.300649,2.0263476
33.682568,36.862114,1.3755007,0.9969441
83.57723,82.897675,2.26602,2.2559547
10.382587,10.20142,1.1453526,0.9553161
34.404827,31.082891,2.0245562,1.9147723
59.66328,60.503555,0.8815742,0.94598424
70.09256,63.631115,0.81009275,1.3195546
59.484066,59.648117,2.3401546,2.3282163
24.154034,20.653831,1.7333719,1.2457113
21.563189,22.229986,0.97717345,1.0481597
9.162096,8.585197,1.4567268,1.0148971
62.955788,61.00457,2.592649,2.5740213
10.47321,10.247498,2.399427,1.5947415
44.990597,43.106968,0.87599784,1.1336048
67.58883,73.02745,1.6082124,1.224831
90.10878,87.40815,1.9156389,1.8980694
77.20726,79.912926,1.6647675,1.6849499
86.007515,84.76874,1.6230527,1.6658229
5.428044,4.103592,0.50461584,1.5957019
72.708336,75.94855,0.9667061,0.99475247
45.96955,45.324207,2.7287323,2.663628
2.9213052,1.437809,2.272487,2.2359624
72.990425,83.20562,1.1812326,0.9886515
50.902897,56.2695,1.6187365,1.8310314
15.992994,10.981087,2.9879727,2.8787875
45.38184,43.883816,2.9425519,2.8741283
57.591873,61.539795,2.9879813,2.9844215
46.758667,47.459484,1.7478424,1.8706683
55.27571,56.254745,2.015704,2.0166962
89.96335,89.81095,2.311238,2.3539233
53.550552,65.842064,2.7512407,2.7931495
66.86233,67.37932,2.2627587,2.2733622
91.70524,94.11549,2.8443465,2.8442936
90.0244,91.48586,2.3304784,2.5157404
49.834473,53.747307,2.8086336,2.740437
0.60568726,4.9669075,1.8652233,2.1398056
5.8260193,5.5879097,1.8922274,2.1923978
64.25885,57.826572,0.5774583,1.0024662
49.14032,48.981762,0.7681513,0.9920052
18.92093,13.260143,2.924693,2.8419867
60.264698,60.52465,2.694976,2.7116196
36.970177,31.446804,2.704963,2.5216625
16.055365,7.311165,2.5527968,2.2519333
84.37264,82.86138,2.1284077,2.1218548
46.264072,43.047062,2.9751358,2.8950927
99.41085,90.476875,0.74686354,1.2455673
73.4253,79.52161,1.7590765,1.8349209
57.201057,54.49363,2.3064456,2.3491013
73.126564,73.792175,0.71383756,0.9391674
65.12167,64.496704,1.1303374,1.0806546
69.516235,80.45573,1.3712387,0.97121465
76.10251,78.76981,2.2733912,2.3240952
66.42462,70.04097,1.96404,2.0121276
77.36155,89.67986,1.5373074,1.1152846
7.8428235,2.4613914,2.9173489,2.0771675
99.24964,84.55876,0.5659861,1.6938202
95.16211,95.18847,2.4903104,2.4917755
91.1332,95.13797,1.562938,1.2584704
15.660172,14.552132,0.69256854,1.0660084
44.673256,47.37934,1.7017952,1.0221677
27.99527,26.100744,1.0518919,0.8981411
82.18379,83.195,2.6355414,2.6463063
71.97994,77.497,1.6169373,1.2665331
32.689392,42.024284,2.8189144,2.8617659
68.949234,75.46885,2.361532,2.3753734
50.51457,49.895233,2.3126895,2.3154817
41.196983,41.00683,1.6933706,1.4780369
34.214252,41.992844,1.4771657,1.0492132
64.159225,73.821304,1.5427334,0.96550417
69.940735,71.53182,1.9897037,2.0901139
48.55234,52.72827,2.0522277,2.0058737
95.20479,94.89142,1.2566465,1.2830565
61.217598,56.89254,0.75433105,0.9780817
15.46674,11.666267,2.735334,2.2124784
12.992679,21.389406,0.913954,0.9521852
54.637203,61.17369,1.5318803,1.0500664
69.17528,68.401886,2.720051,2.707652
12.564444,13.46772,1.8359132,2.2031736
83.437164,82.7923,2.9749858,2.948626
53.819515,58.70057,2.643566,2.794525
89.74855,94.8304,1.8490331,1.8729749
65.432465,66.073235,1.8867726,1.9123495
49.739914,49.66553,0.524801,0.9721924
16.382267,16.22205,1.3411053,1.0832663
78.683395,71.87966,0.5429303,0.96743476
43.62908,43.005653,1.0143245,0.96361226
38.01284,35.038906,0.964961,0.97116554
92.898346,93.74845,2.5037696,2.5275314
39.78388,43.129326,0.85889816,1.0414236
35.600872,43.17135,1.5946765,1.4424748
19.783411,29.070429,1.8130533,2.5902653
54.536823,56.434143,2.0409348,1.9394513
12.675306,9.393219,2.6822362,2.2121036
2.0215573,1.6118355,1.9258868,1.298825
4.3047414,11.986862,2.8431122,2.7035475
46.46134,45.945053,2.632631,2.553523
94.97464,91.49501,2.885164,2.9103835
26.570484,25.168846,0.8644105,1.0297791
36.39786,29.851492,2.6970978,2.4851434
7.8025675,14.612549,2.3005059,1.0082005
13.655115,14.88591,1.5078083,1.048474
16.894176,14.86182,0.8582291,1.03454
39.865112,43.871735,1.2280055,1.7549775
51.47808,53.524017,2.1821656,2.221048
10.902052,12.485939,1.8219479,2.167214
41.88885,48.51859,1.6715161,1.1298385
87.60559,99.274796,2.6317754,2.7338696
30.239624,32.177094,1.44022,1.2701364
28.76662,35.33053,2.4641805,2.717962
36.60303,38.38184,1.1589127,0.9970322
22.332159,21.358925,1.333355,0.9530213
35.859333,36.645947,1.6655469,1.2771773
77.75031,71.282974,0.5530097,1.0323505
45.025757,49.720547,2.884841,2.9031432
16.230505,19.737173,1.5375897,1.041713
64.02389,63.7993,1.1216229,1.0190836
38.482536,33.465313,0.518165,0.9933409
10.713559,5.5961227,1.2695317,1.7448796
71.719765,72.973145,1.0965364,0.9796441
36.778473,29.299288,0.5130272,1.015055
65.72217,73.46988,2.779063,2.6703672
94.634926,95.18328,1.3369578,1.3145645
47.777706,49.29914,2.7315238,2.8058429
21.902418,18.673683,2.5945122,2.3269026
35.2146,39.525524,1.320932,1.6804769
97.75457,95.451546,1.7469718,1.7294958
66.437805,65.96874,2.3032517,2.3173277
37.551617,40.819336,1.4544165,1.0221039
7.2902904,6.1399155,2.1830943,1.8362026
54.023457,53.893787,2.6911726,2.6803534
94.163185,92.71961,1.763338,1.7594689
3.338953,9.222015,0.9788389,2.296758
99.19173,91.46767,0.90336514,1.1346202
57.28049,55.457565,2.0906494,2.0766742
89.962975,87.870514,2.9290926,2.9482532
77.474915,77.9375,2.820984,2.8336167
75.455605,79.83724,1.4318044,1.195627
36.472626,41.40825,2.7321072,2.61982
22.626318,21.165258,1.6121832,0.96669066
57.578423,57.012848,1.1463773,1.0765266
6.9280143,7.1948013,0.693519,1.2862694
78.126976,84.49902,1.1583117,1.0513709
90.4755,81.856476,2.9142041,2.7987728
12.566197,10.445053,2.392595,2.3728478
99.93428,98.73684,1.4552122,1.5408767
13.337294,14.23988,2.9602354,2.9002042
4.5169992,9.957783,0.5237034,2.3041508
10.90234,5.828842,0.61754936,1.5527308
25.715153,24.628654,1.5108957,0.9715663
93.1962,94.27658,1.2775921,1.255187
9.266156,10.14875,2.632806,2.6773083
46.245502,45.07836,2.1823208,2.2197263
96.89943,97.42546,2.8129325,2.827259
25.783575,26.725971,1.9921153,1.8461709
50.827515,61.46504,2.8662102,2.859888
18.140902,15.162983,2.5284235,2.4886389
14.112711,15.378265,1.6344788,0.9427838
98.87094,89.62218,0.77234423,1.2444673
94.806526,96.884926,1.7328815,1.7650445
73.52808,84.3406,2.4351583,2.4860878
23.021097,21.94144,0.8568692,0.98387444
10.70046,8.979019,2.1495812,2.1008508
63.603477,69.18556,2.4126604,2.471764
63.49858,66.13989,1.6707249,1.3913984
52.917652,56.244267,2.0038617,1.9940579
15.996489,12.8967705,0.5421482,1.1338203
2.0578346,2.7657242,2.6148622,1.923103
1.8336138,6.6798973,1.8848081,1.6203499
33.595753,34.6921,2.3304727,2.3987215
99.195274,95.74725,2.845128,2.7870488
16.3034,10.074257,2.5659227,2.1530194
70.46454,75.07643,2.77573,2.8564305
92.270546,89.518005,0.94974995,1.0816568
52.228863,55.98784,1.2561294,1.036289
33.78438,31.842794,2.738234,2.5445793
50.13168,49.768356,2.3624618,2.375535
70.56828,83.11194,1.5386407,0.9955709
61.251965,61.35572,0.8559606,1.0062826
20.623255,19.243744,2.1394408,2.0464625
4.3962655,9.8153,0.8999309,2.329349
9.736653,7.5359764,2.797257,1.7179514
25.757227,24.229706,0.90373623,1.024757
91.0987,90.12262,0.97246784,1.0903693
32.258587,16.914375,2.9620697,1.4615884
53.05533,52.24796,1.9558082,1.930843
10.341565,10.866028,1.4161417,1.0941043
76.41409,88.87326,2.8416145,2.8343158
97.88002,97.98305,1.5692593,1.5785562
0.6332764,3.4690018,2.1399949,2.1822495
52.46059,57.053375,2.4818645,2.5490239
39.813755,41.02906,1.2075475,0.9834288
89.06862,93.19274,1.3550991,1.1813998
11.275414,9.5549965,2.3596616,2.3281322
20.112429,20.676428,1.575698,1.0317311
63.96208,66.20783,2.205705,2.2045007
77.26589,90.27621,2.6996288,2.7751703
37.590416,39.573578,2.3693779,2.383203
85.18776,86.293846,2.0261502,1.9475256
7.036771,5.2533875,2.2819648,2.2544827
53.967537,52.18952,0.77327746,0.9773344
11.62359,11.804447,1.2824944,1.0891875
96.28397,95.479126,2.9708455,2.9568129
13.639211,14.13184,1.4255441,1.8213208
60.417683,61.10878,2.3990963,2.403678
10.769123,8.278702,0.85632807,2.0860968
76.60005,81.19357,1.6497046,1.6101677
31.660362,29.18745,2.7586179,2.5764184
10.933966,10.462097,1.7782221,1.2035415
17.79438,28.619469,2.055813,2.645513
85.661934,83.50606,2.5004663,2.498192
52.147675,43.742973,2.1006382,1.9807774
28.68996,24.582113,2.9167511,2.786171
27.349821,32.02729,2.4422364,2.6991425
8.094713,6.606472,1.1553867,1.6162795
22.40587,20.447687,1.340347,1.7422911
54.742603,53.19348,1.7871895,1.8297191
61.059093,64.79384,2.868833,2.9491563
66.47683,67.46708,1.8649389,1.8392217
26.49643,25.944855,2.2010474,2.0819902
46.921917,41.654762,1.0849801,1.1660206
99.68082,93.49983,2.9828596,2.982994
8.660173,9.202084,2.0145454,2.1533856
10.0548725,5.5156326,2.386974,2.3903039
43.80887,52.293514,2.0299547,2.0124333
3.369508,1.2725906,0.8999399,1.4103129
6.4141726,6.48164,1.7313915,1.6425161
13.968368,8.863651,1.4717251,1.9451045
89.99704,89.04232,2.0611455,2.071468
75.89655,77.81246,1.0116569,0.98966646
18.277512,19.302362,2.2359316,1.4860526
1.6171911,11.538502,0.93355894,2.2324505
68.65339,67.25646,0.8700649,0.9804462
29.874508,33.616554,1.2415689,1.0518161
27.9514,24.290363,0.6960657,1.4429946
23.273876,21.677328,0.91414905,1.1227038
87.762634,89.70404,1.2632668,1.0743926
95.18792,94.227936,2.6242745,2.6200652
56.044544,54.887844,2.8935804,2.6814768
31.168715,35.265205,1.3000028,0.96849227
83.31227,79.003944,2.093952,2.0796998
64.658066,64.44958,1.0947987,1.0245187
57.45371,47.544823,0.5736686,0.96641445
14.173333,11.281975,2.2013555,2.3364391
46.93061,44.94106,0.5545642,0.95743114
97.28149,91.858795,0.69155234,1.1275585
32.96176,30.316725,2.1428034,2.0359347
29.791487,28.381342,1.0028297,1.0419075
38.92156,37.973526,1.8584609,1.7873985
63.626392,64.973915,2.1519158,2.2437208
21.68504,16.466072,1.0012623,1.2737111
43.031387,39.913765,2.667015,2.6897163
75.165054,74.05221,2.3237228,2.2423325
75.15819,71.8885,0.8872009,1.1041167
13.188818,14.73061,0.60408825,1.5644605
0.0432645,3.9849968,0.9274077,2.4560018
19.323969,20.452023,1.2574862,1.3953469
96.39124,92.9893,0.9651965,1.1726353
69.38107,76.18498,1.2846372,0.9766868
19.5037,17.36039,2.631606,2.6420012
13.511306,7.283558,0.5995055,1.5260198
58.75397,55.543365,2.4178004,2.2943435
80.419754,76.16237,0.65562433,0.98349607
9.046383,8.269234,1.3115807,1.8652407
50.856674,49.516663,0.5486,1.0335115
31.597599,26.212048,0.82128334,1.7202009
98.338936,97.027664,1.4099871,1.4262658
8.072935,12.062771,2.6264453,2.7682967
97.235176,88.32025,2.876743,2.7568548
14.11761,14.096706,0.5495777,1.0678439
68.29662,75.160904,1.1866843,0.97049516
72.05301,79.62065,1.6288642,1.1780133
39.804058,37.139442,0.668342,1.4651518
35.22859,36.45551,1.252515,0.9705773
5.299434,3.701252,0.7421185,2.5359273
3.166176,10.080608,2.581197,2.494505
24.818033,23.311697,1.2302369,1.0032642
30.79267,32.459198,2.4372454,2.425509
48.644295,45.698112,2.950397,2.873858
19.457962,24.679974,1.5443568,1.5908709
95.83609,93.5892,2.289596,2.259573
89.720085,92.798935,1.3013527,1.1940969
38.442818,49.722843,2.485526,2.7174559
10.454663,10.52697,0.7353429,1.1412443
70.766075,64.562096,0.70667034,1.2287683
90.759384,94.7584,1.4766129,1.2886617
51.54847,51.808132,2.2538283,2.3229854
79.291794,81.346535,2.6734776,2.707941
75.447624,83.178986,1.2057483,0.9909528
74.04804,76.94209,1.1245422,1.025809
27.266626,20.369265,2.5482771,2.2975247
24.87496,17.01218,2.3304393,1.2512703
19.163425,20.285133,1.4372224,1.0321189
22.44691,18.17777,0.852227,1.4793557
57.662132,72.26988,2.8279724,2.985767
18.058575,16.56303,0.8093941,1.1136854
31.561323,30.260408,1.0556322,1.0897366
32.401077,35.482113,1.6565585,1.093752
38.180958,39.8683,1.127233,0.96028423
74.84323,75.40871,0.8625482,0.98072904
26.059639,25.123867,1.7857594,1.6198883
41.2082,40.815926,1.1777982,0.9844179
1.8939754,2.9859886,1.2503933,2.4774537
56.842674,56.65789,1.069997,1.0155029
5.073875,11.512329,2.747149,2.0589697
17.540993,15.659008,0.8979147,1.2368195
38.325047,31.484262,0.6478611,0.9651145
37.025826,41.181744,1.5444387,0.9670419
92.53456,96.06778,1.5116806,1.3528869
44.988922,43.31015,2.2706082,2.2009814
43.505146,44.993797,2.2818983,2.2902136
5.1604943,7.2518806,2.612672,2.263225
0.8040926,0.0,2.8766744,1.5598183
79.26912,78.42892,2.1924462,2.2006896
35.144066,37.43152,0.88423866,0.9882209
7.518705,9.307655,2.23188,2.1029222
36.596424,27.954643,2.2604594,1.7372884
4.3801107,4.250332,1.4381453,1.0103117
65.361694,73.3117,2.6893108,2.79462
69.697685,72.654854,0.943617,0.9606683
86.63373,80.864876,2.3818514,2.3139827
96.2914,96.21014,2.0175567,2.061813
96.63198,94.43216,2.8832054,2.8735175
22.493168,19.27885,0.71564907,1.7457719
98.127525,89.8573,0.5978436,1.0569795
72.54611,73.485756,0.9975814,0.9804468
46.78819,48.842133,2.488565,2.560358
84.62662,87.915665,1.2182565,1.044399
40.55994,43.849102,1.4105468,1.0179994
83.70825,88.151665,2.3444064,2.2906516
67.08287,63.982254,0.9102201,1.097656
77.62796,76.743744,0.81806827,0.96857303
31.060122,29.059616,0.70874226,1.8575174
4.6727276,3.743801,1.9427744,2.5537024
36.678005,38.05089,0.72227854,0.9842871
85.077,78.20243,0.5130717,0.9766438
74.03651,82.38277,1.5606246,1.0581462
27.411299,26.540905,2.4888647,2.4889107
29.449545,30.201986,1.3491881,1.0346298
9.073847,7.5179977,0.61758685,1.2760737
47.97925,48.424713,1.8305603,1.7822547
99.75161,98.217896,1.469007,1.5099057
48.807266,48.569477,0.8059718,0.97903997
87.95034,91.087036,1.2813772,1.118232
44.444668,45.86955,0.7870044,0.9772279
54.455017,49.201775,0.7162657,1.1338823
89.12114,91.067215,1.2688755,1.1126362
94.843124,94.24416,2.0563211,2.0411618
86.00173,86.05809,2.8321424,2.8445277
98.23366,94.849396,2.8346732,2.7972143
19.406305,18.740036,1.0002782,1.0102832
62.797787,61.2784,0.98916334,1.0673444
31.508013,40.224083,1.1058586,0.9977422
33.1927,36.587517,1.5631025,1.816929
63.90327,66.649536,2.2116654,2.344814
6.2597547,6.8524933,1.050349,2.1560447
59.2051,59.76159,2.5223095,2.5935533
94.59262,87.60131,0.6847797,1.0495373
4.070754,7.83136,1.2850914,2.1059747
91.85518,92.19748,2.6566086,2.6952472
15.865505,13.322891,2.6365826,2.6149602
97.771805,90.97432,1.232072,1.0979984
90.570526,77.53426,2.6013174,2.4282222
61.18486,71.75284,1.3903701,1.0492759
14.551654,14.69426,2.1383028,2.1916115
10.073062,8.511894,0.9485247,1.0655069
45.389915,48.73607,2.786059,2.6490588
62.739826,64.64929,1.7047176,1.0983448
2.672335,1.2671432,2.634257,2.4995184
31.417007,27.42866,2.6560917,2.6034124
57.83457,59.429783,1.7337258,1.7447248
59.32515,60.879135,1.125436,0.96614367
7.021732,4.002598,1.0646063,1.2531153
58.66078,64.58301,1.5970769,1.08957
58.47466,65.90482,2.500545,2.6234899
53.485188,59.64649,1.5466594,1.0924352
50.510612,47.836124,2.4257534,2.3684697
80.47601,87.19234,1.9619304,1.9663682
82.68895,81.95918,1.8650564,1.7854083
43.120865,42.391003,0.9701367,1.0238316
3.2622602,14.561615,2.3578448,2.7076173
84.22896,77.40083,2.8859422,2.9164767
68.63297,68.53411,2.1935778,2.2448695
63.027912,62.826923,2.1521173,2.151817
95.432465,91.66762,2.3108604,2.227436
88.16995,97.442154,2.3791997,2.4747813
28.10718,33.321014,1.7682796,2.1948476
37.65122,39.815712,2.9745271,2.9392881
29.546824,28.312279,2.5005307,2.3781326
89.46506,90.986465,1.0422219,1.0999792
5.35548,4.2263947,0.8430214,1.2729781
73.40071,72.56103,2.3266656,2.3383138
78.964935,84.38634,1.2583408,1.0137674
25.127872,30.08858,1.706377,1.8773
98.814995,98.31445,1.505964,1.523928
74.34117,76.94253,2.3732224,2.2751887
88.049065,91.35768,1.1549182,1.1228976
80.5626,74.981384,2.2373013,2.2117915
53.232437,53.86905,1.8284805,1.8251954
18.821184,18.321312,0.85761297,2.5963671
27.739054,25.803297,0.9159831,1.0343559
57.34324,50.23249,0.5052699,1.35987
68.77981,69.7634,0.82257986,0.9661452
19.266552,20.72244,2.4155312,2.4590688
87.887886,88.97917,2.1097012,2.1240602
21.467627,17.448837,0.60147804,1.0105505
30.575254,31.173492,1.3681,1.0434862
89.76902,94.31818,2.5983825,2.6641788
30.278952,36.806515,1.4992428,1.5633345
10.305757,17.36288,2.4045289,1.7844543
45.926636,42.170555,0.68271893,1.1384544
19.499872,11.878407,2.2529025,1.9884742
91.37338,92.042694,2.5713756,2.6189954
34.952267,36.606693,1.3626012,1.5420877
8.253631,8.22007,2.031144,2.4213738
59.87424,58.154327,1.034386,1.1680512
63.449234,62.422222,2.800987,2.7011814
95.84458,92.05779,0.9473324,1.1638088
6.006116,4.6398926,1.2471374,1.0199676
63.157665,67.89784,1.2887917,0.98530143
4.832545,4.792286,1.9447895,2.2355936
13.866129,8.99028,2.5169024,2.0891623
88.37056,86.085945,2.3942902,2.4135604
1.9699886,1.9602013,2.8063374,2.2518704
33.3773,32.765533,2.2430682,2.2444727
72.11688,71.59471,0.98131895,0.976787
27.906828,27.815691,2.8604836,2.855115
64.78624,63.982563,2.986433,2.9667811
31.788982,22.032206,2.682656,2.565955
11.418367,15.129494,0.8284709,2.1766443
6.7022715,7.6104355,1.203789,2.145298
77.570496,78.72299,2.8646352,2.8700557
40.870674,46.74513,1.5288486,0.96889085
0.15683372,3.326725,0.79272705,2.1369839
88.67367,87.92975,1.8927326,1.9929396
43.931755,44.19966,1.7248937,1.8108871
93.52949,96.17852,2.4938397,2.556779
24.885878,24.056282,0.87773645,0.98406047
27.253515,24.075676,2.9584143,2.9122884
33.596138,34.416985,1.0749724,0.97952914
80.36578,76.07426,2.705279,2.5517118
91.822685,95.21861,1.5160438,1.4153079
93.41581,94.95716,1.6148745,1.5624385
22.537315,24.421206,1.5733387,1.3359202
79.494865,85.59779,2.569286,2.7113469
60.142315,61.460457,1.3481492,1.0284889
5.761605,7.631016,1.2425189,1.5219264
64.6416,67.94014,0.8430522,0.98493993
46.423115,51.9549,1.4158853,1.6451496
46.267345,47.822937,2.7069516,2.760181
1.5967717,4.5899124,2.2909281,2.4659145
6.838425,7.8229866,1.6454109,2.2001143
76.67132,86.33444,1.4576674,1.292108
76.72069,74.92721,2.649657,2.6499588
34.238853,36.783928,1.5968925,1.0757203
23.745716,23.759377,1.6973522,1.6542144
89.38272,92.52565,1.407082,1.2209613
82.22371,87.04144,1.2395171,1.0205306
94.57131,93.18152,2.4593046,2.480199
58.284092,57.82312,2.2843716,2.2953212
77.13412,78.07771,0.65850544,0.9715873
53.949047,58.15995,0.75262016,0.97568494
14.442534,13.411438,1.764415,1.8215998
67.93152,65.66569,2.5322826,2.5931897
71.50208,64.298676,0.58628166,1.024533
23.396437,23.137257,1.0771929,1.0638859
63.79644,62.69511,2.4365687,2.4634063
41.06141,42.398796,1.259427,1.0769432
64.40553,63.383385,0.9324821,0.992596
7.127447,8.348709,0.69391084,2.123555
26.94709,31.091326,1.2727132,1.7094648
19.1985,16.12695,0.58142245,1.1101272
51.60083,55.219486,1.8473577,2.0481374
76.68448,87.319885,1.5559181,1.0668046
94.84269,94.190155,2.7834246,2.7847257
62.046223,59.39197,1.813796,1.9556108
3.919834,5.8650703,1.8523581,2.0635192
74.5797,75.81114,2.1480792,2.112518
50.199333,48.819515,1.9778503,1.9582449
2.8438518,2.5534554,0.98523766,1.7663891
41.732685,42.090637,2.7826204,2.7886982
15.633809,22.350103,0.9744058,1.0830995
4.849394,5.82045,0.6825386,2.075415
54.618042,54.9792,2.2531075,2.139631
2.5486977,3.0610657,2.329087,2.6806107
43.332336,40.163277,2.4226685,2.545288
12.210825,11.967438,2.7058723,2.7461832
24.67575,18.878595,2.8288543,2.7993846
84.11329,78.46167,2.263763,2.3391805
91.27399,91.67728,2.4996996,2.521674
80.91819,83.22366,0.84833884,0.97832924
2.4473991,12.343559,0.53264153,2.054181
44.153164,46.779793,2.6077762,2.4789295
75.550255,69.78454,0.60752577,0.99858236
13.730328,15.965378,2.7667172,2.6630254
83.37107,79.275276,2.349393,2.2952127
34.829124,36.838886,1.29181,1.226798
98.95834,97.49903,1.9291989,1.9540383
46.00363,41.73574,0.5697321,1.1552348
7.8951054,2.5485916,2.4819367,2.2173944
9.007027,11.16684,1.0830023,1.543742
93.36291,89.787476,0.96660894,1.1414313
4.9576936,8.274971,1.6374774,1.7411205
9.717983,13.809093,1.6744087,2.561103
52.63541,52.586475,1.0106173,1.0104847
52.083477,54.729836,1.0093179,0.96849614
39.910233,41.456383,1.6876485,1.3514888
10.421041,19.082903,2.738879,2.8091736
19.736212,18.866066,1.7280992,1.3428824
40.654434,43.499695,1.2315769,1.2369895
72.99307,77.79418,1.1093925,0.96703583
17.25108,19.060478,2.061531,2.1005883
47.011234,43.796112,2.308762,2.1842117
27.990528,20.651665,0.7225916,1.1321449
33.23283,47.693966,2.0441291,2.3912668
71.62031,75.394005,2.051676,1.9528989
97.87467,99.26578,2.2937787,2.3432558
30.477968,33.160965,1.9943882,1.7442755
31.91094,25.653717,2.989783,2.775569
77.874855,81.905396,1.4347295,1.3489885
50.434654,43.34689,1.8855387,1.7588595
66.325294,61.210796,0.5900367,0.9896105
63.675396,61.344368,2.393979,2.3682277
68.76626,67.304794,1.1944797,0.9667458
82.380455,86.0085,2.5457487,2.62894
83.88612,87.91605,1.1941847,1.0478153
98.34693,98.81595,2.6979609,2.730422
2.9745247,9.273403,2.2491434,1.8337708
71.5325,77.65132,2.738925,2.8034825
10.484772,9.876705,1.2567265,1.8363607
6.4436235,4.402443,2.1026642,2.1489077
38.334217,34.51782,0.6591315,1.5798174
16.359173,12.183792,1.8693417,2.0922508
17.23029,13.341,1.636764,2.2271473
73.1413,78.6514,1.0515771,0.98007965
27.351683,19.110283,2.9108646,2.6649237
61.5116,53.468372,0.511584,1.0185213
43.84511,46.46531,1.2555072,1.0057517
47.887703,50.45295,1.586322,0.95445794
92.083916,93.37258,2.254669,2.2744803
72.370224,84.60492,2.3345664,2.5477438
36.82523,39.263,1.044389,1.583021
39.598114,41.69434,1.6156844,1.1063194
84.54822,87.11953,2.2501988,2.3199413
35.613094,26.893396,2.6620486,2.6102552
79.848305,87.12493,1.6799406,1.5389653
6.8171544,13.323364,1.8019785,2.150583
51.830086,52.029655,1.8569871,1.8957582
19.21035,13.608665,0.8558037,1.126623
41.457893,40.569195,0.7036381,1.3547877
6.6132746,4.3811646,2.4252803,2.2848623
97.85541,94.003746,1.9411856,1.9558059
2.006816,5.947731,1.2246032,2.349811
23.050907,31.767223,1.9779508,1.6485604
70.33829,69.92653,2.3605847,2.3747392
52.40347,56.0619,2.137597,2.1175537
57.1274,48.960663,2.3056316,2.0607057
59.212864,58.84537,1.9010979,1.9038675
25.476934,26.256496,1.4004205,1.335655
16.714645,19.789495,1.0564901,0.9577451
56.598366,54.348152,0.51947707,1.5469449
7.048708,8.294632,1.7177161,1.7830423
78.61812,81.09482,1.5996943,1.5595583
48.515633,45.732185,0.8401811,1.0106801
46.809322,45.627827,1.894136,1.9207807
37.603065,41.46299,2.4654455,2.4298544
70.333694,73.45907,1.7298561,1.717278
3.3006928,16.542885,2.6167035,2.052709
27.23506,23.120337,0.892447,1.0815821
63.443466,70.03493,1.4280956,1.0481391
25.768902,23.522373,1.3413864,1.134326
75.53231,75.80524,2.5511973,2.554871
94.75519,90.79017,0.93382436,1.1989086
49.858055,55.14798,1.4786832,0.97439206
96.013115,94.53563,1.2264358,1.307106
41.27112,39.573883,2.3224502,2.383235
54.62582,65.67519,1.6551763,1.6675612
63.586693,72.85826,1.6004298,1.7509636
78.87745,79.22304,1.9346361,1.9441514
27.591042,22.87088,1.1016366,1.0693208
51.03524,52.474045,2.8706217,2.8842056
2.1104288,1.307106,1.7326378,2.0208662
37.286446,34.8544,2.471373,2.364267
52.956573,49.800007,2.5316172,2.5018578
70.929276,66.435425,2.008161,2.009198
8.513022,9.869762,1.6658441,0.9974647
56.23139,61.40176,1.2466328,0.96666414
43.27885,43.385696,1.1700954,1.0527515
57.60175,63.952156,1.0071058,0.98925835
73.540596,77.26426,1.1125431,1.0212946
99.2374,96.32623,1.2645578,1.3517712
83.27134,70.773575,2.5288668,2.4648008
9.533018,7.973446,0.9597416,1.2339976
86.85199,85.76257,2.1142313,2.1033168
57.619854,64.68419,1.4887668,1.037599
30.214981,19.74117,2.2768857,2.1055906
79.24519,83.440704,2.3061345,2.38094
79.67824,80.57863,1.6667786,1.7465348
28.898039,23.11766,2.8908827,2.8396578
29.474064,30.762661,2.3209245,2.2834191
78.90028,84.94682,1.2369163,1.0095966
98.423744,96.88406,2.8368468,2.8355823
59.72047,68.49026,1.6166574,1.0787303
12.896818,10.531498,1.0630825,1.6551408
56.721077,59.54054,0.9621986,0.99201435
41.945324,44.476566,1.277614,1.0083746
58.82548,59.53873,2.0475554,2.0558288
52.273796,59.82167,2.1547434,2.2818801
98.43301,96.61116,2.0026598,2.00881
73.733826,79.36211,1.2935928,0.96812177
80.596985,82.36597,2.556238,2.4562047
97.19933,87.10535,0.64465445,1.0426124
56.177948,62.93447,2.8749886,2.7507782
65.46475,78.4316,2.6526196,2.847354
52.73106,52.78194,2.1078155,2.012425
5.7755322,6.2247353,2.60807,2.4830928
66.11251,68.01904,1.6627799,1.600417
83.25494,85.54274,2.5109215,2.5449412
18.497967,17.935825,2.5273638,2.43106
30.18169,31.013641,2.1490643,2.2343621
70.55337,79.4532,2.4291246,2.551424
23.349674,21.154305,0.7996378,1.7391021
16.021204,21.273357,1.4463701,0.9575022
6.2453914,10.662537,1.9820123,2.210731
10.79714,12.284557,1.5463895,1.9420339
96.77449,93.01932,0.7510751,1.1828315
18.206322,17.426788,1.8009069,1.7361342
48.40031,42.487694,2.198788,1.9922457
22.552763,22.356388,0.71876717,1.0541869
18.584911,14.231331,2.4078598,2.715618
17.14546,18.55999,1.6720515,1.1011996
91.23202,90.173996,2.237479,2.2579303
26.559702,27.69129,1.560277,0.95976466
91.96532,96.3608,1.3770242,1.34856
5.192533,13.32885,2.883825,1.3919773
73.585594,77.0652,1.1005204,0.9834621
24.413969,23.576298,1.7774531,1.4887865
96.05498,91.31601,0.890167,1.1334496
67.83944,64.477715,0.5733936,0.96670836
40.360287,35.30314,0.6081404,1.0413017
60.416454,63.080326,1.9255421,1.8688478
99.1663,96.35105,1.2684568,1.3579284
29.086626,29.98892,1.6115613,1.084389
49.261944,46.778515,2.9325738,2.9277375
41.350655,44.03702,1.267585,1.0119363
24.326143,24.683746,1.2174535,1.0249375
12.610026,12.654865,1.36577,1.0668911
43.980362,39.232174,0.6737095,1.0398095
48.90156,52.154064,2.5127704,2.5578525
26.177399,22.706444,0.63719445,1.0047026
68.00719,82.98535,2.5897336,2.8397694
11.536682,9.825493,0.7132462,1.0652872
33.235596,35.84978,2.0727503,2.1599915
7.366581,6.3721657,0.8204698,2.0397599
19.663862,18.768446,2.027969,1.9895128
33.7609,33.276787,2.4753788,2.6561887
86.20077,81.53774,0.68446237,0.9783084
38.428078,32.768967,2.8365088,2.682821
83.08703,84.82207,1.9384052,1.9857248
31.80517,31.523014,2.3589587,2.370366
85.55195,88.2466,1.7345657,1.7456985
54.17825,53.688454,1.8753479,1.8998835
64.55502,71.68674,1.5642115,1.0513089
65.319725,64.74105,1.7310033,1.6117836
87.325584,84.385605,2.896394,2.9152136
46.74158,45.512177,0.7327651,0.9993699
31.151026,31.309116,2.1393201,2.1777484
30.473291,21.929388,2.664718,2.4631176
5.5176177,9.956223,1.9018488,2.4403296
57.626312,53.986347,0.6224006,1.0355084
49.01466,51.2218,1.3356676,0.9683728
26.494074,26.844646,1.7590847,1.6159283
10.327866,10.425819,1.6305401,1.2152239
21.125683,22.096748,1.5660014,1.1014347
67.36888,81.48122,2.3924785,2.4890792
16.194963,16.130589,0.8671923,1.4166403
73.74021,79.27211,1.2383947,0.9846972
41.034576,41.168575,0.7367317,0.9929628
90.14108,90.86092,1.0674775,1.1818471
1.5584061,2.2650719,2.1684418,1.9090335
97.43175,97.242294,2.1342158,2.1655023
9.670409,9.45768,2.062868,1.7294394
7.359354,9.162594,1.6216918,2.0019166
54.828274,49.475563,0.61511993,1.0030549
42.275253,41.74823,2.1345353,2.1278837
44.722107,45.46343,1.0006809,1.0087732
61.74579,56.92069,0.7050292,0.9770265
15.109076,11.297424,2.6706414,2.5581052
1.6907556,7.165592,1.9561584,1.7418233
0.7617753,0.78095245,2.3153975,1.7616419
33.079967,33.175507,1.793669,1.8729756
31.056332,27.13582,0.6592067,1.0280991
45.47357,42.519894,0.83798945,1.0128844
23.213074,20.721987,2.0625858,2.1493547
97.868965,92.37987,0.7244162,1.1346962
9.754017,6.491947,1.7436761,2.2031755
28.885508,28.631174,2.1515696,2.1730416
10.801505,6.81588,2.9883618,2.7948232
52.34526,54.362053,2.145461,2.2425408
74.675476,90.28517,2.2167141,2.33954
71.696785,82.88258,2.9411998,2.9531093
49.83118,44.145744,2.808959,2.7530074
47.492004,46.07251,2.1408055,2.0721214
72.527214,75.502365,1.2267168,0.99647313
57.95168,58.561295,1.0679002,0.99411815
54.33662,51.519646,0.86049485,1.0078409
59.9352,68.20874,2.0360746,2.2049232
95.22118,94.08362,1.9727567,1.9782372
65.467285,56.18903,2.4090118,2.3007436
20.135372,18.263313,2.12923,1.4785304
9.727405,9.348686,1.1684109,1.0533578
94.69057,88.524796,0.79212,1.0658484
17.602749,10.456318,2.9596617,1.990971
39.40475,39.132984,1.9291751,1.9596949
3.7918093,7.8595505,1.4142355,2.6719544
94.642136,96.36862,2.9515705,2.9736333
20.730658,22.222443,2.0681236,2.1356788
73.85535,69.48012,0.6898907,0.9768462
59.469048,55.471962,0.7001713,1.0004702
84.87589,83.78268,1.6215518,1.5437558
42.50854,39.483604,0.98332995,0.99372816
16.706387,4.1055794,2.8257384,1.7784636
33.982716,28.957376,0.8234378,0.994858
79.7882,80.995575,2.8511329,2.8861103
47.184277,50.46257,1.4023662,1.0027914
60.16359,53.30589,0.69543004,1.1002387
4.935766,3.900032,1.0055073,1.1533165
1.3966957,1.7996902,0.82675934,1.4888213
23.703375,20.417446,1.7372386,1.3870714
15.770278,14.330917,2.507751,2.431987
18.97467,28.828465,2.3358788,2.522696
99.08618,96.72937,1.2886614,1.3929832
53.628513,57.656868,2.1741838,2.2483711
57.676605,64.809685,2.4376447,2.5410457
84.44537,85.520386,1.6456343,1.5362827
7.11869,7.0688477,2.0248258,1.7901874
77.53026,74.10823,1.931137,1.8990434
27.321253,21.446808,2.564548,2.3602612
10.957383,7.585396,1.7499312,1.8532915
54.666317,55.352306,1.1122257,1.0083461
21.862991,17.454292,2.9563153,2.8670158
66.53622,67.838196,2.5130038,2.5405068
16.113754,15.745838,2.4676998,2.7560465
53.94889,53.354015,1.1198229,1.6128297
41.754448,41.43702,2.3534763,2.367138
80.05417,86.18019,0.93116164,1.5686023
16.49418,13.702984,2.6083217,2.543229
41.860905,39.940414,0.6048464,1.0982116
55.91027,56.23919,2.2882085,2.3063195
64.92017,68.51308,2.0056634,1.8763368
58.2582,53.194134,0.88283527,1.0385404
44.21599,39.021782,1.837473,1.9250596
11.131124,13.863602,2.1113691,2.2167602
18.43167,16.060486,2.2946618,2.2253141
62.217922,71.04082,1.4496704,0.9720778
17.598383,14.942425,2.532893,2.3039672
30.509527,30.170755,0.98230964,1.1471162
62.527817,67.70487,1.0577004,0.98808414
67.36561,71.468216,1.7586014,1.731955
70.31106,70.96088,1.9182364,1.922442
73.960396,80.36566,1.9836609,1.9581457
32.897797,31.073952,0.87131655,1.1037583
21.763535,27.586561,2.4463527,2.6695743
73.58641,74.33439,1.7397283,1.7674985
96.99076,95.10489,2.3754692,2.3448305
12.106006,8.939411,1.4453455,1.5000681
33.212807,33.163383,1.1159605,1.2818961
15.565664,15.167065,1.7123011,1.46736
33.613445,35.875374,2.5620153,2.6439617
2.0758333,7.288494,2.0636864,2.5642285
0.97381294,1.7228241,0.629493,2.438671
96.20682,94.85162,1.3713112,1.2548636
49.027,49.84844,1.9291387,1.9543483
18.19747,18.998964,2.2698934,2.5335038
52.034492,50.729557,0.9492664,0.9903633
88.839966,80.66665,0.80878496,1.1453863
21.171034,21.314474,1.0579283,1.0351056
57.982006,41.20515,2.9804444,2.4655838
99.4384,98.717834,1.5577773,1.6160523
45.259487,48.47192,1.6650691,1.4724185
36.274193,34.65425,2.094704,2.120444
92.59032,89.90318,2.12653,2.0283053
77.03655,77.620544,2.0491045,2.0764055
34.954098,30.713022,0.6676199,1.0629206
82.72542,82.64993,2.0565536,2.050576
86.83375,86.64011,2.1489556,2.1498675
79.43295,76.816795,0.5603556,1.1999099
87.43233,88.64365,2.0844672,2.092594
17.431284,21.56515,2.2182136,1.142503
71.59887,69.64691,1.7841219,1.603343
86.27741,84.37489,2.8755503,2.8328137
74.29768,79.03881,1.9583852,1.9934796
35.511833,34.159435,2.2385032,2.1809952
29.734169,31.061745,1.9072194,1.8951926
26.4169,28.212648,2.7251446,2.7072759
94.09107,90.507996,1.1854527,1.4266635
24.894373,23.510145,0.69749963,1.1833217
80.35127,81.49045,0.9549902,0.96948713
68.55612,81.05164,1.5249426,0.9789955
99.10205,93.07318,0.9121521,1.1602901
26.018488,25.251564,1.3020191,1.2678562
24.75814,23.520905,0.6414437,1.744726
57.433746,54.878,0.910949,0.99443436
33.675835,29.341625,2.3807132,2.4508853
84.40525,82.32257,0.9763099,0.98520243
46.92628,47.380672,1.6895779,1.6129463
23.989765,14.785767,0.5172879,1.0773202
67.50927,67.801094,2.3509386,2.3852744
62.172775,69.23465,1.2636561,1.0554442
81.44806,83.71225,1.7471106,1.7022438
84.03266,78.112366,2.0947514,2.018913
37.548058,35.009335,0.8309037,1.0354972
2.747193,2.3624496,2.6705308,2.0042229
5.8355994,17.852898,1.3711591,2.7639031
66.533394,70.54054,1.199634,0.9659742
31.21731,27.125986,0.6873417,1.1272117
25.985115,26.456522,2.0121157,2.0827463
29.490911,25.784119,0.5424248,0.9668174
55.4398,56.57499,1.8121845,1.8304523
6.529473,5.4449654,2.199184,1.1017201
18.298086,27.649157,0.5081654,2.3414912
41.405655,49.82705,1.7277938,1.9893913
35.457836,38.39499,2.4702199,2.6743174
77.77606,78.34129,2.019385,2.034982
21.11233,21.327967,1.5808645,1.2781281
55.833828,55.337482,2.0542872,2.0337882
11.9323845,7.512928,0.7367767,1.7022663
26.772724,25.838099,2.1544242,2.0837758
30.065376,28.31232,1.8125602,1.8061126
94.01473,91.23909,1.0431688,1.1601725
54.90069,55.067116,1.1312053,0.9685823
87.80755,90.05872,1.1499035,1.1031417
75.8976,80.97954,2.2733884,2.323549
1.0966884,12.763096,1.1910095,1.0213666
17.091908,15.077385,0.62791175,1.0034728
56.504105,56.04001,1.7486061,1.7263082
79.793144,88.527016,1.468722,1.048408
0.46757707,15.255909,2.721186,2.1674643
2.4499738,4.1898766,2.2321327,1.751857
84.851944,85.10164,2.7581148,2.766459
30.157106,29.080503,2.4663663,2.5071127
94.56205,88.03926,0.8522077,1.0541015
66.01972,65.88871,1.7981654,1.9469291
37.868385,38.119415,2.1655293,2.1684768
93.34067,94.17241,2.05185,2.1146646
69.59914,64.87435,2.8384953,2.8522444
39.2489,35.8162,1.0163383,0.99162644
6.3404346,9.703079,0.56622624,1.0267055
96.70446,93.717804,1.0827868,1.2374258
31.037903,33.041924,1.390199,1.0217683
90.88787,81.644745,0.5200802,1.0372887
5.957959,6.5101624,2.066264,2.1727264
92.55741,83.60039,0.63678753,1.0355642
0.9451894,0.3846283,2.2259688,1.4819562
75.31229,74.28437,2.9062068,2.8390598
67.668304,67.16948,2.4641943,2.4756045
46.12434,49.61593,2.6268523,2.546937
83.842255,83.00069,2.2306294,2.2265923
81.8125,88.4845,2.7666268,2.8089237
82.0234,81.98003,1.8147937,1.8292685
67.85822,79.712875,2.9801145,2.9611125
99.35768,95.75305,1.1679335,1.3330082
79.055244,73.20558,2.9375386,2.926071
63.33719,62.776382,0.9413827,0.97830117
84.82546,94.817505,2.751052,2.8693697
15.257458,13.871956,1.066194,1.439154
24.415668,18.589949,0.6957878,1.1418966
48.153572,47.192074,2.9584718,2.945303
63.129665,63.328217,2.9526331,2.946412
96.64572,95.116776,2.2479212,2.2393832
45.12117,45.38076,2.7701418,2.7938342
17.869144,17.081196,2.9588237,2.8877077
8.052638,8.159195,2.928467,2.6968431
6.7618437,5.3876953,2.480411,2.4044862
76.42918,80.077194,1.1635346,0.9889487
55.891396,60.61224,1.5804912,1.0621531
28.60265,29.280302,1.9495656,1.9117492
14.756813,16.779278,1.9059368,2.069842
93.47489,93.688126,1.1191621,1.3450655
65.45105,66.49309,1.1773489,1.2822514
81.88362,80.16892,2.3506258,2.3484685
58.476166,66.74574,1.3005266,0.96665096
29.33477,29.492981,2.6636312,2.6741529
80.92162,75.557335,2.6887624,2.660338
30.339056,32.181625,1.7720448,1.8154895
66.67177,61.35815,2.5969565,2.2719882
45.316246,42.732574,0.74233174,0.9787752
0.5706674,7.070774,2.8354568,2.6633563
21.773897,19.708218,0.54922366,2.1875312
12.398937,16.843716,2.6936247,2.1906862
99.0519,96.37796,1.3417358,1.3517097
28.595089,32.870674,2.4989092,2.5485787
91.08318,90.97031,1.75137,1.6519315
47.842045,48.366177,1.8688486,2.020236
67.55522,57.366795,0.6084179,0.9946803
10.674889,9.48748,0.83056486,1.1794169
49.58169,56.121983,1.509659,0.971209
81.60835,75.90805,2.8217497,2.7126462
60.75328,59.67943,2.8128207,2.8193085
59.227222,67.08795,1.5251484,0.9900415
31.742258,25.682589,2.0795624,1.9969862
83.730804,83.456215,2.1461782,2.162218
6.592438,12.014076,1.5533013,1.3908744
25.95056,31.258148,2.5188901,2.363278
72.90643,74.800064,1.7656103,1.6864003
62.296722,55.634686,0.58394104,1.3225441
5.802687,8.443684,1.0942963,2.1801689
44.512123,44.648994,1.9717293,1.8363209
82.70993,79.14489,0.66086644,0.9696251
42.569885,46.94058,1.4989988,1.04945
92.64013,81.7354,0.65195626,1.1962066
2.0343719,4.364506,0.99114925,2.6396003
89.077644,89.22019,1.7284248,1.7293003
79.88398,82.25395,2.5201807,2.5617907
19.843334,15.193245,1.15341,1.1690239
57.550095,60.22052,2.9957807,2.9841208
21.921492,20.770971,1.3238406,1.1210384
70.685745,74.15065,2.0130908,2.091027
75.752495,76.69441,2.0290747,2.0516307
4.6611295,9.707993,2.020784,1.9763187
33.924137,28.936663,0.66155213,1.4353217
71.932205,76.23692,2.6701455,2.6520212
72.148224,74.99806,2.175206,2.2149901
98.90494,93.43494,1.6611973,1.7021489
14.0441,23.17197,2.3443532,2.7812319
43.24318,41.833466,1.336613,1.1884537
44.37083,39.98813,1.8155962,1.6420408
65.558876,74.147644,1.4001783,0.9794528
40.356064,38.094257,1.1474072,0.9807611
99.646286,97.06515,1.2727115,1.4475468
77.81841,83.975204,2.3570852,2.4398267
19.098618,10.973347,2.657047,2.6154127
86.89321,81.0758,0.806592,0.9785448
14.177054,12.58329,2.2808533,2.1007934
17.898836,14.427727,0.6433761,1.0750396
42.305084,46.54532,1.7220709,2.0376315
74.05795,82.31886,1.4078252,0.99204695
96.38924,93.52571,2.5942597,2.5617344
61.67236,62.096493,1.7912389,1.7376258
20.556831,14.723019,2.8076527,2.6030202
65.1149,63.562195,2.0821533,1.8962451
26.503477,24.233822,2.4187455,2.3289742
78.05909,82.91313,1.607264,1.3620205
22.883934,31.27775,1.560086,1.6012607
68.1277,63.500977,0.8147103,1.0051944
43.18854,47.675888,1.5360231,1.0197922
77.23804,79.81438,1.6523017,1.4674981
29.583937,25.452988,2.0784223,1.7191478
28.293358,30.95852,1.180138,1.0989845
54.4125,48.030273,0.57345843,1.0796608
27.883371,29.635872,2.441819,2.5336795
12.959602,9.546146,0.5743829,1.6781056
49.459217,47.40843,1.8114552,1.6615179
1.1812593,7.7759132,0.735285,2.696073
3.782231,8.395477,2.982111,2.3106315
67.56943,60.49714,0.5632629,0.9740556
22.748919,21.631748,2.3152604,2.2994728
47.046696,50.708405,2.5266042,2.6488612
87.85168,81.24072,2.8403022,2.811282
60.190697,56.928623,0.53513896,0.97142106
91.003,92.42617,0.97809076,1.19158
7.554143,8.702446,0.8566403,2.6701884
20.613813,19.781637,2.254415,2.3017395
67.50228,62.497246,0.52346486,1.1006801
4.4199724,3.642048,2.288299,2.2851758
6.1532927,17.80515,2.8465996,2.8420477
77.98151,81.46981,1.1970516,0.9793232
29.956696,38.093975,2.9388585,2.96035
79.942894,78.13771,2.2284224,2.2351665
4.9344907,2.9023247,2.5478084,1.7716349
45.52787,40.3413,0.54559153,1.0156502
60.303394,59.65608,0.9888844,0.9863146
71.62078,76.1293,1.3812504,1.107872
63.26667,64.78447,2.3352442,2.244962
57.239807,58.101013,0.8799892,0.980711
68.988846,65.95827,2.8808799,2.9221444
3.8554327,6.5280724,1.0139426,1.9640471
94.417534,98.799164,2.4450853,2.3951738
97.55235,96.45558,1.6269717,1.6179967
61.331768,57.869816,1.7669076,1.4335442
58.044296,61.491966,1.6913897,1.8772769
67.44919,62.631767,0.85652834,1.0687035
25.166338,31.434296,1.3940358,1.0079771
54.754826,64.62398,1.3381729,0.97602504
25.801832,27.16801,0.91919804,1.066464
43.85432,46.123276,1.2711358,0.9715375
20.438637,19.806353,1.0620018,1.0394437
38.406635,40.01757,1.2548805,0.9684987
36.847202,38.07579,1.0134025,0.965953
73.29769,65.496376,2.3525453,2.2857242
55.59589,56.234634,2.065976,2.076537
45.955208,43.457462,2.0320594,1.9996476
21.331635,22.291878,1.9395299,1.9634132
70.206795,77.5979,1.2600149,0.97190785
38.428703,41.71637,1.472712,1.0048739
5.2821083,5.10606,0.600273,1.3814969
9.121679,14.219051,1.02296,1.195117
19.698782,19.033712,1.9108893,1.8570471
35.37697,35.553753,2.72727,2.7112267
8.565461,7.486065,1.429936,1.6068863
36.160915,40.598766,1.7267541,1.7439897
70.90017,78.15008,2.3264875,2.4101963
89.3679,89.68355,2.7694812,2.7705336
31.985037,34.014336,2.0653384,2.1628366
92.741066,94.40143,2.5343869,2.4722908
89.48444,87.49714,2.6367857,2.618927
20.28604,21.625593,1.8063368,1.0351297
70.88999,72.74532,2.7462332,2.7909353
33.42614,28.112854,0.59005797,0.9727284
48.313576,48.92558,1.7683449,1.242371
26.032246,19.207006,0.7466335,1.0884507
85.51172,80.195404,2.84804,2.8080294
32.67836,40.522682,1.4308884,0.97575223
52.842377,52.93652,2.72217,2.6929708
4.478777,12.01693,2.7693124,2.4855058
65.11596,73.203835,1.4859586,0.9779435
65.049614,73.21512,2.8664584,2.7845955
52.521347,48.866592,1.7983552,1.6040106
87.411766,92.32032,1.3629421,1.1378248
91.40123,78.18477,2.7469387,2.6478605
87.02362,86.794205,2.103908,2.100586
77.80807,83.591965,1.5946224,1.2439177
84.417595,88.03113,1.3056257,1.0377921
17.313967,14.567623,0.6261243,1.3833336
61.13737,64.520256,1.3277466,0.96803826
71.221344,78.16199,1.8743824,2.0448437
60.630642,49.228565,2.3164644,2.1842723
65.703,66.337654,2.5942638,2.6072989
68.90208,66.38901,2.2694635,2.2261372
97.81081,99.2059,2.8745317,2.9067407
87.464874,86.14282,0.9293291,1.009969
99.211784,94.9957,2.9213412,2.8719053
73.50501,79.61134,1.4072022,1.0450554
78.13585,75.7543,2.5804074,2.6327474
37.246994,35.512253,2.5843596,2.473124
97.88124,98.53903,2.6856256,2.8106084
18.78881,24.826473,1.5660518,1.8543499
94.18065,93.7233,2.1224275,2.1087182
30.10552,30.282701,2.0154207,2.0106106
53.507477,61.319267,2.2524219,2.3807142
21.438463,24.702194,2.3944783,2.546764
99.75028,97.599396,2.706032,2.7054386
84.33852,83.32649,2.5495098,2.5383258
33.578583,31.494738,2.2025526,2.2351437
9.182264,14.66127,1.822534,2.3236094
49.5735,52.45638,1.2974871,1.0202978
56.499165,55.906773,1.7931143,1.7991478
79.74987,78.35069,0.6693759,0.97625184
94.312355,83.88866,0.59192157,1.0800734
69.61668,72.02692,1.6157286,1.4291413
74.89111,73.506195,2.3189597,2.308575
51.14274,56.139385,1.7765521,1.8346477
94.259705,92.67066,1.1700743,1.1512759
19.271345,25.933794,1.9629675,1.97294
87.458015,87.10434,2.1423783,2.0747705
53.057167,48.07387,2.4914362,2.4915144
30.631102,28.014812,0.82024634,1.1470612
69.853065,74.625046,2.7483845,2.8043103
81.12734,78.47093,2.9952354,2.95182
72.062836,70.44166,2.2945306,2.327273
44.27607,44.65964,0.946882,0.9723071
83.03129,82.81895,2.9867008,2.9637804
86.54342,86.97368,2.9677022,2.9535842
3.6197262,1.9617882,2.6462126,2.2033155
33.21802,36.604744,1.7563266,2.1084893
45.48188,44.74364,1.951011,1.9674267
51.800617,55.912136,2.7998202,2.7620053
87.92459,89.04842,1.7613825,1.748837
27.798935,23.378153,2.8706212,2.8627694
22.246105,13.483997,2.6930907,2.5045366
5.613779,3.7220535,0.9697265,1.1610897
42.03956,40.183372,2.3655777,2.281528
92.39819,92.3305,2.984586,2.9664752
72.73955,69.112495,0.52572733,0.9842863
88.26637,84.42706,2.7182302,2.6258667
9.982221,14.941433,1.9117777,1.3272866
73.11813,69.62456,0.88522536,1.459961
98.2509,94.24567,1.2780988,1.2089927
62.544495,61.14966,2.3886666,2.4220455
32.20062,28.334824,0.59580743,1.0433922
10.534722,8.774124,1.8796312,1.8875333
6.0613165,3.8940887,1.6277385,1.6292517
58.326054,63.192284,1.2476107,0.98015785
30.33384,41.7968,1.8690658,2.3632216
13.927907,11.762436,2.4379056,2.4370685
46.82342,45.26512,2.9938483,2.8851175
28.609747,30.147831,1.5905435,1.1315622
13.675291,11.69997,2.5544493,2.5505652
91.90343,86.91665,0.8274272,1.1676807
45.445755,45.466915,2.099656,2.1651807
71.68919,78.65943,1.373247,0.9812869
55.986916,57.513573,2.7786145,2.8588252
96.599785,94.88536,2.1431746,2.1393123
36.80237,38.231567,2.65965,2.535429
31.232567,31.1236,1.0219691,1.0526596
25.062082,23.627905,2.6976542,2.815774
24.694283,26.54736,1.5578773,0.99805844
17.70249,18.228697,1.6189799,1.1540112
76.93367,71.961105,0.6591014,0.965799
96.73744,99.191986,2.3416002,2.3654194
73.78632,71.79541,2.9235072,2.9057221
70.240585,63.21218,2.2161357,2.0906262
95.20381,89.61015,0.7280174,1.0650008
64.89514,67.41826,1.1081066,1.7917309
43.14855,42.467884,2.1875634,2.1907578
48.076965,46.80931,2.1298044,2.0757327
0.13260072,0.0,1.5717434,1.7442529
81.734764,87.590065,2.6466708,2.6933146
99.30763,99.09412,1.8899702,1.9185565
57.96831,52.80932,2.0019894,2.0139523
77.70569,75.55536,0.8408018,0.985219
6.9696884,7.789257,1.4191427,1.1185083
83.65689,79.597115,2.2879624,2.342517
41.234646,44.09715,2.7266731,2.726622
16.158129,15.934113,0.60805297,1.0471826
91.66987,97.47879,2.4560049,2.5130212
34.88359,37.31186,1.4532611,1.1351779
94.58513,84.085106,0.7730109,1.5029707
7.0855837,4.169655,0.6458856,1.4482412
77.4257,78.25629,2.9193137,2.916316
69.05301,69.53963,2.9358227,2.9340515
54.724915,58.458656,1.5421594,0.9824559
69.328606,63.45119,0.5005195,0.9673636
12.033051,8.661995,2.5120845,2.3488052
46.649597,56.339905,2.9256206,2.8759143
53.05393,50.843235,2.7160757,2.6735253
6.371617,7.884838,1.6020743,1.8971683
17.656921,19.609526,2.1706243,1.3795643
7.2002277,10.396076,1.0423766,1.4412278
99.73566,92.34845,0.8336795,1.1717837
26.801111,28.764528,1.5613238,1.0418792
13.320664,17.417362,1.3162441,1.4080255
55.72821,54.902473,0.9229432,0.97213835
29.46022,31.110765,0.59688276,1.0135503
70.7777,76.34327,1.2261527,0.9754777
86.95518,79.534836,0.5709674,1.0181601
84.19995,76.11607,0.6417117,0.9835606
29.766678,37.700127,2.6938365,2.8000922
13.103253,14.279575,1.5086157,1.4672979
0.85621196,5.4990883,1.603252,2.4200969
39.73645,41.461357,1.0299395,1.003803
7.0946584,5.6747055,1.672694,1.9924815
11.67528,10.693771,0.9895377,1.1185865
71.66261,75.04448,1.1336336,0.9790786
30.799791,30.378595,0.5523463,1.0774918
97.08256,97.87927,2.2271302,2.2824435
52.517075,52.16325,1.7828487,1.7880266
70.19523,75.64795,2.2431338,2.379506
77.074455,70.85991,0.66844136,0.9791406
26.82051,28.129559,1.4802884,0.95382893
71.24572,59.06855,0.6366047,1.5828813
61.45783,60.7139,2.7666173,2.773953
43.852665,47.26673,2.7056231,2.688753
87.26707,93.12366,1.5368036,1.2253497
36.96776,36.38333,1.7517835,1.6937915
0.8693014,8.187351,1.9641764,1.7196078
59.778038,64.746735,1.5400695,1.1387916
31.286964,27.430775,0.7730722,1.0710855
84.08239,82.93181,2.0618043,2.0872598
81.05156,89.979065,1.6063672,1.6233937
36.68561,32.53732,2.6094382,2.6189222
52.205566,53.238518,2.8525813,2.8773594
76.51257,88.139084,1.5291202,1.0335631
21.336218,19.858793,2.2308724,2.194779
26.978497,27.400099,1.1968287,0.9596137
67.48136,65.45563,2.2117522,2.1783864
66.41009,58.290752,2.957613,2.9293456
27.855453,29.16834,1.7023268,1.3752022
66.65729,66.13391,0.9468259,0.98564273
87.39538,87.75365,1.0599527,1.0789981
60.200603,66.51041,1.216621,1.0019493
26.320147,29.708286,2.5775533,2.6174636
33.881012,40.879448,1.9677852,2.0074043
68.784386,73.23863,1.3019935,0.98746717
54.13119,60.653954,1.3293396,0.9796775
16.0777,9.732979,2.6896915,2.3854377
5.7277565,6.861126,0.62120134,1.7380486
19.762568,17.833065,2.7541118,2.545539
78.844795,86.033424,1.6373149,1.3028382
42.252968,45.430393,1.4044816,1.0263813
57.740116,57.191753,1.7545087,1.737272
15.478302,13.713402,2.1465096,2.1002502
82.81056,81.34308,1.9635566,1.92581
88.473236,89.1661,0.8916197,1.0543722
57.03505,57.679016,1.6174682,1.7761854
25.04594,25.695461,2.8054335,2.9167418
98.55216,95.351456,2.954168,2.897535
88.62426,94.78097,1.6008083,1.3651261
36.186974,39.147255,1.4010456,1.0298758
67.68022,68.677925,1.9912964,2.0991452
99.454544,94.00304,1.0558449,1.238785
63.677616,63.131546,2.1766796,2.1228337
52.19978,54.362015,1.1694918,0.97926944
57.914417,61.63873,1.193316,1.0334558
68.7974,68.453865,1.0616487,1.0136032
82.15764,81.94916,1.8467784,1.8563609
55.461926,55.36784,2.4153645,2.434527
86.2214,91.38217,2.8793733,2.8361783
68.13169,62.974796,2.1082344,2.0835016
60.8237,59.775654,2.2486415,2.2582166
48.96676,45.280724,0.8259469,1.1921904
3.8700223,3.8757095,0.54897684,1.4440016
38.917908,42.830395,1.4627315,1.0233213
99.81068,98.32062,2.4913468,2.5003872
73.68548,73.29699,0.79175496,1.1005394
17.719526,12.0955925,2.5737753,2.4402866
25.362885,22.463009,2.5673864,2.7628818
64.05484,63.224754,2.3039935,2.274478
48.973587,48.41852,2.3117163,2.3279245
85.19734,84.862595,2.2339475,2.2020977
93.523766,94.01593,2.8613784,2.8931782
9.455307,13.475189,0.6182188,1.1156607
8.38408,8.148151,0.8625206,1.2708775
15.608747,15.187473,1.7077308,1.483158
72.96597,79.830215,1.3266629,1.316478
73.45883,73.46415,2.0580127,2.0607984
25.076601,26.216387,1.4200064,1.0271595
19.00907,19.96546,1.4724479,1.0593112
95.28673,94.47105,2.1288333,2.119461
73.41146,73.12233,2.4295313,2.440381
83.52246,89.11444,1.6687068,1.7021229
29.351543,32.62162,1.8220314,1.9339582
94.23903,93.96181,1.025629,1.3721323
24.54737,24.662312,1.2406332,0.98886317
6.187299,9.21138,2.9131446,1.7618749
46.630535,59.495964,1.5155016,0.989102
11.505766,9.702858,2.129348,1.6013522
49.78362,46.62906,0.89645267,1.0641994
97.4091,91.883606,2.7388637,2.700839
79.02932,81.55,0.875985,1.0474627
69.602325,77.811966,1.4286736,0.9896567
20.219105,21.15501,1.9086795,0.97266257
41.026897,35.908203,2.4946887,2.3349435
15.454847,16.2626,0.8919069,1.2432774
63.23987,68.83418,1.5759542,1.0325425
4.827673,6.8828087,2.4707754,1.9558893
8.337015,4.204891,2.7820365,2.4116268
12.052328,4.257847,2.7457218,2.568351
71.69829,70.01439,2.9454906,2.915676
88.59337,91.21411,1.3142704,1.0929134
30.89114,30.241262,2.8015018,2.8213563
1.432502,10.634968,2.1642392,2.414141
67.31564,68.7021,0.6957856,0.9803099
35.428345,32.87052,1.0527241,1.0064702
50.896084,57.976463,1.4459484,0.9696563
26.996391,29.215607,1.247029,1.0486016
47.374058,47.73891,2.899867,2.9324212
55.082836,57.645958,2.233458,2.1562452
20.473866,22.623795,2.0046086,2.2475896
75.24931,64.71877,0.5395777,1.0802805
9.794685,7.882946,2.4694173,2.5849185
13.822057,16.60619,1.5606339,1.6193568
34.99633,37.40995,1.4310386,0.9896313
52.957306,58.991993,2.4914098,2.5454917
39.369114,36.187866,2.0188048,1.4555671
59.632713,55.74212,1.8682741,1.830048
64.851135,68.63123,2.4744422,2.54566
32.41758,34.574226,1.3802599,0.97852325
55.098194,62.57454,2.1693842,2.274267
35.188385,19.80499,2.8210146,2.5229712
73.91102,75.58787,2.8243794,2.7843204
62.757473,71.48795,1.4419746,0.9674951
93.88823,89.70561,0.8720143,1.2986599
59.69183,62.73985,1.249598,0.95741975
89.85857,93.01491,1.8441783,1.7951701
18.321201,24.841286,2.3517177,2.2672086
41.122257,36.127895,2.8755984,2.6259255
63.90774,63.113426,1.8649824,1.8782562
59.443424,58.807796,2.3064418,2.288221
65.93464,68.556366,2.9690695,2.9435315
70.83741,78.32376,1.3352437,0.97614694
93.51467,93.61836,1.6114119,1.2420158
11.244647,8.255795,0.96902865,1.7517339
90.5369,87.08861,0.6723478,1.1597533
35.335693,34.632458,2.2940652,2.3018553
11.320763,14.460762,0.96248245,1.9685379
17.537329,17.14841,1.6610087,1.7277943
51.352337,57.55522,2.1417053,2.2784855
88.25828,94.34454,1.5046549,1.2419419
13.967782,12.368374,2.6057823,2.6426854
90.58473,98.63319,2.6824868,2.7779155
31.78759,52.03773,2.943059,3.0
29.687689,25.58485,1.2600933,1.5174263
61.870106,55.468014,1.8269577,1.7916713
63.039047,63.593056,2.71642,2.5783165
7.6808476,6.7316284,1.4825809,2.3224893
9.681935,8.354706,0.84642804,1.7558378
28.630306,27.413198,2.9507792,2.8736572
50.63893,54.28428,1.9328271,2.124085
15.879717,10.675087,2.379703,2.1785538
97.83635,95.58172,2.7189426,2.7163856
33.809605,36.020073,1.2106885,0.9633189
5.3790865,3.058899,1.9684141,1.939057
0.058971677,3.7507668,0.86251074,2.5465984
53.28567,58.38485,1.3319819,1.0120525
45.45051,48.804924,1.4483224,1.076689
47.029316,34.08889,2.893093,2.8421583
70.532585,71.08788,2.953376,2.9369648
43.51575,44.508015,1.0092746,1.0059621
47.527573,47.524925,1.2553822,1.1133864
99.85188,93.92786,1.0501156,1.2419837
32.218285,35.453995,1.2653538,1.6917518
61.16794,61.921078,1.1367211,1.0262902
79.534805,72.55747,2.8125806,2.8376098
95.28519,94.650894,1.2761533,1.2577515
2.1977768,0.78736496,1.9499278,1.8897316
93.02899,93.89661,1.3509172,1.227396
5.116864,6.6534195,0.8618341,1.8204496
7.4839044,4.2901535,0.87156445,2.5701628
40.09817,40.899803,2.7303767,2.7176023
76.62341,87.87514,1.4967723,1.0913153
7.4564247,6.7145157,2.3221774,2.4217916
97.15934,95.34497,1.8466967,1.8144336
31.059332,32.62009,1.4657377,1.0092903
18.452791,14.787994,2.9014409,2.8684106
17.007578,17.732273,1.4433742,1.0589299
65.76248,64.51434,2.4073339,2.4124618
73.37105,67.73689,0.58297515,1.0452226
63.452084,67.13875,1.1327899,0.96458805
55.94156,57.070797,0.830247,0.9707036
32.439735,29.899403,2.85454,2.714258
86.39093,85.35939,1.3535206,0.9935855
16.08006,14.9270935,1.2678591,1.1844382
44.461754,47.26438,1.4837471,1.1791383
7.7659307,4.6649475,0.9578891,1.2851655
20.05083,20.580564,2.850578,2.3563907
95.31302,90.27519,0.8737232,1.0679936
98.650925,96.59062,2.210404,2.2263188
27.675497,27.111961,1.917997,1.886203
22.244555,25.596777,2.4461243,2.6003609
62.139034,60.60443,0.6117769,1.0559889
91.792885,81.915726,0.559788,1.0785298
75.03147,72.56868,2.103057,2.005796
33.402466,30.324553,1.9581957,1.812625
78.25599,76.070885,2.5907788,2.5654974
21.908398,20.650473,1.6780262,1.6891034
77.04064,84.41301,2.7824955,2.8449762
67.82607,68.30364,2.047268,2.0579116
12.476322,12.94532,1.8984197,1.6189042
11.648028,11.082329,1.2160103,1.0895969
37.45595,39.22624,2.1069455,2.1255798
69.84212,74.18195,1.6622826,1.6261871
14.670778,12.8187065,2.115844,2.1103094
6.3554144,6.8734016,1.8352599,1.6910428
2.5818646,5.7018013,0.70614845,1.3578546
0.6270266,26.795996,2.731083,2.779499
72.12604,71.9387,0.75987023,0.9618813
70.77576,66.26839,2.1511102,2.119968
76.75861,79.6205,2.268362,2.3483238
12.856436,11.105194,0.94085836,1.0547752
4.369015,5.390587,1.2981849,1.9271111
76.95609,72.51908,0.65988934,0.9775509
21.137877,20.618387,2.8516395,2.8440561
8.739661,12.217426,1.3765953,1.3001348
3.2811127,3.1002731,1.2366238,1.4905227
72.1789,84.0015,2.4963126,2.6544182
3.025729,10.029366,0.88221264,1.5856202
63.244183,54.1596,0.5913352,1.0327121
35.239094,34.372833,0.98463213,0.9811516
51.32356,52.436104,2.2704222,2.0766249
56.979633,58.48089,1.2569593,1.5815544
54.40252,60.23501,1.2918663,0.9715875
68.528076,72.09235,1.2300427,1.0078614
42.47335,47.432472,1.0499269,1.8930769
73.77578,80.60059,1.3389016,0.9994074
13.2579565,8.775276,1.0988293,1.5615374
57.330734,61.89704,1.5958595,1.11692
62.850433,64.40744,2.873178,2.818826
0.5464928,1.9608536,0.77406466,2.067694
28.760672,23.448545,2.9015205,2.4152653
74.919365,77.27673,1.1553324,1.4286792
41.5551,39.883865,1.7227659,1.800295
25.463095,26.453672,1.3200053,1.2209094
31.69932,33.052986,1.71998,1.6254467
22.900131,18.70122,0.73746884,1.2752025
45.656013,46.485275,1.3599333,1.0678148
74.39913,70.81583,0.65794426,1.0272152
68.6979,62.331425,0.62078834,1.0059838
59.146526,63.10878,2.3369663,2.3537292
94.40821,95.79683,2.4587834,2.4701486
86.88614,88.19171,1.1177385,1.1230981
47.16632,44.714897,2.8682323,2.4621115
63.551327,63.984955,1.340814,1.2299472
1.0744039,1.6182594,1.8939553,2.2156045
39.487103,47.515926,2.6651514,2.6593177
7.1428065,6.5299454,2.264941,2.056849
8.871029,12.874229,2.1943195,1.0711234
29.422945,24.9484,2.2960124,2.3940852
9.85515,8.320461,2.3788505,1.907769
60.034767,59.90307,2.1322992,2.1206293
8.427103,7.638607,1.8080778,1.3749409
3.7250288,24.088694,2.3002076,2.7351482
39.996017,46.262352,2.3488512,2.7114642
69.22961,68.45378,1.8877189,1.9004579
7.222113,5.6497803,0.7594108,1.187122
10.888154,11.376919,1.7246383,1.6696519
34.737404,35.48812,2.7553892,2.7188563
33.93358,42.087456,2.7942505,2.91139
6.2448363,28.499273,2.3915641,2.5902727
34.103657,33.0175,2.1052332,2.1076303
84.55197,89.97107,1.338014,1.0879884
98.88656,97.12018,1.9411259,1.9012341
74.387,83.13251,1.3923383,0.9807281
86.17047,88.1156,1.9251287,1.9477055
77.33162,87.78732,1.473518,1.0333669
12.394012,17.368446,1.9897256,1.9578934
60.966175,57.589268,0.8391053,1.411853
13.395692,9.192394,1.649976,1.2773135
22.37928,17.751865,2.9943304,2.6697063
96.60514,94.46173,1.112515,1.2450361
18.509836,18.76059,2.0391054,2.083845
87.49669,83.85239,2.7721732,2.7815046
59.061687,58.89361,1.0293543,1.0328772
44.37001,41.977432,2.604479,2.5536394
49.134506,38.946884,2.9881115,2.8742604
76.64936,83.77135,1.2699536,0.9830404
23.061846,22.003492,0.9609172,1.0168507
73.01187,73.34526,2.1222088,2.082453
11.787281,6.7820053,1.0210725,1.9796615
41.24037,36.42925,2.0560484,1.8435105
78.08013,85.123314,1.4213423,1.031246
12.330351,12.845596,1.5924156,1.2548716
19.240122,16.589642,0.9633379,1.212629
6.9101486,4.17807,2.046053,1.9051714
78.00815,77.19205,2.5104995,2.4728231
91.84296,94.42411,2.5607653,2.6094913
50.124763,49.11233,0.983142,1.0165868
34.94781,37.478096,1.8218075,1.9132061
5.201308,7.5069885,2.0405066,1.1287103
94.39942,94.50688,2.0469067,2.0302393
45.987244,46.55921,2.7127635,2.725839
5.3592215,3.2040024,0.53880787,1.9151729
94.00521,97.47314,1.1057916,1.4461246
38.078682,34.992577,0.9769923,0.9973792
45.640408,49.7188,0.78449255,0.97030747
80.13827,81.91779,0.96715987,0.9771385
21.086214,24.059164,1.9067422,1.8461679
73.15557,73.132034,1.961429,1.9731145
46.656513,46.523598,2.2942195,2.2939367
1.697445,3.7979393,1.158696,2.1191435
93.17958,93.32654,2.1586094,2.2098238
69.496994,75.20479,1.3607504,1.0043826
61.393635,63.425915,1.679349,1.6216301
11.102612,8.39949,2.5726674,2.4701655
84.53831,79.50682,0.6821493,0.98029715
37.1855,35.654327,2.8921518,2.8833423
17.047533,15.425331,2.3412232,2.3975918
39.17787,40.00943,1.8891661,1.8180853
2.0069067,12.851822,0.8950343,1.2995949
43.92271,45.059456,1.0877066,0.9708521
69.97133,67.71451,2.025338,1.9422803
71.06081,75.896454,1.6294473,1.3333018
81.38392,81.283905,1.9243264,1.9448023
51.917164,55.533268,1.0773957,0.9874156
64.43019,60.695103,0.7819656,1.2267907
8.006617,7.9080963,1.6036572,1.4838451
92.70792,89.14995,0.8784881,1.070643
28.061563,24.09473,2.3516738,2.2510693
11.605969,12.114067,0.6370402,0.9789727
40.842987,40.729256,1.0566299,1.010689
15.109698,11.641476,2.4643548,1.3152668
28.213665,24.730839,0.96170026,0.9851942
41.418816,33.786522,0.6754977,0.96114486
89.85688,93.85996,1.3626182,1.2874012
41.795677,40.402195,1.0636089,1.2991824
75.75373,72.32785,2.0116525,1.8884565
65.12233,64.79669,2.8145096,2.7806935
79.54293,71.33826,0.8493804,0.9559971
21.57753,12.861595,2.986241,2.6217532
38.071667,40.064556,2.5173817,2.5663462
73.1953,76.06727,2.5546277,2.626401
12.193393,12.417309,1.4116687,1.0526887
37.411507,36.83269,2.924096,2.858795
50.727207,50.74083,2.9290626,2.9767728
48.033054,48.627964,2.0474813,2.0609202
48.909527,48.541557,2.6794872,2.8117962
82.822525,84.50885,1.0364765,1.0360526
1.6424319,9.133171,0.7197071,2.3823419
99.435646,97.59277,1.808174,1.7888379
48.08646,44.28085,0.54681253,1.1300471
62.68062,64.77555,1.3820779,1.0267775
63.45399,65.9339,1.850501,1.8738587
32.610123,32.97587,1.833668,1.8061132
85.055824,87.376144,2.1548622,2.1392195
47.94862,43.60945,2.9459367,2.7045846
6.153164,19.5145,2.4789195,2.5660505
69.923546,69.317215,1.797448,1.7180561
84.993835,80.80462,0.71439016,0.98512226
91.6294,85.72717,0.7173996,1.048132
15.37866,20.410166,1.6864568,1.1959684
53.847572,55.425312,2.4983883,2.5132482
75.89965,93.96136,2.6845474,2.8507643
91.18318,92.85037,1.2101924,1.187696
51.170303,57.33526,2.8589203,2.8212373
88.55329,89.13045,2.444018,2.463654
64.741806,67.5731,1.1667076,0.96914214
79.78194,88.00363,1.4182594,1.0627415
23.841888,24.6981,1.6364071,1.2663518
23.47338,28.616905,1.7864788,0.9808447
21.09813,23.382301,0.72314453,0.95943785
17.605017,20.712986,2.5994976,2.5563385
49.71671,51.599632,1.2381985,1.0058436
13.085875,10.184391,2.566602,2.4449873
21.394312,20.223818,2.354002,2.3158555
21.126894,20.249338,2.6755018,2.165349
14.21968,14.808826,1.2778947,1.1551803
69.30923,68.93799,2.0327501,2.0397215
36.182945,35.85374,2.3208532,2.319635
50.335426,50.929356,1.1006958,1.0578771
86.1963,87.086975,0.96122676,1.4656765
86.22838,89.57941,1.2619966,1.5717691
56.17049,48.158916,0.7212118,0.9734189
29.335709,33.014015,1.359259,0.9618316
74.562965,78.13092,1.1652427,1.0731041
30.31614,33.810066,2.010072,2.32237
10.222992,5.931858,2.549545,1.9583111
66.30181,67.414314,2.4539087,2.4605262
82.632996,89.164406,1.27259,1.0851676
26.20414,24.402588,2.565316,2.6823978
97.856255,96.138275,1.989731,1.9613082
73.721405,71.9927,2.4490337,2.4354048
29.371117,26.907953,0.55643153,1.4213246
17.578465,15.747757,0.77932346,1.0448298
13.198803,11.936527,2.406581,2.474308
77.78479,68.921745,0.791484,1.2413226
90.40681,88.18127,2.3612227,2.412894
8.581321,5.5420456,0.65614235,1.2586732
7.4440584,3.2754211,2.7482378,1.9098455
30.849377,28.882517,0.81034386,1.1831462
82.44251,81.056046,2.3437319,2.17012
19.402729,21.38349,1.1885715,1.4067471
32.77434,22.006313,2.9468424,2.8256044
37.98851,37.02057,2.1261704,2.2560484
2.7953837,3.6812363,1.8982912,2.2301314
50.60722,50.74938,1.027847,1.0157142
54.174473,56.71163,1.6134182,1.5328672
32.6463,26.246553,0.6457899,0.9950433
93.82951,92.03552,2.8310192,2.8167207
58.388367,58.96237,2.75242,2.7494059
89.70183,91.2702,2.5951214,2.6015718
11.343687,19.841467,0.6551934,1.285296
41.11151,43.349747,1.9213398,1.8285668
15.203265,8.667339,2.9804175,2.1159484
39.012028,42.070488,1.0426717,0.9758026
56.59576,55.934666,2.2134757,2.2058213
45.43733,39.065918,2.1797235,2.0486019
0.53878856,8.0398445,2.1743965,2.1809347
49.745903,56.300037,1.4921657,1.0747397
82.870766,83.207146,1.8508439,1.8353604
52.276115,56.03229,2.5262027,2.6612086
3.6874948,3.4875374,2.0636,1.7286637
4.376863,3.6016235,2.8488235,1.7554948
18.311886,12.99712,2.9507613,2.6097322
80.43567,75.851265,0.8547916,1.188021
62.33824,59.29037,0.5261994,1.0154693
83.77891,84.740326,1.0364199,1.0322843
10.757943,16.551418,1.3619802,0.9652696
95.2914,97.53343,2.0704026,2.1471186
19.495792,13.155724,2.22119,2.012195
12.517177,11.344242,1.9305574,1.9035124
20.937763,17.26524,0.6725526,1.2770915
4.7133107,1.3868141,2.8600812,2.3008018
92.39206,83.993744,2.943417,2.8725371
84.41752,75.57242,2.546086,2.561377
40.58085,37.660507,2.9905007,2.8513317
91.484474,91.96738,1.1918677,1.1369301
86.78391,86.344635,1.6787925,1.5316405
37.287136,36.595737,1.9199995,1.9413152
88.71224,92.408264,2.9631155,2.964828
11.788359,7.2604446,2.770834,2.736269
29.847307,29.849583,1.1562545,1.520903
45.99412,38.06926,1.8428181,1.7199599
73.891304,74.14629,1.3308744,1.0193563
75.906975,75.771774,2.6169863,2.6229274
77.40399,75.62407,0.90958095,1.2619634
87.01692,91.860115,1.381521,1.1693356
35.366096,36.608063,1.4055487,0.97303003
61.244846,55.300735,2.7562065,2.6425705
36.55182,31.98833,2.6327188,2.7220182
56.78017,57.879013,1.9601909,1.9563085
30.42346,25.146166,1.2404603,1.0237868
40.43426,41.623695,1.3317885,1.039916
56.10296,54.634033,2.4960663,2.505055
14.935431,9.109158,2.4145937,2.560154
19.5691,19.961958,0.8372427,0.9903723
64.66133,62.944576,0.7877158,0.9879655
73.421005,72.120575,2.3755064,2.3598447
47.0816,53.35102,2.5605567,2.5535774
54.59065,60.71045,1.5368404,0.9842909
99.04768,97.00627,2.3696592,2.3744187
81.05823,67.227684,2.7987905,2.6143594
78.17151,84.88176,1.2273121,1.539817
71.59762,79.67341,1.3684582,0.98443055
86.777054,88.0596,2.514349,2.5445752
9.148927,5.7307434,2.043439,1.8019763
21.854673,22.72925,1.73047,1.7214785
77.08961,82.2092,1.2375642,0.9801764
84.712326,87.66081,1.7101701,1.7571582
95.85454,97.60102,1.5845017,1.4349827
96.817085,88.45932,0.6382677,1.0751116
22.391973,23.90562,2.307756,2.4481647
59.212486,70.64517,1.2600634,0.9617933
18.347824,17.35611,0.7275854,0.9716524
37.19956,35.01647,0.9397295,1.036494
70.35473,72.92436,2.5754015,2.6229382
11.196795,9.422333,1.9104395,1.8970463
72.07555,75.494576,2.34345,2.4113014
11.526749,12.500629,1.5748752,1.0207212
80.79728,85.47105,1.5788145,1.1839638
26.66272,32.097145,1.4436276,1.9310321
1.2635825,8.847237,1.1783131,2.017836
75.94118,68.207,0.68761444,1.221943
87.84529,79.58417,0.562024,0.9707452
80.50184,83.57245,2.1037295,2.175322
91.41125,93.294205,1.5916588,1.5611554
54.267212,62.78363,1.4874225,0.9609836
45.537548,45.879276,2.43509,2.4493384
28.015982,24.701422,0.80577624,2.3508627
62.295406,53.94924,0.65830463,0.9803481
75.42752,82.22868,1.0950776,0.9932956
75.974976,82.67584,1.5588723,1.511672
21.20024,22.5682,1.3103302,1.5373539
79.336525,81.26171,1.396184,1.6452994
77.67391,76.61962,0.852713,0.9797736
90.55214,91.228096,0.82139057,1.127821
41.11991,43.57569,1.6876965,1.6784278
43.75744,42.448586,2.5808873,2.5490081
77.04966,87.55244,1.5321759,1.1845224
53.130005,57.426117,1.5604507,1.0733132
1.407984,6.0051575,2.7073824,2.2220237
51.839123,47.9821,0.7221827,1.0136302
95.685524,91.92079,0.93179524,1.1635334
81.06507,82.6363,1.312669,0.98932815
19.582012,28.653585,0.95113146,2.2925658
83.62604,86.35443,2.7532191,2.7724838
17.131433,12.220005,2.7845905,2.5529459
29.360786,28.517574,2.843518,2.833871
14.101128,14.140442,1.9733429,2.064011
59.265347,61.845932,1.1131657,0.95232517
99.96646,94.6059,1.1024063,1.2552307
31.604347,32.64305,1.817564,1.224396
38.914795,44.992355,2.4052203,2.4941247
51.132385,35.977406,2.8800483,2.6432042
4.8265266,2.0483246,2.616668,1.892715
44.330807,41.129135,2.7268972,2.576214
62.9353,65.40894,2.6377637,2.6521206
31.127771,31.239378,1.8174835,1.7073038
22.553396,21.05577,2.5075054,2.5172923
51.612095,48.37074,0.79101443,1.0219345
87.2379,88.63486,1.9317456,1.934595
62.772,66.561905,2.0808997,2.1355958
57.27388,56.486607,1.8695792,1.8649564
54.745304,48.291233,0.7684337,1.2177066
71.949615,79.5863,1.2044141,0.96652
34.657135,36.804,2.278751,2.560769
45.096233,36.687733,2.9136784,2.84092
92.80417,94.34795,1.1507689,1.3746154
55.556488,57.953808,1.1076691,0.97395504
44.737926,46.825405,2.6964428,2.8041584
53.529675,61.039574,1.3990328,1.0027323
28.153687,27.151936,2.3466055,2.3407183
81.50046,76.016945,2.9180737,2.8767726
90.49599,88.12489,1.7770602,1.6549942
90.200806,94.73569,1.2918028,1.2695231
87.87894,88.08002,2.4527495,2.4665542
25.84906,23.569279,0.66091454,1.4020379
97.194145,93.630135,2.7451801,2.6808631
40.984707,43.00658,2.9733212,2.9704676
39.40953,40.55032,1.6370472,1.1905793
8.103075,8.86829,2.7080216,1.7336926
53.880318,58.9162,1.8326259,1.7884507
76.95836,73.01723,0.7082983,0.9738197
48.90613,45.64233,0.7768337,1.025449
91.43836,91.72969,2.5823336,2.5886726
33.026142,28.921907,0.6237797,1.1441876
35.828075,31.403477,0.70855045,0.9747831
44.90188,44.962433,2.491082,2.3400316
37.518967,47.405773,1.3905873,0.98275065
93.59108,91.099396,2.9526136,2.9244242
37.17008,34.78495,1.6471848,1.8260932
37.653282,39.6688,1.8047469,1.8918926
21.874441,19.313944,2.7427864,2.7220087
74.99239,74.37915,2.847128,2.7733881
57.74391,70.487595,2.6879454,2.8015063
51.440807,59.351807,1.4517827,0.9960705
38.68564,42.75056,1.0911815,0.98605293
14.187904,8.8184395,0.9376448,1.3719766
69.981445,69.64187,1.7591714,1.78906
45.332005,46.520092,1.7805551,1.8778973
80.10612,76.31297,1.8650253,1.8424796
88.94239,93.4711,1.5629402,1.2241993
47.351635,45.41149,2.0624053,2.1294363
90.34729,84.70256,0.5626324,1.0369792
42.40874,42.71022,1.7464596,1.7006212
93.587814,84.24182,0.5675343,1.0986559
89.17792,92.59235,1.8850254,1.8700132
86.49935,80.17542,0.5015692,0.9660755
54.86781,59.29589,2.8703704,2.8846374
92.836426,87.67549,0.89283174,1.1497834
12.101423,9.923668,2.8316371,1.6383033
29.714577,27.47093,0.7535318,1.008404
91.409676,87.689445,2.6204715,2.5805526
43.38688,39.29884,0.64633226,1.0145528
38.97444,37.586494,2.3017247,2.2867196
87.62117,78.53235,0.5293349,1.0350631
43.51106,39.96532,1.8419423,1.9188659
15.796639,20.063568,2.440399,2.7789083
79.70893,83.97737,2.0299344,2.1925309
42.540146,39.95876,0.60136503,1.009541
89.82162,89.148415,0.8675469,1.0795172
41.042572,31.552963,2.6188147,2.368102
24.872862,22.2081,1.7157853,1.9221838
83.94662,84.5388,1.139612,1.5127368
45.093006,43.894535,2.7190652,2.7326312
96.89722,95.93808,2.528594,2.5313075
92.44362,95.75833,2.1411083,2.2046452
36.456535,37.45124,2.5837376,2.5791385
38.24341,35.41394,0.62993175,1.1549001
42.00915,41.69379,2.3133492,2.326705
69.13074,61.314117,0.5051816,0.9962243
34.75337,41.23999,1.4944415,1.844722
82.7955,83.52237,1.7054647,1.7109109
94.51166,93.97828,2.761383,2.7654972
7.9375176,9.368717,2.1873376,2.1305723
97.06828,89.18556,0.68217105,1.0636933
27.458393,24.356756,0.5553838,0.9774934
20.55212,16.149647,0.5381523,1.1945739
9.835635,8.253429,2.841939,1.3934698
98.32852,95.486786,2.6816046,2.6890314
20.592093,20.377012,1.8408123,1.6410676
12.420352,10.457996,0.6573071,1.2324159
45.25596,43.383633,1.0446321,0.9876792
37.639874,40.53257,2.935444,2.9621515
77.40512,73.70965,0.82246923,1.0311878
94.286644,93.83446,1.193835,1.2260098
54.327988,58.089287,2.3996494,2.5017264
65.57889,65.09219,0.8570201,0.9660461
0.13946854,0.0,0.7036543,1.4939442
60.84256,58.269833,0.92730266,1.2610514
98.81215,96.734825,1.6223098,1.4723186
23.837027,20.895206,1.9699908,1.8044834
2.462356,5.290447,2.7947147,1.6917793
65.14913,62.498474,2.8000064,2.737245
59.00899,65.822464,1.2769244,0.96771705
57.201973,62.823013,1.4228046,1.0156393
96.31229,94.78369,2.7837803,2.7472413
64.98989,72.56101,1.6023887,1.3187377
38.191105,31.894295,2.6403265,2.7150328
36.324024,47.902374,2.860874,2.9564006
37.368923,36.627274,1.1160506,1.0027547
36.942314,38.679108,1.2111751,1.4090085
63.026817,66.71301,1.4349172,0.95943475
46.958183,50.282173,1.6581364,1.066811
61.406757,66.86604,2.7197793,2.7461786
39.85975,41.786987,2.4480941,2.3492503
53.017067,55.817287,1.4335763,1.3251389
99.548134,96.899414,1.5397732,1.4011794
67.42851,65.027855,1.0761031,1.0483952
99.39617,96.48333,2.11495,2.0607705
39.073383,39.22809,2.343646,2.345474
61.34536,51.838642,2.703413,2.5729105
59.583794,65.76961,2.3890834,2.350387
40.264927,42.471664,1.3459201,1.2414
1.030729,1.4112206,1.5911595,2.2465787
28.75907,28.863407,2.4664426,2.4311726
81.49781,85.826416,1.8806316,1.9301153
43.01169,43.905743,1.4164122,1.2361405
20.616219,22.720444,1.1858237,0.9665184
79.610794,87.21732,1.5625942,1.1252551
4.408512,6.0252495,0.9620488,1.7621385
84.09273,82.399376,1.9188381,1.924099
19.013231,17.499763,2.4163651,2.0363078
94.09844,94.90811,1.3796186,1.2687958
5.869501,4.787876,1.6291887,1.229341
6.628873,8.618858,0.88736546,1.1450126
75.74222,69.33059,0.7105272,0.9598144
70.04658,80.972176,2.5283997,2.6012707
79.26104,78.294014,2.5794108,2.581181
55.850945,54.75786,0.79129374,0.9853382
76.24706,79.433876,1.6270176,1.2443073
15.409323,6.1534004,2.4365506,1.9810711
28.513567,25.211725,2.360897,2.4887185
84.73007,86.3683,2.6493456,2.6671643
35.4711,33.159744,1.0232106,0.9661095
25.61285,23.040157,1.6806165,1.1071043
33.140003,35.126194,1.8127207,1.7194682
64.71989,62.254257,0.59827787,0.9518371
72.713394,72.35473,2.2568965,2.2650638
51.711773,56.355656,2.7329314,2.7655468
48.602882,45.70473,1.0659602,0.9745583
90.88339,91.44896,2.3676054,2.3855398
79.30197,78.77118,1.8676775,1.8659128
82.567,88.24223,1.5869294,1.2724646
51.73109,52.542286,2.2333424,2.1968677
85.1911,81.95714,0.82511735,0.9744157
82.91419,76.462524,0.7942444,1.3207252
27.869043,28.930046,1.2814368,0.9627686
75.017555,75.77393,1.9344089,1.9427167
98.62801,95.03446,1.761964,1.6949264
76.028275,76.376526,2.947582,2.9387393
68.069466,73.8959,1.2951492,0.9768989
83.0989,82.519196,1.8576672,1.87554
58.32251,58.468407,2.0635862,2.0551603
3.8959255,3.343624,2.9692626,2.8900573
45.794415,48.27332,1.3519076,1.033216
96.08536,88.0081,0.74418175,1.0453858
97.29822,95.18442,1.1565866,1.2855182
10.756915,8.75201,0.66006273,1.0814903
17.879229,12.919113,2.965865,2.0673652
38.320175,34.6603,2.179988,2.3300807
48.400635,50.606922,1.2512823,1.009674
66.84556,63.758923,0.5496223,1.5920608
73.003716,76.40615,1.1055818,0.98230374
83.44046,84.46817,2.185875,2.2214737
30.797043,28.055317,0.81176466,1.1873901
26.823257,27.625784,1.162409,1.0562239
93.60059,93.23034,2.229244,2.2876945
27.18012,25.473013,0.516712,1.0568721
0.008608005,9.751575,2.456067,1.6714216
64.317055,50.486168,2.8658981,2.579361
25.338251,23.644451,2.7705007,2.720651
10.081579,8.988857,1.3237032,1.3775494
88.58481,93.24118,2.2355855,2.3331146
89.387474,88.97261,2.996923,2.9712646
6.19434,7.1941757,2.1362586,1.8705456
23.306011,21.70721,1.2106749,0.973289
75.77347,75.68894,0.92798895,0.97274584
52.870354,49.95855,2.158217,2.044025
2.7488532,8.513298,1.309454,2.8100414
47.080673,42.61994,1.8998924,1.6867346
67.19474,70.599976,2.931279,2.9353096
80.262085,76.91528,2.0297382,1.9427401
97.86271,97.47002,2.763799,2.7453332
98.20744,95.7976,2.3160012,2.2072544
38.00741,37.850838,1.2620667,1.0116758
86.70365,84.48292,0.8531245,0.9927998
20.033672,19.206257,0.7799206,1.288551
53.955406,53.536095,2.3375013,2.350261
16.1998,16.942913,1.5245035,1.0150752
56.74,56.45531,2.1066427,2.109692
99.568954,96.15481,1.7716023,1.7175905
51.969578,47.148193,2.9477034,2.8770275
40.588593,40.452732,1.7577673,1.7376854
93.31078,93.526024,2.1437793,2.1462982
80.055016,76.750374,0.8164964,1.0343218
27.71273,30.52683,2.467666,2.7733104
67.03072,77.83384,1.5831,0.96119684
28.24441,23.0498,2.9657936,2.882402
15.913646,8.704987,2.1005523,2.6615999
55.41887,53.020718,2.845855,2.7963243
5.15854,6.412575,0.7724284,2.3810475
42.428207,41.839554,2.2769856,2.2790756
52.037903,48.4683,2.2549725,2.2289376
91.2501,84.455246,0.7590796,1.0059109
35.22534,32.26063,0.8910503,0.9717355
16.393188,16.704502,2.186827,2.0204053
95.28491,95.536224,2.0267775,2.0358367
10.437994,10.349464,0.84684145,1.1874542
13.333667,10.063541,2.417667,2.20084
51.680992,54.79481,1.1539049,1.1509681
20.005354,18.075548,1.9315082,2.2941258
77.81543,77.080246,2.269238,2.28579
23.996819,25.36156,1.3336574,2.1000445
50.46867,49.017967,1.1345763,0.9726481
15.405539,13.331051,1.0056119,1.1141195
53.713997,55.149487,2.8040326,2.6967893
93.961555,85.81412,0.5050201,1.011538
36.26502,16.378433,2.7464917,2.7571106
43.63817,50.842316,2.752521,2.7953079
2.4841106,11.196144,0.8970775,2.1597812
80.35345,77.976776,0.7973846,0.9798108
16.406116,14.165394,2.225643,2.528867
8.544453,12.565971,1.9185753,2.1637022
90.59871,97.02552,1.5194775,1.5744128
3.6242573,10.128128,1.6942052,2.189532
94.82092,93.56566,2.2136035,2.2161844
59.874893,64.85351,1.2980566,1.0068579
64.29252,63.00177,1.8007675,1.7965944
58.595875,57.883068,2.1706734,2.119759
98.84087,95.67999,1.898843,1.8741997
39.873848,42.288383,0.76677805,0.98368204
33.008873,31.987299,2.4647543,2.5062547
5.561489,2.8368874,1.4195442,2.1062536
5.6748343,4.7620506,1.2619016,1.3256407
44.017204,42.011032,1.937812,2.1012323
97.82954,90.99898,2.28529,2.1752295
12.862059,13.021851,2.4047623,1.4062865
68.27438,68.06873,2.9293425,2.9056382
0.5700323,2.4008865,0.88998467,2.4443254
32.8858,33.629967,0.96779674,1.0169417
14.867939,17.871304,0.5518307,0.98669326
5.5922475,10.219276,2.1580477,2.4254234
13.868275,12.612904,1.9366544,1.9314902
62.936886,60.732742,2.7089298,2.7273593
2.8939543,9.078335,0.7872349,1.3850367
7.0099034,5.419773,2.9369304,2.8198767
15.433994,16.620857,0.65142494,1.8457594
69.68629,69.700775,0.97049767,0.9833861
16.629004,17.170021,0.76001066,1.3145846
21.580711,17.400455,2.4119432,2.1997774
96.20529,87.74782,0.71282226,1.1329811
21.400303,33.749638,2.805288,2.9036627
21.780842,23.079144,2.506762,2.4591007
5.364354,9.793015,2.4112687,1.8733262
44.19712,41.215134,2.7745523,2.7821407
48.665306,48.28607,1.7657061,1.7368698
73.631256,66.573006,0.69731545,1.5227585
73.43332,76.47713,1.1688472,1.0038458
80.46627,77.90182,2.1895514,2.1830986
70.878586,80.879814,2.385822,2.6078677
44.343914,29.134506,2.9626725,2.4512737
12.490638,7.4718895,0.66023904,1.3442798
13.406962,8.968559,1.0636505,1.6698332
42.92536,41.05433,1.1180869,0.9672369
36.405277,35.745716,1.4773784,1.006736
65.227,56.74051,1.9317601,1.8348057
5.4069266,18.89709,2.5987742,2.59771
32.939606,28.553045,0.5197418,1.0229788
5.0526075,3.0320702,0.6344548,1.5228735
86.64699,91.02403,1.3139303,1.1624165
27.290882,26.802746,1.9321382,1.9556432
59.611324,61.523403,2.7935724,2.7876828
93.48027,95.2876,2.4824665,2.5074196
26.49739,26.679379,1.0597553,1.843903
51.941463,53.826237,2.5608783,2.6002197
76.02925,84.57048,1.3750017,1.1418757
51.411766,48.41982,0.8042951,1.0417864
20.16575,19.9717,0.9228384,1.4698412
85.17885,81.11488,0.7661006,1.0047414
35.4653,32.210785,0.6596462,1.0426235
28.245955,27.563229,2.5211577,2.5083108
58.45261,53.392323,2.7847018,2.6942503
16.542728,16.991146,0.90132934,1.1126603
8.652549,8.124527,0.83493704,1.3484584
99.08533,97.63129,1.6999907,1.6667404
97.60195,97.74849,2.5461414,2.5179224
80.66701,72.87903,0.557455,0.9880762
86.74537,90.44751,1.3885512,1.0812452
85.240486,90.58728,1.3976758,1.0968735
87.32437,85.87071,0.9738938,1.017441
86.044846,85.975784,1.0940554,1.0241264
15.541788,13.822628,2.1385126,2.1039755
41.535027,41.66116,1.6244848,1.2501316
97.070335,82.66899,0.6030807,1.2395676
96.788055,98.4481,2.177606,2.2056375
12.848404,14.15979,1.3849882,1.1261663
98.078865,93.68104,1.0266707,1.2165029
38.81646,37.921486,1.3783004,1.629708
20.566084,18.93471,1.3696282,1.6918626
45.12331,46.830257,2.1438744,2.2178802
6.5334907,12.320358,2.715352,2.8447711
80.286385,82.10101,2.0929272,2.138466
64.7269,67.2618,1.0293717,0.96780366
18.860575,16.996506,2.142883,2.4067616
93.68678,94.61696,1.2989944,1.2643015
77.18363,84.70428,1.5398135,1.0383484
31.519373,30.986368,1.7906073,1.3102703
52.65189,52.6231,2.681147,2.7647562
69.68651,68.73029,2.9808931,2.9507413
50.19201,42.67396,0.50833553,1.0881519
92.65778,93.2061,1.2295742,1.15791
54.14683,58.3948,1.2337339,0.97299373
21.655045,21.511082,0.97824305,1.0835634
18.089418,11.131382,2.7152045,2.7858374
77.92985,78.798645,1.574114,1.0015528
86.36987,92.07054,2.560496,2.7106657
53.072166,57.466118,1.8569684,1.9871253
92.222855,96.396545,1.5309135,1.3805351
97.234604,95.64096,2.178008,2.1762397
50.099052,49.737232,1.070454,1.0278829
10.338372,4.1839104,2.7327359,2.257657
31.51153,33.79972,1.4076746,1.0217212
42.53881,40.99735,2.3915052,2.2992105
11.4923,15.399826,1.53625,1.0954123
69.292725,75.90494,1.9200922,2.0487216
17.205599,8.080894,2.814077,2.3868732
53.676598,50.023773,0.811893,1.0772996
34.640644,38.201992,1.516251,1.0141753
11.042471,10.09684,1.1696489,0.9704764
37.17988,37.278538,2.2783995,2.2880344
36.108917,36.097904,2.696804,2.6398077
46.7611,45.57998,1.002053,0.99535364
69.57512,74.23578,1.5936313,0.96228254
9.915298,6.7265663,2.424584,2.6237836
79.18639,80.28516,0.93598396,0.9763671
79.98496,80.63932,2.280462,2.317043
38.642838,33.32361,2.7397623,2.7172756
38.461323,57.228397,2.5511174,2.7534297
73.09151,75.90538,1.8382723,1.95034
37.168507,31.84489,0.7822469,1.642543
39.978077,34.00543,0.8077982,1.188885
93.96282,95.333954,1.3748702,1.4406868
89.03375,88.47064,2.1452978,2.1689365
82.71067,78.58096,0.81637263,0.997257
60.784756,67.66434,1.2225617,0.9942832
99.13848,97.79199,2.0352921,2.0321634
21.004248,18.48163,2.7086158,2.6943126
69.697815,77.665794,1.4727612,0.9831577
44.702198,46.667824,2.0977566,2.2485664
53.400265,51.054264,0.7574316,0.96702164
42.42645,44.199165,1.9155506,1.7967026
71.995544,71.44834,1.925123,1.8389902
80.61262,86.939606,1.3231727,1.0310941
56.316185,54.739044,2.5120163,2.4974813
86.87144,87.53062,2.943361,2.9281447
43.668472,42.93007,1.8991883,1.973286
91.97988,92.98314,1.3302263,1.1557517
51.128235,51.83832,1.8275435,1.8366762
92.60373,94.89263,2.3409755,2.4406214
9.920914,7.3607407,1.4108797,1.6895978
28.975277,33.920265,1.5968122,1.7663653
91.18384,90.56133,2.389199,2.4229412
76.60587,78.17512,0.7609135,0.9697475
19.621647,15.381832,2.9440386,2.7639246
59.56565,62.674767,2.4967558,2.5591164
40.667805,50.753952,2.5374854,2.7010357
25.690277,27.762587,1.4101777,0.9643629
40.402924,40.532722,1.9796203,1.979946
30.635689,29.586903,1.7993379,1.6689137
82.3855,80.60651,0.8663879,0.97704774
13.854583,21.102259,2.1585836,2.642908
10.871221,10.176102,0.7264727,1.4925554
80.597916,78.14041,1.8952342,1.9310331
34.96593,32.382706,0.8911721,1.074053
38.315536,42.54878,1.4111543,1.0369098
78.641304,72.312584,2.2918603,2.1933413
29.335623,28.784842,1.1669884,1.0014681
15.646983,25.46057,2.454836,2.602403
57.55626,67.5899,1.3350484,1.1097195
8.290054,7.712761,0.8955753,1.6484982
16.504976,16.697704,1.2875872,2.1804838
64.60031,67.719215,2.4802864,2.4489684
45.453953,50.498363,1.6083637,1.6281351
29.200502,27.99904,0.7400862,1.150354
83.30662,86.87637,0.9607053,1.0714017
74.52999,74.12966,1.0333368,0.98048156
8.379347,8.368504,1.128833,1.1819305
93.09851,96.114975,1.863844,1.8511288
7.945641,8.387989,0.6173161,1.4643893
12.5466795,15.470478,1.4698373,1.8883518
71.64248,70.99285,0.88310933,0.98805255
48.95665,50.212082,1.3429688,0.9827632
50.939323,57.97901,2.9053688,2.968
19.176353,20.926432,1.8317375,2.1634033
57.635895,58.79913,1.2307097,0.9787443
71.31395,65.37019,0.7447333,1.5678726
78.38537,81.56348,1.5640799,1.6460268
67.14558,76.47152,1.2701344,0.97505045
32.482212,25.758257,1.9560521,1.93361
87.87724,87.84958,1.95509,1.9656897
65.8483,68.16908,2.7189326,2.7517266
80.044914,90.086044,2.033359,2.129427
87.71048,89.278564,1.9067641,1.930625
46.70888,46.16956,2.2079487,2.1345348
85.49394,85.827545,0.9648723,1.0099487
47.18703,46.3919,2.8457704,2.8272126
29.159533,24.697723,0.5371689,1.4780207
83.52242,79.32951,2.1651826,2.0837085
35.128822,31.903658,2.7860227,2.8953843
98.13307,97.984375,1.423379,1.4640458
70.55395,68.104935,2.4180326,2.3359752
6.1146507,12.304855,2.7675421,2.661189
55.10387,59.95011,2.7546394,2.8542666
74.64335,81.63229,1.329938,0.99312055
52.8671,51.784775,1.7534341,1.1678517
70.53015,70.34634,1.1743175,0.9511008
74.279564,75.78309,2.6838512,2.722209
91.365746,93.01328,1.7012806,1.7265303
83.46355,83.47867,1.7413303,1.7520229
75.0104,84.3371,2.1133955,2.363893
87.374535,78.49608,0.5164643,0.9692072
21.624653,15.920204,0.5505072,1.2552054
45.47103,43.546806,2.16181,2.1316385
92.94975,85.00885,0.66884565,1.0989541
11.150308,5.2593994,2.9944355,2.6583595
93.694,91.79356,2.64897,2.6236398
26.050978,24.540052,0.9301369,0.9983349
0.040583484,0.0,0.9070554,2.432493
37.502018,41.09706,1.49603,1.0710557
60.540867,58.991203,1.7497338,1.7435471
72.18053,80.17776,1.3690896,0.9841032
56.389805,61.296,1.3959109,1.0017722
24.606766,23.585808,1.1222247,0.9963568
31.078537,23.637127,0.56777203,0.9462467
95.77567,94.69841,2.0958076,2.0977178
92.66722,95.90346,2.0943177,2.184024
26.79033,23.411232,1.1656475,2.0017376
92.9604,96.87564,1.4716709,1.4122044
54.353485,52.15989,0.9898202,1.0522363
50.627026,44.738052,0.97879493,1.3788781
28.064545,25.224617,2.6709814,2.8211575
75.02654,74.10618,2.6363218,2.5576637
36.44725,37.108448,1.1215757,1.0092702
65.517296,66.86284,2.5963547,2.6028585
49.213966,55.570316,1.0288988,0.9744351
15.527499,9.568584,2.7742417,2.7353897
90.511215,96.401855,1.4067571,1.3799344
20.71676,19.779215,2.0168734,1.9221332
48.10414,46.066734,2.367615,2.3267102
89.72098,87.78226,0.71972686,1.0544705
34.246567,35.09056,2.7338395,2.8120165
61.53923,56.55238,0.65468276,0.97344023
29.870636,28.508728,2.93762,2.8991966
19.849474,20.257431,1.6434492,1.2779883
40.01267,40.254993,1.1436756,1.0361681
39.87599,45.30452,2.0130336,2.1970892
68.14804,83.79315,2.7010012,2.836644
58.75782,49.514717,0.58201563,1.3348286
57.313507,51.608753,0.59489083,1.0055912
45.433838,44.03312,2.406132,2.3854775
32.34569,36.031,1.7113134,1.656055
69.75115,65.32393,2.0504708,1.928607
72.198944,72.498634,1.1663215,0.9797556
74.935974,74.35124,1.8030176,1.7512362
66.78408,70.380104,1.1793222,0.97424924
16.416094,15.615494,1.7087222,0.9966677
80.7857,81.126526,0.85392755,0.97610134
30.986843,28.126648,0.94210815,1.0413125
32.377934,29.86912,0.8122324,1.1419756
95.22217,94.26889,1.138267,1.2224586
35.64449,42.498928,1.8765799,1.9921908
79.43275,82.102036,2.1331282,2.1937945
90.82479,94.57362,1.4416227,1.25081
67.96832,67.24724,2.141752,2.1439977
0.09309919,4.520668,2.6259735,2.3894176
41.166416,40.942482,1.8856099,1.8796439
57.532726,65.05988,1.5096766,0.9871832
76.643,78.05644,1.7647464,1.7453223
48.27091,48.79968,2.6144834,2.6324182
10.855835,5.7293777,2.9347904,2.6349726
20.404303,15.284466,2.7373762,2.7188172
32.2576,30.721182,2.3907733,2.3762257
83.62048,76.88637,0.5586644,0.97093004
95.208565,94.21181,1.439121,1.4067943
75.91589,75.17789,1.859377,1.8712509
99.722755,97.58837,1.3653688,1.5207062
51.10817,43.547882,2.6470969,2.5232186
35.300213,35.734093,2.8220875,2.83741
64.679405,46.642685,2.963175,2.8337119
25.308077,30.73319,2.060576,2.1754103
52.708645,49.026855,1.9078872,1.9197781
0.5883489,4.426132,2.1106324,2.4305127
10.884972,9.774681,0.58603173,1.4137182
4.9302893,7.201458,1.5122048,2.2426746
73.00374,71.1172,2.1350222,2.0263307
73.26147,74.67561,2.9872015,2.9017372
86.177216,88.2128,2.0206144,2.0473633
25.852613,33.529366,2.6182098,2.822072
23.108784,21.08163,0.8933738,1.6200705
10.421404,12.117729,1.6026614,0.96837866
91.174866,93.634766,1.3310889,1.599817
42.540833,44.873814,1.2956163,1.0324304
69.64154,64.29572,0.73132557,1.0309588
72.14833,68.744225,1.0267981,1.3615633
92.186646,94.579285,1.5865097,1.4567661
39.893356,31.859632,2.987865,2.6589918
92.61101,86.82916,0.81914353,1.075397
65.86219,69.964645,1.2521249,1.351356
89.99088,92.77136,1.4766519,1.6528473
93.23773,90.22693,2.3062534,2.2902985
98.44695,97.01136,1.6142608,1.6147598
19.562674,19.148691,2.1306405,2.2182558
37.921883,35.84425,0.83347124,1.021751
50.193153,47.74413,2.481535,2.686583
66.940735,65.567696,2.2502444,2.2509615
71.63118,65.567764,2.5872474,2.473605
33.80123,33.33687,2.1451635,2.1384923
29.760534,29.455168,0.8579224,1.0288279
21.5868,18.678354,0.6666244,1.0562449
8.885474,7.1567497,2.1790223,2.127932
93.02869,83.341354,0.52399874,1.0301803
19.548367,17.231495,1.0776837,1.1244879
45.146816,49.628456,2.8372593,2.8976445
43.316765,44.213097,2.7002141,2.4297907
11.377194,11.397404,1.4878435,1.8234742
18.065327,13.067444,2.6752677,2.3690848
53.02416,49.988693,2.704679,2.602346
40.11128,49.68473,2.5228739,2.8045182
90.05539,93.46391,1.3984485,1.1944602
40.280727,35.15532,2.882543,2.8108869
84.34086,80.116974,2.466757,2.3956273
20.077408,21.542978,1.4002287,1.0027376
10.350666,17.434902,1.7549224,2.090133
80.57748,77.90773,0.7911234,0.98224807
62.51977,64.69777,2.1187646,2.1225214
75.71331,68.30789,2.3767097,2.323847
97.19134,95.44928,1.3589466,1.4476998
60.17872,52.71177,0.57953376,1.0638578
32.505203,33.519707,1.528397,1.881761
83.992714,73.95883,0.7234323,1.1743791
81.40259,74.184944,0.5030917,0.9736747
90.56292,87.55864,1.866745,1.8124919
72.36645,63.89708,0.517145,0.99402255
26.071934,31.012897,2.1343684,2.2823062
73.70092,78.928154,1.6892033,1.5482931
62.22077,62.350655,1.9454188,1.9572291
62.163765,69.76383,1.5876771,1.1733475
93.34703,94.34891,1.8088553,1.7806844
69.16598,80.58484,1.522578,1.1894561
15.761592,17.334633,1.3998435,1.0493401
20.396105,18.181267,1.8942021,1.8076944
57.530464,55.42407,1.0585288,1.3787328
95.80644,94.75279,2.21546,2.20506
11.342929,10.912884,0.686464,2.3827755
24.560863,22.899729,2.4157872,2.3660283
61.830338,60.358543,2.9211278,2.887239
16.379807,18.269396,2.4673216,2.4684305
49.39663,49.788307,2.5017729,2.5254607
89.51117,88.85682,2.2714353,2.2686424
93.2747,91.54275,2.3613126,2.342764
42.910362,37.552113,0.7467008,0.9713752
90.71909,92.800156,1.6170236,1.5343249
88.79444,85.48801,0.8432444,1.2675875
7.712587,4.2967987,2.445666,2.2204664
66.92988,71.56059,2.096882,2.1042647
41.638496,44.543373,1.5795208,1.099297
72.61626,77.86153,1.3373998,0.9628943
37.13938,38.692917,1.6870258,1.7720585
77.4356,80.6861,1.6374104,1.5189217
58.32826,57.07698,1.8564658,1.8407841
22.088634,22.387684,1.799978,1.9315873
45.892635,48.91234,1.6646905,0.9789567
77.84276,79.54707,2.9027827,2.8136764
69.66515,72.572014,2.1423106,2.1118267
41.191956,45.433247,1.3548063,0.99435407
22.653751,22.488281,0.9640488,1.0275832
59.809734,60.797073,1.7140568,1.5839398
34.230972,30.958492,0.6012485,1.2211449
31.316288,30.053453,2.9013708,2.886531
68.049126,60.068604,0.6584765,0.98612416
64.77105,56.812817,2.3513021,2.2509725
88.78212,86.85823,2.459276,2.4685974
90.33463,82.98085,0.80405396,1.6030495
90.77988,74.76487,0.59843725,1.4138088
31.668985,35.378914,1.2970629,1.6474493
91.01593,92.65068,1.9961385,2.0052211
88.2342,89.41675,2.7305157,2.749617
57.051884,60.322746,1.3606291,1.0293074
85.48761,83.30177,0.7722557,0.98414916
85.48627,90.630104,1.5978062,1.167836
55.90985,49.390312,0.60187125,1.0199897
7.4960766,10.179913,0.9480218,2.3259094
29.264505,28.689169,1.3915954,0.99472916
9.29218,11.723267,2.0196643,2.813715
39.410866,39.899258,2.5752528,2.6186202
70.11965,63.278954,0.7148943,1.3805096
62.26243,71.31534,2.0053742,2.0761926
80.81475,72.671906,2.272466,2.288663
14.093804,14.160038,2.447893,2.724778
36.355972,35.02588,2.0862076,2.1359336
35.433186,34.397423,1.7796743,1.3342475
30.369978,27.05458,0.60099226,1.0007489
84.436966,92.798615,1.3854793,1.1446289
99.774414,92.79576,0.76297325,1.2221681
36.712322,36.745316,1.1911262,1.1375806
12.389809,14.7086525,2.206473,2.5750663
43.219112,43.830547,2.0871496,2.0932844
39.550728,30.933556,2.646215,2.486937
35.194412,31.745247,1.3306195,0.9604367
37.75997,37.239025,2.093172,2.0388849
38.377342,35.661972,2.8296545,2.742358
38.499897,36.169647,0.9505552,1.051344
69.39588,71.604485,2.8606803,2.9243798
86.48063,92.18747,1.3573391,1.1266534
3.0276482,17.54197,0.74752647,2.5712452
54.750362,54.698128,1.8636514,1.9305371
11.785051,9.444874,0.50101006,1.0731463
33.88137,42.11219,2.7805488,2.8420537
53.026115,47.509926,1.9889303,1.9496915
65.30177,58.77798,2.5269172,2.4499075
86.94987,84.42328,2.0250642,1.9301528
66.93508,65.59637,0.74253845,0.98287624
52.93985,49.92801,0.79947245,1.0137422
3.975946,9.718666,0.5777414,2.4096365
58.892136,60.544415,2.9489,2.9238706
59.606583,59.93341,1.0126237,0.9899251
77.28975,86.36224,1.4207083,1.1654756
83.424675,76.94626,0.7079753,1.0175288
19.0289,17.538818,0.8338329,1.0970986
28.84857,24.13394,2.8419597,2.7550547
10.179165,9.5643425,0.87474734,1.2942239
23.415895,25.154224,1.4716609,1.0240669
10.48119,15.764023,0.7697937,1.1646271
95.65608,91.82994,0.97523075,1.1331978
57.888096,61.30078,2.470267,2.2679176
49.31167,48.15068,1.1026517,0.97419125
93.44195,87.65851,0.72030854,1.0978563
75.454124,75.98424,2.6893575,2.6400743
49.81849,54.44146,1.6519581,1.424115
67.33138,77.75993,2.770106,2.8194785
59.039154,67.70664,2.8769743,2.924951
45.701183,48.01833,1.858181,1.8845164
64.94572,65.096535,2.2707944,2.2750344
90.324196,85.58127,0.61747634,1.0334725
93.90996,86.926506,0.7937269,1.1309671
54.769432,50.16863,0.67413926,0.99888444
32.24464,33.32016,2.16438,2.1922839
94.43239,93.991425,1.8254151,1.81463
55.201103,61.2211,2.533135,2.526483
26.389372,24.410212,2.4447467,2.4457934
42.724606,44.24036,2.5377274,2.5615134
69.485016,80.93354,2.1475937,2.221266
64.605965,67.14879,1.666644,1.8268499
3.2923577,13.492195,0.5983674,2.73622
68.001396,64.37012,2.409043,2.5652373
79.67174,80.775375,2.2014525,2.1973512
61.0467,60.312477,1.8003771,1.8169383
39.690903,40.592537,2.4132926,2.428613
62.797207,57.67052,2.672865,2.6442657
49.89324,60.88419,1.5208318,1.6538004
5.6211777,11.319862,1.9570723,2.544466
10.977442,19.137394,2.420437,2.3964977
19.06929,18.194366,1.9617004,1.9461017
13.374149,13.171867,0.5822612,1.2082171
27.155428,27.535862,1.0025396,1.0048937
30.770947,34.645855,1.4406065,0.9472192
59.19231,52.173004,0.6414814,1.0220003
28.826511,32.498985,1.0437155,2.055254
44.685875,53.137596,2.4804332,2.8036933
75.74996,70.472305,2.7005994,2.5947118
71.76594,71.48859,2.013239,2.001903
46.199394,45.64874,1.9475107,1.914471
4.4294977,11.809616,2.452042,2.7500038
74.020615,68.18974,2.1362464,1.9791056
43.533344,40.00022,1.0403465,1.0022297
70.49247,72.929146,2.0292418,1.8205867
58.195786,59.770683,2.0509002,2.0807428
65.35595,60.14084,1.6228412,1.0981476
92.6304,91.80516,2.4166777,2.4182353
69.598755,77.794914,1.485922,1.0034652
34.4717,29.089525,0.6636489,1.1106379
46.84945,50.239666,1.4610686,1.0305736
51.75013,57.779057,1.3439511,1.0703456
79.03939,83.76816,1.6027594,1.0267786
47.10581,47.243378,1.0407897,1.0373785
64.70189,67.754845,2.5638745,2.539455
97.572876,96.71039,2.3430097,2.3675709
73.32196,68.67313,0.57176214,0.9649605
87.224754,88.75992,1.6240308,1.6618797
64.5616,62.089844,0.96428955,1.0606818
62.396255,56.64982,2.906006,2.8009555
89.6724,84.17473,0.6974535,0.9918577
40.919834,52.260685,2.7971933,2.9433992
77.0246,74.8253,2.7493796,2.7279115
20.637613,16.365448,1.9887428,1.9794341
65.724525,67.905106,1.9337765,1.8894303
23.888653,17.064758,2.7428281,2.580002
64.762405,65.46652,2.7691422,2.7477553
14.041336,13.339134,2.095651,2.1789248
78.80989,80.84805,1.6629374,1.6361494
56.36596,61.177177,1.3590317,0.99384
98.559425,95.77236,2.9845583,2.9939914
87.67885,87.827774,1.7360401,1.7398238
92.66246,90.96243,0.94618815,1.1253144
41.541714,43.30675,1.2656912,1.0352962
42.968716,42.577614,2.6607838,2.6822498
43.43043,40.287422,0.7526665,1.0199747
18.614815,15.923672,2.4475641,2.1906123
99.427864,88.992874,0.8738109,1.2746179
36.225338,35.450397,1.2603065,1.7797241
38.256073,42.17823,1.4977747,1.0190222
12.480876,10.21347,1.9704866,2.2341793
92.45112,90.467186,2.593051,2.5602548
20.422014,28.024952,2.790988,2.9002507
68.09417,67.15956,2.6460927,2.6112652
70.61752,74.989716,1.6175735,1.4090259
6.0456,4.7609634,0.50461406,1.0083857
49.907555,55.171608,1.3579793,0.9692006
2.5974195,1.46521,1.3838614,1.1383617
44.817123,54.360767,2.1194837,2.4748206
4.306005,11.092125,1.7559408,1.4940288
41.772705,43.02921,1.4098686,0.9981561
79.173836,78.67732,0.8099839,0.9739019
72.572266,73.19948,1.6858648,1.6519911
63.916565,62.56649,2.9861333,2.9222126
49.10424,39.28984,0.78982574,0.96063536
11.035409,9.07811,2.5572298,2.5510917
58.43285,63.18271,1.3126366,0.98046094
73.88144,77.85747,1.7201805,1.7360953
52.182907,58.029602,1.1063997,0.9914058
90.655334,79.564026,2.4696612,2.3514159
86.28059,85.356415,2.0406272,2.0004342
8.344342,14.243992,2.7405605,2.2866473
75.223404,72.63214,2.8591228,2.872511
66.507385,63.6432,2.321393,2.2629116
99.61357,88.39319,0.52235854,1.0329945
50.634716,50.363888,2.310107,2.2305748
99.48666,95.6118,1.2131516,1.4045391
71.445435,76.284584,1.333617,0.9678365
67.88273,68.77481,2.0498064,2.0780408
65.86468,61.242702,0.68668014,0.99687797
11.76461,18.326658,2.00607,2.443827
53.71672,57.626472,1.6792897,1.8071891
34.546078,32.88285,0.89463234,1.0530651
42.971577,43.981754,2.4252627,2.461475
94.96688,95.76611,1.0446751,1.3079091
71.81856,66.97832,2.8855546,2.8892336
99.35209,96.68782,1.9334893,1.9434161
79.24339,83.30681,2.0900836,2.180468
17.891855,8.962917,2.6475701,2.076758
67.375496,69.182144,1.0157506,1.0637062
67.538155,66.24592,2.7355783,2.7252033
64.05293,62.438366,2.3017547,2.2692642
6.0548086,10.93578,2.8330686,1.2008779
62.371403,56.90182,2.465264,2.3832152
18.738205,16.42986,0.60127455,0.8985979
87.30773,87.10809,2.1553757,2.1650522
70.96417,65.229324,0.8751551,1.0266979
79.2168,79.185295,2.6666973,2.6628852
40.61466,36.765263,1.0906711,1.0124913
42.04244,42.366848,2.8698022,2.875669
38.018295,41.014687,1.4631647,1.3524376
28.62434,24.210863,0.79421777,1.2639956
5.299621,4.604492,1.2422531,1.2675753
17.990091,16.15207,0.58854765,1.0990958
74.39968,81.80336,1.2740821,0.9899838
68.07926,76.10856,1.5860535,1.2085207
49.47282,49.908234,2.6579916,2.6405506
6.5214267,9.20948,0.953472,2.4403548
64.75997,69.982254,1.3078874,0.98891413
25.385628,29.739122,1.6999451,2.0602283
27.790863,36.866966,2.8481476,2.966948
53.17341,53.31943,2.9032702,2.906794
19.557245,21.079704,1.2847557,1.034894
9.494133,19.586695,2.611914,2.8585868
82.20533,81.41092,2.4737043,2.5358987
62.18779,61.190548,1.0181946,0.97702515
40.907394,40.98702,1.918127,1.9141909
56.767242,60.610077,1.3080653,0.99433666
41.334183,41.176025,1.7595836,1.7306372
27.490532,29.339403,1.1600562,0.9450864
4.9619203,7.6782684,1.7492539,2.6776042
23.620163,21.675556,2.077091,2.0019116
7.188963,5.4820747,1.0631334,1.4862651
21.496807,20.289248,0.93371415,1.0208654
74.47807,77.52954,1.124463,1.005661
88.64228,92.32507,1.5268776,1.304838
27.568697,27.332464,1.9171792,1.9360654
74.161316,73.5306,1.8650421,1.8767173
60.341057,66.11922,2.92239,2.9646544
7.823578,10.067913,2.4881256,2.5795922
67.59153,65.4034,2.874314,2.8948946
88.39225,89.29373,1.0801617,1.074151
26.557783,23.066465,0.9669719,1.1967471
41.541973,41.95597,1.6559659,1.6750396
41.17818,37.92023,2.0984488,2.1400208
54.150513,54.176624,2.1384745,2.1123877
86.030174,85.436935,2.421123,2.4223752
27.311619,28.586668,1.1176276,1.3558258
47.66796,48.17425,1.6627674,1.2490798
19.369741,13.56805,2.0651243,2.0254655
94.40708,93.407005,2.58068,2.5830953
34.156754,33.949944,2.7289183,2.7296395
95.54311,95.29647,2.7357218,2.7551756
75.920074,73.48042,2.7065434,2.648565
18.380163,19.15688,1.2735881,1.8657368
84.63369,91.33812,1.4451392,1.1248355
2.275655,5.2434425,1.031943,1.9530607
6.845008,14.690495,1.8701516,2.796347
76.25646,88.64926,1.4218197,1.0386875
37.4538,40.77876,2.690184,2.6331084
10.114531,8.953316,1.8750246,1.8216025
16.01141,20.494463,1.4246172,1.9168172
75.291916,78.36675,0.8785904,0.97042656
72.236244,78.33469,1.369315,0.9688199
66.51678,71.2985,2.5811517,2.525285
