true_cbf,pred_cbf,true_att,pred_att
1.1564991,6.128376,1.6202266,2.1776521
73.55399,75.749374,1.8552415,1.8931231
59.37541,65.27699,2.4530916,2.4400916
61.17423,55.81771,0.72118753,1.0098202
2.896089,0.9258499,2.7908807,1.8895714
11.967427,7.1350937,2.597155,2.1657834
94.41376,96.20491,1.9351194,1.947396
83.955055,87.70114,2.3883455,2.4380977
28.165813,25.341232,1.0239103,1.0727825
54.907738,58.86006,1.3870697,1.0069047
52.51123,54.05005,0.75166035,0.9877692
93.25665,92.79664,2.6132135,2.5441122
9.6157675,8.061634,2.0584385,2.0470555
87.826935,93.119446,1.2999678,1.206115
20.596333,23.470152,2.449647,2.2663631
30.734447,30.005392,1.7288402,1.6160041
93.967705,94.62903,2.3831615,2.3321996
56.268063,57.969624,1.9631112,2.051131
2.9409993,6.7094994,2.9450214,1.3945965
93.07967,94.29101,1.3127618,1.2380748
72.52924,66.420784,2.1163487,1.9338031
81.54141,87.09413,2.0207484,2.0580552
5.832674,4.812336,2.5024107,2.7017486
26.003447,22.412384,0.5084481,1.0988469
36.687057,37.70893,1.9460654,1.9141343
78.19421,78.81811,2.2366908,2.2399557
4.183142,8.486912,2.008609,1.5343174
92.73199,88.20201,0.71251863,1.0568242
19.872602,20.28757,1.7840109,2.0345936
88.32245,93.310104,2.5005498,2.5370898
16.298937,13.643341,1.9988707,2.206076
23.794207,23.813173,1.1561805,1.4237436
75.760796,77.674774,0.8717549,1.0231456
72.34029,76.10774,2.2822287,2.3022876
80.43078,88.35805,1.4367347,1.2372231
25.74639,24.834396,2.2506866,2.2469149
79.96995,85.18129,1.608909,1.4155883
36.19346,33.52967,1.0336478,1.0406177
81.76641,82.70177,2.2949588,2.295848
82.41607,81.830894,0.9795279,1.0272367
94.90578,92.88783,1.3379858,1.3663248
10.267626,16.077827,1.6781133,1.2506628
9.773277,5.3313293,0.88601375,1.7510469
98.06707,91.83185,1.047137,1.3468137
93.66888,90.14961,0.9650566,1.142975
43.50308,41.345207,0.94105285,0.9927452
84.11336,90.78845,2.578543,2.599999
96.390114,90.36496,0.7712285,1.1261072
28.919245,29.846842,1.4375579,1.0707202
89.746284,90.4034,1.0610763,1.09576
13.314322,12.428875,1.917766,1.9242014
67.4617,68.31323,2.7800944,2.7912004
19.393707,22.70503,2.0442998,1.7092731
66.01165,65.94707,2.2085917,2.1603215
42.921432,39.523087,2.877579,2.827191
10.753798,7.574314,2.6335385,1.8268846
53.179943,53.776245,2.4442198,2.454671
10.654949,10.072865,1.0652405,1.2197065
83.121124,81.67987,2.9613404,2.9249773
80.81221,83.88841,2.57672,2.5796943
52.94199,53.495693,1.9591739,1.9655424
64.50952,66.60422,1.7179115,1.5387563
42.6538,36.84305,0.7855216,1.0038009
73.905594,67.43172,1.9688736,1.9501114
26.968044,23.806133,0.6750607,1.1050847
4.9019513,3.822052,0.84778094,1.040937
96.17719,97.74689,1.4975691,1.472454
10.678392,20.546713,1.7423776,2.35915
85.431656,91.55528,1.4966351,1.6340224
93.87466,95.06389,2.5914419,2.5747592
85.39487,85.79598,2.5644042,2.547559
87.09184,92.78644,2.903043,2.9053278
51.750446,52.021564,1.4583015,0.994007
41.52793,35.329678,0.8216476,1.1503403
21.559685,20.073597,2.2186258,2.2912989
52.85416,47.055283,0.5261534,1.0384774
71.79351,72.982956,1.7490262,1.7084001
75.848175,70.730095,0.50871724,1.0117424
76.64305,81.33293,2.5520117,2.614209
43.862003,44.104713,2.732912,2.754476
87.89865,87.57917,1.7186291,1.7498298
51.139427,52.233223,2.2556686,2.2834892
87.80268,92.45073,2.7322395,2.7758446
66.777115,69.39745,2.5468173,2.394468
31.383514,28.15909,0.80339783,1.0582904
45.48025,40.36937,0.7706972,1.1242127
50.65087,51.390396,2.7582147,2.6819458
54.00662,57.88749,2.9019563,2.9042804
97.457504,100.0,2.198091,2.3106582
96.179985,98.588486,1.2926443,1.492522
86.607635,87.95099,1.7825813,1.792496
24.007154,30.057856,1.9396844,2.018017
36.196495,39.662178,2.521017,2.6510482
17.858456,15.399445,0.91560555,1.1512749
94.235535,96.726,1.4524446,1.3574407
87.82389,88.24921,1.8413343,1.7968041
50.918068,55.977097,2.4317653,2.8152127
23.185133,22.193588,2.0412405,2.01283
67.71025,69.14074,1.0952113,0.9943229
29.828793,31.399672,1.585529,1.5561068
15.486176,7.596306,2.189249,1.8904955
80.0271,87.38374,1.4975317,1.1117456
80.3338,86.21217,1.2777627,1.048098
31.30297,27.854658,1.0733961,1.0930462
59.766438,61.446182,1.7203653,1.6280277
60.598904,57.24708,1.85352,1.7747319
68.20124,63.4722,2.2613087,2.136891
18.497128,16.139175,2.5378468,2.5249603
6.198287,11.286247,2.6421251,2.8422613
16.234707,15.354328,1.203302,1.0838132
83.95667,81.192604,0.67285305,1.0739745
27.651884,28.005163,1.6691895,1.2646861
6.6064234,5.2942734,0.7079763,1.0336611
88.26891,94.362335,1.3406334,1.2570114
19.214762,10.780048,2.9214606,2.722835
92.97417,94.40172,2.0588186,2.042421
48.97667,41.29681,0.69477975,1.0010353
74.25128,73.66152,0.89881414,0.9976296
73.679955,74.31668,2.877337,2.9357297
74.92188,76.84402,2.5918376,2.5962486
5.8864717,5.273098,1.5937406,1.2633537
57.17945,57.47777,2.6138606,2.6169882
75.89088,84.55502,1.4387186,1.034823
21.787157,19.717958,1.6935046,1.2367853
28.062372,28.600542,0.72561723,2.2362401
19.05794,19.582714,1.8127728,1.9425275
20.467367,27.758663,1.3516262,1.668102
71.867714,82.824394,1.4596211,1.0270162
77.11243,78.12413,2.3077428,2.3510687
48.988987,38.54251,2.991315,2.7076988
74.95481,76.565216,0.78760993,0.9737405
77.66248,75.06882,0.7620501,1.0038667
81.143166,78.62416,2.1678572,2.123167
83.62321,92.03232,1.4916635,1.1635957
24.813566,23.903997,0.87630737,1.5307956
42.129578,42.519016,1.1272639,1.0440677
58.21199,60.589912,1.8145651,1.8687567
7.244636,5.108448,0.5297368,1.0365133
20.755894,20.454245,1.699605,1.5088761
71.235664,71.387245,1.8600869,1.8631184
58.932606,58.959297,2.074932,2.1052303
48.64652,50.931564,1.7233429,1.7758305
95.586685,98.68364,2.4957554,2.55267
25.529839,25.689419,1.1126027,1.1242287
16.473595,20.97834,1.7521595,2.0345826
60.799477,63.2099,2.9374795,2.8801389
62.803734,55.884296,0.6127997,1.5435889
36.444733,32.495453,0.7952227,1.0248823
68.15133,69.82245,2.8110275,2.8320494
89.824745,91.90776,1.2587554,1.2871029
5.7149153,4.143448,2.8148024,2.7655265
52.496967,57.34088,1.6615473,1.1026527
51.729286,54.779903,1.8158448,1.8957529
73.68811,79.0149,1.1989939,1.0055513
0.37860036,3.8843842,2.8565218,1.971383
69.924515,72.19159,1.7320733,1.7289542
21.389,21.950123,1.2809556,1.1573261
59.285023,65.23671,1.0967926,0.9998432
53.401157,49.66,0.8545707,1.0440352
45.134987,40.918556,0.6919237,1.0276272
75.36082,89.47025,2.5386343,2.6718934
30.645334,38.742714,1.4315745,1.0788461
73.42469,66.26515,0.6152476,0.97947156
42.129105,44.974045,2.0069952,2.1813638
16.500195,14.893398,1.4893175,1.030775
4.5026264,5.391655,1.1380187,1.2062218
13.197831,10.37537,2.830591,2.8037853
9.940635,13.473465,1.8106835,1.8509812
85.646965,92.46359,1.2094373,1.1363866
21.466055,19.674112,1.5355095,1.0599738
36.582764,30.005556,0.6558944,1.026978
87.00906,89.62016,2.5563083,2.5605385
92.320885,92.425804,2.8222759,2.8168695
1.0683336,6.7485237,2.1655972,2.271526
4.7318144,2.0961647,2.610673,1.9471333
62.23796,62.283234,2.0206876,2.0285466
94.51771,94.70062,1.2179434,1.2714071
26.531357,25.462708,2.2754948,2.2547727
45.621315,37.725285,2.7508943,2.5144024
96.15268,87.33077,0.60001117,1.0505605
79.6112,68.15715,0.6562438,1.7284087
10.250744,12.554516,0.81260383,1.3753983
77.46681,75.78422,2.370797,2.3174329
92.16413,95.393906,2.2701824,2.268568
95.16798,98.50465,2.4957972,2.5595422
9.682482,13.269871,0.5078425,1.3616191
10.883847,14.454552,1.0071524,1.4954191
29.964195,37.036713,2.320295,2.4173214
74.73112,76.88058,1.8486928,1.8485537
69.37862,70.25963,2.594845,2.652328
75.42966,80.541985,1.6106777,1.6276485
91.64866,91.963455,1.1819955,1.1278629
82.48093,83.45447,2.834479,2.8310184
51.386757,45.14578,0.5783402,1.0202831
91.08684,93.99054,2.135118,2.1932018
53.948864,57.282875,1.5302513,1.0216887
13.01172,16.123943,0.68810606,1.0255916
10.967068,9.158936,1.8235737,1.1499547
36.677444,34.477676,2.5644033,2.573888
55.017937,51.537426,2.3942566,2.316334
58.975094,58.614998,1.8856683,1.9044001
97.31558,94.85161,1.240858,1.2855942
21.018044,16.58379,0.645953,1.6657584
56.76434,57.464672,1.9380455,1.9804739
70.00593,74.245316,2.0209098,2.01447
16.533228,12.3811035,1.3000058,1.9783783
15.364513,11.26852,2.1091487,2.0102537
66.98171,70.52428,2.2297869,2.310925
41.7859,38.372356,0.7936103,1.0133047
91.252464,89.74477,2.6256666,2.5514202
73.01671,77.95219,2.4017234,2.5500188
91.67075,94.303894,1.6434519,1.4903947
7.997511,6.566883,2.8552823,2.7874901
26.295673,25.630991,2.5856087,2.6096063
33.348286,30.558474,1.8730717,1.8721603
23.647375,23.704075,1.0697732,1.904453
27.078426,30.628025,2.4656172,2.5977488
92.481674,90.44424,2.063777,1.9649072
26.680752,26.784666,2.059348,2.0568733
46.641598,37.55682,2.8350127,2.712773
6.443882,8.612518,1.4178624,1.5368514
62.824577,68.42303,0.921603,0.99369806
50.77855,49.07151,2.5394015,2.524674
75.01011,74.48224,2.4027655,2.3845701
45.63601,50.44954,2.2026606,2.2031474
26.275778,28.726767,1.5621272,1.0424263
44.214016,46.717396,2.85087,2.8169174
51.426327,57.639523,2.512057,2.4878883
63.49664,67.47957,1.3973517,1.047621
96.865234,95.219246,1.7229548,1.6694114
34.35354,35.079338,0.8725081,1.1249595
87.67442,86.79591,2.7831955,2.7916946
97.610275,92.68956,0.90224105,1.180126
47.6394,47.104317,1.791494,1.8379216
80.68792,85.37109,1.9019023,1.9858643
36.091522,36.497334,2.152435,2.1287596
47.15958,48.961834,1.3104767,1.023794
68.30726,71.87609,1.2070272,0.97747344
12.534798,8.834389,1.9251162,2.2216415
48.063995,44.509167,2.470701,2.4420452
92.881035,93.57364,2.9782584,2.9817235
75.182655,73.943275,1.8926662,1.8899715
21.396154,10.538033,1.8698196,1.2425807
0.9991323,0.25357437,1.0303571,1.6257753
17.969002,21.459969,1.8679088,1.9129922
36.77564,33.437748,0.8240281,1.0480905
45.103935,35.61541,0.6007624,1.0537697
35.126373,40.877148,2.4738994,2.6058047
85.04482,90.342285,1.471882,1.6025329
34.783398,35.613663,1.3278381,1.0478048
76.79357,72.94387,2.9327068,2.882567
67.17524,63.25335,0.6866307,0.97441703
48.720398,46.36303,1.843502,1.8897119
2.6100123,1.6895523,1.2016453,1.8203539
11.277007,10.9688,1.832968,1.6618074
13.347136,9.422165,2.6565845,2.5723474
82.50369,84.35335,0.97071266,1.0150304
71.31824,72.68703,1.6536545,1.586936
14.837451,15.652138,2.1351995,2.0662177
32.20521,19.991814,2.9286873,2.510312
0.9898234,4.727848,1.0913408,1.4869914
94.26573,95.81888,2.9255724,2.9423547
41.983185,40.47087,2.288504,2.2717187
99.26657,99.454,1.6077456,1.6251519
34.27042,32.30777,2.136644,1.9710464
54.18697,53.6173,1.8232731,1.8258756
2.8524575,6.207741,1.4256614,1.3441428
14.902584,16.4122,2.1743457,1.8282673
38.81034,38.3587,2.131884,1.9078338
56.213005,54.47493,1.9697005,1.9502988
34.72839,32.28222,1.2107751,1.012723
60.353844,60.92768,1.0696914,1.0089145
31.813677,31.324888,2.507702,2.5691233
71.04074,75.38516,2.1006713,2.131154
23.603062,23.624777,1.2355934,1.221987
26.200209,16.303486,2.9700186,2.891141
35.587025,19.709051,2.3699899,1.2306807
85.66999,86.98584,2.2344484,2.240026
68.02753,67.15404,2.4001672,2.3035102
37.244595,48.542713,1.2397777,1.0123647
8.330697,4.662174,0.97058904,1.4707575
80.55401,90.4297,1.5081878,1.1478542
49.993114,40.926647,0.60427856,1.0394936
51.343403,52.854992,1.6913912,1.7024873
0.53719044,4.888565,1.2089454,2.117974
16.188526,20.937916,0.6838234,2.452633
90.27898,87.87923,2.118576,2.0763762
52.414627,50.651512,0.7849789,0.98457843
29.643051,27.62181,1.570397,1.1004094
68.11347,76.094864,1.5156368,1.0635531
94.5656,96.63826,1.5756285,1.4856385
18.879974,13.844566,2.1575756,1.2618184
59.641132,60.883827,1.6878767,1.6603855
76.239365,78.34897,2.4939644,2.5108867
20.071867,16.875244,0.80804837,1.0088296
16.406254,18.683144,1.6422614,1.0886483
30.849749,34.43168,1.3665671,1.0496621
54.7618,67.92424,2.5889604,2.782577
69.19627,67.33549,2.7730196,2.6553802
36.644382,36.432434,1.1907445,1.0644546
58.946644,58.800133,1.6277851,1.6680446
34.992508,29.985332,0.78549093,1.0167212
86.72653,89.83393,1.1630033,1.0906551
94.50352,97.15082,2.9267993,2.903257
80.74446,85.08482,2.7552917,2.7956212
8.3077135,6.940098,2.4649384,2.5686307
96.81853,98.338,2.462615,2.4744992
41.219883,52.432808,2.9006248,2.9705048
20.168884,22.114004,1.5298887,1.0500875
2.7278476,1.3031578,2.3447018,1.6641374
43.597004,52.419243,2.2957873,2.4576783
66.52635,68.19984,2.2012153,2.2038739
26.282547,15.703651,0.90457743,1.5981678
31.646168,29.774664,1.1140543,1.0529191
3.66453,14.433853,1.3001022,2.433875
71.49353,69.10736,1.7293471,1.735865
57.2579,53.6722,2.1813252,2.126206
88.70292,89.569214,1.9107451,1.9150198
10.441482,6.815933,2.3194163,2.299967
16.624386,25.57392,1.5999205,1.9897014
61.225662,65.509895,2.0305748,1.9896457
9.403685,6.079056,2.9946153,1.4279329
29.849754,28.916935,1.7483562,1.663118
54.219025,52.34571,1.0664129,1.0008469
92.11451,92.434875,1.0422839,1.3262221
88.15794,96.83479,2.4959714,2.524484
34.195976,29.19744,2.660874,2.5698063
53.473534,54.426723,1.3532126,1.012345
39.103436,38.28518,2.183093,2.1300993
31.295784,39.681366,1.9204273,2.116563
43.294704,43.075787,1.716691,1.6571034
15.526379,6.919075,2.6693459,2.181756
54.32555,51.322735,1.918501,1.9496589
27.328043,28.419588,0.5434654,1.0234344
34.88353,37.10595,1.5117004,1.0262444
7.921836,6.333782,2.4824452,2.1307492
14.222381,10.0758095,2.6940722,1.3391533
77.836716,79.748695,2.2375038,2.379661
97.59194,98.08885,2.0976372,2.103656
47.170647,60.896046,2.6569307,2.729248
34.956234,27.161766,2.6587348,2.437181
37.494713,36.5346,1.311051,1.0346854
21.431366,18.619482,0.60275275,1.0358332
32.088455,33.793175,1.2285872,1.0260892
0.72792786,3.924137,2.4249191,2.2620888
72.92871,64.23227,2.9608853,2.87574
14.688405,18.944185,1.5949117,1.1260087
68.10662,65.74532,0.8883184,0.9868604
5.509812,2.0181236,2.616904,1.3813174
73.95746,79.60553,1.2724633,1.0026294
55.68685,67.24843,2.5153131,2.5718808
33.381668,33.061943,2.4956334,2.459211
70.00829,71.14872,2.3222022,2.331626
31.10259,41.1526,1.6346956,2.0205069
57.87446,56.609173,1.0867163,1.1717361
20.797222,20.545137,1.2871482,1.033709
83.61673,85.242,1.9586416,1.8712955
38.185196,42.029778,1.5436864,1.022071
89.97632,95.77397,1.4398214,1.3279703
0.24846457,2.4155655,1.7169392,2.3684828
36.407196,38.78907,1.517993,1.0019096
89.93218,91.57593,1.1401181,1.258821
36.953632,38.75431,1.3111329,1.0421913
52.72591,57.629295,1.5442994,1.0164276
39.646202,34.468388,0.7327398,1.0368685
3.743795,6.70232,1.6591842,1.9259425
77.55346,86.40958,1.4732057,1.0558109
59.65764,59.219215,2.844626,2.7821121
73.728874,72.81179,0.8918954,0.9919828
96.45748,89.32745,0.6095304,1.1028516
87.810165,85.33003,2.179066,2.1689553
22.606218,20.163097,2.3693159,2.5084813
67.77426,67.76664,1.8797263,1.8881596
18.882767,20.168333,1.1990023,1.054218
76.3489,76.80722,2.2482507,2.2496157
44.157696,43.30864,1.7202333,1.6688915
63.366196,56.794064,0.60792273,1.0488465
5.702939,7.634529,2.1501565,1.2711949
16.143417,9.424965,2.715821,2.2760909
88.58686,93.04379,2.4785285,2.4825854
96.30836,95.47681,1.5179954,1.3211291
19.336052,18.159546,1.8381727,1.3716702
75.833046,78.1893,1.7609043,1.6228837
92.327095,98.07338,2.2312775,2.2839398
81.396,83.564255,2.585157,2.5814836
91.656204,93.52472,1.7990589,1.8030276
63.52174,59.14158,0.7015235,1.0420907
88.94477,91.41493,2.8987646,2.900765
55.35255,61.525185,1.6329079,1.5735327
95.8466,94.16367,1.0498403,1.2172241
85.562164,86.94121,2.1074836,2.1105611
72.01107,69.21408,2.433245,2.3739882
1.5845952,2.1071205,1.1353033,1.5013394
49.989403,45.757896,0.7183361,1.030409
33.13979,35.078632,2.9173245,3.0
33.249485,29.103987,1.9587662,1.8397574
93.93951,95.86961,2.5446599,2.5566206
9.004101,9.739925,2.1312137,1.6527425
2.6163087,14.007652,0.9818977,2.5612712
90.5867,92.16872,2.3159468,2.325916
90.09996,83.721725,0.81380653,1.2254443
76.25215,83.23105,2.8002508,2.8775122
9.514802,10.260796,2.5553472,2.684183
9.599992,2.6139565,2.7663808,2.385309
33.24642,34.2735,2.1281703,2.0872324
56.664154,55.623695,2.9842873,2.9411154
7.121491,15.481449,0.8240011,2.6614394
98.81225,100.0,1.9928339,2.12595
3.3147123,2.7235794,2.4833255,2.4324927
83.233185,89.44394,1.3358973,1.0846188
71.9145,71.093636,2.3352695,2.32486
90.26628,94.39192,2.770984,2.7833333
8.533199,16.36581,2.235576,2.4552925
45.269196,41.666023,0.87044007,1.0331821
70.8833,74.51938,1.1875584,0.9944607
30.699266,31.32991,2.0390022,1.9816993
48.54675,56.140144,1.2475113,0.99877137
0.5684461,11.816887,1.1105406,2.2431781
84.40688,87.5928,1.7366271,1.4570445
74.73182,76.44922,1.1487893,0.99675596
24.604729,23.979557,0.79265,1.041467
7.970234,13.27116,2.22541,2.3267174
13.157235,11.305222,0.7867306,1.8312402
72.18451,56.28354,2.9566996,2.9318008
17.079025,17.029129,1.5610005,1.0039933
31.470383,38.313267,1.0431682,1.0468779
50.760357,46.299934,0.76818496,1.0549023
85.19972,86.08531,2.1888134,2.2078512
23.048183,22.156929,0.87338614,1.7467948
36.99195,32.434658,0.73160577,1.0958452
99.00342,99.26742,1.9540461,1.9717785
30.343552,34.244816,0.93813634,1.4800413
25.034237,23.825668,1.7312305,1.5883071
42.92831,44.643276,2.3381963,2.4165225
17.31805,25.655748,2.2577293,2.2383854
1.358529,1.8299751,1.0627612,1.9141461
78.79255,72.882996,1.8391721,1.7875098
98.799385,99.699486,1.9523638,1.9668453
8.756656,7.2037773,0.50961787,1.4437346
3.0448966,2.0165062,0.59447074,1.2655628
71.05923,65.00111,0.53638744,0.9845776
2.635191,1.4405327,2.9559429,2.3352
0.7342987,11.72596,2.154939,2.143322
85.34398,89.32979,1.489933,1.0881941
74.79807,74.98073,2.1373384,2.1489694
2.0315528,2.591568,1.5989741,2.0181181
37.951984,34.143887,1.9266977,1.9906182
29.702019,26.905256,0.8297251,1.0926341
62.328983,70.755516,1.5511854,1.240011
4.377349,7.3735085,2.3619142,2.154348
9.772888,6.1818275,0.9353583,2.26859
48.36147,41.477367,0.756216,1.048867
90.734,94.913895,1.4159182,1.2587767
22.661678,29.720716,1.5060282,1.2237804
12.073208,10.665672,0.92733175,1.0721002
89.14872,91.765564,1.8161987,1.8325815
79.89067,82.791916,1.1392394,1.0166383
48.120804,45.06314,2.6693082,2.6929324
9.194447,5.7567406,2.6773872,2.3195677
82.46195,84.9063,1.608634,1.4849162
30.47626,39.677723,2.7079287,2.7934663
13.765035,15.941311,1.8165703,2.36643
12.643588,20.281715,1.5629631,1.9364322
10.439342,11.254223,1.6856195,1.3733587
37.683525,35.37791,1.8974043,1.9941154
23.009905,20.71638,1.9155291,1.650511
46.050068,62.61076,2.2952693,2.5694995
5.990454,5.8563423,1.500789,1.5604169
69.73887,63.50625,0.682105,1.0502683
54.418056,58.497616,2.2479682,2.239432
64.53064,58.172882,0.6432245,1.0695274
78.20043,68.48621,0.6162579,1.3748926
35.159737,54.03347,2.921873,2.7963495
20.234661,20.830584,1.4522209,1.8801657
43.882847,45.009476,2.015276,2.012866
89.41287,89.22222,1.6642001,1.6460181
70.95884,71.265114,1.7899481,1.799584
14.333907,16.020382,1.5945004,1.0388341
56.285152,57.882618,1.6545893,1.4845843
0.41890305,10.19257,1.4314827,2.8330398
23.119844,20.110006,2.3382816,2.116026
86.363754,87.44072,2.4912798,2.48489
47.926964,41.05608,2.3058865,2.2749963
90.890625,96.8343,2.7451572,2.746027
4.243392,13.043739,2.380099,2.4788184
56.49879,57.644135,2.472187,2.4958007
87.872574,88.04667,2.1103706,2.088399
83.54414,73.36181,0.57186174,1.0308329
53.176777,48.69519,0.7589089,1.0234846
65.92372,64.3198,1.0810366,0.9858163
1.4665345,2.3987122,1.5483468,2.3540897
18.21375,19.425217,0.75389457,1.7470095
50.71589,64.56041,2.9689727,2.9251351
55.79191,58.305843,2.3121378,2.3387902
59.04871,63.826366,0.8189596,0.99555886
84.003105,91.32986,1.5890169,1.5192002
0.43064547,3.8247108,1.3659861,2.00434
35.11862,31.084362,2.489187,2.3466742
34.979286,39.358566,1.7338101,2.018983
61.309784,63.53641,1.073642,0.98593056
31.781664,30.914484,1.3201948,1.2000549
62.89039,63.393158,1.0333865,0.97580266
49.590816,48.928043,0.92073256,0.98261654
9.646186,7.0939713,1.6672083,1.2478733
57.401913,50.726208,2.518856,2.393414
43.538784,48.94114,2.4858916,2.6594963
89.82379,90.99999,2.0861135,2.0767996
89.38277,91.1784,1.1599675,1.1439532
93.04174,97.86563,1.6844119,1.7630198
97.62519,97.91669,2.5770595,2.6070085
90.78243,98.20354,1.9651396,2.0267415
21.929848,22.403324,1.8541465,1.9177448
24.54394,23.480482,1.2690681,1.3011487
66.5471,79.104126,2.5359023,2.621482
21.955435,22.14623,2.150336,2.1222916
2.231728,19.013657,0.66334313,2.7903616
20.867603,24.539682,0.6111781,1.8687319
59.676487,62.640644,2.148569,2.2113118
37.302216,38.298798,1.2932936,1.186615
63.456436,78.792206,2.8058152,2.906869
22.921091,20.266214,1.7216634,1.6382791
93.43605,93.06909,1.3028374,1.177778
40.935295,39.70317,1.8895853,1.838271
75.95052,76.198975,1.7825084,1.7882904
77.13144,78.849846,1.6806039,1.6519244
69.39985,67.849144,1.7684418,1.3936106
69.48109,75.76044,1.2838244,1.0100422
95.54431,98.045044,1.9865204,1.9585892
93.064766,96.38669,2.1336432,2.1232107
47.597324,44.532238,0.9005477,1.0277822
91.21463,86.834305,0.7670216,1.0442414
21.679495,25.188385,1.3780568,1.1338838
25.236376,26.490051,2.9620655,2.906665
14.413846,8.518909,2.9614227,1.9603496
97.49684,100.0,2.1058593,2.1000078
90.07251,91.15982,2.1803617,2.1975636
89.000656,93.18126,2.216628,2.2537727
95.128944,90.111664,0.78334564,1.3751528
18.455177,6.622406,2.6217465,2.3349304
62.519142,57.706318,0.8380864,1.3525376
2.2062652,2.0575638,2.5386539,2.1236768
4.3281794,15.856201,2.9906774,2.5303428
38.111153,35.344822,2.4189534,2.5555432
4.9515038,28.589523,1.4405649,2.8116627
18.354038,12.503525,0.57554656,1.7914408
51.393368,56.151512,2.593679,2.709995
6.897821,11.72163,1.1658299,1.8313367
49.229626,47.066948,2.0793016,2.003509
13.545779,12.4723015,1.9305842,1.9241062
98.4002,97.54344,1.7942501,1.7901348
99.27187,91.536285,0.6266555,1.1147653
38.7686,28.807837,2.8383176,2.6891394
71.9514,61.713173,0.5034636,0.98307
67.27629,67.522064,2.2919307,2.3055813
85.67759,84.48255,0.86874974,1.0105358
23.754004,27.252874,1.8120205,2.019789
77.07842,79.4731,1.9365358,2.013422
63.695168,62.231575,0.94750166,1.0045929
68.995674,70.20695,2.8838162,2.8837748
61.230278,64.45131,2.7321289,2.7660966
39.48551,41.624638,1.5319759,1.017981
44.105675,44.299038,1.798597,1.6833925
34.915127,31.333128,1.8257236,1.9981284
97.89176,91.86576,2.9257312,2.8757744
87.40014,89.62993,2.511186,2.5233846
88.29591,84.936264,0.71883655,1.0264187
73.422356,72.89061,2.133923,2.1085997
8.516971,6.582535,2.1436622,1.9107294
45.21561,43.56311,0.58871675,1.019268
97.26581,99.835724,1.8908029,1.9183868
26.34226,28.701792,2.620457,2.3896883
7.151235,5.635872,0.9715933,1.1837943
40.348312,41.24458,2.240174,2.2069983
20.37158,20.074076,1.2850597,1.0440524
15.139806,17.323719,1.2141432,1.4916959
29.94508,33.211987,1.5026852,1.0984275
14.374505,16.60511,1.9633132,2.0271006
84.33425,86.2094,1.0898767,1.0507047
8.0211525,6.5933495,0.62830704,2.2732325
70.45174,67.08714,1.9446244,1.8964323
4.8080316,12.54092,1.1329587,2.7380877
28.258133,27.5984,1.9647332,1.9426315
21.706438,17.08025,1.1878558,1.8124405
10.944926,7.0200386,1.9436897,2.160167
86.91622,85.69613,2.9886994,2.8862596
90.40081,92.81405,2.3522134,2.35732
24.940763,23.03435,0.95020735,1.0228237
42.787956,42.126205,1.7327913,1.7063466
40.028255,32.36696,2.047646,1.809054
62.479813,55.545296,0.6062005,1.0118024
95.25703,94.43126,1.8602911,1.9007373
3.221106,2.0149002,2.7081943,1.7922515
95.03841,92.785324,2.0823994,2.0369146
45.879074,41.098133,1.2105117,1.3132607
69.28378,78.136,1.2279408,1.0012097
29.52578,27.78494,1.3036397,1.0900978
65.47169,65.416916,2.2499197,2.1871252
61.84452,58.174828,0.81599605,0.982459
55.615784,50.196445,0.5773905,1.8164959
9.9865465,7.9887314,1.7724496,2.5536907
79.91779,78.207275,0.7642549,1.0029075
51.14135,53.3273,2.8510203,2.8791485
49.66974,50.82401,2.5892432,2.5798764
91.24604,95.02351,2.1429465,2.2813406
74.3114,74.40849,2.4577172,2.4758658
17.34878,16.869328,1.9504058,2.1114335
69.904076,73.56232,1.356807,1.6713806
50.276585,52.802048,2.500257,2.5414898
18.531902,16.984509,0.85230935,1.0596611
93.18168,92.43698,2.921926,2.8675036
89.1641,88.96799,2.2104547,2.2333903
35.441643,35.74713,1.6481622,1.0322177
78.08585,78.75329,2.2454743,2.1577182
91.20169,93.9781,1.5945858,1.4772363
7.9981194,5.6159706,1.8542184,1.9059672
33.856197,37.382607,1.7902358,1.997064
27.38636,26.89303,2.3358243,2.2401857
1.1359633,2.1318703,2.1523292,2.2995791
99.733635,100.0,1.9625852,1.9841211
77.76118,82.17799,2.2083304,2.2572713
41.57482,41.46069,1.0251603,0.9908143
44.469845,50.382484,2.8628721,2.789013
53.298233,49.753704,1.9336346,1.7907671
13.538278,12.705868,1.009534,1.4263649
66.24426,69.67255,1.2061226,0.9883065
17.99183,16.770283,1.8436695,1.8015826
10.648848,10.411343,1.3812443,1.1309178
19.11181,18.053808,2.0734184,2.0380595
67.99238,59.143974,0.5501602,0.9896139
97.05981,96.770325,1.7570394,1.8247185
24.395338,24.092813,1.6489229,1.0164715
63.352436,68.91709,1.4144561,1.0589987
28.007883,24.087925,0.6401577,1.0074223
97.45041,98.70343,2.4221826,2.4230337
76.30546,78.48893,1.0185015,1.0102601
62.209995,58.258244,0.94766957,1.0511177
86.57847,91.25758,2.507392,2.5046892
49.367283,54.64131,1.6567951,1.724705
91.382774,92.69736,2.4825618,2.4710908
56.919254,57.094643,2.4816158,2.487978
62.41046,66.02751,1.6001886,1.5575613
64.28122,64.66335,2.1144893,2.1441305
56.51344,69.32997,2.9617717,3.0
72.93405,72.40963,1.8611094,1.921749
69.0391,62.672398,2.3584697,2.3676887
73.35852,81.39534,1.4151771,1.0145938
39.003765,42.35974,1.5620631,1.1115491
24.080103,20.522772,1.1285046,1.807337
69.38189,74.763916,2.0405881,2.113308
16.11173,12.548588,1.0181197,1.1229978
77.95725,72.88644,0.6939912,1.0043336
26.172623,17.45095,0.9906248,1.1552726
48.858433,57.05782,2.5526984,2.6418219
93.66982,96.72334,2.5176778,2.5212276
93.07046,92.233795,2.3370998,2.336412
55.268627,57.0723,2.5379655,2.555265
87.251335,89.39606,2.0667577,2.073442
22.327576,21.426455,1.5250348,1.1284997
23.520227,31.004463,2.600328,2.7609255
0.6118195,1.0789185,1.8329313,1.6039245
75.62564,77.55973,2.592471,2.6011026
45.122356,47.860287,2.9241154,2.7927353
31.012737,32.100285,1.582862,1.6705415
65.049995,68.38032,1.7467456,1.9775624
58.645416,62.460114,2.0678465,2.0827842
42.84053,41.139015,1.6137508,1.1233337
44.809284,45.939014,0.896356,0.9975639
29.729782,23.793661,0.63469034,1.0918913
35.779907,35.59159,2.8312037,2.7307906
42.11385,41.579056,2.2080343,2.2014883
5.153609,8.1188545,2.6701303,1.4867393
33.830013,36.761234,1.5189841,1.0289078
47.310543,47.961807,1.1747178,1.0372205
1.7777927,7.7135773,2.8679476,1.997159
30.381918,31.723034,1.4257084,0.94554293
97.216415,96.40197,1.7631071,1.7609617
33.616226,33.34245,1.9007012,1.9279855
95.27277,95.310684,1.7220829,1.7371638
24.699526,22.041998,1.3105241,1.1078204
45.711803,40.292374,0.6566399,1.0103581
56.875202,64.45406,1.2694486,1.2163429
14.527498,11.871464,0.6538605,1.054064
64.779625,65.41971,2.6589344,2.6369152
83.98813,86.76021,2.037268,2.0430212
17.52775,18.99615,1.1650897,1.3116635
93.53088,96.16255,1.951733,1.9553161
61.20624,56.323555,0.9053017,1.0502803
34.345936,32.4345,1.8225336,1.7769481
73.92318,76.512634,1.0092394,1.1669505
46.385033,48.965446,1.3626668,1.035374
62.618954,66.58216,2.1960995,2.236875
48.775913,41.80247,0.7451163,1.6525921
15.6775875,15.703228,2.2091217,1.480908
5.205519,9.385258,1.509996,2.887187
29.308159,6.2068405,2.955218,2.5909286
38.51809,51.584724,2.1017709,2.2511506
34.261852,37.47345,1.5014775,1.0507112
38.539158,46.50156,1.2924422,1.1081841
76.02588,77.25022,1.0079287,1.0786319
25.420824,26.607494,1.1326537,1.0866004
58.356598,55.818863,2.3590486,2.3313994
68.2546,67.39929,2.4427414,2.420133
74.83745,76.0773,2.754913,2.7657838
8.286895,6.4108047,2.7809784,2.5919306
3.7241294,3.5155258,1.8977762,1.7222188
79.15575,71.16655,2.380834,2.384013
1.8371546,1.1410751,1.6684004,1.8032758
62.695347,61.846375,1.767895,1.7437328
24.22788,20.021826,0.880563,1.6351227
62.109734,61.76786,2.0323336,2.0717034
8.343552,13.375423,2.532321,2.1853101
93.00886,93.44029,2.0121531,1.9958023
36.99996,36.45409,1.6632588,1.384738
40.60654,45.404938,1.6815622,1.8539658
67.50016,69.2699,2.4116237,2.4445302
77.765594,72.46491,0.7519963,1.0283921
36.364075,30.521124,1.0142096,1.8646305
11.933653,8.092068,2.598529,2.4384832
37.39078,40.40792,1.4797237,1.0140197
27.613153,27.929632,1.2076296,1.1538758
38.088978,37.47683,0.72010314,1.0148177
44.248146,47.02839,1.5849222,1.12428
39.950356,34.34543,0.61491406,1.0372285
82.461075,82.54553,2.1795607,2.1669688
97.19715,96.66341,2.2898412,2.2786534
58.375988,60.17915,0.7992136,0.9976135
13.993321,12.810188,1.0798976,1.4574614
35.773952,35.266754,2.0724673,2.0484915
60.656353,65.00719,1.6099162,1.2278051
47.65493,46.21606,0.8892857,1.0686355
38.50944,34.46621,0.68104446,1.0590668
57.243313,67.346176,2.8279004,2.8134475
43.71867,42.645775,1.0625058,1.0311793
90.57717,94.87227,1.3995228,1.2083049
10.212112,5.2833214,2.8588727,2.565125
20.740707,15.510384,2.338643,2.31845
51.434814,51.283077,1.6484175,1.6937187
26.026657,24.055412,1.4353158,1.0464814
75.12834,71.2534,0.77838624,0.99258876
89.34211,94.01265,2.8503845,2.8109484
27.856142,30.614243,2.6702666,2.8204374
90.334305,87.66263,1.7809983,1.7456323
95.67089,93.61731,2.854612,2.7945156
75.95204,73.88188,2.335132,2.1462388
43.183746,42.345833,1.717397,1.9004483
88.42926,92.79588,1.4375589,1.1540694
28.71701,13.903328,2.3872895,2.1320808
48.2798,62.434055,2.4869168,2.6211247
23.402987,16.41119,2.5689428,2.15948
53.178394,49.175713,0.7999637,1.0248854
50.598305,50.058025,2.9995632,2.977427
76.825386,76.420845,2.5144129,2.527383
26.03755,25.122742,1.1633675,1.0350933
33.671158,34.101234,2.008689,1.9842606
34.906128,29.580462,0.8570854,1.0690311
36.977062,35.53387,2.523066,2.5689597
81.72775,80.6448,2.0614402,1.9568242
28.383648,24.021074,2.3856535,2.302865
96.067345,90.50992,0.8134256,1.0987935
36.784332,42.332,1.5981699,1.5210073
59.1072,57.361916,2.3507404,2.3186448
52.111206,46.376038,0.56842804,1.0063887
93.93563,100.0,1.97534,2.064158
33.825027,40.826904,2.6088586,2.4165118
50.16542,50.61823,2.572749,2.4319031
52.00858,50.95731,2.2139187,2.1850965
28.259066,27.22256,1.9527347,1.9227954
49.162525,48.252033,1.8171849,1.7562925
19.39035,6.219845,2.6802657,2.2904668
59.644886,62.699497,2.5448499,2.5935369
68.14275,67.541504,1.7865695,1.6884187
98.7006,88.40419,0.51654285,1.0849117
34.503845,33.535416,1.9354607,1.9293804
8.414109,5.862091,1.1668282,1.4948548
88.78377,89.48809,2.8833077,2.901818
58.210293,63.30877,1.5441293,1.0697156
21.59033,24.514122,1.1479884,1.100323
2.2432647,6.025593,0.90891397,1.8726854
80.30482,87.10696,2.726342,2.8022027
50.45457,50.186657,2.225786,2.2064579
53.71706,53.53822,1.8947122,1.9121736
38.490185,42.5902,1.477911,1.0536087
96.967735,96.27008,2.657995,2.6219797
32.426556,34.938576,2.5851288,2.5821557
6.9253316,5.522991,2.5462346,2.5425973
79.37277,85.564224,1.3330452,1.0230191
20.426733,11.048653,2.234693,1.5538551
55.366554,61.372044,1.5884298,0.9922334
96.57844,99.089294,2.1691506,2.2021406
52.02291,54.026474,2.4178386,2.4769368
37.335632,27.413706,0.5134521,1.1628246
82.77681,74.56984,0.7931806,1.5188107
46.929203,46.971497,1.690739,1.593365
30.925356,20.868284,0.69307464,1.8498044
72.03101,65.280396,0.5707011,1.0028591
5.2176313,3.7963753,1.4391282,1.4634669
29.11625,29.277542,1.300087,1.0839181
51.22667,54.048393,1.2400835,1.0953414
58.417015,59.412926,2.8674662,2.8801527
5.5031557,3.0324059,2.7978356,1.6432352
38.76587,38.28196,1.0861666,1.193311
6.15529,6.0245476,2.0892015,1.8375908
52.70901,50.933872,2.3338325,2.3504958
20.484766,18.58625,0.8079397,1.8710444
62.684772,67.274475,2.4514518,2.4533083
98.31456,98.47217,2.0999608,2.0973833
20.945284,13.672726,2.293801,2.0536675
80.99315,82.404526,1.0216664,1.0098414
24.164385,29.678219,1.9998653,2.122966
89.55945,90.77774,2.4251802,2.4288645
87.00242,85.96924,2.3007033,2.2715168
44.999123,43.477974,2.4919195,2.5250382
74.8679,72.448586,0.8616286,1.0045934
24.884502,19.503178,2.9931674,2.9219737
88.47643,97.68576,2.5305686,2.6105003
97.415085,86.945816,0.66994447,1.0792584
59.218567,59.302032,1.7387571,1.5938195
6.703179,11.270481,1.478013,2.6278481
36.30972,37.497074,2.0910714,2.1794238
59.225838,63.17856,2.5403106,2.560999
68.53869,74.736565,1.3872166,0.99480355
46.49831,47.980602,1.0998296,1.5348275
72.45574,77.71737,2.4706223,2.556414
52.741035,52.799057,2.973074,2.94837
32.78648,28.249962,0.6062138,1.1196718
17.546505,19.447567,0.99635816,1.6021351
63.85764,66.1351,2.1541271,2.1864576
47.243805,45.46315,0.8177818,1.0013547
96.81376,99.83538,2.8207765,2.917467
82.62392,75.11665,0.562104,0.9912961
55.471573,58.28321,1.444604,1.1110262
60.335957,59.887238,2.3326273,2.3533726
12.588402,13.97583,0.93734,1.4023595
95.11849,95.765144,1.2995864,1.2890459
26.381773,22.91141,0.6585869,1.0404378
66.0785,70.69529,1.4665474,1.1625105
32.59821,31.571398,1.8653992,1.7910013
69.55662,59.50789,2.8873563,2.7739515
98.820404,100.0,2.0071564,2.1379123
29.712421,32.526398,1.6448659,1.4480464
53.54651,51.352165,1.1298165,1.1006818
8.178846,5.4631767,0.8748554,1.2095907
22.27175,22.502378,0.56035435,1.0230737
68.19949,72.45211,2.0977957,2.1833358
44.114384,42.437893,2.6422856,2.6171875
46.47434,43.354076,1.1803765,1.0091891
74.87736,77.41838,0.74346906,0.9991864
41.615803,41.461845,1.1638494,1.0397633
87.66,84.46894,0.7048812,1.2451756
47.45189,49.15329,1.8990166,1.9887414
78.58015,87.90774,1.8816004,2.1381762
27.070597,29.98112,1.4815332,1.0138183
40.25806,40.488148,1.0209734,1.0970578
37.710438,33.860863,1.1838708,1.0181861
67.34343,71.64969,2.614784,2.6412497
50.99246,43.808556,0.6101431,1.0137651
41.97346,47.36196,1.5207381,1.0788883
44.74251,38.580765,0.5902018,1.5894716
39.720737,33.754562,2.7663853,2.5992968
99.20275,97.91423,1.593609,1.5774753
75.54347,68.24247,0.5265248,0.9867048
93.18582,90.96936,0.9794977,1.1265516
99.51774,97.73504,1.6413928,1.6573267
24.374401,23.741587,1.2392294,1.0534661
94.294106,87.70239,0.74527675,1.0499629
91.08244,91.942535,2.1051745,2.0977528
18.047123,5.8577194,2.4462457,2.1865325
2.6172326,10.144287,2.2642863,1.5735892
68.16504,68.90545,2.3727777,2.381061
71.36635,72.50591,1.833993,1.8417505
81.16551,86.47133,1.3516741,1.0291448
7.903878,5.687191,2.2610583,2.1261208
28.855284,24.73084,0.5574918,1.0718013
69.92875,72.39912,1.1298925,0.9911706
31.826159,30.42403,2.1079936,1.9966303
28.613031,29.115177,1.3830566,1.0724055
39.95124,40.337734,2.4548862,2.702394
30.355482,29.912502,0.747811,1.480603
65.32369,69.93864,0.9501496,0.9875314
62.00884,42.869926,2.8149407,2.4859488
41.63405,37.5765,2.327615,2.2121236
94.773476,85.65123,0.51656544,1.0384986
58.87709,61.608074,1.1465197,1.2136822
30.29196,29.210447,1.04479,1.382487
22.309855,29.3852,1.2963367,2.1563694
97.71656,93.50922,1.165723,1.590225
6.603092,7.079853,2.3790207,2.270326
41.643177,44.301224,1.8959291,2.0288148
70.34228,72.38237,2.0557256,2.0638733
68.059006,66.73981,0.794749,0.9643856
68.533844,78.34943,1.1993737,0.98587507
71.85255,69.805374,2.8689446,2.8508053
45.767975,45.152454,2.1485264,2.1373312
52.291325,53.398365,2.466739,2.476825
25.350079,26.053898,1.8759084,1.8666383
10.365389,9.88546,0.93425435,1.1782671
18.803705,14.639095,0.874827,1.4254942
39.42256,40.81706,2.6316051,2.7056842
0.9741359,9.796654,2.3540769,1.7671653
46.17391,42.723785,0.74957186,1.0263219
38.62652,37.94787,1.8498797,1.8497758
96.326225,98.44374,1.8966777,1.9401995
97.262344,94.280396,1.1167018,1.2107624
53.026585,46.326286,0.7280548,1.0062819
24.672886,23.662119,1.6653005,1.3746506
11.7563305,10.981579,1.3596348,1.1369196
15.573154,15.60574,2.7617526,2.2887776
87.66976,85.36664,2.2516847,2.2630172
70.99417,72.55145,2.3560638,2.3836727
56.90894,53.71151,2.2817304,2.2097714
37.842434,39.79671,1.454893,1.5390432
62.656178,59.57603,0.8749118,0.9978438
75.884,77.725945,0.80119693,0.9845103
50.966904,48.66877,1.8209461,1.8138927
29.005539,25.94298,0.80247694,1.0615001
58.826595,59.875095,1.1918015,1.0493464
38.154247,42.1787,1.9847193,2.2522433
42.868557,41.030445,0.95876324,1.0686684
83.46886,83.46801,1.8617985,1.9042723
43.104313,46.600697,2.5671875,2.612335
27.490107,27.179283,2.9685893,2.9453716
95.33139,95.980286,1.6078006,1.6327983
22.87692,21.162285,2.5696175,2.5682878
27.540064,21.675436,2.7656035,2.1144812
2.8796146,9.303883,0.5215307,1.133453
70.97046,75.18665,1.2936012,1.1810505
74.480606,76.44375,2.21035,2.2349281
61.953484,62.549778,1.1211456,1.0005194
44.61279,44.653763,2.8622072,2.8642404
22.2227,20.621647,2.3000755,2.2815483
67.664734,62.782757,1.0419449,1.2228091
61.66714,61.19101,1.802711,1.8150392
45.12776,45.79482,2.5957673,2.5937295
1.5873947,7.1993904,2.142707,1.3122048
51.209244,51.870853,2.0160315,1.9989337
77.533134,77.905,1.9582276,1.9365174
25.798187,30.462101,2.277576,2.3376904
22.283037,18.848774,0.8845389,1.1712554
73.70649,86.33895,1.4775993,1.1146685
40.29,41.379063,2.3343546,2.4195352
55.05763,49.186325,2.2324226,2.091632
43.72401,44.102177,1.9372871,1.9659942
30.29413,24.462904,1.6952173,1.04585
97.08813,94.84306,2.758419,2.700595
52.47212,55.921413,1.3798307,1.0149199
7.327099,6.697281,1.604286,1.4544901
53.537884,63.265205,2.3835242,2.4752812
57.130283,53.468723,2.3716338,2.3308804
52.57364,54.384747,2.740697,2.7705684
16.05448,16.574497,2.0053837,1.6404816
18.83837,11.552361,0.70194376,1.2844105
90.906715,96.09899,1.8711067,1.9426191
8.806285,6.8314896,2.1766417,2.048826
57.219784,70.948265,2.7852917,2.9473963
32.07741,29.34495,2.9477816,2.9041946
88.046524,84.123436,0.8366744,1.0417225
30.623455,29.804008,2.6732023,2.7124767
70.72433,74.39775,2.2025294,2.2512774
18.552696,13.740482,1.3028198,1.2924576
62.754887,54.538307,2.7047956,2.5083256
44.918762,38.16484,2.9382782,2.67318
69.31611,73.244675,1.3256664,1.0284956
29.159918,28.43168,2.7105792,2.652782
6.983333,6.113037,2.799016,2.8289452
18.88496,17.991367,2.0117059,2.0005429
88.886635,90.27634,2.7032077,2.7089384
38.763477,38.531242,1.8726505,1.8619506
59.875954,48.867584,2.87375,2.5995183
88.050575,88.71145,0.92184484,1.369468
23.754711,22.31526,2.2546942,2.2336905
57.65369,57.259586,2.6739616,2.5032105
15.954798,13.841145,1.753495,1.4584564
46.97886,39.694958,2.1610222,2.0612817
8.735555,8.593422,1.5333576,1.3439732
5.080925,7.748646,1.7269158,2.5906317
15.871935,20.206167,2.5114455,2.400175
91.070984,96.33118,1.3769517,1.4118875
42.43203,42.630577,1.157778,1.1095605
95.094795,94.83032,1.0734155,1.2856203
50.26607,44.84763,0.6640488,1.0323081
94.25211,97.58209,2.9176283,2.926799
23.641605,20.604052,0.87722427,1.1027651
69.99213,71.59775,2.0762658,2.0970669
57.78361,64.69555,1.5246825,0.99928826
0.97454816,4.1529274,1.590762,2.3575673
84.432945,86.17491,2.570157,2.574399
29.103191,28.683384,2.0621984,2.013292
77.19443,76.10253,0.71855897,0.99024194
97.58676,98.14273,2.3237748,2.344314
61.663494,52.396004,0.5233331,0.99427634
79.91689,73.827805,0.56518596,1.0674441
37.94462,35.78543,2.2669106,2.1419187
61.9341,63.480843,2.6720684,2.647265
47.456745,38.07393,2.9989564,2.7951849
12.865161,11.069931,2.208395,2.2184312
74.05194,70.11181,0.682361,1.0088172
28.28109,36.704185,1.8203398,2.2424495
68.53914,79.08203,1.5971252,1.745361
96.78946,98.3316,2.5627022,2.5628972
78.61625,80.16897,2.5069954,2.461735
77.35769,74.37914,2.9392283,2.9061952
24.641142,25.911577,1.4631276,0.9796382
19.384804,15.357025,0.66009766,1.2541113
5.241242,3.8882103,1.7457379,1.3598437
47.18806,45.336163,2.5355825,2.504037
41.237015,34.156937,2.9672112,2.8147335
46.101994,59.059853,2.8731554,2.9498858
78.6791,78.594635,2.333648,2.3293405
76.87101,84.49621,2.2199929,2.2641714
81.54614,75.276306,2.3514922,2.2963305
51.111237,54.165466,1.6025087,1.0220425
74.4191,76.204605,0.6306686,0.99744517
36.552814,33.340225,0.84245676,1.5410743
95.62782,95.436485,1.2005917,1.5350516
39.12943,44.66249,1.5221188,1.0900834
32.32867,37.83955,2.8573034,2.8411782
52.79662,49.315884,0.6087362,1.9199039
16.931269,15.76421,2.0085082,2.0105014
96.640274,93.4899,1.0300851,1.3097482
36.312695,36.443584,2.1584613,2.2432947
3.1841326,1.0725746,2.625212,1.4306264
43.349274,42.808144,2.229645,2.223228
12.188873,11.420948,1.5546374,1.4791439
62.105843,71.144485,2.666422,2.813575
29.762411,31.606142,2.2315423,2.3438406
76.37405,78.420334,2.4070263,2.4364207
74.87598,78.89118,1.0503222,1.2204657
89.32747,92.89386,2.0442963,1.8193451
93.97203,94.58305,1.2625248,1.2202083
87.31791,89.71068,1.7245648,1.7300372
6.5127497,8.820972,2.4446087,1.7014433
63.114063,61.681515,2.6470008,2.6157756
15.18327,13.459393,1.1350495,1.1578996
95.60236,96.16011,2.693259,2.68593
9.462558,10.240139,2.909852,2.463878
61.061172,61.2445,2.1414428,2.1348565
75.37202,78.04933,0.9675176,0.9690738
37.530567,36.96054,1.8829241,1.8965329
97.77693,87.24516,0.5063406,1.081041
75.44339,80.99133,1.2194048,1.008843
11.764632,8.189365,2.9679453,2.450091
32.947243,33.296253,2.533339,2.5468903
50.195786,55.854145,1.4509587,0.9899513
4.065638,2.765091,1.3134408,1.6962413
33.633068,33.75824,2.6730742,2.6423082
57.572628,56.770283,2.2219002,2.1553319
7.246673,6.2657013,1.8244356,1.851992
80.16589,88.176476,2.1151912,2.1907945
61.72158,70.700874,2.566202,2.6567104
9.772015,27.008436,2.1059592,2.840476
2.9646616,4.386032,2.7611156,2.4196951
80.7294,85.111496,1.448356,1.0529716
69.12042,71.383194,2.7092736,2.686088
97.951324,97.25074,1.6039519,1.6556658
7.7091618,8.429302,2.9054713,1.5562164
97.173256,91.12404,0.8552046,1.2489924
61.41367,61.74299,1.7488753,1.7746987
53.130802,53.42821,2.9127429,2.911539
13.43688,16.908695,1.4082415,1.1013328
67.626396,65.41866,2.9318538,2.884047
58.462105,61.870884,1.1978701,1.032531
9.00313,4.8073425,1.6239936,1.696087
48.460285,43.07995,2.779442,2.5675614
78.93624,74.34155,0.62043124,0.96614647
42.30856,41.286377,2.2181954,2.1988082
52.02335,55.5919,1.4380422,1.0176253
5.8745174,7.275902,1.3642437,2.6688375
97.6175,98.740036,2.8844254,2.9704313
95.260544,88.04131,0.65961015,1.0780717
2.9029229,5.6090813,2.7571855,2.3131032
96.77086,87.90086,0.7408906,1.0772842
91.8262,95.703064,2.421637,2.5031767
63.044914,76.843216,1.0769993,1.7842562
8.823259,8.176289,2.7383265,2.1774428
3.430249,5.685013,0.66218287,2.2194135
79.19453,87.79506,1.466244,1.0756974
26.558277,30.115051,1.6939244,2.1072032
94.2465,95.93062,2.5758252,2.663533
12.551992,12.210587,1.0168324,1.9945731
27.24119,28.393604,1.3739815,1.054003
29.724138,30.784645,2.5296881,2.539143
86.93183,87.86217,2.951487,2.888668
68.81219,72.79011,1.2430031,0.9701053
86.52046,87.08159,2.3699064,2.3583274
78.03125,81.347855,2.9521618,2.9531054
10.155363,10.934349,2.5381906,2.782682
52.76365,52.013725,1.0654483,1.0228903
91.58848,90.46092,2.8977478,2.8398504
16.891418,17.59742,1.9141643,1.6161346
75.44731,76.56835,2.601003,2.5958784
87.21185,74.906044,2.5893939,2.3459435
21.73302,20.442291,2.130023,2.1085927
57.60278,53.041153,2.4345253,2.4661212
16.59537,16.941593,1.2059324,1.0424697
81.86527,83.904724,2.0255816,2.0299592
28.846493,25.681322,0.701663,1.1120558
74.50997,72.064644,0.97193444,1.3329122
62.50782,57.252956,0.8421988,1.0664341
37.236492,37.47021,2.6052027,2.4704435
19.329378,19.114311,2.649622,2.725759
18.939743,22.237343,1.4648902,1.1850253
41.30555,43.683556,1.5802574,1.1369069
15.611217,16.246601,2.2990222,2.1564217
80.845535,82.23736,2.2253554,2.2284725
11.640739,8.119205,2.1050088,1.7405219
32.666893,32.729504,0.74458325,1.015904
17.364885,15.409752,0.99067634,1.8905253
48.751568,36.31546,2.9339426,2.5898738
32.318886,34.325287,1.473352,1.0509176
54.920918,54.156654,1.9285731,1.9335701
83.68359,84.28136,1.8575072,1.858968
28.768908,28.479166,1.7493145,1.1965761
66.63249,67.28625,1.9781393,1.9899563
50.588657,53.539124,1.4904283,0.99157816
80.76849,76.701454,0.74710894,0.986566
13.394176,11.511513,1.0621657,1.1143482
95.45542,97.14754,2.4235134,2.5012176
49.320107,43.565384,0.73724705,1.0331211
46.995216,52.903835,1.7994576,1.7388661
93.95057,93.845535,2.0113804,2.0252712
93.06787,94.816216,1.8780825,1.8953007
97.30396,96.975586,1.5577445,1.4512382
91.763145,95.230034,2.9728785,2.9496307
1.5792835,3.7497978,2.8816006,2.7998328
73.52898,75.37854,1.8275462,1.7045379
15.970436,15.7311325,1.3872132,1.071944
27.627756,30.749851,2.158117,2.1101725
55.667015,61.661484,1.5308362,1.0157609
56.994167,52.781338,0.65760416,1.0019541
39.73996,40.878334,2.7708645,2.785643
72.37234,70.465866,0.98846936,1.0610621
73.070816,69.66957,0.97271025,1.049043
37.06941,33.69194,2.860908,2.7681496
3.565259,2.4131966,2.1035826,2.442313
40.950523,39.893497,2.40934,2.393905
73.793396,73.95271,2.7385647,2.7075543
12.557083,13.163631,0.59993035,1.5655527
23.020271,20.683712,0.82756853,1.4140579
32.932423,32.385014,2.596225,2.6126814
39.75404,35.59644,1.1100944,0.99196666
40.515896,43.28369,1.5675424,1.0569842
27.506788,28.212471,1.0723085,1.076262
59.692486,65.20144,1.232202,1.0621147
63.33271,64.44328,1.2086102,0.98919195
29.70102,28.9634,1.8118827,1.7873623
2.0242026,3.5969849,1.6026458,2.555605
76.66409,80.7424,1.2564666,1.0312431
21.235273,23.730867,1.2400867,1.2110102
90.81249,93.25715,2.4711568,2.5103846
14.746492,10.133636,0.65212893,1.2770972
1.9715551,4.242695,2.388705,2.6137404
65.105354,59.12712,0.6597223,0.997536
33.21403,29.50948,2.867725,2.638932
25.38306,23.95341,0.91717577,1.1114823
89.342735,87.68939,2.0330348,2.0817943
69.047935,69.330376,1.8621765,1.7163016
7.9102798,9.4063225,2.9766955,1.2820268
92.9528,94.20601,2.323219,2.3172908
4.058005,4.7944183,2.5457838,2.3701906
33.154137,34.098656,1.1919551,1.5934467
54.980495,48.955673,0.6361702,1.0319941
41.80635,38.007755,2.1388028,2.0503209
20.411787,19.811924,2.297999,2.4990695
74.37828,74.55678,2.2459428,2.2535803
21.492157,18.541168,2.4121633,2.5267653
83.90256,88.38898,1.8296516,1.8409333
1.9563389,2.4528427,2.9537444,2.324399
90.40019,84.32184,0.52108884,1.0281823
8.919334,20.397886,1.341945,2.5017908
88.5893,90.38588,1.161538,1.1227013
33.091167,35.39733,1.6387086,1.5397066
81.805565,82.088394,0.59236956,1.0038468
68.831604,73.535934,1.269123,0.989733
3.4275756,12.923218,2.3491442,1.2084069
67.90068,70.077835,0.7780577,0.9926761
95.51974,91.52922,1.0434613,1.3086846
67.079025,72.229515,1.3770092,1.1939118
22.691633,18.78367,2.6632695,2.7243543
0.36782685,5.2797775,2.0990105,2.6762135
95.31309,95.6559,2.808054,2.695126
62.3246,68.17769,1.5218024,0.95986915
24.135029,23.484425,1.2403092,1.129752
14.43822,11.674496,1.1661606,2.4430985
44.468857,51.022793,1.9018234,2.0620425
66.94915,66.26269,1.0201334,0.9603642
51.301197,48.505188,2.642312,2.4050128
50.43,61.05281,1.3159608,0.98396975
82.27561,84.65193,2.609971,2.618239
26.771624,17.513985,0.9313093,1.577474
78.200676,81.72824,1.8556639,1.8481153
71.64329,75.280716,1.2409528,1.0459454
22.58525,23.509022,2.0303795,2.0921917
56.185226,55.961617,0.6353858,0.9759826
32.415054,35.658432,1.4217412,1.574524
21.786722,16.158611,2.811965,2.53936
96.580864,97.892685,2.033663,2.0643048
20.818228,16.349384,2.718548,2.479848
37.818634,37.103233,2.7142305,2.6779356
6.5235567,2.253994,1.4300879,2.3518484
88.56952,85.35979,0.8395233,1.0292174
36.533913,40.508728,1.4648887,1.0378923
53.678425,54.216404,2.9744635,2.9563828
77.1086,76.88973,1.0049647,0.9862362
80.152885,87.948135,1.754631,1.8433298
68.721466,71.31042,1.9708095,2.0113623
5.91091,9.07468,1.2400829,2.6693163
81.37881,77.58323,0.7044137,1.0012684
86.33456,82.53381,2.6871204,2.633676
88.704475,89.86966,1.8515123,1.861412
1.0851446,1.9618492,2.3107023,2.6972988
4.277285,6.757908,1.5402583,2.4610696
0.69518757,7.5184135,2.2362926,1.3753778
77.24643,76.30289,0.7706771,0.9888244
70.79766,72.209755,1.9548442,1.9590926
27.708715,35.092278,2.6841228,2.6451554
54.814644,60.23069,1.4470465,0.9785071
74.41332,73.18929,1.8249158,1.834638
50.297623,46.49792,2.8986812,2.828135
68.92438,62.664238,0.61540675,0.99316835
26.75818,28.169613,1.577977,1.1331
69.10338,69.10962,1.7695942,1.775825
0.39548647,4.78994,2.0355725,1.9976103
21.216434,20.434542,1.7109656,1.4294152
71.94183,69.8297,0.9575343,0.99759257
29.81387,22.654625,0.59067523,1.0129092
70.39623,68.17072,2.1183424,2.074321
48.04932,43.476646,0.8445977,1.0797056
30.64886,31.016943,1.3183312,1.0552316
44.151176,41.780045,2.393134,2.2826078
47.12118,47.832596,0.903789,1.3002465
33.588036,35.416985,1.7105088,1.644642
62.43682,79.77071,2.377895,2.5269907
66.65903,54.31246,2.8600054,2.8078427
95.198364,96.78233,1.4417573,1.3520018
35.926983,31.036236,2.645362,2.4244823
15.97396,14.142559,2.4190001,2.2636447
40.407364,35.100655,0.96959746,1.0383823
78.80871,70.162735,0.53500634,1.0549431
93.343475,92.49075,1.0853152,1.1769793
64.716255,69.901276,1.5679181,0.9945641
94.98543,94.03602,1.1493335,1.2205182
16.975891,16.311417,2.5135398,2.4018776
48.04997,49.739178,1.527602,0.9945342
15.069771,18.697016,1.44124,1.7589025
73.61075,74.68184,1.7569861,1.7500277
8.699773,7.9683266,1.5809408,1.886309
44.11267,46.36509,1.6331494,1.379593
91.81987,93.71239,1.7352312,1.7402991
76.69139,79.82286,1.758575,1.6815951
83.79438,84.60262,1.010005,1.0243531
38.525444,43.525974,1.7424138,1.8392075
23.662046,11.579979,2.6326919,2.5038967
72.03942,63.81743,0.5731463,0.9909253
5.43547,10.689114,2.6314988,2.622847
48.510387,45.883915,1.7030367,1.5047842
63.474346,64.43614,2.619447,2.5872364
43.685555,43.56576,2.2418826,2.2399945
1.7633326,4.914261,2.868976,1.5299103
40.621918,41.99348,1.8154991,1.9301213
55.058666,54.367805,1.4682106,1.208422
63.615414,64.49977,1.0975754,1.0004985
59.847137,60.05014,2.841726,2.8269143
85.33096,88.61664,1.3563293,1.0938715
20.138096,19.174767,0.7242715,1.3754581
32.75472,31.967825,1.4334375,1.319978
61.881268,70.99183,1.2045858,1.0234284
68.874435,70.77281,2.7738721,2.7655778
53.43062,51.221222,1.7667977,0.9862481
81.9178,83.18465,1.0373242,1.0242221
86.12565,82.31088,2.6638427,2.5545652
34.95593,37.44262,1.5392579,1.0353727
30.52874,27.22399,0.6455143,1.0827587
34.31089,29.673885,0.54124177,1.5065612
28.082275,29.773514,1.2848595,1.0256801
50.6352,51.202637,1.9441838,1.970769
46.489273,37.862026,0.57125044,1.0235832
54.148163,59.117386,1.5409406,0.9885417
13.882989,11.657211,0.68887085,1.0690769
34.63966,35.191063,1.2012421,1.523158
23.431477,15.9442215,2.5752761,2.0848079
75.55969,89.502464,1.4738039,1.1002773
97.09062,95.617355,1.147562,1.2540152
1.3347887,10.439114,0.8674747,2.3371806
59.208424,52.323586,0.56148267,1.0221862
55.532017,48.11956,0.53252494,1.1002407
29.95993,30.591938,1.3594985,1.0555025
95.372765,97.57257,1.5545096,1.4608934
96.45119,97.68031,1.445928,1.5265446
87.11562,93.66541,1.4677739,1.2028993
27.39369,26.011013,1.961128,1.9090033
13.992915,14.285435,0.9903721,1.0510254
86.87784,88.27185,2.8325567,2.8390002
34.16502,28.252441,2.9268486,2.8898592
27.000875,25.445086,2.4588356,2.1330602
31.222616,30.266459,2.51203,2.5496652
79.56613,85.4196,2.9198086,2.9666505
90.69114,90.814606,1.186281,1.1002067
17.228027,5.792244,2.8131828,1.9978528
56.098858,56.209972,0.8832237,1.1672847
46.31,44.52362,1.84983,1.8207263
14.837238,13.404663,0.94522476,1.0822251
13.717154,10.019398,2.5943615,2.3428178
26.434803,33.3613,1.782995,1.9824076
21.547577,24.127151,1.2830437,1.4572043
64.30271,63.17866,1.7678806,1.6994693
70.51349,83.338036,1.5326909,1.073024
57.099483,58.113968,2.1424797,2.2079844
84.7546,82.18974,0.79918694,1.0065992
60.261387,62.638836,1.8801924,1.923501
30.184368,25.506853,2.2305298,1.991023
24.394796,27.176725,2.0409083,1.9279363
76.81731,69.16995,0.6259098,1.0014756
43.178165,40.91687,2.9958766,2.8154364
23.132402,21.625132,0.96814513,1.0529604
1.0835848,7.4154053,1.6988133,2.4592092
83.71184,88.567184,1.9529757,2.0482004
8.601611,6.677513,2.7886267,1.8854837
29.873255,31.069286,1.5885652,1.1625361
61.966496,63.224842,1.9300551,1.9309192
97.0513,94.68762,1.4311174,1.2920035
36.900475,29.218727,0.6152977,1.009897
39.822,49.904408,2.4495032,2.6375968
87.83222,89.67253,2.360681,2.3547344
96.93742,89.90782,2.849333,2.8189707
81.20628,86.67132,1.4462181,1.144959
29.61822,33.6018,1.7266351,1.9102144
10.731944,8.87603,2.1734452,2.2546659
40.789837,44.43024,2.3286192,2.5751183
12.7070465,21.11929,2.0066512,2.6175458
25.824877,29.190533,1.2156302,1.0736569
39.542366,44.10785,2.0584118,2.0722032
8.275699,7.000351,2.089552,2.458567
80.63539,74.73668,0.68192965,1.018126
16.113388,17.308762,1.3864236,1.0592031
89.71114,88.454056,2.856739,2.8461015
70.87528,79.09449,1.547111,1.4760672
21.06632,16.765533,0.63365847,1.28335
42.70686,40.273514,2.447092,2.3955011
99.212204,95.66983,1.1055324,1.2944266
11.698641,9.510433,0.56604236,1.0859457
40.641815,37.556973,0.84863216,1.1751547
47.999268,49.302208,2.6164274,2.6132622
63.465736,63.744102,0.9982838,0.9772613
72.76245,76.67405,2.4648526,2.4508781
78.35223,79.12369,1.0369738,1.0936728
90.77727,93.96703,2.5323982,2.548295
59.710865,62.16572,1.9635504,1.8403122
8.400495,4.8779297,0.52855,1.7897334
55.611088,54.100636,1.0078868,1.0105314
29.315907,28.023607,1.7313814,1.7326702
60.968422,61.361824,1.9107511,1.9293741
42.20649,40.022552,0.9259362,1.0315082
11.90282,9.458534,2.5053372,2.3372972
78.02373,70.349464,0.5433274,1.122011
36.768513,36.40774,0.51509476,1.0159395
52.361755,62.19263,2.2536247,2.254984
90.16558,91.20351,1.7521303,1.7844237
84.35989,82.429535,2.0088475,2.0326266
20.884274,19.910252,1.0831119,1.0808384
35.893406,36.27621,2.2243304,2.3992069
24.311565,17.556541,2.634682,2.539216
11.543147,6.2032127,0.5368323,1.4800975
39.4527,37.701954,2.9797857,2.9407878
97.752625,87.4229,0.57754683,1.0537844
19.120314,17.949211,1.8010557,1.7244662
3.1423416,7.765003,0.64206064,1.2446408
97.04264,89.828156,0.66608393,1.0804396
54.909542,61.61872,1.5869504,1.011127
84.76962,83.24191,1.0260571,1.0345792
56.102192,56.02974,2.2507207,2.157031
16.263672,11.104824,2.3674045,2.112937
85.27422,86.65516,1.9716446,1.9799348
98.83058,90.923805,0.70697266,1.1885363
28.322575,21.234165,2.8457367,2.8366807
34.527637,26.02193,0.53301895,1.5804816
12.143766,6.020298,2.9835112,2.5141952
96.98668,97.2729,2.6471276,2.6832142
37.492958,39.27245,1.6410532,1.2303011
14.456436,28.460913,1.5128258,2.7569823
24.975965,22.31044,1.7069916,1.5526711
1.9298271,4.3926163,2.0616665,2.2870257
54.066998,54.795704,2.8661952,2.8764758
16.583729,14.202957,0.7038985,1.139349
70.89599,66.47325,0.67934644,1.0110662
20.934658,36.288513,2.462086,2.7374468
77.21692,72.410194,0.8012075,1.0343672
40.833538,38.609596,2.478242,2.4385962
38.392883,37.232845,1.0777196,1.0404278
65.666794,65.37483,1.0278752,0.97885615
69.38846,70.85414,2.8398364,2.8774076
46.99036,46.17015,2.4471505,2.4450536
17.78959,16.306084,0.9164296,1.0661418
68.39773,71.83153,2.078069,2.0430756
45.423687,57.70338,1.8342474,2.286318
32.644108,35.07009,2.2021456,2.3006926
50.334946,50.192623,1.0763488,1.006357
59.19086,62.167984,0.72928923,1.0163708
88.95144,89.700226,2.7745533,2.7150536
44.385654,45.270573,2.2056966,2.1802113
76.89676,73.57555,1.0323246,1.1003094
95.533455,99.51735,2.1915908,2.201435
27.771173,24.76557,2.4602811,2.4391112
52.97345,52.753452,1.5504159,1.3929741
25.2294,23.605957,1.0587728,1.056356
7.0411744,6.7584457,0.85490435,1.2792633
71.3568,71.65981,2.3891046,2.4612792
43.709637,42.85245,0.935848,1.0213995
40.15518,47.53275,1.243655,1.0507867
19.08576,17.798325,2.069417,2.0158098
33.78909,32.997387,2.877987,2.8998752
53.120502,42.531292,0.64192015,1.0699239
10.620315,7.9798775,2.8184762,2.6288817
13.319463,9.488697,2.8324313,2.6611342
3.777602,6.0308113,1.6748358,1.588519
12.625633,9.373783,2.3792467,2.3311915
27.583544,28.114971,2.001311,2.0675426
57.5893,50.829693,2.493238,2.375771
61.427155,61.404137,2.146024,2.1235442
50.017742,49.436768,2.3116496,2.311942
61.95484,70.02222,1.5269241,1.543499
92.986275,96.44505,1.4878198,1.3171788
37.137886,43.6146,2.9533265,2.8487043
9.418274,6.007408,2.2956545,2.3296278
52.9483,53.539455,1.1731414,1.0239189
46.13304,42.14607,0.5452957,1.0440443
80.305695,85.2976,1.2588332,1.058888
14.84661,12.630569,0.9235984,1.8167821
5.0313444,6.619343,1.8093197,1.6813343
73.55169,79.80644,2.7583053,2.8321528
17.436491,13.39378,1.5969987,1.1880312
81.20013,81.2543,1.3565743,1.4860733
8.399951,8.184204,2.3503673,2.217493
8.416268,21.799557,2.1938436,2.433999
11.399679,8.320988,0.5455359,1.2742903
57.849125,62.110992,1.5746092,1.2142329
64.24004,64.616974,1.7991233,1.8002852
56.62547,59.67031,2.4263096,2.4081688
87.45582,89.114456,1.3176403,1.081877
58.1602,57.589302,2.6011536,2.5420024
93.92845,95.97215,2.0239015,2.032752
33.965775,33.941673,1.9613633,1.9328516
95.36115,92.874115,1.0190284,1.1993861
45.00695,42.27744,2.723188,2.7294562
97.93615,96.70001,1.9437659,1.9029118
93.48159,92.743866,2.903877,2.8628714
53.311726,51.6769,1.0514833,1.1128821
66.47389,62.98699,0.55545676,1.0498233
83.68203,82.76857,2.5459182,2.5269222
12.833166,11.84874,1.7124542,1.9641404
47.886772,52.54151,1.2330695,1.0818157
91.02332,91.87163,1.8628346,1.8667978
68.4174,60.204742,0.84952444,1.267467
52.19008,49.589985,2.791174,2.7833853
18.060183,26.864584,0.5638618,2.5014067
48.71184,50.036728,2.8386977,2.8823566
49.948498,49.854256,2.30135,2.288679
55.895245,53.655018,2.2043037,2.098219
67.65689,67.36448,2.280654,2.272551
37.25024,40.060337,1.6040063,1.0202563
36.256504,35.708824,1.2128013,1.0761237
13.243338,12.092693,1.9191802,1.6577064
14.086373,18.529882,2.5058293,2.596374
82.77818,89.808365,1.880105,1.9147143
9.897409,3.5275726,2.716188,2.353962
77.19229,82.17708,1.9596596,2.067689
14.800016,16.134754,2.010253,2.3297417
43.29207,45.494343,1.8913313,1.8973157
22.216738,23.65937,1.1488291,1.0890461
61.770084,61.225163,2.4471917,2.329163
38.84628,34.385216,1.659519,1.6795539
1.1545373,11.419796,1.2150651,2.0117025
97.15388,97.3329,2.0551968,2.0276942
41.034126,40.81047,1.7025263,1.5630208
66.15278,74.263794,1.4868934,0.9901628
98.14394,93.95943,2.3064997,2.2840846
40.095654,36.09146,0.75772107,1.0457305
90.39136,82.55649,0.58864456,0.9985388
64.76475,69.572296,2.4628787,2.6144457
97.13243,92.104355,2.9288206,2.8464315
92.26358,90.69174,2.229174,2.1972983
19.435726,10.625401,2.589218,1.989163
11.249984,7.3799515,0.629449,1.5702453
66.58465,71.49555,1.1407813,0.99053305
97.13169,96.89943,1.2847414,1.5348194
21.793108,22.070204,1.800031,1.3155491
67.339485,76.050156,1.6652411,1.0162039
83.03871,83.38335,0.9330619,1.0238066
32.203087,14.558132,2.9941144,2.4987893
81.5974,91.18138,1.9684168,2.012457
94.900024,96.464584,2.1448202,2.1523561
20.812279,17.678612,0.8309451,1.2982821
27.540367,29.341013,2.2693038,1.8978986
30.063189,23.723057,0.8129656,1.3769913
23.330078,19.229036,0.63213986,1.1682751
11.205028,18.045984,2.485645,2.53016
64.570786,68.084305,1.5871698,1.2253284
34.24057,35.066227,2.327076,2.0715783
31.934217,34.89401,1.3256106,1.721198
31.325495,28.896812,2.0011704,2.044148
3.2789872,11.117821,1.6281713,1.0786741
95.15568,94.52872,1.8679453,1.8553742
86.697784,86.3197,1.7805933,1.7804288
61.33867,63.423122,2.7385437,2.734601
1.8560435,9.042416,1.4882195,1.9898214
99.67743,99.115776,2.7760851,2.8139126
77.42884,77.918816,2.1306634,2.149616
22.868557,17.59314,1.9477333,1.8937498
66.048874,58.934086,0.6228159,1.0078162
93.02602,90.18294,0.8667859,1.3148239
73.63336,73.09917,0.9674216,0.98047376
81.71727,77.74469,2.4721966,2.469713
44.104565,34.949966,0.57457376,1.6627201
57.04751,55.825417,1.0612848,1.0298264
29.869312,36.06167,1.2031586,1.0958381
81.21396,86.31563,1.6051902,1.3988136
78.947235,86.47754,1.493914,1.3359526
66.88141,59.75085,0.65234256,0.9724537
63.152424,68.34843,1.4628309,1.2998292
13.072982,15.385036,1.6980225,1.282618
99.72746,100.0,1.9402685,2.0460436
73.5708,84.47089,1.5337008,1.0493057
7.963709,13.622055,1.435316,2.0718868
49.49936,53.24245,2.905839,2.9970174
46.412292,53.824715,2.7097259,2.6413257
8.214932,6.8900948,1.3448378,1.1831295
37.92871,32.755486,2.6076674,2.4423656
13.136806,5.6915054,2.9338157,2.2746303
12.845958,11.423779,2.9142978,2.770325
5.878137,7.2735977,2.1282134,1.6153599
65.704155,69.95657,1.3696809,1.0198069
60.20703,56.733868,0.82537115,0.9935415
94.89808,87.13212,0.64869374,1.077496
11.763002,14.304192,2.4710476,2.2959986
69.918304,79.03008,1.547779,1.0104518
87.40933,91.2556,1.8295074,1.9050351
40.526165,40.723373,1.9809719,1.9872909
49.48197,45.10465,0.76021886,1.0308053
3.6428456,10.903603,2.9031892,1.9714708
46.74629,43.29787,2.0748272,1.9463054
96.44788,96.39984,1.2621636,1.3181677
68.83161,69.96532,1.9949144,1.9622539
94.79692,81.37982,0.60082114,1.0293701
33.685944,33.434044,1.2127088,1.5790341
27.028717,22.202936,0.52426755,1.1209321
55.897602,57.571266,2.4239824,2.4591188
55.797348,56.414074,2.655045,2.6680374
28.602161,28.150772,2.42813,2.4609833
21.298027,18.96696,1.0774996,1.25764
43.743176,39.866417,0.77249086,1.0027304
24.816355,18.1207,2.9056633,2.6590924
50.551014,52.07372,1.0208979,1.028147
37.87888,40.284428,1.2755045,1.0276468
72.13748,67.22381,2.2438571,2.1992342
19.430557,23.54179,2.1211143,2.2352884
80.17647,72.03566,0.5464774,0.9961409
18.800053,22.09901,1.2941548,1.6929322
38.312603,40.68478,1.4538335,1.0453101
26.818047,28.210669,1.9552203,2.0977545
74.38333,78.7327,2.4598346,2.4983191
28.985853,22.266176,2.22069,2.1621506
1.9360331,10.426128,2.80777,2.7150621
46.83775,44.19096,1.0435133,1.2198784
86.47785,94.80559,2.608195,2.6282601
52.534515,54.823807,1.3329788,1.0909493
38.55782,48.4643,1.2185057,1.6998798
60.77954,60.545025,2.1782932,2.1565049
34.322025,32.80869,0.88880265,1.0462887
36.0374,43.308613,2.3213515,2.3343992
47.216404,51.3019,0.6337351,0.99536407
43.220257,47.2912,2.7819662,2.8851523
58.978996,58.54845,2.9790545,2.9061456
28.073408,25.55552,0.91224045,1.1064988
88.470764,91.43909,2.386424,2.3670826
49.537533,49.78751,1.6034281,1.8202837
40.564182,36.255474,2.5696704,2.390261
95.63956,95.85281,1.8551676,1.8705189
3.8145685,4.970272,2.5395536,1.8017095
65.337685,68.42567,2.4580195,2.4464092
59.66773,55.53067,0.8560263,1.010509
46.926952,40.92649,2.5340111,2.5927105
58.74936,62.298885,1.8893126,1.9201794
30.428463,30.615238,2.500846,2.346175
78.48372,83.21336,2.1586623,2.2221987
14.752149,8.8171425,0.65877783,1.4921409
15.898221,14.032574,1.06352,1.043083
81.88245,69.6103,0.53465366,1.7333761
31.805084,41.267883,2.609987,2.8158474
74.5758,73.461006,1.9672674,1.9568315
88.04071,91.87674,1.2020581,1.1355414
85.54214,86.97037,1.6939605,1.6682879
83.8881,83.88868,2.9854078,2.9179797
2.776273,11.773346,0.8313287,2.4184368
55.729782,60.755707,1.5447122,1.824085
70.30089,63.600807,0.5658027,0.98669213
42.26428,41.646206,2.7178538,2.7056403
11.560545,10.164013,0.8121836,1.0832466
9.650433,8.638344,1.5786377,1.9985881
41.977093,45.426758,2.3998637,2.4621615
36.027615,36.306545,2.0836742,2.0585806
14.576419,12.555481,2.230435,2.1964555
49.87778,51.711468,1.6343147,1.0099437
14.809962,10.637608,2.9204922,2.0605798
46.8397,40.7617,0.67676014,1.2451513
84.90124,89.46157,2.3483436,2.3936243
15.272088,15.854149,1.7250817,1.0596316
25.645838,22.60199,2.9616868,2.9249785
49.32555,41.451385,0.8141595,1.0710502
24.23365,16.79821,2.3299546,1.7628456
79.83597,85.03331,1.2619205,1.0277944
40.32404,54.240765,2.4123547,2.5928478
46.83306,47.128517,1.7578651,1.7650071
21.242308,15.707127,2.6530967,2.3531444
21.443413,24.76865,0.67560697,1.7998477
58.05869,51.35013,0.59757274,1.0207708
36.874954,40.338814,2.0016873,2.188537
54.451984,60.905243,1.6308689,1.0693955
48.280403,44.15327,0.6670644,1.0624386
33.271996,29.16036,2.6627662,2.4544768
51.06191,53.25779,2.0281897,2.05284
20.529394,19.79959,1.1689652,1.050646
20.200367,11.739716,2.9324324,2.5434206
95.1389,95.07415,1.2431595,1.2694651
52.123856,51.543964,1.1424232,1.040689
53.8661,50.44657,2.560625,2.520453
80.59175,77.25766,2.2618492,2.2342951
61.01271,61.423172,2.3718603,2.4002922
33.128902,29.306942,0.71280986,1.1467416
37.81803,39.9251,1.4194981,1.0397131
6.187183,7.294365,2.7117822,2.286009
3.8616016,8.485317,2.0830462,1.828895
2.1881409,5.032528,1.3188304,1.5928015
44.13829,43.958115,2.675103,2.715282
97.94955,94.04222,2.5264828,2.3584905
12.409334,11.9024315,1.145247,1.0933833
10.626352,7.476162,2.4558785,2.4296994
50.288773,51.421753,1.1681058,1.0104595
73.10157,75.49345,2.0213473,2.040323
70.0796,70.00212,1.0105704,0.9677071
17.201195,15.526062,0.8131921,1.17138
72.92909,71.55844,1.8667176,1.7944944
98.5716,95.981384,1.1190045,1.333838
47.48675,49.786816,2.1432378,2.1725254
18.657051,15.701725,0.83997536,1.1050501
19.458189,18.909922,1.8222784,2.0921788
81.38115,83.73743,2.0028765,2.028317
95.68526,89.47717,0.7508297,1.1047366
44.30549,42.185135,0.9872516,1.0062392
36.065315,27.997187,0.5650908,1.1094613
70.29873,74.83066,1.2249155,0.9937335
9.683342,12.045929,0.5037588,2.331546
10.814775,7.4636955,2.413956,2.1937652
17.120573,11.870274,0.8706935,1.4693623
92.077255,91.55893,1.0190609,1.1245239
55.203014,62.056236,1.5565594,0.9635319
55.538944,57.443684,2.1557438,2.158992
43.46201,29.001749,2.772022,2.3909318
58.261803,54.730305,0.93609345,1.0742157
79.36196,82.3375,1.0298939,1.0005695
37.506092,36.13926,2.5852287,2.5526016
61.328194,61.92635,2.771475,2.7807124
28.886469,28.100206,0.97673273,1.0526807
44.936127,47.66815,1.0863438,1.0713458
92.47135,93.48352,1.9455738,1.9764708
25.975271,29.303474,2.0225983,2.051166
27.52613,30.630068,2.002845,2.2590451
76.84856,81.91976,2.4954376,2.538777
39.545036,38.64172,1.0641239,1.0309494
86.76582,86.24373,0.96252805,1.0643735
89.46261,88.77092,0.98191947,1.0961404
55.64861,57.322186,0.757799,0.9944611
66.11603,70.10997,2.7486913,2.855639
55.313484,56.2211,2.7657192,2.8094277
82.32007,76.58256,0.676575,1.0496209
43.986683,39.04158,1.7815006,1.5873868
55.521523,49.648987,2.7392578,2.6191146
39.176792,34.21965,0.64429444,1.0460458
93.98811,86.5681,0.7050141,1.0722737
72.63101,81.22339,1.4166163,1.0051149
44.5667,44.10427,1.8710469,1.8917036
1.4694172,5.7834816,2.9311237,2.2736917
90.991585,92.689545,2.7603662,2.7186213
6.5531554,5.4310265,1.6278032,2.3361204
59.045006,63.117283,0.8697422,1.100456
84.89783,86.69971,0.9035307,1.0499861
23.449865,20.409973,1.663599,1.1014996
24.11156,16.708614,2.984193,2.8551536
39.807026,41.029854,1.3499093,1.02976
9.437387,11.073887,0.56829566,2.0297456
41.193745,35.80307,2.894872,2.846971
17.520187,42.932682,2.8746393,2.972238
17.940472,8.864006,2.5479553,1.3636322
87.638664,78.83806,0.53868717,1.1729937
29.713434,29.495365,2.817994,2.8548775
79.30723,89.912704,2.5903726,2.774157
20.120403,18.686678,2.4880483,2.4992452
46.328693,45.339684,2.9180279,2.896397
21.530283,22.951656,2.3365998,2.2379508
53.456577,46.809887,2.4744058,2.3385415
27.113829,18.53483,2.854687,2.8347135
89.03669,89.491135,2.904823,2.903757
4.7330275,8.032154,2.8417363,2.3199496
67.236565,68.960846,1.9470482,1.927107
31.785282,26.524137,2.6284087,2.6083827
70.25023,63.76497,2.2748384,2.1985986
67.517815,67.806755,2.259439,2.2566872
52.24977,56.960117,2.0911574,2.1523726
76.08836,86.55063,1.4915715,1.1522354
34.059322,32.520462,2.3015914,2.237738
81.25368,87.44864,1.5983528,1.3512199
82.745155,83.85743,1.8354366,1.82514
40.846973,34.74493,2.2208555,2.0602431
75.75573,68.55046,0.58943504,0.96640104
65.93032,60.557175,0.6433189,1.0024692
15.203873,12.652084,0.9319837,1.7567064
29.366262,32.041367,1.3911244,1.0402229
83.51209,88.77338,1.7858949,1.9091612
12.002877,3.1161194,2.966702,2.2177575
31.045048,45.88033,2.0338383,2.6211
94.622536,96.43899,2.4698484,2.4766161
92.527336,95.63867,2.0593836,2.1084023
0.9460761,1.7439499,2.4763145,2.1952763
57.575947,56.1855,2.7713203,2.7108305
7.777619,5.3171844,2.2046282,2.3914907
53.760605,55.40238,1.2128555,1.0071219
24.814508,37.909874,2.2766485,2.3844829
90.72981,92.51347,2.8864818,2.8565383
5.9876137,4.776581,2.5224817,2.5292587
82.47348,81.78023,0.94358724,1.0428525
36.039196,35.016693,2.282582,2.2610734
65.102806,64.682945,1.8806999,2.0075777
92.082794,93.22987,1.6883129,1.7239014
68.741875,69.8242,1.6866641,1.6524309
71.72672,70.54057,2.8097312,2.8009949
94.66336,85.82017,0.6231961,1.0390521
76.601456,77.591415,2.4624877,2.4290228
16.70271,13.243534,2.6000834,2.3733945
32.742958,31.279278,2.4837682,2.5288324
63.99996,64.4353,2.5616693,2.5336227
41.753746,42.955463,0.93963796,1.0254462
74.61518,79.560936,2.3877754,2.4367645
71.117615,70.52299,2.1999314,2.135822
38.869987,37.66369,1.1181065,1.095901
20.677717,18.788584,0.88745576,1.1589228
12.780643,12.4043045,2.4114506,2.4157624
93.53693,88.34054,2.6198156,2.5809834
2.3030293,17.913773,2.36079,2.7770276
89.04185,90.52051,2.8587291,2.8759913
53.91467,55.89198,2.5374207,2.5327625
63.84635,68.05296,1.5884305,1.2347603
56.637997,60.159866,2.0565472,2.0748672
22.739822,22.332891,1.0328516,1.0993028
63.866634,63.87624,1.9654248,2.0241666
36.482384,36.18939,1.1617343,1.197498
53.188953,46.453823,0.5152835,1.0527705
54.77328,50.304356,0.5172029,1.0284667
25.311699,40.237488,2.8135102,2.7929173
50.98099,50.125275,0.6915128,1.773939
72.410805,82.05505,1.4963001,1.0146512
97.806725,98.94823,2.9099972,2.9308252
6.5304923,6.737686,2.1953707,2.645418
97.68045,76.2598,0.5120612,1.5057411
36.37832,39.23235,1.4744655,1.0692309
30.4501,28.790728,2.1077375,2.0037255
63.99688,66.24789,2.4473839,2.4541469
9.052176,11.952576,1.7261829,2.3348734
33.8338,30.760092,0.6608706,1.806563
18.049353,16.953983,1.8845185,2.2217264
1.6213832,2.103222,1.1985819,1.491816
80.23427,83.7778,1.7054716,1.7396907
99.007614,97.40429,2.9456522,2.9540133
88.956375,87.27751,2.4749613,2.4273047
89.74728,98.3233,2.830541,2.905673
37.395424,33.4537,2.6317918,2.5561693
87.34456,74.534485,0.5613511,1.225371
59.44225,79.82172,2.1019588,2.384153
83.27367,93.80177,1.9396999,2.0266705
85.07435,89.66933,1.2725409,1.0830147
22.569424,21.734087,1.4937518,1.2668172
3.9518661,12.494621,2.1702158,1.7855713
59.76239,59.17679,1.7348883,1.7203327
37.492558,36.87181,2.7152529,2.5938993
26.80379,30.650278,1.6470162,1.7544731
34.394688,35.12625,1.7241076,1.5478857
20.162329,24.580545,1.556231,1.0954354
0.5722429,16.20361,1.9057009,1.9993905
56.19321,66.671104,1.7315433,1.8343635
5.1223693,30.65837,2.7665653,2.968711
81.95825,84.48939,2.5023487,2.5099707
3.2199411,14.146034,2.5041997,2.4998536
26.959484,28.748121,1.2624203,1.0215564
12.8048315,12.571838,0.90048254,1.75295
83.079155,87.362015,1.1744788,1.0422263
4.5654874,12.566357,1.3901151,2.3552208
14.55425,5.366848,0.7834963,1.4552187
14.1178055,10.501011,2.7194881,2.8296626
69.8037,74.38252,2.3693027,2.3771915
47.775063,49.608437,1.7182617,1.7154725
4.9562974,5.2454376,0.5504557,2.3009887
32.05011,20.220411,2.8105683,2.2345443
59.13051,58.664085,1.99395,1.9475999
84.18729,84.46451,1.8960589,1.8910456
21.877964,20.126818,1.8762038,1.828691
69.818504,73.17772,2.6326358,2.7158642
29.995493,28.833843,1.0651007,1.0697317
80.21167,87.55063,2.5231838,2.479894
19.88813,19.826794,1.6736859,1.7711375
61.85555,63.813244,2.3783414,2.4103389
87.63081,89.65697,2.5734038,2.5435681
97.52695,100.0,2.7128747,2.7815843
85.07374,85.93732,2.2176692,2.23537
56.272427,52.168106,0.90854925,1.0279043
70.688995,70.14212,1.768933,1.7560798
70.7147,71.39875,1.9120091,1.9306263
99.94309,99.371796,1.7282165,1.7245253
38.57365,41.72319,2.3161068,2.133396
52.417828,57.12413,1.495665,1.0280409
21.441196,18.98169,0.51386636,1.1073837
67.810165,67.03504,1.7176443,1.7506336
54.170586,63.003555,2.6226935,2.6706254
61.878952,59.872982,0.8944719,0.9991189
19.803831,16.584206,0.56656736,1.0504341
63.865097,57.821236,0.5492897,0.99266726
74.78716,88.19891,1.5477071,1.7419418
16.359035,24.217976,1.9515007,2.1686702
27.916544,29.502832,1.5081931,1.0535905
55.98161,53.4968,0.9281336,0.9817109
76.89055,81.66288,1.1051381,1.003318
78.58645,88.10341,1.4079387,1.0614676
36.266727,34.369385,0.6964893,1.015835
77.79831,84.33693,1.218231,1.0632668
81.30402,84.332886,0.8506767,1.018924
36.063908,33.73323,0.75993097,1.0140407
49.673023,50.57937,2.447033,2.4989858
11.150925,13.11496,2.12931,1.7561396
39.449257,40.43004,2.4002354,2.4405293
69.11942,66.55588,2.9356954,2.8850288
72.42983,76.071556,1.1614063,0.9853798
73.7709,75.16959,2.4199522,2.4407296
27.176619,21.517738,2.3095746,2.0568016
14.659836,23.07,1.2643893,1.0959262
54.765408,55.403336,2.432675,2.2839177
93.293755,86.35793,1.0629605,1.1955593
85.94883,94.79856,2.5709822,2.6133614
46.411446,46.298954,1.6490399,1.2461839
6.635162,4.0193443,1.9049678,1.6033977
73.7568,75.51454,1.6826184,1.4891304
85.777725,84.007034,1.8865268,1.8463707
99.063416,94.018936,1.1306518,1.3533335
84.85509,79.61277,2.3488643,2.2331216
86.721886,73.23111,2.9785137,2.7964249
93.723465,92.70169,2.8720472,2.8376968
36.223614,43.751736,1.9399813,2.282378
92.83503,86.97473,0.6975554,1.2802944
56.29433,56.17882,1.6498708,1.5148982
68.03249,70.10608,0.9964569,1.2772634
82.559326,84.84628,2.9059134,2.8885283
17.560436,13.347843,2.3000815,2.393309
19.09193,18.892117,1.6658968,1.347451
70.47407,66.496155,0.6387284,1.3665674
7.1657224,9.64212,1.976353,2.1071296
94.53141,95.062485,1.6528392,1.6581285
99.3465,92.9223,0.89233947,1.1636301
46.7965,40.29319,2.529841,2.334764
73.21358,70.45764,0.82349575,1.0178313
61.299152,62.573578,1.6724256,1.5690584
24.28873,23.76849,2.181905,2.4024417
21.924858,24.58273,0.9230795,1.1155446
88.49907,78.830025,2.8483307,2.829846
98.786156,94.97415,0.794865,1.4455228
8.498737,13.726883,2.9609413,2.6223602
86.880325,77.88757,2.5636735,2.422968
34.012947,32.64486,1.2271221,1.0087807
2.1900272,3.8585587,1.9734075,2.7308638
50.276264,51.622604,2.8145878,2.8399189
34.628403,31.864363,0.7586584,1.0382619
38.43995,41.021194,1.4902889,1.4905323
88.59611,88.30394,1.7981282,1.7876911
50.57392,54.598095,2.8075304,2.754148
80.55925,82.767136,2.357662,2.3331428
16.258501,16.507465,1.393173,1.0877124
27.979736,26.151716,1.9034132,1.8787054
20.164093,16.574345,2.7027419,2.568461
0.18718737,7.238613,2.3555841,2.0188792
61.268913,64.49646,2.4164672,2.4480662
12.102507,11.65778,1.3505514,1.0854802
84.15436,87.85919,1.2041041,1.0900567
70.82402,62.35107,1.0521592,1.61308
21.757736,20.383997,0.8932481,1.0376146
47.54645,50.45228,2.6475868,2.6999497
37.313168,30.988209,0.5322143,1.0136933
82.131516,86.800606,1.17686,1.1006017
27.523512,22.775555,0.56881696,1.7681103
98.01924,90.68985,0.68976957,1.1776423
86.582466,84.205864,2.6906402,2.6463704
44.37047,43.091896,1.1053395,1.0308478
53.31079,53.282288,2.5542262,2.5479739
9.05852,14.488087,1.3964975,2.4221818
82.475395,77.27706,0.5534186,0.9788291
73.357666,82.72914,1.4916342,1.1162605
28.762285,30.382029,1.7250375,2.026178
94.59103,86.10318,0.6829269,1.0244231
97.16489,88.9895,0.59082603,1.0760092
32.50716,33.23562,1.8974594,2.0200922
65.63589,75.05838,2.7312818,2.8590815
60.982483,56.825367,0.7718329,1.2259843
20.510069,19.969397,1.2497628,1.0882843
87.02008,90.2055,1.2479651,1.1098418
91.994,93.81584,2.6919253,2.6000242
13.171408,16.805962,1.5383499,1.7744982
39.208748,31.203321,0.80673677,1.4104419
19.364912,19.092905,1.8743145,1.1708492
21.820406,21.512384,2.0033505,1.7207236
85.70578,87.69124,2.9441566,2.90512
29.437286,25.781403,0.7655585,1.0149758
52.62198,44.05738,0.7332446,0.9995094
53.24972,51.655315,1.1817907,1.1689813
7.22375,6.810295,1.4410181,1.4058359
3.5649164,10.69508,2.7889676,2.5249605
46.07106,46.97625,1.7502669,1.4618973
3.0288835,3.8563576,1.9418554,1.5074754
37.196136,35.078106,0.85241944,1.8058052
57.55314,63.34981,1.1485348,1.0080674
48.525867,48.525543,1.1499028,1.0103741
88.775475,89.41952,1.9753706,1.9772265
78.73884,79.59056,2.3347995,2.3443599
53.893394,47.958473,0.74777645,0.99061143
26.819834,26.069313,2.2045448,2.1843464
46.39996,43.840096,2.2673075,2.2373695
68.1035,65.265686,0.85093665,0.9978901
66.81283,70.64336,1.1550257,0.98547536
14.315322,12.059742,2.3928132,2.3987882
76.89022,77.809235,2.9121678,2.9071584
11.242981,9.464756,2.0762756,2.0301208
74.42145,81.94112,1.6641303,1.4196298
39.934143,38.647995,1.8013123,1.8602229
23.806879,19.876907,2.2144308,2.175864
41.67922,43.731697,1.3512436,1.0302644
41.67876,41.110226,0.89364016,1.041937
44.045452,56.09509,2.3165686,2.4076343
77.46457,74.78926,0.7466673,0.9732289
83.57538,84.30534,2.265293,2.2580109
6.075599,6.3890533,1.1056138,1.2984833
66.765434,77.15385,2.1909308,2.2576506
52.543694,50.224335,0.93279463,1.0554228
30.348944,30.88457,1.3292277,1.0541649
69.51235,68.012695,2.8213382,2.8305001
74.83315,83.27028,2.6295884,2.7482724
8.155663,3.8872948,2.4166324,2.5997665
76.5226,89.10656,2.336647,2.4685767
21.433615,19.140383,1.033746,1.3809651
2.8711348,1.6022339,1.4987311,1.7511114
51.087753,55.693287,2.4757037,2.6355796
15.021009,13.296501,0.69615704,1.4494765
36.629963,31.163338,2.6717236,2.7732205
91.83934,83.45707,0.82450485,1.5098342
77.73264,73.66767,0.91533697,1.1488657
81.37192,75.74188,0.6546027,0.99348843
95.91999,98.00496,2.2338367,2.2602365
52.047066,63.68082,1.2220302,0.99255556
46.826485,47.59515,1.9547005,2.0145164
41.804985,39.501545,0.8898027,1.0042875
15.753142,13.09845,1.8075598,1.4957373
14.194792,8.71735,2.4120672,2.6461098
89.496635,91.72859,2.6994996,2.6895247
6.3394895,7.8063927,1.1248815,1.1327035
51.363262,47.957138,1.0689957,1.3229303
27.337759,34.544956,1.4722705,1.0321939
33.954617,34.56197,1.4384534,1.0278826
40.98324,40.41073,0.9123313,1.0722847
50.84749,50.947895,2.0632815,2.0686953
10.764447,11.24519,1.5251107,1.1337237
81.0688,82.3189,1.6598002,1.6546875
84.36194,89.89092,1.3521296,1.1173966
46.84123,48.76087,1.6293794,1.4065166
6.1326513,5.143387,2.7309234,1.5516102
27.006226,25.309431,2.3512635,2.314694
75.99532,89.06061,1.5728091,1.1552458
96.98808,96.95859,2.1942952,2.2064047
54.103886,59.39091,1.9269136,1.9166194
7.7017264,5.8946495,2.4077463,2.5064936
76.99534,82.18135,1.0666765,1.0160108
56.795555,55.159447,1.2642219,1.3210769
12.290347,13.649811,1.1112374,1.6298714
39.942387,38.950127,2.1772013,2.1828675
97.47582,87.9252,0.55697423,1.0757394
17.973267,16.337402,0.97340024,1.2917475
17.655554,13.65789,2.6313899,2.5731442
37.128735,40.285336,1.8966238,1.9988335
24.7398,25.61486,1.437789,1.0619671
37.787956,47.75243,2.1395018,2.3644757
97.041595,95.72131,2.2432287,2.2011633
47.353638,40.836967,2.5461998,2.4472816
67.96813,60.87137,0.6850634,1.009766
78.25032,74.61897,2.8474705,2.7575233
58.712673,53.466213,2.1457179,2.0584514
38.75621,37.546246,1.0976903,1.041499
25.179512,22.25026,2.609849,2.8141165
91.67106,92.64717,1.6962634,1.7118634
87.153984,88.60843,1.0532287,1.1023664
86.982834,93.54752,1.7390054,1.8036512
98.47942,90.25415,0.68083256,1.1139355
35.8796,23.954985,2.861175,2.6778374
25.793102,24.381596,1.8932736,1.5370139
42.25952,40.53276,1.0977559,1.043661
35.556656,39.544014,1.7624934,1.9609952
38.00719,36.053596,2.4732964,2.4794338
53.951424,45.175232,0.507913,0.9926161
78.43983,84.40668,2.4912477,2.511108
72.74908,68.35129,2.9880264,2.959118
43.509254,45.26062,2.264518,2.3084705
34.563496,32.501247,2.2101352,2.1441052
71.74301,74.12416,1.6624842,1.6703703
18.036072,10.577217,1.7122824,1.5219171
55.74625,63.009865,2.6449754,2.6940696
48.43655,48.9923,1.7822546,1.8294606
78.63155,84.48415,2.6632717,2.7416945
12.406329,13.335789,1.3942802,1.9172714
0.5086169,9.58469,2.0451095,2.0600603
89.666115,92.43116,2.2867706,2.2610278
80.243126,78.62436,2.954864,2.9249349
92.65429,96.02814,1.5322413,1.3619692
7.527062,4.474495,2.740065,2.59261
25.022068,21.461847,1.8600827,1.5279077
94.8104,82.71115,0.6148103,1.0503277
40.917797,37.67604,0.87292784,1.2047565
40.974865,34.831963,0.63128585,1.0286933
89.41895,81.5614,0.51789117,1.0471501
91.47518,99.6619,2.1814194,2.226678
99.31651,92.95668,0.8545263,1.2390717
10.574988,8.273529,2.4090843,2.3524535
39.8181,35.4873,1.084791,1.1641207
88.084915,90.962234,2.8041735,2.8350344
54.32273,61.429775,1.5215638,1.0096958
95.08329,84.854034,0.75703853,1.0403079
88.52744,91.49273,2.4918027,2.4867973
59.94335,60.10868,1.0272413,1.0207863
60.202774,60.30655,2.8882732,2.8584929
40.637688,33.079407,0.84745777,1.5460911
36.810677,42.181328,2.24763,2.2569191
53.456448,45.513275,0.63869244,0.9924652
99.079124,88.44075,0.5219995,1.0903981
90.31827,90.32936,1.1176151,1.2181236
43.496304,45.783554,2.4344394,2.3902445
34.612057,30.24658,0.88449997,1.4384729
7.7588816,9.164032,0.7428493,2.077218
25.125397,24.305426,2.8095307,2.7927928
35.88001,31.059782,0.79107106,1.4619482
33.63421,35.365334,2.356335,2.6679974
47.569653,45.853565,0.9801884,1.0730875
7.73558,6.7865524,1.5110685,1.5831805
62.491596,63.108395,2.8170934,2.8226194
55.421543,48.985832,0.5428515,1.0143335
1.4828259,7.581566,0.5578411,1.6462622
63.655052,52.189728,0.67473924,1.4801505
99.56105,98.85153,2.8472273,2.876565
70.46573,78.792854,2.4118762,2.4954214
71.42135,71.01174,2.8542504,2.8441842
47.08732,32.62886,2.7858465,2.7382157
56.18321,57.317135,2.5767722,2.5829468
66.23715,57.792587,0.79509497,1.4861112
99.30957,97.602615,2.226217,2.2293177
21.543505,37.48536,2.346651,2.8221407
30.579287,30.723078,1.8324685,1.8261652
9.240475,8.202545,2.5293078,2.5976014
85.17854,86.6704,1.7648522,1.7698127
30.61083,29.847647,1.0591924,1.0449811
9.101521,8.0530815,0.97395194,1.1262273
79.030266,81.27679,1.6748399,1.6843839
38.94344,40.122005,2.5579543,2.558442
45.662094,46.148277,2.0993106,2.0929186
27.521685,16.285122,0.5610762,1.262161
70.593,69.048935,2.5811644,2.5839405
26.482462,26.771664,1.6284513,1.1212461
50.32606,50.27243,1.129426,1.0228374
49.887722,49.6354,1.290037,1.0500467
73.28756,72.51288,2.3446813,2.3794653
90.17825,92.11815,1.2285173,1.1509697
58.20684,57.837845,1.8612089,1.8759633
48.860577,49.377613,0.9658871,1.2517917
64.31059,69.48169,1.9846481,1.8641863
98.13777,97.189606,1.7283678,1.7399446
99.82522,93.3925,0.8579748,1.2037786
12.003401,10.93351,2.685638,2.2014108
5.0018516,3.9104805,1.2370167,1.7702689
19.488375,7.37088,2.8785543,1.2251904
76.99215,76.86958,0.9795792,0.9857125
36.20382,32.65978,0.65073425,1.0176558
98.22031,98.71965,2.338663,2.3120098
76.68946,90.39006,2.859056,2.8831055
19.033516,15.017754,2.6349525,2.5916073
87.98344,90.51134,1.7656641,1.4970189
40.301804,36.877716,0.707969,1.9195805
74.79105,76.168526,1.9986444,2.0251844
88.27112,96.10092,2.2467213,2.1543052
2.3871124,1.7770805,2.2159467,1.8622345
97.842224,94.65293,1.0705899,1.2470735
76.275055,70.764465,2.9853275,2.9351804
26.406359,24.58225,2.708379,2.70932
61.785236,69.646675,2.522162,2.554184
17.501106,16.770855,2.5569003,2.4025698
92.08522,89.21321,0.8697914,1.123945
21.957045,19.941362,1.0812975,1.0817153
24.787626,25.343948,1.4363137,1.0697167
72.07462,68.49872,0.88381344,0.9845332
60.04404,59.725384,1.7416584,1.7321258
69.46073,76.61836,0.9531466,0.98518544
74.42922,76.608986,2.2388856,2.2720923
32.374912,30.746538,1.2216499,1.4755871
79.590866,80.62538,1.7673116,1.7947193
81.889694,87.83252,2.636859,2.7402349
37.03565,37.94432,1.0476123,1.1171628
48.39145,50.829643,2.5169356,2.545726
16.975601,4.348057,2.9393492,2.5824168
49.39912,48.222294,2.2388892,2.23336
43.618866,38.686157,0.8134599,1.006319
7.859473,13.457874,1.166929,2.7065306
12.487378,11.4175415,0.9873048,1.0818073
65.72439,72.02078,1.8338279,1.2668256
70.61595,66.71306,2.3658812,2.3518386
8.547112,6.3483887,2.0047982,2.1080108
8.350123,7.388691,0.9063383,1.1337804
14.537366,17.791004,1.5984132,1.2796073
65.95534,62.71626,2.9710898,2.919943
26.18626,19.856205,2.5049014,2.3553247
58.78438,59.713913,1.9595805,1.9816077
29.788021,30.166307,0.9270944,1.016438
7.830094,7.026493,2.8392909,1.8499247
89.02065,92.33289,2.0268364,2.0301294
81.11627,86.8201,1.594894,1.3648374
45.33882,42.82713,2.371576,2.2700877
32.1332,29.082926,2.7429597,2.7156773
26.06209,16.788902,2.6634853,2.805878
62.57297,53.579784,0.6964498,1.2620444
14.97332,11.327286,2.6785033,2.8482451
59.65228,61.566273,1.9403294,1.959636
6.3586993,7.375103,0.6064092,2.2768514
69.59605,69.82521,2.0397227,2.0976348
50.077477,53.826202,1.4671906,0.9785552
37.52746,35.97178,2.9669716,2.9298906
21.301226,18.085566,1.0392395,1.2746872
94.39548,91.0686,0.7394071,1.2698755
7.300661,8.502758,1.5603174,1.1205332
17.306097,14.956886,1.7787776,1.8682371
78.272644,79.92328,0.8140666,1.0054446
30.504158,33.196247,1.2251439,1.0236467
62.545113,64.815544,2.0465724,2.0561182
22.485106,22.174587,1.1948864,1.0616043
94.63563,87.709564,0.9074484,1.3896422
12.569576,12.978821,1.3224007,1.3613636
58.848576,65.46205,1.3896811,1.0077801
97.641685,90.27205,0.79052955,1.1299686
53.704235,57.048447,1.089968,1.2305286
27.12518,28.67423,2.975833,2.8498588
14.974303,14.659958,0.9031028,1.4208657
74.022285,79.29265,2.4101665,2.4477596
53.953102,52.430443,1.7743902,1.1114026
2.8922853,6.172352,1.2939589,1.0336287
31.659632,30.875422,2.327142,2.3158033
92.64514,90.974625,0.9288487,1.1277788
16.828485,15.103832,2.1751742,2.1423035
67.49502,70.87439,2.8515863,2.882372
62.799484,66.00941,1.6047217,1.2706401
78.50703,83.055115,1.9152607,2.0408165
10.206725,11.889389,1.3681372,2.1814024
34.568516,35.740578,2.5739944,2.2828894
13.720791,15.210133,2.762724,2.3447216
87.86363,93.90668,1.4922177,1.5513891
54.12957,51.410347,2.1053722,1.9761431
40.930428,41.40109,1.7561407,1.7542816
33.399677,34.288837,1.4222862,1.0468187
50.6439,46.59897,0.78977,1.0294311
17.47194,25.327877,1.8180424,2.2624807
20.329231,18.624777,1.01449,1.0857496
23.486217,14.131664,2.0443141,1.9130379
25.07155,27.103949,0.8748302,1.9900401
76.458,90.50497,2.3012664,2.4779718
37.641064,36.560795,2.1243021,2.048683
84.754616,93.60834,2.3585804,2.4832613
22.086403,21.794334,2.5358102,2.5829484
42.424423,41.383663,1.1239098,1.0161072
17.254358,15.301872,1.7985448,1.6299874
98.60614,98.091675,1.9801633,1.9772807
22.50616,12.299141,2.908828,1.9648288
11.303556,19.525475,1.7464771,2.5701993
41.695885,43.577908,1.1749568,1.1764696
70.871216,73.07334,1.7749246,1.7727226
43.02865,39.44609,0.8681646,1.0135143
49.52983,51.680725,1.6841854,1.4497004
17.087936,17.735619,1.4988075,1.0508544
0.7834491,23.696213,1.0565288,2.9550757
84.17453,81.935844,1.0876609,1.1581581
95.06674,86.494675,0.63680726,1.1348546
83.0271,88.10036,1.2680949,1.0780602
42.534256,40.39903,0.8784337,1.0554736
59.927887,62.356552,0.78926826,1.0502589
58.435555,59.639225,1.9720116,1.9631015
50.240494,50.02225,1.069077,1.0352829
83.98294,73.77158,2.884478,2.841174
87.618645,91.63489,2.4999669,2.500738
60.066307,55.51797,2.4599223,2.469704
80.54462,81.388985,1.739843,1.7456105
0.8386612,6.22139,1.109549,2.4340978
34.38432,38.06067,1.4365305,1.7872868
54.540203,62.94923,2.652791,2.6640108
71.38972,78.93941,2.345501,2.426743
50.16201,56.94979,2.5350578,2.6117191
85.246124,83.218704,0.7583577,1.0220664
50.002087,53.14228,1.4553311,0.9997319
10.953462,9.426594,0.83139706,1.0954709
94.137146,96.10886,1.3615901,1.3066293
13.632455,16.140343,0.5282582,2.7722044
76.265205,89.90988,1.4907295,1.213139
37.097725,32.877167,2.6662176,2.5996325
4.564557,4.742424,2.436702,1.8917503
55.937992,59.467773,1.7547529,1.7656513
14.86054,11.913597,2.6095006,2.5787456
8.11393,7.295082,2.9389958,1.467349
30.080797,26.140202,1.2992063,1.6259897
53.914715,53.876266,1.1555463,1.015971
25.791286,23.575788,0.8987747,1.0588936
12.673566,16.135674,1.7590916,1.623994
63.605484,69.53743,1.4132766,1.0175433
93.68494,91.7565,0.99397534,1.1404076
95.52853,93.63034,1.6842124,1.5060819
81.56073,88.159546,1.5697002,1.3146534
47.841766,39.768913,2.775529,2.4734936
93.7491,96.029175,1.4131534,1.5854299
2.404284,1.5900154,1.7147759,1.9848808
24.91896,24.839367,1.4822131,1.0074875
21.91796,24.055618,1.9769197,2.046946
7.077767,11.7500725,1.9244511,2.4260817
56.500034,60.671368,2.476897,2.4123216
78.54584,75.24675,1.6546671,1.812694
17.700453,25.458483,1.4773741,1.1705922
94.54284,94.92381,2.5681496,2.6224113
17.945723,12.1842,0.7756766,1.8536403
15.543215,13.288361,2.2146387,2.0112364
4.6033745,10.440041,1.0068885,2.5435205
78.08223,87.94342,2.9830596,3.0
38.259144,39.43699,2.4222798,2.4611766
64.88462,64.18093,2.2157109,2.1725898
6.323842,4.4468117,2.0721843,2.4773183
59.353844,52.210194,0.57001173,1.0191009
81.682495,85.14903,2.307656,2.3347878
46.687656,49.20251,1.2315645,1.005118
97.93899,99.148834,2.8583827,2.9648871
0.2822449,0.21988678,1.7965462,2.2183785
53.494736,60.232082,0.59796196,1.044256
12.971978,11.131882,1.7471247,1.3967907
76.90271,79.0947,1.667419,1.6115685
24.149277,24.64784,1.3092158,1.0395061
88.15615,94.06005,2.135304,2.176136
74.00307,73.99311,1.9108053,1.9285066
26.1107,22.383833,2.9165788,2.872569
83.232574,84.04087,1.9045147,1.921681
41.235188,38.53611,1.8052502,1.7644484
24.583256,23.493862,2.1849735,2.157858
8.31305,10.719002,2.864305,2.335221
22.627316,22.051165,1.8786321,1.9440384
21.838963,11.277939,2.7880561,2.5215564
33.935646,41.175987,1.9396114,2.1066477
38.710266,42.426647,2.346294,2.2880025
50.863155,50.420967,1.9889662,1.9838018
38.01835,41.86596,1.7504479,1.9687493
28.83872,27.84439,2.7726405,2.7862787
15.360647,16.420639,1.6698135,1.9969115
10.408422,17.260971,2.2262788,2.4544675
66.24678,70.24712,2.78656,2.7874587
54.417053,54.139423,2.8908174,2.8662295
61.58875,65.46448,1.2731895,1.008045
28.343403,32.157227,1.7201784,2.18333
66.62199,66.417076,2.145184,2.0868235
47.66283,45.476242,2.207469,2.2087233
24.1181,17.027592,2.2660902,2.0743098
93.647095,93.4052,1.023583,1.1694412
43.028416,43.22288,1.7539814,1.7995168
40.538036,39.873512,0.8282937,1.0664597
56.460056,61.00348,1.9848634,2.033553
70.57871,74.32555,2.1290226,2.175821
48.995853,48.648838,1.697844,1.5656086
47.65203,48.85854,1.9477298,1.9895339
22.24348,22.615063,1.6728997,1.4215077
64.90367,64.588295,1.7688618,1.7842067
98.350365,97.786026,1.3624012,1.410246
61.217957,62.39384,1.1790385,1.1345217
41.45411,40.048645,0.8485729,1.0024543
17.518301,13.006443,0.5070574,1.2297075
81.00506,85.92757,2.092895,2.1063454
2.3213885,11.722427,0.91124755,2.268621
51.591072,44.91947,0.67606544,1.0477891
28.267206,30.636797,2.9235373,2.7769828
93.52654,91.72749,2.6822357,2.6832242
22.844719,12.894535,2.3003783,2.3173223
57.268208,48.097836,0.51729494,0.9868575
67.60799,69.57312,2.6004422,2.6276371
60.22841,52.00592,2.7733502,2.528174
65.632065,66.623344,2.0346625,2.0203528
7.0384526,5.3401604,0.80158126,1.476394
1.2076724,0.3677826,1.0412209,1.5121162
3.509266,8.544773,1.3649455,2.7525268
6.9355164,6.019314,0.9266598,1.9463317
33.211403,31.524902,0.8361213,1.4626523
93.595024,98.2753,2.8603938,2.8958921
4.3873334,2.2046738,2.5762687,2.2964082
3.867004,6.763195,1.7202617,2.614781
17.967316,8.450897,2.7314065,2.446448
53.36647,45.575493,0.6425918,1.051859
68.6601,67.27825,1.0013263,1.010829
90.84078,91.21411,1.7038738,1.3769501
40.246017,45.409103,1.4335283,1.3177003
35.335438,36.853294,1.8780807,1.8457818
22.880466,24.785124,1.0561576,1.5226119
82.68424,88.78673,1.6067144,1.2230878
13.117399,8.982754,1.4172688,1.2281592
27.656435,30.483297,1.5064846,1.2375972
4.2262025,5.4333115,2.8375854,1.3116889
49.208553,48.580048,2.393379,2.4946303
78.004555,80.37989,2.041521,2.0472584
77.23913,76.37664,2.445724,2.3988922
17.568235,13.569405,2.9746964,2.473334
21.028788,27.258419,2.7247262,2.6560006
41.68427,47.107388,2.2097883,2.1765118
89.8293,90.357834,1.1182228,1.1842463
6.1566014,15.119118,1.4588919,2.7231789
96.43125,92.333206,0.9473571,1.1405524
34.663956,38.33673,2.18889,2.1589425
7.3994956,11.317692,2.3225477,2.5635214
88.08676,88.41272,1.0756524,1.1355155
84.023796,76.59618,0.5332185,1.0117514
19.38831,15.181107,1.0523256,1.0453837
28.27001,27.45291,0.895099,1.0287795
16.57063,12.9590645,1.9987655,1.9014523
88.352165,85.10855,2.8875854,2.7971249
17.382751,16.00906,2.0377214,2.0123296
80.741684,82.94825,2.3242557,2.3561125
27.938162,27.511236,1.273778,1.0331671
76.562355,73.24683,2.7655077,2.669143
88.01749,90.18646,2.8636348,2.8667994
33.274742,36.80609,1.1470889,1.3688495
79.595566,83.53099,1.1676301,1.0172715
18.635168,17.08646,2.5270898,2.551182
14.622615,18.15884,2.0165658,2.4886875
26.877714,33.229313,2.356128,2.4508915
79.8848,87.74145,1.592994,1.5342896
52.329887,60.109833,2.7043433,2.778814
19.042301,9.59462,0.58520234,1.6256783
56.641106,54.308838,0.95692414,1.0964606
48.470432,47.608597,1.1351428,1.0212152
85.44174,87.06589,2.1978128,2.1552472
92.92637,93.13326,2.3097968,2.2942572
83.105415,84.68643,1.049315,1.0281031
38.131832,44.596676,2.503623,2.3997364
63.605957,57.183006,0.72423,1.0060921
3.8152366,2.5845833,2.132484,2.5011601
99.473495,99.30419,2.3921914,2.404012
75.28574,82.78911,2.5327263,2.5606694
75.58411,79.522545,1.1449336,1.0177073
27.68985,26.811811,1.5738441,1.5627223
85.01095,90.17192,2.8450456,2.7662883
85.94668,91.113266,1.2959769,1.1649809
36.010864,37.46084,1.6310264,1.7697191
47.300285,50.44598,2.9871924,2.968667
94.91587,98.800606,2.0405097,2.052456
63.929276,56.111267,1.0371107,0.97930235
16.27805,17.227814,2.5753253,2.6069498
62.70573,73.41232,1.7352796,1.7871951
23.168474,24.968325,1.9313469,2.1020849
40.900707,35.0309,0.5195559,1.0618608
65.99138,68.352585,2.7658615,2.7452106
44.121456,44.064926,1.3900077,1.0654184
90.39147,85.40083,2.7284493,2.6770332
23.351688,28.290365,2.6034327,2.8881936
4.329384,6.908539,2.4632392,1.8810215
20.167158,18.676619,1.3519171,1.1080353
88.59073,87.32373,0.9046706,1.1420889
32.92033,31.201914,2.7824621,2.7688594
72.39458,74.88129,2.47948,2.5050066
25.798788,22.304697,1.3982741,1.4318713
59.126976,58.046135,2.950826,2.9535308
4.424572,10.364132,1.5840075,1.3035088
82.85312,84.78209,2.6844602,2.6955385
86.43051,88.20526,2.3804476,2.438867
51.61612,53.186398,2.6217566,2.6414044
37.567196,36.206703,2.6610408,2.4842985
41.221825,37.148365,0.57084334,1.0300238
47.53069,41.720646,0.513586,1.2040648
78.30736,75.35235,2.0966983,1.9969755
94.848404,93.27251,2.800789,2.7962022
66.88941,65.44362,0.9818277,1.1087723
28.300869,25.280092,2.2718017,2.102934
75.2845,69.000626,2.7286103,2.5841963
63.36506,65.41528,1.8291441,1.8843826
24.44674,15.210892,2.920983,2.843841
96.73806,97.54583,1.3676385,1.4341537
78.444916,82.770966,0.9524168,1.2336063
32.057877,28.570234,2.5825338,2.5857096
31.371338,27.756466,2.8527343,2.6880636
36.78764,33.54106,0.8317693,1.0238056
66.51505,75.95883,1.6000148,1.6242263
25.265867,23.4243,0.6830225,1.2322633
87.895134,91.709564,2.6895905,2.7337444
89.541275,94.2876,1.4551947,1.2372901
6.771832,5.3110733,2.0562904,1.8976276
28.76598,25.884302,1.3819494,1.3244758
8.609708,7.537548,1.0185107,1.4034417
63.551285,67.49713,1.5996062,0.9911055
27.812038,33.109978,0.55985314,1.5991094
48.56465,46.11425,2.2740293,2.2042642
7.2767053,8.068012,1.4586927,1.3784617
72.752235,74.23,1.9932284,1.9909599
47.03885,48.43474,2.1314266,2.1324892
20.17117,15.972702,2.9645638,2.8875136
99.42432,95.16803,1.0780983,1.2405486
36.168198,33.993927,1.0341616,1.6515262
62.5013,70.4915,1.6241086,1.5887989
75.20014,79.64064,1.0000098,0.9793271
47.414867,48.83132,0.7232417,1.5917039
90.210396,93.987595,2.800726,2.834284
54.522804,66.86058,2.529185,2.5028234
54.35334,55.104473,1.1544414,1.5166967
39.967064,46.771187,1.528134,1.2432613
50.186523,65.38329,1.9784181,2.155353
27.055445,23.993969,2.235444,2.0810575
5.6286664,5.7487907,2.525716,2.2049303
36.248505,33.52608,0.9791099,0.9987624
4.458537,5.480316,1.6365188,2.5016239
60.213497,63.237564,1.8364527,1.8401358
19.067411,16.355228,2.7731802,2.665471
81.406265,82.763626,1.7109447,1.7236702
95.921486,97.770485,1.9746302,1.9781796
32.820618,39.332523,0.8172051,1.8622211
21.176933,18.884296,0.9116804,0.97572523
36.412926,33.401108,0.9034097,1.1399925
82.07595,74.29875,2.2464151,2.1928773
80.00819,89.098236,1.4407892,1.104538
10.060765,13.842693,1.3955741,1.1063805
24.417435,22.385801,1.9549863,1.8967792
59.757088,61.05113,2.716332,2.7246864
60.180996,63.7373,1.6905584,1.7844347
24.750515,24.52647,1.1629038,1.0553354
32.910347,43.53435,2.9211073,2.8775394
94.50487,89.48996,0.9615547,1.6164887
67.266716,69.85474,2.486279,2.4822974
78.419624,81.69057,2.4836025,2.496513
30.80815,32.331944,1.4418948,1.0477161
86.51531,87.10399,1.7722038,1.7358671
66.54944,73.33731,1.3017762,0.963931
94.25081,95.61693,1.3955462,1.5548635
91.318146,93.01598,2.876653,2.8848236
55.160576,56.242413,1.2416679,1.5808811
31.502718,33.646736,2.228068,2.128844
19.343632,9.789829,0.93618566,1.7341701
55.04707,54.638462,0.927735,1.0141501
26.860415,28.673254,1.4920675,1.0369892
27.131468,23.060045,0.9682325,1.1438746
71.67705,83.87401,1.4824606,1.015309
67.4201,69.969185,2.2396483,2.261006
86.62592,85.825554,0.9987841,1.3722665
16.327778,17.183868,0.67128277,2.18127
48.06937,40.005882,2.7796323,2.4635417
7.7235904,8.923851,1.6916304,1.4015572
74.710754,76.30589,1.0966818,0.9848208
64.15331,64.417496,1.050494,0.99671036
42.698666,45.6297,1.8862381,1.9069327
51.854645,52.38891,2.6084666,2.6074414
35.372543,31.037106,2.492854,2.3687143
82.05491,76.165146,2.6947715,2.5923123
44.3492,36.498604,2.9888322,2.879518
85.643295,90.63257,1.4131408,1.140686
95.21592,95.20055,2.3914526,2.3934283
72.94796,77.86207,2.8808916,2.6717663
72.98301,81.86931,2.1660097,2.3207242
87.36071,87.394295,2.045861,1.9919592
12.792835,9.117493,0.9922545,1.2856219
59.961773,61.241325,2.0342288,2.043406
26.311846,24.522482,2.6716542,2.665911
8.150695,6.082531,2.4879587,1.5740343
68.18395,66.869,2.3783386,2.2863793
87.10898,87.74001,2.040151,2.001974
58.601833,62.05832,2.2912486,2.3680549
40.018463,39.11606,1.9184334,1.9751924
95.91885,98.58135,2.4583466,2.4813468
71.52712,64.43585,0.5537422,0.98044485
29.52281,31.335157,2.6308918,2.8093038
54.4659,46.79924,0.74573374,1.0294718
95.241875,85.92486,0.6099409,1.0277455
45.780575,44.149765,0.9691097,1.0191169
75.68558,82.53982,1.624475,1.2690489
44.35586,50.220825,2.699082,2.7505152
64.78803,65.62113,1.6437577,1.7670751
44.80097,50.234787,1.516244,1.0201147
5.5506625,5.010166,1.6319181,1.2821292
74.718666,77.15025,0.9723229,0.99103445
84.82978,80.484055,2.782,2.7024777
46.365585,46.77244,2.5872288,2.6020558
99.21841,90.862236,2.5633254,2.3573022
93.36137,95.95095,2.9444711,2.9423697
9.871711,9.125481,1.7233528,1.5473877
64.95373,65.564,2.6122084,2.6051695
39.509087,36.230034,0.83705604,1.0455034
6.3851633,9.177231,2.0447242,1.6298151
75.03142,79.5905,2.7732334,2.8274078
68.53282,68.20764,1.8951926,1.9184505
36.09499,35.077194,1.3105612,0.99654746
1.0359025,5.7536163,1.2403451,1.5644921
9.258545,19.345055,1.0640941,2.2308633
72.7112,80.86958,1.1192191,0.99494433
56.218143,59.94026,2.127887,2.2234416
27.915316,27.377655,1.9603642,1.9628836
43.161446,39.849483,2.3436854,2.2610884
17.857546,15.00655,0.8535549,1.1136284
98.366585,92.472885,1.1259177,1.395602
80.57652,79.42425,0.8835197,0.99854153
28.992699,28.034067,0.9956392,1.3489237
28.079159,16.406384,2.650148,2.4392726
61.69686,63.04943,1.109313,0.9904407
5.458243,6.867859,2.3403754,1.8946962
23.04381,28.157087,0.5838112,1.1016139
19.684753,20.2872,1.5073301,1.0865657
15.260216,26.55282,0.5841131,2.3090703
89.82474,91.711205,2.9310534,2.9424026
53.056206,56.52402,1.9325353,1.9498798
31.292997,25.171494,0.67741936,1.0185063
27.15957,19.616785,2.511229,2.5322871
89.06784,84.96002,0.8295069,1.3482354
20.004812,19.22473,2.0286756,2.0154524
53.459373,61.643715,1.2947171,1.7212611
22.367786,25.069769,2.0124807,2.3072605
17.119831,19.574162,0.60252494,1.0068839
34.236004,36.41586,1.4834235,1.0220163
18.585213,17.305107,1.0376568,1.0892534
6.295817,3.1696243,2.5826108,1.866766
14.243497,14.941147,1.5608202,1.0653291
10.141087,9.628704,1.2937756,1.2792704
65.151596,67.772354,1.2853531,1.0291545
35.882973,29.478374,2.300649,2.0173898
33.682568,35.787796,1.3755007,1.0173965
83.57723,84.38583,2.26602,2.2512228
10.382587,10.352322,1.1453526,1.0126631
34.404827,30.864292,2.0245562,1.9137704
59.66328,59.911037,0.8815742,0.969758
70.09256,63.617477,0.81009275,1.3684998
59.484066,60.15852,2.3401546,2.3188803
24.154034,20.326727,1.7333719,1.2724729
21.563189,21.66541,0.97717345,1.0893602
9.162096,8.690723,1.4567268,1.0510993
62.955788,62.355675,2.592649,2.5692036
10.47321,10.0964775,2.399427,1.5860996
44.990597,42.3347,0.87599784,1.1531416
67.58883,72.83781,1.6082124,1.2757057
90.10878,88.84325,1.9156389,1.900497
77.20726,80.5318,1.6647675,1.6898474
86.007515,86.00745,1.6230527,1.6782655
5.428044,4.4476852,0.50461584,1.6159786
72.708336,74.84454,0.9667061,1.0207875
45.96955,45.033016,2.7287323,2.667293
2.9213052,1.9219475,2.272487,2.2440445
72.990425,83.22598,1.1812326,1.0077673
50.902897,56.70915,1.6187365,1.838356
15.992994,10.318981,2.9879727,2.8813787
45.38184,44.954243,2.9425519,2.9009142
57.591873,62.50856,2.9879813,3.0
46.758667,48.087395,1.7478424,1.8774608
55.27571,56.741753,2.015704,2.0163677
89.96335,91.92877,2.311238,2.3543556
53.550552,66.96442,2.7512407,2.780779
66.86233,68.56689,2.2627587,2.2700782
91.70524,95.4671,2.8443465,2.8494687
90.0244,93.80469,2.3304784,2.522522
49.834473,54.234802,2.8086336,2.7369895
0.60568726,5.12368,1.8652233,2.1174657
5.8260193,4.411701,1.8922274,2.1513195
64.25885,56.968117,0.5774583,1.013341
49.14032,47.935795,0.7681513,0.98960817
18.92093,12.060497,2.924693,2.8276026
60.264698,61.06384,2.694976,2.7103252
36.970177,30.850788,2.704963,2.517879
16.055365,7.144966,2.5527968,2.238093
84.37264,84.62727,2.1284077,2.1204195
46.264072,43.228,2.9751358,2.888153
99.41085,91.08116,0.74686354,1.3104439
73.4253,80.13895,1.7590765,1.8356947
57.201057,54.831543,2.3064456,2.335885
73.126564,74.87706,0.71383756,0.96486133
65.12167,64.07461,1.1303374,1.1148404
69.516235,80.12252,1.3712387,0.9916729
76.10251,80.53703,2.2733912,2.3244398
66.42462,71.05629,1.96404,2.0152745
77.36155,89.64412,1.5373074,1.101527
7.8428235,2.9243202,2.9173489,2.149417
99.24964,85.27481,0.5659861,1.7034899
95.16211,96.96838,2.4903104,2.4862149
91.1332,95.76695,1.562938,1.2469561
15.660172,13.314503,0.69256854,1.1285205
44.673256,46.806858,1.7017952,1.0582592
27.99527,26.433249,1.0518919,0.9975672
82.18379,84.80084,2.6355414,2.6508384
71.97994,77.3867,1.6169373,1.3147163
32.689392,41.20607,2.8189144,2.862135
68.949234,77.348785,2.361532,2.3753102
50.51457,50.228775,2.3126895,2.3053043
41.196983,40.187782,1.6933706,1.4508862
34.214252,41.142612,1.4771657,1.0491214
64.159225,73.1239,1.5427334,0.988651
69.940735,72.94111,1.9897037,2.0873528
48.55234,53.427456,2.0522277,2.002291
95.20479,95.42636,1.2566465,1.2844275
61.217598,55.87373,0.75433105,0.9956445
15.46674,11.872925,2.735334,2.1375368
12.992679,20.652771,0.913954,0.99108934
54.637203,60.682957,1.5318803,1.0671465
69.17528,69.590744,2.720051,2.7029026
12.564444,14.22002,1.8359132,2.2143095
83.437164,84.41491,2.9749858,2.9512792
53.819515,59.13956,2.643566,2.7908015
89.74855,96.05536,1.8490331,1.8785347
65.432465,66.641525,1.8867726,1.9164149
49.739914,48.624153,0.524801,1.0060595
16.382267,15.7403145,1.3411053,1.1112151
78.683395,71.1311,0.5429303,0.9746557
43.62908,42.208458,1.0143245,1.0258574
38.01284,33.45932,0.964961,1.0095909
92.898346,95.80397,2.5037696,2.5242338
39.78388,42.255898,0.85889816,1.0708839
35.600872,42.22743,1.5946765,1.397184
19.783411,27.116486,1.8130533,2.5871627
54.536823,57.430435,2.0409348,1.94764
12.675306,9.14584,2.6822362,2.1510417
2.0215573,1.6837769,1.9258868,1.2779007
4.3047414,12.602673,2.8431122,2.6925938
46.46134,46.498367,2.632631,2.551467
94.97464,92.98672,2.885164,2.916912
26.570484,24.26405,0.8644105,1.0685879
36.39786,29.206507,2.6970978,2.4760044
7.8025675,13.82061,2.3005059,1.0686814
13.655115,14.581306,1.5078083,1.0787259
16.894176,14.629082,0.8582291,1.0651636
39.865112,43.36171,1.2280055,1.7544949
51.47808,54.267853,2.1821656,2.2173827
10.902052,11.611279,1.8219479,2.1594622
41.88885,47.736668,1.6715161,1.1554929
87.60559,99.9975,2.6317754,2.7395058
30.239624,31.014479,1.44022,1.2538944
28.76662,34.849,2.4641805,2.6948683
36.60303,37.26925,1.1589127,1.0310225
22.332159,20.568691,1.333355,1.0211601
35.859333,35.7041,1.6655469,1.2916329
77.75031,70.82188,0.5530097,1.0502517
45.025757,49.569595,2.884841,2.8900871
16.230505,18.815258,1.5375897,1.0875247
64.02389,63.032265,1.1216229,1.0375688
38.482536,32.43868,0.518165,1.0374926
10.713559,5.425972,1.2695317,1.7165552
71.719765,72.261955,1.0965364,0.98747104
36.778473,28.317078,0.5130272,1.0452964
65.72217,75.15009,2.779063,2.661594
94.634926,95.74179,1.3369578,1.3195913
47.777706,48.261917,2.7315238,2.7924967
21.902418,18.520811,2.5945122,2.3130841
35.2146,39.221836,1.320932,1.67886
97.75457,96.447495,1.7469718,1.7380762
66.437805,66.88075,2.3032517,2.312163
37.551617,39.821663,1.4544165,1.0434304
7.2902904,5.53664,2.1830943,1.7829071
54.023457,55.11709,2.6911726,2.6693397
94.163185,93.758125,1.763338,1.769942
3.338953,8.79805,0.9788389,2.2029338
99.19173,91.8073,0.90336514,1.1597869
57.28049,55.609486,2.0906494,2.0684593
89.962975,89.588974,2.9290926,2.9584546
77.474915,79.08427,2.820984,2.8330526
75.455605,79.77359,1.4318044,1.2468362
36.472626,39.96493,2.7321072,2.5815234
22.626318,21.02675,1.6121832,1.0372311
57.578423,56.265415,1.1463773,1.100529
6.9280143,7.4674873,0.693519,1.2776031
78.126976,84.622314,1.1583117,1.0845939
90.4755,83.55845,2.9142041,2.7947147
12.566197,10.402756,2.392595,2.3761468
99.93428,99.56887,1.4552122,1.4977534
13.337294,13.60939,2.9602354,2.8941684
4.5169992,10.575783,0.5237034,2.3128464
10.90234,4.6301384,0.61754936,1.5157915
25.715153,23.09348,1.5108957,1.0305355
93.1962,94.76335,1.2775921,1.2610042
9.266156,9.444004,2.632806,2.6484451
46.245502,45.451443,2.1823208,2.2159455
96.89943,98.53231,2.8129325,2.8368223
25.783575,25.917158,1.9921153,1.8669747
50.827515,61.054916,2.8662102,2.848398
18.140902,14.626438,2.5284235,2.4878042
14.112711,14.721687,1.6344788,0.97369903
98.87094,90.295616,0.77234423,1.3088837
94.806526,97.90941,1.7328815,1.7709303
73.52808,86.49936,2.4351583,2.4851575
23.021097,20.631424,0.8568692,1.0398138
10.70046,8.868969,2.1495812,2.1156943
63.603477,71.37045,2.4126604,2.4672396
63.49858,66.28093,1.6707249,1.3880494
52.917652,56.85308,2.0038617,1.9893118
15.996489,12.732273,0.5421482,1.1419988
2.0578346,3.1717796,2.6148622,1.932168
1.8336138,6.259804,1.8848081,1.5361915
33.595753,34.658646,2.3304727,2.3850608
99.195274,96.91356,2.845128,2.7806172
16.3034,9.688587,2.5659227,2.1446433
70.46454,76.05913,2.77573,2.8533092
92.270546,89.763885,0.94974995,1.107367
52.228863,55.35354,1.2561294,1.0376738
33.78438,31.774134,2.738234,2.5391946
50.13168,50.070095,2.3624618,2.363872
70.56828,83.09454,1.5386407,0.9984559
61.251965,60.570133,0.8559606,1.0174203
20.623255,19.387524,2.1394408,2.072521
4.3962655,9.399059,0.8999309,2.346085
9.736653,6.520954,2.797257,1.6536816
25.757227,23.526958,0.90373623,1.0649009
91.0987,90.37048,0.97246784,1.1069118
32.258587,16.406845,2.9620697,1.3933418
53.05533,52.509678,1.9558082,1.9353788
10.341565,10.44603,1.4161417,1.1122361
76.41409,90.33674,2.8416145,2.8383193
97.88002,98.02751,1.5692593,1.6016254
0.6332764,4.0640755,2.1399949,2.231613
52.46059,57.62959,2.4818645,2.5459666
39.813755,39.94633,1.2075475,1.0174936
89.06862,93.56036,1.3550991,1.1827508
11.275414,9.560661,2.3596616,2.3324132
20.112429,20.037172,1.575698,1.0726693
63.96208,67.23977,2.205705,2.2005143
77.26589,91.43715,2.6996288,2.7799273
37.590416,38.451027,2.3693779,2.3591352
85.18776,87.9009,2.0261502,1.9523578
7.036771,5.468994,2.2819648,2.2681088
53.967537,50.987976,0.77327746,0.98493314
11.62359,11.69062,1.2824944,1.1065872
96.28397,96.80058,2.9708455,2.9670026
13.639211,13.832218,1.4255441,1.8038552
60.417683,62.65377,2.3990963,2.3991866
10.769123,7.8015327,0.85632807,2.0841222
76.60005,81.54874,1.6497046,1.6084665
31.660362,30.611547,2.7586179,2.575685
10.933966,9.753315,1.7782221,1.247964
17.79438,29.654133,2.055813,2.627417
85.661934,85.35246,2.5004663,2.4916105
52.147675,44.2148,2.1006382,1.9770145
28.68996,23.700752,2.9167511,2.7684698
27.349821,31.797089,2.4422364,2.6891708
8.094713,6.0924377,1.1553867,1.611604
22.40587,20.21566,1.340347,1.7288355
54.742603,54.469803,1.7871895,1.8457912
61.059093,65.62878,2.868833,2.9479578
66.47683,68.33723,1.8649389,1.8398122
26.49643,26.066484,2.2010474,2.087289
46.921917,40.879852,1.0849801,1.2008915
99.68082,93.41095,2.9828596,3.0
8.660173,8.923561,2.0145454,2.1389422
10.0548725,6.407032,2.386974,2.4924326
43.80887,51.860954,2.0299547,1.9861472
3.369508,1.5964737,0.8999399,1.459585
6.4141726,6.0536118,1.7313915,1.6370405
13.968368,7.8493614,1.4717251,1.9005879
89.99704,91.091385,2.0611455,2.07745
75.89655,77.35602,1.0116569,0.99698997
18.277512,18.753597,2.2359316,1.3910301
1.6171911,11.077076,0.93355894,2.240391
68.65339,66.581345,0.8700649,0.99801326
29.874508,32.915985,1.2415689,1.0715086
27.9514,23.015285,0.6960657,1.4987321
23.273876,20.918522,0.91414905,1.1514163
87.762634,89.96702,1.2632668,1.1029892
95.18792,96.02649,2.6242745,2.6227272
56.044544,55.706978,2.8935804,2.6750455
31.168715,33.999615,1.3000028,1.0152302
83.31227,80.81396,2.093952,2.081407
64.658066,63.77555,1.0947987,1.0370495
57.45371,47.00036,0.5736686,1.0201225
14.173333,11.97752,2.2013555,2.3364592
46.93061,44.17889,0.5545642,1.0307971
97.28149,92.11153,0.69155234,1.1268642
32.96176,30.096304,2.1428034,2.0336297
29.791487,27.540554,1.0028297,1.077466
38.92156,37.647205,1.8584609,1.8085897
63.626392,65.635925,2.1519158,2.23638
21.68504,16.506184,1.0012623,1.3261052
43.031387,39.30977,2.667015,2.6765099
75.165054,75.52101,2.3237228,2.2387788
75.15819,71.95236,0.8872009,1.1170263
13.188818,14.337894,0.60408825,1.4261535
0.0432645,3.8305244,0.9274077,2.4978116
19.323969,20.417816,1.2574862,1.4060305
96.39124,93.45625,0.9651965,1.1882732
69.38107,75.60984,1.2846372,0.97733104
19.5037,16.50904,2.631606,2.6514668
13.511306,7.227436,0.5995055,1.4422513
58.75397,55.726772,2.4178004,2.2789128
80.419754,75.5777,0.65562433,1.0010788
9.046383,8.363506,1.3115807,1.8434521
50.856674,48.255424,0.5486,1.0533662
31.597599,25.392391,0.82128334,1.6954128
98.338936,97.48866,1.4099871,1.3687916
8.072935,11.743252,2.6264453,2.7417755
97.235176,89.66478,2.876743,2.7641287
14.11761,12.783447,0.5495777,1.139626
68.29662,74.61491,1.1866843,0.9733869
72.05301,79.81825,1.6288642,1.246945
39.804058,36.19197,0.668342,1.4750671
35.22859,35.12082,1.252515,1.030176
5.299434,3.4704895,0.7421185,2.4664578
3.166176,9.496365,2.581197,2.410474
24.818033,22.197313,1.2302369,1.0644273
30.79267,33.423622,2.4372454,2.4231105
48.644295,45.487694,2.950397,2.8657951
19.457962,24.002783,1.5443568,1.5348755
95.83609,95.572556,2.289596,2.258695
89.720085,93.18552,1.3013527,1.2089753
38.442818,50.33306,2.485526,2.7108092
10.454663,10.382183,0.7353429,1.1627017
70.766075,65.00148,0.70667034,1.2334889
90.759384,95.27807,1.4766129,1.2955792
51.54847,51.886368,2.2538283,2.3081806
79.291794,82.87718,2.6734776,2.7102177
75.447624,83.57944,1.2057483,1.0299351
74.04804,76.56564,1.1245422,1.0459759
27.266626,20.40776,2.5482771,2.2903883
24.87496,16.65633,2.3304393,1.208834
19.163425,19.879631,1.4372224,1.0683326
22.44691,18.049892,0.852227,1.3944578
57.662132,73.547714,2.8279724,2.9953184
18.058575,16.398922,0.8093941,1.1395983
31.561323,29.29036,1.0556322,1.1231524
32.401077,34.407333,1.6565585,1.09469
38.180958,39.134266,1.127233,1.0326052
74.84323,74.9486,0.8625482,1.0143282
26.059639,24.436514,1.7857594,1.6059369
41.2082,40.081787,1.1777982,1.0197881
1.8939754,2.0596237,1.2503933,2.4001112
56.842674,55.922752,1.069997,1.0238205
5.073875,11.442371,2.747149,2.0685441
17.540993,15.176502,0.8979147,1.2668715
38.325047,31.338612,0.6478611,1.0586423
37.025826,40.255722,1.5444387,1.0210146
92.53456,96.6721,1.5116806,1.3446319
44.988922,43.411118,2.2706082,2.1974273
43.505146,44.858143,2.2818983,2.2696216
5.1604943,7.431141,2.612672,2.276811
0.8040926,0.0,2.8766744,1.5901284
79.26912,80.042114,2.1924462,2.1983163
35.144066,36.25615,0.88423866,1.0111129
7.518705,9.285267,2.23188,2.1187794
36.596424,27.534092,2.2604594,1.7627827
4.3801107,4.5259857,1.4381453,1.0640302
65.361694,74.25393,2.6893108,2.7939575
69.697685,72.445625,0.943617,1.0143331
86.63373,82.55481,2.3818514,2.3139906
96.2914,98.07272,2.0175567,2.065629
96.63198,95.310135,2.8832054,2.8716908
22.493168,18.84823,0.71564907,1.7485945
98.127525,90.26674,0.5978436,1.0909766
72.54611,72.842415,0.9975814,0.99011135
46.78819,49.119892,2.488565,2.5569546
84.62662,88.09192,1.2182565,1.0762682
40.55994,42.90596,1.4105468,1.0352758
83.70825,90.25514,2.3444064,2.292832
67.08287,63.58119,0.9102201,1.1385599
77.62796,76.131905,0.81806827,0.9949755
31.060122,28.052855,0.70874226,1.8323071
4.6727276,2.7134285,1.9427744,2.4901783
36.678005,36.656036,0.72227854,1.0097988
85.077,77.81985,0.5130717,0.9706795
74.03651,82.35075,1.5606246,1.094091
27.411299,25.972435,2.4888647,2.4872537
29.449545,29.621359,1.3491881,1.0828058
9.073847,7.215534,0.61758685,1.2670176
47.97925,48.672966,1.8305603,1.7791817
99.75161,98.933,1.469007,1.4879107
48.807266,47.587128,0.8059718,1.0140653
87.95034,91.224396,1.2813772,1.1130104
44.444668,44.976128,0.7870044,1.0090146
54.455017,48.33989,0.7162657,1.1554033
89.12114,91.35989,1.2688755,1.1371839
94.843124,96.114265,2.0563211,2.0470304
86.00173,87.48312,2.8321424,2.846325
98.23366,96.175125,2.8346732,2.8052335
19.406305,18.317783,1.0002782,1.0507265
62.797787,60.819237,0.98916334,1.0716913
31.508013,38.94667,1.1058586,1.0243082
33.1927,35.86306,1.5631025,1.8032098
63.90327,68.26967,2.2116654,2.3415098
6.2597547,7.357338,1.050349,2.1857414
59.2051,60.414436,2.5223095,2.584804
94.59262,87.76199,0.6847797,1.0761286
4.070754,7.5613136,1.2850914,2.0933352
91.85518,93.83848,2.6566086,2.7002993
15.865505,12.811306,2.6365826,2.60749
97.771805,91.46271,1.232072,1.1190048
90.570526,79.184906,2.6013174,2.427379
61.18486,71.54105,1.3903701,1.0728073
14.551654,14.769009,2.1383028,2.186872
10.073062,8.60556,0.9485247,1.0896533
45.389915,49.083096,2.786059,2.64527
62.739826,63.730938,1.7047176,1.1124637
2.672335,1.8457832,2.634257,2.494214
31.417007,27.020504,2.6560917,2.6161828
57.83457,59.709625,1.7337258,1.7551603
59.32515,60.310337,1.125436,1.0021042
7.021732,3.263958,1.0646063,1.2128912
58.66078,64.203415,1.5970769,1.111337
58.47466,67.195946,2.500545,2.6165485
53.485188,58.97165,1.5466594,1.1222622
50.510612,47.889626,2.4257534,2.3518937
80.47601,88.93712,1.9619304,1.9717017
82.68895,83.10574,1.8650564,1.779925
43.120865,41.43176,0.9701367,1.0446789
3.2622602,13.790558,2.3578448,2.688164
84.22896,78.48279,2.8859422,2.9179797
68.63297,69.909065,2.1935778,2.240638
63.027912,63.804592,2.1521173,2.1486034
95.432465,93.23076,2.3108604,2.2225862
88.16995,98.62696,2.3791997,2.4654417
28.10718,32.96694,1.7682796,2.1785843
37.65122,40.397507,2.9745271,2.9346242
29.546824,29.027649,2.5005307,2.372764
89.46506,91.23239,1.0422219,1.1289365
5.35548,4.7180595,0.8430214,1.2482753
73.40071,73.73056,2.3266656,2.3351493
78.964935,84.37702,1.2583408,1.0371342
25.127872,28.767025,1.706377,1.9776484
98.814995,99.027245,1.505964,1.5013918
74.34117,77.91434,2.3732224,2.2693858
88.049065,91.63761,1.1549182,1.1351576
80.5626,76.86456,2.2373013,2.2099385
53.232437,54.008907,1.8284805,1.8348182
18.821184,18.140139,0.85761297,2.55421
27.739054,24.945492,0.9159831,1.0680082
57.34324,49.526882,0.5052699,1.3665595
68.77981,68.58704,0.82257986,0.97923106
19.266552,20.019524,2.4155312,2.4588785
87.887886,90.92899,2.1097012,2.1236436
21.467627,17.101864,0.60147804,1.0496377
30.575254,30.264467,1.3681,1.0604978
89.76902,95.707794,2.5983825,2.6704981
30.278952,35.969444,1.4992428,1.6065651
10.305757,16.718563,2.4045289,1.7769878
45.926636,41.539173,0.68271893,1.1510712
19.499872,12.386551,2.2529025,2.013047
91.37338,93.98881,2.5713756,2.6058993
34.952267,35.730175,1.3626012,1.575323
8.253631,9.553642,2.031144,2.4280374
59.87424,57.449406,1.034386,1.1906798
63.449234,61.954617,2.800987,2.682986
95.84458,92.40391,0.9473324,1.1772094
6.006116,4.96101,1.2471374,1.0518918
63.157665,67.207886,1.2887917,0.99589056
4.832545,5.626114,1.9447895,2.2589889
13.866129,9.331863,2.5169024,2.0600994
88.37056,88.125786,2.3942902,2.417809
1.9699886,2.7096138,2.8063374,2.2636414
33.3773,32.56082,2.2430682,2.226723
72.11688,71.386444,0.98131895,1.0174334
27.906828,26.817644,2.8604836,2.8403878
64.78624,64.86591,2.986433,2.967134
31.788982,20.564095,2.682656,2.517035
11.418367,16.810764,0.8284709,2.201218
6.7022715,7.37249,1.203789,2.0620708
77.570496,80.27233,2.8646352,2.8631938
40.870674,45.23574,1.5288486,1.0126152
0.15683372,2.7986183,0.79272705,2.0429087
88.67367,89.643814,1.8927326,2.0001178
43.931755,43.897232,1.7248937,1.8119482
93.52949,97.674164,2.4938397,2.547367
24.885878,23.075735,0.87773645,1.0387166
27.253515,23.327639,2.9584143,2.9090505
33.596138,33.36792,1.0749724,1.0003449
80.36578,78.25534,2.705279,2.550467
91.822685,96.03881,1.5160438,1.4492748
93.41581,95.60515,1.6148745,1.5753322
22.537315,24.047646,1.5733387,1.3152304
79.494865,86.84859,2.569286,2.7202852
60.142315,60.874836,1.3481492,1.0288174
5.761605,9.15321,1.2425189,1.5753573
64.6416,66.90249,0.8430522,1.0055999
46.423115,51.89644,1.4158853,1.6454667
46.267345,47.449287,2.7069516,2.758957
1.5967717,5.1198997,2.2909281,2.469812
6.838425,6.7788773,1.6454109,2.1035626
76.67132,86.44707,1.4576674,1.328402
76.72069,76.47769,2.649657,2.633123
34.238853,35.84587,1.5968925,1.088258
23.745716,23.180176,1.6973522,1.6534766
89.38272,92.94948,1.407082,1.2141854
82.22371,87.307785,1.2395171,1.0459343
94.57131,95.2106,2.4593046,2.476181
58.284092,58.45139,2.2843716,2.2875502
77.13412,78.26009,0.65850544,1.0050566
53.949047,57.899994,0.75262016,1.0288186
14.442534,13.167965,1.764415,1.8332095
67.93152,66.470924,2.5322826,2.5760121
71.50208,63.645504,0.58628166,1.0423732
23.396437,22.571163,1.0771929,1.1055015
63.79644,63.494476,2.4365687,2.4541721
41.06141,41.55214,1.259427,1.0770786
64.40553,62.68555,0.9324821,1.0030526
7.127447,8.291267,0.69391084,2.060994
26.94709,30.03552,1.2727132,1.6968141
19.1985,15.761726,0.58142245,1.1300533
51.60083,55.31036,1.8473577,2.0501337
76.68448,87.56585,1.5559181,1.0621394
94.84269,95.67583,2.7834246,2.7918365
62.046223,59.887337,1.813796,1.9718103
3.919834,6.2108154,1.8523581,2.017243
74.5797,77.36869,2.1480792,2.1117756
50.199333,49.199482,1.9778503,1.9580631
2.8438518,2.86594,0.98523766,1.755307
41.732685,41.67492,2.7826204,2.7896645
15.633809,21.48811,0.9744058,1.1200116
4.849394,5.771145,0.6825386,2.005269
54.618042,55.52347,2.2531075,2.1347773
2.5486977,3.0526085,2.329087,2.6554193
43.332336,39.992,2.4226685,2.5394115
12.210825,13.695457,2.7058723,2.8184857
24.67575,18.59636,2.8288543,2.7790246
84.11329,79.93088,2.263763,2.3375628
91.27399,94.02051,2.4996996,2.5198956
80.91819,83.11876,0.84833884,1.0093884
2.4473991,12.230209,0.53264153,2.0636342
44.153164,46.16648,2.6077762,2.4635491
75.550255,69.15402,0.60752577,1.0016758
13.730328,16.248123,2.7667172,2.6371808
83.37107,80.58897,2.349393,2.2910957
34.829124,35.897743,1.29181,1.2401189
98.95834,99.650085,1.9291989,1.9680539
46.00363,41.15039,0.5697321,1.16835
7.8951054,2.9413223,2.4819367,2.2910206
9.007027,10.195461,1.0830023,1.5562003
93.36291,90.0569,0.96660894,1.1776859
4.9576936,8.676872,1.6374774,1.799256
9.717983,13.606693,1.6744087,2.5137606
52.63541,51.79414,1.0106173,1.0248928
52.083477,53.719532,1.0093179,0.9985522
39.910233,40.610588,1.6876485,1.3631496
10.421041,17.841228,2.738879,2.793841
19.736212,18.493015,1.7280992,1.3539057
40.654434,43.122612,1.2315769,1.2189405
72.99307,77.82198,1.1093925,0.98542035
17.25108,18.861057,2.061531,2.101351
47.011234,45.28124,2.308762,2.1760333
27.990528,20.401478,0.7225916,1.1196432
33.23283,47.546013,2.0441291,2.3732567
71.62031,76.57976,2.051676,1.9530399
97.87467,100.0,2.2937787,2.339204
30.477968,32.45265,1.9943882,1.7453738
31.91094,26.015474,2.989783,2.8079815
77.874855,82.593155,1.4347295,1.3987634
50.434654,42.907887,1.8855387,1.7573862
66.325294,60.330784,0.5900367,1.0157416
63.675396,61.405605,2.393979,2.348642
68.76626,66.594955,1.1944797,0.99414754
82.380455,88.12494,2.5457487,2.6270957
83.88612,88.081566,1.1941847,1.0724133
98.34693,99.96204,2.6979609,2.7308638
2.9745247,9.538143,2.2491434,1.8637019
71.5325,78.22803,2.738925,2.8000011
10.484772,9.755081,1.2567265,1.8054512
6.4436235,4.5612755,2.1026642,2.153983
38.334217,33.225456,0.6591315,1.5815783
16.359173,12.690861,1.8693417,2.098106
17.23029,13.7258835,1.636764,2.308781
73.1413,78.465096,1.0515771,0.9834499
27.351683,18.290258,2.9108646,2.654648
61.5116,52.57966,0.511584,1.0316535
43.84511,45.50332,1.2555072,1.0213721
47.887703,49.727844,1.586322,1.0152433
92.083916,95.50952,2.254669,2.2778847
72.370224,86.379654,2.3345664,2.5351071
36.82523,38.82384,1.044389,1.5562713
39.598114,40.850803,1.6156844,1.128719
84.54822,88.78146,2.2501988,2.3156047
35.613094,25.44837,2.6620486,2.5646157
79.848305,87.68776,1.6799406,1.5371815
6.8171544,14.633999,1.8019785,2.1415486
51.830086,52.237083,1.8569871,1.902441
19.21035,12.851784,0.8558037,1.1522816
41.457893,39.44931,0.7036381,1.3711352
6.6132746,4.7017975,2.4252803,2.2987876
97.85541,95.75328,1.9411856,1.9647746
2.006816,5.784584,1.2246032,2.3414643
23.050907,31.06976,1.9779508,1.635522
70.33829,70.989716,2.3605847,2.3697054
52.40347,55.816658,2.137597,2.0891266
57.1274,49.128567,2.3056316,2.057749
59.212864,59.281082,1.9010979,1.9063412
25.476934,25.66547,1.4004205,1.3340275
16.714645,18.576979,1.0564901,1.0270777
56.598366,54.151722,0.51947707,1.546851
7.048708,7.9476433,1.7177161,1.7452996
78.61812,81.29509,1.5996943,1.5508921
48.515633,44.790886,0.8401811,1.0297354
46.809322,45.908237,1.894136,1.9235792
37.603065,41.203598,2.4654455,2.4057055
70.333694,73.92039,1.7298561,1.7211174
3.3006928,16.252571,2.6167035,2.0443716
27.23506,22.458216,0.892447,1.1209943
63.443466,69.46201,1.4280956,1.075899
25.768902,22.969505,1.3413864,1.1536516
75.53231,77.45893,2.5511973,2.5484476
94.75519,91.421555,0.93382436,1.2025433
49.858055,54.06636,1.4786832,0.9830621
96.013115,95.07121,1.2264358,1.3230828
41.27112,40.3823,2.3224502,2.3771384
54.62582,65.3464,1.6551763,1.6638645
63.586693,73.24992,1.6004298,1.7491736
78.87745,80.792755,1.9346361,1.944016
27.591042,22.350344,1.1016366,1.0937238
51.03524,52.39983,2.8706217,2.8764992
2.1104288,1.7758331,1.7326378,2.0487008
37.286446,34.645145,2.471373,2.3510458
52.956573,49.9883,2.5316172,2.4935708
70.929276,67.562904,2.008161,2.0085654
8.513022,9.631752,1.6658441,1.0580649
56.23139,60.914085,1.2466328,0.99001443
43.27885,42.53454,1.1700954,1.0776031
57.60175,63.1729,1.0071058,1.0034695
73.540596,76.90631,1.1125431,1.037652
99.2374,97.03939,1.2645578,1.330751
83.27134,72.006874,2.5288668,2.460546
9.533018,8.234196,0.9597416,1.2079093
86.85199,87.6571,2.1142313,2.1041548
57.619854,64.27956,1.4887668,1.0620252
30.214981,19.704142,2.2768857,2.126506
79.24519,85.41768,2.3061345,2.383456
79.67824,81.287186,1.6667786,1.7518716
28.898039,22.530178,2.8908827,2.8188875
29.474064,30.66579,2.3209245,2.2669516
78.90028,85.25173,1.2369163,1.0344923
98.423744,98.05194,2.8368468,2.8446727
59.72047,67.8806,1.6166574,1.1092855
12.896818,9.969265,1.0630825,1.6730905
56.721077,58.8603,0.9621986,0.9726372
41.945324,43.49714,1.277614,1.0152572
58.82548,60.247047,2.0475554,2.0510018
52.273796,60.19377,2.1547434,2.2712557
98.43301,98.42444,2.0026598,2.018858
73.733826,79.26211,1.2935928,1.005406
80.596985,83.7014,2.556238,2.436275
97.19933,86.95332,0.64465445,1.0553035
56.177948,62.99632,2.8749886,2.7396114
65.46475,79.65574,2.6526196,2.8464708
52.73106,54.136368,2.1078155,2.034962
5.7755322,6.3605614,2.60807,2.489795
66.11251,67.961975,1.6627799,1.596899
83.25494,87.528275,2.5109215,2.5410814
18.497967,19.186964,2.5273638,2.435391
30.18169,30.756935,2.1490643,2.215535
70.55337,81.38213,2.4291246,2.5451977
23.349674,21.129921,0.7996378,1.7512522
16.021204,20.422216,1.4463701,1.0206177
6.2453914,10.7842865,1.9820123,2.1979659
10.79714,12.038654,1.5463895,1.936884
96.77449,93.288956,0.7510751,1.1837714
18.206322,17.16896,1.8009069,1.737394
48.40031,43.30986,2.198788,2.0104382
22.552763,21.49864,0.71876717,1.0911281
18.584911,13.224628,2.4078598,2.6834545
17.14546,17.87233,1.6720515,1.1360319
91.23202,92.30229,2.237479,2.2595131
26.559702,26.012253,1.560277,1.017772
91.96532,96.95924,1.3770242,1.3188264
5.192533,13.312622,2.883825,1.3876473
73.585594,76.56851,1.1005204,0.9897312
24.413969,22.946972,1.7774531,1.5110246
96.05498,92.15262,0.890167,1.1631358
67.83944,64.00271,0.5733936,1.0110302
40.360287,34.236656,0.6081404,1.0601255
60.416454,63.347225,1.9255421,1.8818789
99.1663,96.93402,1.2684568,1.3351657
29.086626,28.975779,1.6115613,1.1196933
49.261944,47.331463,2.9325738,2.924765
41.350655,43.036804,1.267585,1.0132508
24.326143,23.983694,1.2174535,1.0650057
12.610026,12.498478,1.36577,1.0892495
43.980362,38.252968,0.6737095,1.0582416
48.90156,52.539135,2.5127704,2.5551414
26.177399,21.91291,0.63719445,1.0486487
68.00719,84.393394,2.5897336,2.8377528
11.536682,9.91098,0.7132462,1.0826675
33.235596,36.118397,2.0727503,2.1506617
7.366581,6.597706,0.8204698,2.0680985
19.663862,18.72392,2.027969,1.9915991
33.7609,33.710808,2.4753788,2.659221
86.20077,81.28797,0.68446237,0.99938655
38.428078,32.716034,2.8365088,2.7070541
83.08703,86.36868,1.9384052,1.9919103
31.80517,31.207886,2.3589587,2.352586
85.55195,89.13092,1.7345657,1.7496536
54.17825,53.894882,1.8753479,1.9061904
64.55502,71.202515,1.5642115,1.0759504
65.319725,64.68231,1.7310033,1.6101689
87.325584,85.909874,2.896394,2.9178827
46.74158,44.549915,0.7327651,1.0283853
31.151026,31.05291,2.1393201,2.1603584
30.473291,21.418356,2.664718,2.4676814
5.5176177,10.437607,1.9018488,2.442814
57.626312,53.177376,0.6224006,1.0682733
49.01466,50.194073,1.3356676,1.0058945
26.494074,26.00014,1.7590847,1.6236407
10.327866,10.5120125,1.6305401,1.2062216
21.125683,21.482426,1.5660014,1.1356133
67.36888,83.07594,2.3924785,2.4871526
16.194963,16.0182,0.8671923,1.4148936
73.74021,78.94191,1.2383947,0.9932028
41.034576,40.132202,0.7367317,1.0292106
90.14108,91.34862,1.0674775,1.1649925
1.5584061,2.6181107,2.1684418,1.943861
97.43175,100.0,2.1342158,2.1723745
9.670409,9.107254,2.062868,1.7228242
7.359354,10.019001,1.6216918,2.035724
54.828274,48.56131,0.61511993,1.0125893
42.275253,41.946617,2.1345353,2.12983
44.722107,44.467667,1.0006809,1.0086575
61.74579,55.949127,0.7050292,0.9737554
15.109076,11.612888,2.6706414,2.5455678
1.6907556,6.243168,1.9561584,1.7485133
0.7617753,0.29454422,2.3153975,1.7639254
33.079967,32.994705,1.793669,1.8971534
31.056332,26.326187,0.6592067,1.0590382
45.47357,41.464417,0.83798945,1.0421985
23.213074,21.705263,2.0625858,2.1828623
97.868965,92.80458,0.7244162,1.1473261
9.754017,7.50988,1.7436761,2.1949549
28.885508,28.373528,2.1515696,2.1571996
10.801505,6.56509,2.9883618,2.7642846
52.34526,55.13411,2.145461,2.2404213
74.675476,91.59742,2.2167141,2.370548
71.696785,84.38301,2.9411998,2.9566994
49.83118,43.874542,2.808959,2.7633023
47.492004,46.3825,2.1408055,2.0716271
72.527214,75.13411,1.2267168,0.9918522
57.95168,57.820026,1.0679002,0.9999357
54.33662,50.626137,0.86049485,1.0082746
59.9352,69.687225,2.0360746,2.199775
95.22118,95.78581,1.9727567,1.9867728
65.467285,57.53412,2.4090118,2.2942529
20.135372,16.885921,2.12923,1.4974513
9.727405,9.497189,1.1684109,1.074934
94.69057,88.73758,0.79212,1.0928004
17.602749,10.689453,2.9596617,1.9700338
39.40475,39.097862,1.9291751,1.9639567
3.7918093,8.847656,1.4142355,2.6944575
94.642136,97.9828,2.9515705,2.999515
20.730658,22.499378,2.0681236,2.1222026
73.85535,68.754326,0.6898907,0.9754905
59.469048,54.600647,0.7001713,1.0146797
84.87589,84.09851,1.6215518,1.5419532
42.50854,38.252174,0.98332995,1.0140603
16.706387,3.1044846,2.8257384,1.6932175
33.982716,28.678493,0.8234378,1.0631409
79.7882,82.12471,2.8511329,2.8807173
47.184277,49.615154,1.4023662,1.0104251
60.16359,52.67785,0.69543004,1.1251097
4.935766,4.1254654,1.0055073,1.1628553
1.3966957,1.2682915,0.82675934,1.5347095
23.703375,20.171904,1.7372386,1.3919369
15.770278,14.525013,2.507751,2.430919
18.97467,27.69334,2.3358788,2.6670785
99.08618,97.378494,1.2886614,1.3777428
53.628513,58.43962,2.1741838,2.2424233
57.676605,65.91069,2.4376447,2.5339596
84.44537,85.98503,1.6456343,1.5408162
7.11869,7.4851685,2.0248258,1.7977186
77.53026,75.31718,1.931137,1.8926121
27.321253,20.967592,2.564548,2.3489838
10.957383,7.7545204,1.7499312,1.8622249
54.666317,54.66846,1.1122257,1.0079308
21.862991,17.110329,2.9563153,2.8567867
66.53622,69.01146,2.5130038,2.5327206
16.113754,15.15221,2.4676998,2.7354374
53.94889,53.229004,1.1198229,1.6068423
41.754448,41.554825,2.3534763,2.3552625
80.05417,87.15533,0.93116164,1.5780804
16.49418,13.245743,2.6083217,2.5456853
41.860905,39.000435,0.6048464,1.1315793
55.91027,56.95843,2.2882085,2.2987459
64.92017,68.95933,2.0056634,1.8809489
58.2582,52.76564,0.88283527,1.0484803
44.21599,39.6439,1.837473,1.9202993
11.131124,13.86581,2.1113691,2.213955
18.43167,16.038422,2.2946618,2.2170048
62.217922,70.35261,1.4496704,1.0001055
17.598383,15.391285,2.532893,2.303452
30.509527,29.402105,0.98230964,1.1828963
62.527817,67.01118,1.0577004,1.0035996
67.36561,71.87192,1.7586014,1.7381324
70.31106,72.04464,1.9182364,1.9216138
73.960396,81.990776,1.9836609,1.9633598
32.897797,29.826601,0.87131655,1.1323425
21.763535,27.061195,2.4463527,2.699992
73.58641,74.95453,1.7397283,1.7700558
96.99076,96.96855,2.3754692,2.3438523
12.106006,8.758007,1.4453455,1.5223777
33.212807,32.499245,1.1159605,1.2893397
15.565664,14.900497,1.7123011,1.4852077
33.613445,35.595745,2.5620153,2.6455443
2.0758333,7.3190994,2.0636864,2.539666
0.97381294,1.9498596,0.629493,2.5300207
96.20682,95.48612,1.3713112,1.2389463
49.027,50.837646,1.9291387,1.9238276
18.19747,18.941887,2.2698934,2.5287938
52.034492,49.708702,0.9492664,0.99465936
88.839966,80.659904,0.80878496,1.1933434
21.171034,20.849669,1.0579283,1.0678997
57.982006,41.376667,2.9804444,2.4553115
99.4384,99.70654,1.5577773,1.6097918
45.259487,47.987938,1.6650691,1.4680341
36.274193,35.14752,2.094704,2.1149697
92.59032,91.79419,2.12653,2.0359032
77.03655,79.232864,2.0491045,2.0767891
34.954098,29.802849,0.6676199,1.0790728
82.72542,84.292465,2.0565536,2.0490897
86.83375,88.58037,2.1489556,2.1492834
79.43295,76.78902,0.5603556,1.2598376
87.43233,90.51843,2.0844672,2.0939546
17.431284,20.83117,2.2182136,1.1869266
71.59887,70.58372,1.7841219,1.6020664
86.27741,85.6345,2.8755503,2.8334737
74.29768,80.473465,1.9583852,1.9990971
35.511833,33.88568,2.2385032,2.1664712
29.734169,30.4601,1.9072194,1.8990263
26.4169,27.22264,2.7251446,2.7228267
94.09107,91.1682,1.1854527,1.4761214
24.894373,23.158112,0.69749963,1.2234411
80.35127,81.53166,0.9549902,1.0012085
68.55612,80.70287,1.5249426,1.006494
99.10205,93.54204,0.9121521,1.1711123
26.018488,25.811419,1.3020191,1.1903317
24.75814,22.84639,0.6414437,1.7649682
57.433746,54.023106,0.910949,1.0144031
33.675835,29.018942,2.3807132,2.4383583
84.40525,82.42221,0.9763099,1.0144956
46.92628,46.904255,1.6895779,1.5967845
23.989765,13.761837,0.5172879,1.1272292
67.50927,69.19207,2.3509386,2.381457
62.172775,68.99197,1.2636561,1.0708668
81.44806,84.78906,1.7471106,1.6869438
84.03266,79.768585,2.0947514,2.0236144
37.548058,34.04521,0.8309037,1.0510793
2.747193,2.817257,2.6705308,2.082283
5.8355994,16.862988,1.3711591,2.748738
66.533394,69.647224,1.199634,0.9824127
31.21731,26.551817,0.6873417,1.1423757
25.985115,25.761137,2.0121157,2.0655398
29.490911,24.985666,0.5424248,1.022777
55.4398,57.091583,1.8121845,1.8582474
6.529473,4.984352,2.199184,1.2038047
18.298086,27.027994,0.5081654,2.3179917
41.405655,49.91745,1.7277938,1.9929888
35.457836,38.900925,2.4702199,2.6630476
77.77606,79.94226,2.019385,2.0383246
21.11233,20.860302,1.5808645,1.3057698
55.833828,55.38517,2.0542872,2.0319326
11.9323845,7.6712074,0.7367767,1.540521
26.772724,25.72165,2.1544242,2.0832005
30.065376,27.709482,1.8125602,1.8141729
94.01473,91.604904,1.0431688,1.1703211
54.90069,54.366486,1.1312053,1.0234025
87.80755,90.32971,1.1499035,1.120511
75.8976,82.46892,2.2733884,2.3206403
1.0966884,11.620457,1.1910095,1.0918763
17.091908,14.93969,0.62791175,1.0416911
56.504105,56.06932,1.7486061,1.7294781
79.793144,88.70463,1.468722,1.0770113
0.46757707,14.493282,2.721186,2.1004193
2.4499738,4.6003685,2.2321327,1.7387108
84.851944,86.65911,2.7581148,2.7695932
30.157106,28.492422,2.4663663,2.5034006
94.56205,88.20291,0.8522077,1.0830065
66.01972,66.38919,1.7981654,1.9504181
37.868385,37.86676,2.1655293,2.1545997
93.34067,96.2209,2.05185,2.1177027
69.59914,64.57648,2.8384953,2.8315406
39.2489,34.73617,1.0163383,1.0274603
6.3404346,8.792774,0.56622624,1.0814083
96.70446,94.179474,1.0827868,1.2490078
31.037903,32.030796,1.390199,1.0532563
90.88787,81.76001,0.5200802,1.0520861
5.957959,7.230461,2.066264,2.1722841
92.55741,83.641365,0.63678753,1.060408
0.9451894,2.059555,2.2259688,1.4952148
75.31229,75.01442,2.9062068,2.8349695
67.668304,68.33445,2.4641943,2.468697
46.12434,50.282932,2.6268523,2.5432065
83.842255,84.737144,2.2306294,2.2251549
81.8125,89.71529,2.7666268,2.8131557
82.0234,83.11926,1.8147937,1.8298945
67.85822,83.672745,2.9801145,2.9923875
99.35768,96.33942,1.1679335,1.3272359
79.055244,74.158356,2.9375386,2.921431
63.33719,61.93574,0.9413827,0.98438054
84.82546,95.59119,2.751052,2.8615751
15.257458,13.724926,1.066194,1.4383969
24.415668,18.4058,0.6957878,1.1809916
48.153572,47.493835,2.9584718,2.9501123
63.129665,64.01807,2.9526331,2.9428992
96.64572,96.9812,2.2479212,2.2365053
45.12117,45.315685,2.7701418,2.794508
17.869144,15.572018,2.9588237,2.9060178
8.052638,7.672764,2.928467,2.6914892
6.7618437,5.68692,2.480411,2.420644
76.42918,79.778336,1.1635346,1.0044167
55.891396,59.953476,1.5804912,1.0852588
28.60265,28.587044,1.9495656,1.9152999
14.756813,16.901592,1.9059368,2.0665789
93.47489,93.88497,1.1191621,1.3385462
65.45105,66.47424,1.1773489,1.3173255
81.88362,81.71975,2.3506258,2.347847
58.476166,65.78356,1.3005266,0.97844374
29.33477,28.57087,2.6636312,2.6753824
80.92162,76.788864,2.6887624,2.6621315
30.339056,32.078133,1.7720448,1.8256509
66.67177,61.366123,2.5969565,2.2525988
45.316246,41.325516,0.74233174,0.9982728
0.5706674,7.7706566,2.8354568,2.6850238
21.773897,19.182243,0.54922366,2.1586282
12.398937,17.00214,2.6936247,2.1901202
99.0519,97.10401,1.3417358,1.328862
28.595089,32.902023,2.4989092,2.553459
91.08318,91.69928,1.75137,1.6602305
47.842045,48.31507,1.8688486,2.0253859
67.55522,56.673317,0.6084179,1.0326823
10.674889,9.463444,0.83056486,1.0691755
49.58169,55.199654,1.509659,1.011917
81.60835,77.255875,2.8217497,2.717023
60.75328,60.448,2.8128207,2.8122022
59.227222,66.54926,1.5251484,1.0079451
31.742258,25.409275,2.0795624,2.0096865
83.730804,85.290634,2.1461782,2.161014
6.592438,10.616829,1.5533013,1.4087331
25.95056,30.228647,2.5188901,2.3391798
72.90643,75.60335,1.7656103,1.6668639
62.296722,55.226482,0.58394104,1.3598393
5.802687,9.366547,1.0942963,2.179578
44.512123,45.19022,1.9717293,1.8409414
82.70993,78.873924,0.66086644,0.998185
42.569885,46.076733,1.4989988,1.0552211
92.64013,81.923386,0.65195626,1.255899
2.0343719,2.4338493,0.99114925,2.5905685
89.077644,90.23048,1.7284248,1.7355013
79.88398,84.23896,2.5201807,2.555981
19.843334,14.610683,1.15341,1.172251
57.550095,62.053818,2.9957807,3.0
21.921492,19.354176,1.3238406,1.1700952
70.685745,75.093475,2.0130908,2.0836306
75.752495,78.491684,2.0290747,2.053218
4.6611295,10.536976,2.020784,2.0230458
33.924137,28.571493,0.66155213,1.3854388
71.932205,78.538185,2.6701455,2.642218
72.148224,76.080795,2.175206,2.2089517
98.90494,94.190285,1.6611973,1.7139009
14.0441,21.725994,2.3443532,2.7729425
43.24318,41.048904,1.336613,1.214858
44.37083,39.1957,1.8155962,1.6173512
65.558876,73.67428,1.4001783,0.96640766
40.356064,36.878242,1.1474072,1.0179782
99.646286,97.74146,1.2727115,1.4521079
77.81841,85.862885,2.3570852,2.4409142
19.098618,10.335365,2.657047,2.5549037
86.89321,80.79432,0.806592,0.9862341
14.177054,11.715088,2.2808533,2.0104117
17.898836,13.798054,0.6433761,1.1167176
42.305084,46.56641,1.7220709,2.0457873
74.05795,82.13675,1.4078252,1.012859
96.38924,95.44638,2.5942597,2.5652895
61.67236,62.17464,1.7912389,1.7459071
20.556831,14.93742,2.8076527,2.5924597
65.1149,64.71489,2.0821533,1.8870814
26.503477,23.31307,2.4187455,2.293148
78.05909,83.25819,1.607264,1.4142052
22.883934,29.716976,1.560086,1.6303246
68.1277,62.963802,0.8147103,1.0277567
43.18854,46.795467,1.5360231,1.0351751
77.23804,80.334625,1.6523017,1.5025091
29.583937,24.903542,2.0784223,1.7371413
28.293358,30.370735,1.180138,1.1477141
54.4125,47.286392,0.57345843,1.077184
27.883371,29.230156,2.441819,2.526084
12.959602,9.03339,0.5743829,1.6996831
49.459217,46.739906,1.8114552,1.6499456
1.1812593,7.6111145,0.735285,2.6601372
3.782231,8.466812,2.982111,2.2551513
67.56943,59.698753,0.5632629,0.99111956
22.748919,21.301445,2.3152604,2.2844949
47.046696,50.876244,2.5266042,2.6496396
87.85168,82.14577,2.8403022,2.807306
60.190697,55.471447,0.53513896,0.9873417
91.003,92.59497,0.97809076,1.1933006
7.554143,8.189072,0.8566403,2.5928612
20.613813,19.645897,2.254415,2.2916303
67.50228,61.549805,0.52346486,1.1098874
4.4199724,4.1477356,2.288299,2.3112283
6.1532927,18.907042,2.8465996,2.8078678
77.98151,81.34389,1.1970516,1.0054708
29.956696,38.141,2.9388585,2.9730854
79.942894,79.61643,2.2284224,2.2330039
4.9344907,2.5613174,2.5478084,1.7513114
45.52787,39.31521,0.54559153,1.0381523
60.303394,58.828915,0.9888844,0.99911344
71.62078,75.73135,1.3812504,1.1112602
63.26667,65.12589,2.3352442,2.230223
57.239807,57.48693,0.8799892,0.97683024
68.988846,66.688065,2.8808799,2.9176676
3.8554327,6.7073593,1.0139426,1.9497981
94.417534,100.0,2.4450853,2.3860636
97.55235,97.1342,1.6269717,1.6279314
61.331768,57.315636,1.7669076,1.3948047
58.044296,61.74324,1.6913897,1.8843443
67.44919,62.485153,0.85652834,1.0791435
25.166338,31.287825,1.3940358,1.0868268
54.754826,63.878815,1.3381729,0.9640704
25.801832,26.245115,0.91919804,1.1076434
43.85432,44.68927,1.2711358,0.99970764
20.438637,19.410244,1.0620018,1.0787151
38.406635,38.88287,1.2548805,1.0106971
36.847202,36.543564,1.0134025,1.0068793
73.29769,67.115974,2.3525453,2.285222
55.59589,56.747097,2.065976,2.0720172
45.955208,44.137737,2.0320594,2.0028076
21.331635,21.41692,1.9395299,1.9576575
70.206795,77.121,1.2600149,0.9836501
38.428703,40.712357,1.472712,1.0247082
5.2821083,5.5435905,0.600273,1.3074535
9.121679,13.906696,1.02296,1.1926854
19.698782,18.800701,1.9108893,1.872414
35.37697,34.66716,2.72727,2.713857
8.565461,7.720276,1.429936,1.5959785
36.160915,40.39843,1.7267541,1.7513201
70.90017,79.77981,2.3264875,2.409782
89.3679,91.30586,2.7694812,2.7767146
31.985037,33.74797,2.0653384,2.146041
92.741066,96.68378,2.5343869,2.4761567
89.48444,89.353516,2.6367857,2.6242557
20.28604,21.067621,1.8063368,1.069751
70.88999,73.49837,2.7462332,2.788568
33.42614,26.875563,0.59005797,1.0336308
48.313576,48.456856,1.7683449,1.2004466
26.032246,17.732986,0.7466335,1.0974176
85.51172,81.254684,2.84804,2.8072944
32.67836,39.11201,1.4308884,1.0032305
52.842377,53.093914,2.72217,2.6942933
4.478777,11.742126,2.7693124,2.4886863
65.11596,72.700424,1.4859586,0.98929656
65.049614,74.36406,2.8664584,2.7837806
52.521347,48.6622,1.7983552,1.5868359
87.411766,92.69383,1.3629421,1.1599065
91.40123,79.74416,2.7469387,2.6412907
87.02362,88.62787,2.103908,2.1001034
77.80807,83.88019,1.5946224,1.3039322
84.417595,88.04811,1.3056257,1.0615648
17.313967,14.328655,0.6261243,1.3897381
61.13737,63.783962,1.3277466,1.0001929
71.221344,80.18828,1.8743824,2.0442104
60.630642,49.589844,2.3164644,2.1819215
65.703,67.4308,2.5942638,2.6045005
68.90208,67.616455,2.2694635,2.2227936
97.81081,99.75216,2.8745317,2.9199147
87.464874,86.155,0.9293291,1.0270667
99.211784,96.32625,2.9213412,2.8798833
73.50501,79.266174,1.4072022,1.0763059
78.13585,77.04995,2.5804074,2.6347451
37.246994,35.119114,2.5843596,2.4615974
97.88124,98.683014,2.6856256,2.7936063
18.78881,23.697182,1.5660518,1.8108646
94.18065,95.61018,2.1224275,2.1075616
30.10552,30.182375,2.0154207,2.008354
53.507477,61.923233,2.2524219,2.3711724
21.438463,24.290047,2.3944783,2.534217
99.75028,98.781265,2.706032,2.7071307
84.33852,85.55202,2.5495098,2.5355182
33.578583,32.481503,2.2025526,2.228595
9.182264,14.013943,1.822534,2.2389646
49.5735,51.694702,1.2974871,1.0090647
56.499165,56.03232,1.7931143,1.8061383
79.74987,78.08519,0.6693759,1.0104464
94.312355,83.99303,0.59192157,1.121637
69.61668,71.89183,1.6157286,1.4492491
74.89111,74.626625,2.3189597,2.3052354
51.14274,56.191326,1.7765521,1.8470511
94.259705,93.318405,1.1700743,1.1612618
19.271345,26.022213,1.9629675,1.9793011
87.458015,88.69551,2.1423783,2.073318
53.057167,48.311134,2.4914362,2.4851894
30.631102,27.09949,0.82024634,1.1572951
69.853065,74.70384,2.7483845,2.7937107
81.12734,80.49575,2.9952354,2.9527755
72.062836,71.67945,2.2945306,2.3242648
44.27607,42.934803,0.946882,0.99913096
83.03129,84.52976,2.9867008,2.9686031
86.54342,88.747696,2.9677022,2.9588852
3.6197262,2.5114021,2.6462126,2.2417393
33.21802,35.907288,1.7563266,2.0766766
45.48188,44.715446,1.951011,1.9735703
51.800617,55.672855,2.7998202,2.7542272
87.92459,90.179825,1.7613825,1.7462014
27.798935,22.335587,2.8706212,2.856032
22.246105,13.169765,2.6930907,2.5358253
5.613779,4.0511513,0.9697265,1.1341854
42.03956,40.175957,2.3655777,2.2689857
92.39819,93.824974,2.984586,2.9794664
72.73955,68.8327,0.52572733,0.9962899
88.26637,86.54863,2.7182302,2.6255333
9.982221,14.854675,1.9117777,1.2619811
73.11813,69.91816,0.88522536,1.4782937
98.2509,94.801956,1.2780988,1.2101266
62.544495,61.363106,2.3886666,2.4061959
32.20062,27.432543,0.59580743,1.0765686
10.534722,8.814075,1.8796312,1.9039718
6.0613165,4.610859,1.6277385,1.6097286
58.326054,62.516384,1.2476107,1.0200949
30.33384,43.1152,1.8690658,2.358614
13.927907,11.625893,2.4379056,2.438956
46.82342,45.220116,2.9938483,2.8763173
28.609747,29.312674,1.5905435,1.1600711
13.675291,11.278919,2.5544493,2.5520115
91.90343,87.200165,0.8274272,1.2498626
45.445755,46.357327,2.099656,2.1629581
71.68919,78.433075,1.373247,1.010994
55.986916,58.436512,2.7786145,2.847979
96.599785,96.80703,2.1431746,2.1383219
36.80237,38.96257,2.65965,2.533275
31.232567,30.435307,1.0219691,1.0699627
25.062082,22.615908,2.6976542,2.7995694
24.694283,26.253298,1.5578773,1.0659493
17.70249,17.838928,1.6189799,1.1849891
76.93367,71.963875,0.6591014,1.0149678
96.73744,100.0,2.3416002,2.3661876
73.78632,72.66292,2.9235072,2.9006653
70.240585,64.013664,2.2161357,2.0746226
95.20381,89.805435,0.7280174,1.0930593
64.89514,68.010925,1.1081066,1.803132
43.14855,42.44914,2.1875634,2.180207
48.076965,46.87106,2.1298044,2.075774
0.13260072,0.0,1.5717434,1.7143984
81.734764,89.05317,2.6466708,2.698476
99.30763,100.0,1.8899702,1.9220946
57.96831,54.30166,2.0019894,2.0433078
77.70569,75.4532,0.8408018,0.9897195
6.9696884,6.845276,1.4191427,1.209452
83.65689,80.70933,2.2879624,2.3347046
41.234646,43.61778,2.7266731,2.729827
16.158129,15.474529,0.60805297,1.084018
91.66987,99.45822,2.4560049,2.5333943
34.88359,36.35537,1.4532611,1.1398637
94.58513,84.601746,0.7730109,1.5193499
7.0855837,4.1334457,0.6458856,1.3585454
77.4257,79.48125,2.9193137,2.9153414
69.05301,70.435005,2.9358227,2.9306102
54.724915,57.677532,1.5421594,0.98154086
69.328606,62.817337,0.5005195,0.9934123
12.033051,9.346039,2.5120845,2.3426938
46.649597,57.087566,2.9256206,2.8686318
53.05393,50.790703,2.7160757,2.6710882
6.371617,7.6345367,1.6020743,1.8989873
17.656921,18.113194,2.1706243,1.400778
7.2002277,10.250065,1.0423766,1.4471955
99.73566,92.72549,0.8336795,1.1915367
26.801111,27.995974,1.5613238,1.0770863
13.320664,17.094296,1.3162441,1.4340465
55.72821,54.041973,0.9229432,1.0008147
29.46022,29.544872,0.59688276,1.0612483
70.7777,75.82816,1.2261527,0.985814
86.95518,79.333115,0.5709674,1.0348437
84.19995,75.54404,0.6417117,0.98876905
29.766678,36.84607,2.6938365,2.8089757
13.103253,13.213219,1.5086157,1.4918487
0.85621196,5.519615,1.603252,2.461651
39.73645,40.551598,1.0299395,1.0084648
7.0946584,6.036518,1.672694,2.035934
11.67528,10.4117775,0.9895377,1.109653
71.66261,74.75667,1.1336336,0.9768533
30.799791,29.397718,0.5523463,1.0878289
97.08256,99.54123,2.2271302,2.2817674
52.517075,52.15442,1.7828487,1.7940161
70.19523,76.5404,2.2431338,2.37269
77.074455,70.25617,0.66844136,0.9892092
26.82051,27.301191,1.4802884,1.0221013
71.24572,58.48498,0.6366047,1.6021591
61.45783,61.1772,2.7666173,2.7719674
43.852665,47.603424,2.7056231,2.6838365
87.26707,93.582825,1.5368036,1.2457678
36.96776,35.836636,1.7517835,1.6933395
0.8693014,8.532421,1.9641764,1.6685207
59.778038,64.098404,1.5400695,1.1680092
31.286964,26.603594,0.7730722,1.1125805
84.08239,84.47597,2.0618043,2.0910993
81.05156,90.91232,1.6063672,1.6024466
36.68561,31.821651,2.6094382,2.6144376
52.205566,53.2436,2.8525813,2.8717794
76.51257,88.30727,1.5291202,1.0655434
21.336218,19.704725,2.2308724,2.1858292
26.978497,26.666618,1.1968287,1.0186875
67.48136,66.22946,2.2117522,2.172304
66.41009,58.451424,2.957613,2.9199886
27.855453,28.412848,1.7023268,1.3477309
66.65729,65.42669,0.9468259,0.9972459
87.39538,88.13927,1.0599527,1.1241357
60.200603,66.137344,1.216621,1.0101974
26.320147,29.111393,2.5775533,2.6138167
33.881012,40.491528,1.9677852,2.00975
68.784386,72.938034,1.3019935,0.96612257
54.13119,60.62471,1.3293396,1.0341291
16.0777,10.08054,2.6896915,2.393993
5.7277565,6.105217,0.62120134,1.6894782
19.762568,17.528572,2.7541118,2.5690355
78.844795,86.10517,1.6373149,1.3350438
42.252968,44.519043,1.4044816,1.0417323
57.740116,57.248928,1.7545087,1.7432815
15.478302,13.738659,2.1465096,2.107472
82.81056,83.012405,1.9635566,1.920679
88.473236,89.31644,0.8916197,1.072204
57.03505,58.02618,1.6174682,1.7699465
25.04594,25.521088,2.8054335,2.9185562
98.55216,96.50519,2.954168,2.8979802
88.62426,95.319336,1.6008083,1.3911057
36.186974,38.12075,1.4010456,1.0514114
67.68022,70.141106,1.9912964,2.0976183
99.454544,94.45921,1.0558449,1.2429634
63.677616,63.548405,2.1766796,2.113371
52.19978,53.395187,1.1694918,0.99597096
57.914417,61.126915,1.193316,1.0241804
68.7974,68.12896,1.0616487,1.011028
82.15764,83.05229,1.8467784,1.8595711
55.461926,55.953053,2.4153645,2.4237337
86.2214,92.66157,2.8793733,2.8362134
68.13169,63.48918,2.1082344,2.0810287
60.8237,60.568356,2.2486415,2.2525833
48.96676,44.626816,0.8259469,1.1560065
3.8700223,3.5749817,0.54897684,1.4767678
38.917908,41.884995,1.4627315,1.0403918
99.81068,100.0,2.4913468,2.5085015
73.68548,72.945015,0.79175496,1.1394601
17.719526,11.955452,2.5737753,2.4580927
25.362885,21.207043,2.5673864,2.737631
64.05484,65.14308,2.3039935,2.270602
48.973587,48.649635,2.3117163,2.3164442
85.19734,86.381195,2.2339475,2.194923
93.523766,95.41018,2.8613784,2.8983479
9.455307,11.740097,0.6182188,1.1731567
8.38408,7.549347,0.8625206,1.3141797
15.608747,14.985634,1.7077308,1.4914275
72.96597,80.94498,1.3266629,1.3559837
73.45883,74.88574,2.0580127,2.0612469
25.076601,25.266758,1.4200064,1.0611345
19.00907,19.465845,1.4724479,1.0926932
95.28673,96.37964,2.1288333,2.1206145
73.41146,74.836296,2.4295313,2.4393163
83.52246,90.02384,1.6687068,1.7118015
29.351543,32.393883,1.8220314,1.9358513
94.23903,94.420815,1.025629,1.3869025
24.54737,23.758984,1.2406332,1.0350859
6.187299,9.358303,2.9131446,1.7539327
46.630535,59.943344,1.5155016,1.0740945
11.505766,9.715252,2.129348,1.5941572
49.78362,45.726276,0.89645267,1.1275022
97.4091,93.911194,2.7388637,2.6934416
79.02932,81.775696,0.875985,1.1264979
69.602325,77.302055,1.4286736,1.0024235
20.219105,20.262516,1.9086795,1.0343505
41.026897,36.928146,2.4946887,2.3281121
15.454847,14.964844,0.8919069,1.2884429
63.23987,68.30817,1.5759542,1.0490315
4.827673,7.5343246,2.4707754,2.0051184
8.337015,4.6428947,2.7820365,2.405379
12.052328,4.009701,2.7457218,2.5127838
71.69829,70.625015,2.9454906,2.903234
88.59337,91.58182,1.3142704,1.1157324
30.89114,28.904116,2.8015018,2.814965
1.432502,11.938713,2.1642392,2.4044943
67.31564,68.15549,0.6957856,0.96129197
35.428345,32.233376,1.0527241,1.0461485
50.896084,57.00698,1.4459484,0.97720534
26.996391,28.318485,1.247029,1.0928038
47.374058,47.741085,2.899867,2.92353
55.082836,57.94086,2.233458,2.1485426
20.473866,22.45781,2.0046086,2.2348294
75.24931,64.40754,0.5395777,1.1095586
9.794685,7.531765,2.4694173,2.5432527
13.822057,16.370281,1.5606339,1.6165297
34.99633,36.381943,1.4310386,1.0241957
52.957306,59.940514,2.4914098,2.5397105
39.369114,35.897987,2.0188048,1.4427601
59.632713,55.78994,1.8682741,1.8411026
64.851135,69.79083,2.4744422,2.5387168
32.41758,33.653244,1.3802599,1.0160311
55.098194,64.06034,2.1693842,2.270758
35.188385,20.244352,2.8210146,2.5125828
73.91102,75.82998,2.8243794,2.774675
62.757473,70.639206,1.4419746,0.99626356
93.88823,90.68946,0.8720143,1.3440201
59.69183,62.948868,1.249598,1.0350702
89.85857,94.138275,1.8441783,1.8022227
18.321201,24.764986,2.3517177,2.2497137
41.122257,36.155365,2.8755984,2.6259012
63.90774,63.669205,1.8649824,1.8804301
59.443424,59.97219,2.3064418,2.2840247
65.93464,69.49742,2.9690695,2.9426885
70.83741,77.99729,1.3352437,0.9760481
93.51467,94.10149,1.6114119,1.2669601
11.244647,7.632679,0.96902865,1.7281739
90.5369,87.172104,0.6723478,1.1731324
35.335693,34.387882,2.2940652,2.2835493
11.320763,14.407524,0.96248245,1.9581112
17.537329,16.599873,1.6610087,1.7334545
51.352337,58.062714,2.1417053,2.269732
88.25828,94.84804,1.5046549,1.2442981
13.967782,11.682724,2.6057823,2.6362026
90.58473,99.688324,2.6824868,2.7892694
31.78759,53.36663,2.943059,3.0
29.687689,24.39873,1.2600933,1.5112551
61.870106,55.629795,1.8269577,1.7852987
63.039047,64.99994,2.71642,2.5778804
7.6808476,7.8708572,1.4825809,2.3407087
9.681935,8.086273,0.84642804,1.75252
28.630306,26.611465,2.9507792,2.8584814
50.63893,54.269096,1.9328271,2.1118388
15.879717,11.008644,2.379703,2.1828022
97.83635,96.94599,2.7189426,2.7225165
33.809605,34.695732,1.2106885,1.0141277
5.3790865,3.7584686,1.9684141,1.9092133
0.058971677,2.8635216,0.86251074,2.502987
53.28567,57.629944,1.3319819,1.016291
45.45051,48.12477,1.4483224,1.0489094
47.029316,33.61084,2.893093,2.8344421
70.532585,72.1492,2.953376,2.9362566
43.51575,43.621353,1.0092746,1.0236022
47.527573,46.82548,1.2553822,1.1102283
99.85188,94.37872,1.0501156,1.2498425
32.218285,34.47783,1.2653538,1.6788158
61.16794,61.294662,1.1367211,1.0371546
79.534805,73.649704,2.8125806,2.8334298
95.28519,95.19441,1.2761533,1.2607523
2.1977768,1.157505,1.9499278,1.911945
93.02899,94.335846,1.3509172,1.2292099
5.116864,5.754303,0.8618341,1.8197844
7.4839044,5.786335,0.87156445,2.590797
40.09817,40.345882,2.7303767,2.7225702
76.62341,87.62966,1.4967723,1.1012934
7.4564247,6.590931,2.3221774,2.41176
97.15934,96.564865,1.8466967,1.8177856
31.059332,31.58616,1.4657377,1.0358034
18.452791,13.716991,2.9014409,2.8555248
17.007578,17.163906,1.4433742,1.0932332
65.76248,65.384346,2.4073339,2.4040759
73.37105,67.432755,0.58297515,1.0441165
63.452084,66.580734,1.1327899,1.010141
55.94156,56.228893,0.830247,0.9934174
32.439735,28.702627,2.85454,2.6626506
86.39093,85.33093,1.3535206,1.0267491
16.08006,14.555809,1.2678591,1.208015
44.461754,46.63351,1.4837471,1.2217236
7.7659307,5.2118187,0.9578891,1.2413111
20.05083,22.529387,2.850578,2.3511395
95.31302,90.64783,0.8737232,1.0954365
98.650925,98.21573,2.210404,2.2175586
27.675497,26.607328,1.917997,1.8953124
22.244555,25.119057,2.4461243,2.6265266
62.139034,60.301613,0.6117769,1.0371499
91.792885,82.35733,0.559788,1.097506
75.03147,73.836716,2.103057,2.007976
33.402466,28.998102,1.9581957,1.7743644
78.25599,77.761604,2.5907788,2.5586853
21.908398,20.349869,1.6780262,1.6733164
77.04064,85.735855,2.7824955,2.8454819
67.82607,69.55705,2.047268,2.0566232
12.476322,12.911667,1.8984197,1.6261003
11.648028,11.06765,1.2160103,1.1037593
37.45595,40.31673,2.1069455,2.118334
69.84212,74.27286,1.6622826,1.5946784
14.670778,12.981995,2.115844,2.122332
6.3554144,5.7972336,1.8352599,1.6791712
2.5818646,6.007084,0.70614845,1.3293917
0.6270266,25.558928,2.731083,2.7648602
72.12604,70.85287,0.75987023,0.9773785
70.77576,67.44263,2.1511102,2.1218362
76.75861,81.36993,2.268362,2.3541765
12.856436,11.148018,0.94085836,1.0724999
4.369015,5.591408,1.2981849,1.9003526
76.95609,71.881584,0.65988934,0.9874343
21.137877,19.779331,2.8516395,2.8501568
8.739661,11.462486,1.3765953,1.3491833
3.2811127,3.179161,1.2366238,1.4499879
72.1789,85.54962,2.4963126,2.6624038
3.025729,10.714161,0.88221264,1.644002
63.244183,53.60208,0.5913352,1.0030332
35.239094,33.3002,0.98463213,1.0220928
51.32356,52.782413,2.2704222,2.0705042
56.979633,58.20713,1.2569593,1.5806814
54.40252,59.303726,1.2918663,0.99399036
68.528076,71.755196,1.2300427,1.0497428
42.47335,47.40991,1.0499269,1.8991728
73.77578,80.425766,1.3389016,1.0129288
13.2579565,8.978992,1.0988293,1.5057851
57.330734,61.920467,1.5958595,1.1184933
62.850433,65.08856,2.873178,2.8150065
0.5464928,1.9631348,0.77406466,2.0481005
28.760672,21.863398,2.9015205,2.421861
74.919365,77.12554,1.1553324,1.4586279
41.5551,39.507717,1.7227659,1.8111387
25.463095,25.831797,1.3200053,1.2403142
31.69932,32.124653,1.71998,1.614016
22.900131,18.174894,0.73746884,1.2966057
45.656013,46.44996,1.3599333,1.0881525
74.39913,70.04755,0.65794426,1.0802891
68.6979,61.62258,0.62078834,1.0154762
59.146526,64.435265,2.3369663,2.3565667
94.40821,97.88455,2.4587834,2.4726977
86.88614,88.46861,1.1177385,1.1675019
47.16632,45.853386,2.8682323,2.4552624
63.551327,63.273155,1.340814,1.2443063
1.0744039,1.3640366,1.8939553,2.1417093
39.487103,47.474895,2.6651514,2.660045
7.1428065,5.1022835,2.264941,2.025691
8.871029,12.193012,2.1943195,1.1258602
29.422945,23.92757,2.2960124,2.3806849
9.85515,8.378235,2.3788505,1.7324783
60.034767,60.510044,2.1322992,2.1148834
8.427103,7.7506523,1.8080778,1.3440237
3.7250288,23.029083,2.3002076,2.768145
39.996017,45.261604,2.3488512,2.6799936
69.22961,69.16963,1.8877189,1.903395
7.222113,5.8600616,0.7594108,1.1473582
10.888154,11.410831,1.7246383,1.6610316
34.737404,34.917553,2.7553892,2.7059004
33.93358,42.231342,2.7942505,2.897336
6.2448363,27.704481,2.3915641,2.5805123
34.103657,33.36993,2.1052332,2.1085453
84.55197,90.221146,1.338014,1.1115596
98.88656,98.82159,1.9411259,1.9119719
74.387,83.23883,1.3923383,1.0203187
86.17047,89.59651,1.9251287,1.9543613
77.33162,87.97084,1.473518,1.054973
12.394012,17.255081,1.9897256,1.9658984
60.966175,56.880497,0.8391053,1.398217
13.395692,8.077724,1.649976,1.3303901
22.37928,18.738783,2.9943304,2.6886258
96.60514,94.89114,1.112515,1.2322454
18.509836,18.682573,2.0391054,2.0855649
87.49669,85.80313,2.7721732,2.7730064
59.061687,58.22647,1.0293543,1.0390389
44.37001,41.76205,2.604479,2.5529017
49.134506,38.58498,2.9881115,2.8502994
76.64936,83.891556,1.2699536,1.0217645
23.061846,21.368914,0.9609172,1.0578201
73.01187,74.79329,2.1222088,2.0822155
11.787281,7.3469887,1.0210725,2.0183434
41.24037,36.071182,2.0560484,1.8482052
78.08013,85.1325,1.4213423,1.0638554
12.330351,12.579399,1.5924156,1.2655584
19.240122,16.013062,0.9633379,1.2428706
6.9101486,4.490265,2.046053,1.9511375
78.00815,79.03596,2.5104995,2.473813
91.84296,96.12401,2.5607653,2.6126175
50.124763,48.246494,0.983142,1.030369
34.94781,37.332333,1.8218075,1.9185312
5.201308,7.573242,2.0405066,1.1524913
94.39942,96.42874,2.0469067,2.039653
45.987244,46.679028,2.7127635,2.7235827
5.3592215,3.602951,0.53880787,1.9660158
94.00521,98.106384,1.1057916,1.4184349
38.078682,33.810184,0.9769923,1.0287378
45.640408,48.99168,0.78449255,1.003439
80.13827,81.66641,0.96715987,0.9973032
21.086214,24.20333,1.9067422,1.8579868
73.15557,74.33386,1.961429,1.9753625
46.656513,47.199535,2.2942195,2.2885513
1.697445,3.6574059,1.158696,2.0852728
93.17958,95.37207,2.1586094,2.2107759
69.496994,75.4709,1.3607504,1.0508591
61.393635,63.294212,1.679349,1.6185074
11.102612,8.322056,2.5726674,2.4693694
84.53831,79.217445,0.6821493,0.99505913
37.1855,35.081394,2.8921518,2.873638
17.047533,15.990932,2.3412232,2.3980484
39.17787,39.791946,1.8891661,1.8304315
2.0069067,12.126347,0.8950343,1.3472841
43.92271,43.93756,1.0877066,0.99948627
69.97133,68.61861,2.025338,1.9377508
71.06081,75.80016,1.6294473,1.3782946
81.38392,82.80139,1.9243264,1.9479532
51.917164,54.125328,1.0773957,1.0059619
64.43019,60.388435,0.7819656,1.268511
8.006617,7.841301,1.6036572,1.4818034
92.70792,89.36653,0.8784881,1.0964639
28.061563,23.947508,2.3516738,2.2367792
11.605969,11.973709,0.6370402,1.0480952
40.842987,39.716476,1.0566299,1.0329964
15.109698,11.02383,2.4643548,1.3360333
28.213665,24.38861,0.96170026,1.0392277
41.418816,32.7791,0.6754977,1.0151682
89.85688,94.289,1.3626182,1.2582021
41.795677,39.667377,1.0636089,1.3020544
75.75373,73.143585,2.0116525,1.8898389
65.12233,65.92851,2.8145096,2.772376
79.54293,70.78908,0.8493804,0.9848772
21.57753,12.054924,2.986241,2.6186936
38.071667,40.38992,2.5173817,2.5616941
73.1953,78.22227,2.5546277,2.619122
12.193393,12.28421,1.4116687,1.076725
37.411507,36.144146,2.924096,2.8460221
50.727207,51.75737,2.9290626,2.992879
48.033054,48.62564,2.0474813,2.0555487
48.909527,48.212997,2.6794872,2.811299
82.822525,84.14864,1.0364765,1.0569291
1.6424319,9.182838,0.7197071,2.3150783
99.435646,98.727585,1.808174,1.7971727
48.08646,43.476734,0.54681253,1.1468074
62.68062,64.52527,1.3820779,1.0401204
63.45399,66.14935,1.850501,1.8795075
32.610123,32.144615,1.833668,1.7951295
85.055824,89.59791,2.1548622,2.1411202
47.94862,43.43106,2.9459367,2.715935
6.153164,17.967888,2.4789195,2.5062354
69.923546,69.38133,1.797448,1.7165891
84.993835,80.53077,0.71439016,0.9994469
91.6294,85.912025,0.7173996,1.0716908
15.37866,20.090376,1.6864568,1.2210052
53.847572,56.233273,2.4983883,2.5073683
75.89965,95.21506,2.6845474,2.8503
91.18318,93.22717,1.2101924,1.1975596
51.170303,57.186737,2.8589203,2.8116364
88.55329,91.38326,2.444018,2.463925
64.741806,67.34024,1.1667076,1.0274076
79.78194,88.19859,1.4182594,1.0890944
23.841888,24.15062,1.6364071,1.2901047
23.47338,28.411903,1.7864788,1.0468458
21.09813,22.595587,0.72314453,1.0135562
17.605017,20.035763,2.5994976,2.5669892
49.71671,50.727455,1.2381985,1.0193093
13.085875,9.861057,2.566602,2.5059524
21.394312,19.90738,2.354002,2.3034873
21.126894,19.641146,2.6755018,2.1437776
14.21968,14.62265,1.2778947,1.1534555
69.30923,70.34616,2.0327501,2.037322
36.182945,36.031193,2.3208532,2.308136
50.335426,50.25562,1.1006958,1.0363
86.1963,87.99149,0.96122676,1.4929812
86.22838,90.10792,1.2619966,1.5553058
56.17049,46.84909,0.7212118,1.0181406
29.335709,31.985222,1.359259,1.0126066
74.562965,77.61377,1.1652427,1.103066
30.31614,35.064987,2.010072,2.3157024
10.222992,5.6619987,2.549545,1.9191815
66.30181,67.83454,2.4539087,2.4469936
82.632996,89.230896,1.27259,1.0709074
26.20414,23.305403,2.565316,2.6231494
97.856255,97.8794,1.989731,1.9715431
73.721405,73.21377,2.4490337,2.4303558
29.371117,26.496681,0.55643153,1.431699
17.578465,15.394787,0.77932346,1.0776186
13.198803,11.701286,2.406581,2.478968
77.78479,68.609375,0.791484,1.2872534
90.40681,90.526924,2.3612227,2.415769
8.581321,5.830345,0.65614235,1.2716467
7.4440584,3.8624763,2.7482378,1.9635866
30.849377,28.083626,0.81034386,1.1952736
82.44251,82.7314,2.3437319,2.1613328
19.402729,20.564634,1.1885715,1.4068612
32.77434,21.161947,2.9468424,2.7922897
37.98851,36.121037,2.1261704,2.2297373
2.7953837,3.2181206,1.8982912,2.1749606
50.60722,49.978035,1.027847,1.0460005
54.174473,56.130882,1.6134182,1.5080261
32.6463,24.884964,0.6457899,1.0271615
93.82951,93.46127,2.8310192,2.8223739
58.388367,59.79895,2.75242,2.7412379
89.70183,93.31792,2.5951214,2.6033273
11.343687,18.796001,0.6551934,1.3184698
41.11151,43.31106,1.9213398,1.8493123
15.203265,8.611034,2.9804175,2.1317284
39.012028,41.368977,1.0426717,1.0170417
56.59576,56.48013,2.2134757,2.1994326
45.43733,39.846664,2.1797235,2.0617304
0.53878856,8.191471,2.1743965,2.1669667
49.745903,55.43903,1.4921657,1.0992824
82.870766,84.2408,1.8508439,1.839188
52.276115,56.27471,2.5262027,2.6652586
3.6874948,3.830738,2.0636,1.6759425
4.376863,3.9532928,2.8488235,1.7017137
18.311886,12.812912,2.9507613,2.6146736
80.43567,75.26221,0.8547916,1.2091691
62.33824,58.49247,0.5261994,1.0343904
83.77891,84.598305,1.0364199,1.029808
10.757943,15.856781,1.3619802,1.0270205
95.2914,99.811554,2.0704026,2.1516268
19.495792,13.73925,2.22119,1.9982014
12.517177,11.037327,1.9305574,1.9148548
20.937763,16.765282,0.6725526,1.3113103
4.7133107,1.2510986,2.8600812,2.2283463
92.39206,84.79169,2.943417,2.8606787
84.41752,77.25117,2.546086,2.5597246
40.58085,37.215767,2.9905007,2.839621
91.484474,92.31474,1.1918677,1.1547155
86.78391,86.86565,1.6787925,1.5455494
37.287136,36.307003,1.9199995,1.9447922
88.71224,93.70741,2.9631155,2.9824486
11.788359,5.931408,2.770834,2.69462
29.847307,29.45452,1.1562545,1.5596515
45.99412,37.391823,1.8428181,1.7102568
73.891304,75.34281,1.3308744,1.0989605
75.906975,77.38706,2.6169863,2.6204727
77.40399,75.6867,0.90958095,1.3301364
87.01692,92.25178,1.381521,1.197357
35.366096,35.29547,1.4055487,1.0097314
61.244846,55.04212,2.7562065,2.6320434
36.55182,31.356836,2.6327188,2.696328
56.78017,58.371758,1.9601909,1.9587591
30.42346,24.158106,1.2404603,1.0596217
40.43426,40.712162,1.3317885,1.049891
56.10296,54.911552,2.4960663,2.4934437
14.935431,10.20023,2.4145937,2.5761707
19.5691,18.823246,0.8372427,1.0607054
64.66133,62.298046,0.7877158,0.9757448
73.421005,72.952415,2.3755064,2.353187
47.0816,53.534996,2.5605567,2.5512333
54.59065,60.079216,1.5368404,1.0141826
99.04768,98.828026,2.3696592,2.3744102
81.05823,68.341,2.7987905,2.6066246
78.17151,85.37531,1.2273121,1.5495081
71.59762,80.12491,1.3684582,1.0307641
86.777054,90.35675,2.514349,2.538157
9.148927,6.2344437,2.043439,1.7943966
21.854673,21.87948,1.73047,1.7204955
77.08961,82.79031,1.2375642,1.0396726
84.712326,88.69882,1.7101701,1.7621155
95.85454,98.401794,1.5845017,1.3937272
96.817085,88.67418,0.6382677,1.1030102
22.391973,23.687767,2.307756,2.4484982
59.212486,69.97559,1.2600634,0.9782555
18.347824,16.122555,0.7275854,1.0422304
37.19956,34.274555,0.9397295,1.046698
70.35473,74.84324,2.5754015,2.6182992
11.196795,9.362053,1.9104395,1.8305004
72.07555,76.548325,2.34345,2.4057808
11.526749,12.066235,1.5748752,1.0645492
80.79728,85.83389,1.5788145,1.2428514
26.66272,30.610325,1.4436276,1.8632472
1.2635825,8.713318,1.1783131,2.0319288
75.94118,67.95073,0.68761444,1.2821362
87.84529,79.27911,0.562024,0.98211086
80.50184,85.71773,2.1037295,2.1762202
91.41125,94.19995,1.5916588,1.5705525
54.267212,63.710934,1.4874225,1.042367
45.537548,45.766808,2.43509,2.437672
28.015982,23.441196,0.80577624,2.309966
62.295406,51.95736,0.65830463,1.0118972
75.42752,82.11096,1.0950776,1.0112723
75.974976,82.94817,1.5588723,1.5165135
21.20024,21.984045,1.3103302,1.5584162
79.336525,81.7439,1.396184,1.6414624
77.67391,76.13663,0.852713,0.9899933
90.55214,91.47501,0.82139057,1.141959
41.11991,43.06772,1.6876965,1.663764
43.75744,42.090298,2.5808873,2.5464964
77.04966,88.30043,1.5321759,1.2183117
53.130005,56.80341,1.5604507,1.0901825
1.407984,6.6469765,2.7073824,2.2206655
51.839123,47.102566,0.7221827,1.0285959
95.685524,92.25224,0.93179524,1.1739359
81.06507,82.57352,1.312669,1.0214592
19.582012,28.274872,0.95113146,2.2735853
83.62604,87.87143,2.7532191,2.776721
17.131433,12.362698,2.7845905,2.558411
29.360786,27.56416,2.843518,2.8224583
14.101128,15.304199,1.9733429,2.0904696
59.265347,61.034958,1.1131657,0.9720871
99.96646,95.09833,1.1024063,1.2518011
31.604347,31.652027,1.817564,1.2223558
38.914795,44.96381,2.4052203,2.4816852
51.132385,37.30634,2.8800483,2.640512
4.8265266,1.8399849,2.616668,1.8682739
44.330807,41.22667,2.7268972,2.577443
62.9353,66.751175,2.6377637,2.6484709
31.127771,30.684555,1.8174835,1.7120621
22.553396,20.229357,2.5075054,2.5214434
51.612095,47.53844,0.79101443,1.016759
87.2379,90.02553,1.9317456,1.9416409
62.772,68.36133,2.0808997,2.1440158
57.27388,56.789715,1.8695792,1.8732903
54.745304,47.776302,0.7684337,1.20703
71.949615,79.10886,1.2044141,0.98648506
34.657135,35.757095,2.278751,2.5250232
45.096233,36.06948,2.9136784,2.8106637
92.80417,94.893616,1.1507689,1.413896
55.556488,56.732494,1.1076691,0.9986838
44.737926,46.380432,2.6964428,2.789341
53.529675,60.502037,1.3990328,0.98476017
28.153687,26.655241,2.3466055,2.3211207
81.50046,77.08166,2.9180737,2.8745239
90.49599,89.08531,1.7770602,1.6887492
90.200806,95.29433,1.2918028,1.2715157
87.87894,90.25361,2.4527495,2.4652855
25.84906,23.143467,0.66091454,1.4097921
97.194145,95.580345,2.7451801,2.6751385
40.984707,43.401928,2.9733212,2.9766178
39.40953,39.618973,1.6370472,1.1821337
8.103075,8.500877,2.7080216,1.6535672
53.880318,59.159103,1.8326259,1.7999045
76.95836,72.91794,0.7082983,1.0108173
48.90613,44.75377,0.7768337,1.0343931
91.43836,93.85055,2.5823336,2.588072
33.026142,27.940035,0.6237797,1.1820776
35.828075,30.077131,0.70855045,1.0165098
44.90188,45.294373,2.491082,2.3508887
37.518967,46.701164,1.3905873,1.0364608
93.59108,92.72977,2.9526136,2.9285672
37.17008,34.371063,1.6471848,1.8262237
37.653282,39.321503,1.8047469,1.9018123
21.874441,18.274357,2.7427864,2.7148867
74.99239,75.98806,2.847128,2.7652912
57.74391,70.97352,2.6879454,2.7912154
51.440807,58.37006,1.4517827,1.0091708
38.68564,40.709755,1.0911815,1.0496684
14.187904,9.055714,0.9376448,1.3432063
69.981445,70.52967,1.7591714,1.7944828
45.332005,45.790916,1.7805551,1.9093786
80.10612,77.389275,1.8650253,1.8433056
88.94239,93.58632,1.5629402,1.1883905
47.351635,45.15364,2.0624053,2.110008
90.34729,84.90326,0.5626324,1.0406215
42.40874,42.122147,1.7464596,1.6893324
93.587814,84.23944,0.5675343,1.1413465
89.17792,93.97404,1.8850254,1.8732754
86.49935,79.73158,0.5015692,0.9870263
54.86781,59.78278,2.8703704,2.8817215
92.836426,87.970375,0.89283174,1.1985979
12.101423,10.106129,2.8316371,1.6209177
29.714577,26.53586,0.7535318,1.0486355
91.409676,89.78996,2.6204715,2.577807
43.38688,38.226574,0.64633226,1.0372566
38.97444,37.235657,2.3017247,2.2648325
87.62117,78.7864,0.5293349,1.0809493
43.51106,40.131863,1.8419423,1.9293622
15.796639,18.884407,2.440399,2.777361
79.70893,85.474594,2.0299344,2.1868186
42.540146,39.05092,0.60136503,1.0211706
89.82162,89.36383,0.8675469,1.1095545
41.042572,31.15813,2.6188147,2.3514557
24.872862,21.929556,1.7157853,1.9341508
83.94662,85.164,1.139612,1.5062057
45.093006,43.499973,2.7190652,2.7429917
96.89722,97.69275,2.528594,2.5261467
92.44362,97.778076,2.1411083,2.2059278
36.456535,37.474846,2.5837376,2.576736
38.24341,34.5356,0.62993175,1.1400743
42.00915,41.68844,2.3133492,2.3130355
69.13074,60.611675,0.5051816,1.0064678
34.75337,41.934258,1.4944415,1.8551725
82.7955,84.43659,1.7054647,1.7137511
94.51166,95.48259,2.761383,2.7723837
7.9375176,9.7756,2.1873376,2.1210015
97.06828,89.40277,0.68217105,1.0816808
27.458393,23.915009,0.5553838,1.0386052
20.55212,15.929176,0.5381523,1.1998653
9.835635,7.6096916,2.841939,1.3842298
98.32852,96.962296,2.6816046,2.6936753
20.592093,20.167562,1.8408123,1.646582
12.420352,9.968872,0.6573071,1.2703518
45.25596,42.244225,1.0446321,1.0133168
37.639874,40.79155,2.935444,2.9758167
77.40512,73.346825,0.82246923,1.0620115
94.286644,94.30234,1.193835,1.2343956
54.327988,58.781464,2.3996494,2.5009592
65.57889,65.35827,0.8570201,1.0095506
0.13946854,0.0,0.7036543,1.569392
60.84256,58.272594,0.92730266,1.3463095
98.81215,97.47035,1.6223098,1.4956176
23.837027,20.436014,1.9699908,1.8161219
2.462356,5.2598,2.7947147,1.6817869
65.14913,63.012524,2.8000064,2.737226
59.00899,65.57864,1.2769244,0.98642105
57.201973,62.34182,1.4228046,1.0255067
96.31229,96.270355,2.7837803,2.7549894
64.98989,72.89695,1.6023887,1.4176598
38.191105,33.53575,2.6403265,2.693193
36.324024,48.421844,2.860874,2.955892
37.368923,35.57844,1.1160506,1.020015
36.942314,37.73965,1.2111751,1.3606081
63.026817,67.15583,1.4349172,1.0547175
46.958183,49.71885,1.6581364,1.0689495
61.406757,67.38205,2.7197793,2.7452788
39.85975,42.374138,2.4480941,2.351975
53.017067,55.328407,1.4335763,1.3442948
99.548134,97.93132,1.5397732,1.3448082
67.42851,64.33807,1.0761031,1.0749023
99.39617,98.382385,2.11495,2.0654168
39.073383,38.990623,2.343646,2.3293526
61.34536,52.628956,2.703413,2.5686889
59.583794,66.40094,2.3890834,2.3417554
40.264927,41.7604,1.3459201,1.2848859
1.030729,1.2287521,1.5911595,2.1887524
28.75907,28.960503,2.4664426,2.4204948
81.49781,87.14023,1.8806316,1.9358954
43.01169,42.707428,1.4164122,1.2361803
20.616219,21.610537,1.1858237,1.0329071
79.610794,87.48001,1.5625942,1.1713084
4.408512,6.6395264,0.9620488,1.7707081
84.09273,83.68965,1.9188381,1.9289544
19.013231,18.13549,2.4163651,2.031865
94.09844,95.37254,1.3796186,1.2390155
5.869501,5.104496,1.6291887,1.2252189
6.628873,8.889568,0.88736546,1.1256716
75.74222,68.74586,0.7105272,1.0046247
70.04658,82.13667,2.5283997,2.6047497
79.26104,80.13595,2.5794108,2.5756006
55.850945,53.846535,0.79129374,1.0007626
76.24706,79.52357,1.6270176,1.3054044
15.409323,5.485222,2.4365506,1.9622719
28.513567,25.99244,2.360897,2.514219
84.73007,88.30249,2.6493456,2.664132
35.4711,32.205612,1.0232106,1.0317413
25.61285,22.856112,1.6806165,1.1511707
33.140003,34.27166,1.8127207,1.7010912
64.71989,61.548946,0.59827787,0.96970034
72.713394,73.57415,2.2568965,2.2619486
51.711773,57.328228,2.7329314,2.754973
48.602882,44.61608,1.0659602,1.0041356
90.88339,93.71799,2.3676054,2.3876176
79.30197,79.90958,1.8676775,1.8682567
82.567,88.70838,1.5869294,1.3302059
51.73109,52.284634,2.2333424,2.1739078
85.1911,81.71658,0.82511735,1.0025336
82.91419,76.348404,0.7942444,1.3693863
27.869043,28.541096,1.2814368,1.0361238
75.017555,76.94415,1.9344089,1.9447278
98.62801,95.77803,1.761964,1.7249441
76.028275,77.57764,2.947582,2.9376392
68.069466,73.524124,1.2951492,0.9884703
83.0989,83.691696,1.8576672,1.878842
58.32251,59.0229,2.0635862,2.051372
3.8959255,4.034691,2.9692626,2.9134278
45.794415,47.440804,1.3519076,1.0629802
96.08536,88.65268,0.74418175,1.0930729
97.29822,95.57969,1.1565866,1.282279
10.756915,8.8629875,0.66006273,1.0954235
17.879229,12.706711,2.965865,2.0662189
38.320175,34.088387,2.179988,2.2932248
48.400635,49.761913,1.2512823,1.0233268
66.84556,63.463585,0.5496223,1.5705657
73.003716,75.8727,1.1055818,0.9949149
83.44046,86.28841,2.185875,2.2146902
30.797043,26.955666,0.81176466,1.2300552
26.823257,26.026217,1.162409,1.103859
93.60059,95.33002,2.229244,2.2891045
27.18012,24.24088,0.516712,1.0961671
0.008608005,9.97731,2.456067,1.6185184
64.317055,50.686855,2.8658981,2.5777705
25.338251,22.59911,2.7705007,2.7120485
10.081579,9.267075,1.3237032,1.3193728
88.58481,95.0855,2.2355855,2.3296957
89.387474,90.6515,2.996923,2.9834187
6.19434,7.7128677,2.1362586,1.9195138
23.306011,21.11064,1.2106749,0.99593526
75.77347,75.029785,0.92798895,0.98301107
52.870354,51.498886,2.158217,2.045186
2.7488532,7.980938,1.309454,2.7856693
47.080673,41.99001,1.8998924,1.735999
67.19474,71.42198,2.931279,2.9314144
80.262085,78.126656,2.0297382,1.9423826
97.86271,98.6964,2.763799,2.756066
98.20744,97.37226,2.3160012,2.2014978
38.00741,36.60888,1.2620667,1.02584
86.70365,84.47128,0.8531245,1.0217462
20.033672,18.715746,0.7799206,1.3390092
53.955406,53.97085,2.3375013,2.339106
16.1998,16.224598,1.5245035,1.0705799
56.74,56.957153,2.1066427,2.1012738
99.568954,96.95049,1.7716023,1.7198178
51.969578,47.95739,2.9477034,2.8638053
40.588593,39.89432,1.7577673,1.7346083
93.31078,95.49167,2.1437793,2.1462982
80.055016,76.27933,0.8164964,1.0591879
27.71273,29.092312,2.467666,2.8986228
67.03072,77.39717,1.5831,0.9857822
28.24441,23.362549,2.9657936,2.9195943
15.913646,10.403271,2.1005523,2.6360207
55.41887,52.76875,2.845855,2.7958007
5.15854,8.109577,0.7724284,2.3775709
42.428207,41.824112,2.2769856,2.2664254
52.037903,49.102894,2.2549725,2.2232606
91.2501,84.41011,0.7590796,1.0300128
35.22534,30.567501,0.8910503,1.0350323
16.393188,16.968796,2.186827,2.043574
95.28491,97.406784,2.0267775,2.0435421
10.437994,9.783707,0.84684145,1.2177594
13.333667,10.491238,2.417667,2.2126968
51.680992,54.373386,1.1539049,1.1972554
20.005354,17.59745,1.9315082,2.2798657
77.81543,78.61485,2.269238,2.284803
23.996819,25.062037,1.3336574,2.1039238
50.46867,47.84467,1.1345763,1.023608
15.405539,12.8154335,1.0056119,1.154505
53.713997,55.607468,2.8040326,2.694273
93.961555,85.887405,0.5050201,1.0359284
36.26502,17.846355,2.7464917,2.7866077
43.63817,51.343147,2.752521,2.789413
2.4841106,9.926617,0.8970775,2.0615895
80.35345,77.42217,0.7973846,0.99499047
16.406116,13.696339,2.225643,2.5118217
8.544453,14.066479,1.9185753,2.161526
90.59871,97.559204,1.5194775,1.5661824
3.6242573,10.268536,1.6942052,2.1899931
94.82092,95.578705,2.2136035,2.216226
59.874893,64.17399,1.2980566,1.0159396
64.29252,63.52798,1.8007675,1.8001767
58.595875,58.998177,2.1706734,2.1086364
98.84087,96.96919,1.898843,1.8808821
39.873848,41.199978,0.76677805,1.0195835
33.008873,31.455088,2.4647543,2.493447
5.561489,3.4565353,1.4195442,2.127513
5.6748343,5.17218,1.2619016,1.2630396
44.017204,40.578735,1.937812,2.060071
97.82954,93.084335,2.28529,2.178765
12.862059,13.02771,2.4047623,1.3777122
68.27438,69.24658,2.9293425,2.901063
0.5700323,1.8252754,0.88998467,2.3371773
32.8858,32.61187,0.96779674,1.0372468
14.867939,17.797134,0.5518307,1.0812646
5.5922475,10.830238,2.1580477,2.4098759
13.868275,12.442844,1.9366544,1.9451791
62.936886,61.331284,2.7089298,2.7243838
2.8939543,9.355293,0.7872349,1.3102593
7.0099034,5.444683,2.9369304,2.8146996
15.433994,15.759274,0.65142494,1.802567
69.68629,69.02475,0.97049767,0.9908429
16.629004,16.456467,0.76001066,1.3526562
21.580711,17.50076,2.4119432,2.1937933
96.20529,88.028915,0.71282226,1.1794603
21.400303,34.311718,2.805288,2.8845577
21.780842,23.009733,2.506762,2.4488425
5.364354,9.515423,2.4112687,1.8698254
44.19712,41.57241,2.7745523,2.7858293
48.665306,47.998062,1.7657061,1.7422765
73.631256,66.60391,0.69731545,1.5360092
73.43332,76.13367,1.1688472,1.0213486
80.46627,79.48006,2.1895514,2.1786091
70.878586,83.39278,2.385822,2.6026008
44.343914,30.769104,2.9626725,2.4395494
12.490638,7.587269,0.66023904,1.2585645
13.406962,9.359367,1.0636505,1.6827095
42.92536,39.52971,1.1180869,1.0080884
36.405277,34.411877,1.4773784,1.0532944
65.227,56.642475,1.9317601,1.8488896
5.4069266,18.007963,2.5987742,2.5980759
32.939606,27.650524,0.5197418,1.0590667
5.0526075,3.4747696,0.6344548,1.5383576
86.64699,91.365685,1.3139303,1.1942462
27.290882,26.494286,1.9321382,1.9561348
59.611324,63.09544,2.7935724,2.7654848
93.48027,96.41879,2.4824665,2.4908693
26.49739,26.501244,1.0597553,1.8458207
51.941463,54.102737,2.5608783,2.598178
76.02925,84.720856,1.3750017,1.2140281
51.411766,47.61117,0.8042951,1.0529978
20.16575,19.43931,0.9228384,1.4770358
85.17885,81.06413,0.7661006,1.0338397
35.4653,31.034397,0.6596462,1.0761168
28.245955,26.883457,2.5211577,2.5061007
58.45261,53.94281,2.7847018,2.690543
16.542728,16.537804,0.90132934,1.1287553
8.652549,8.260597,0.83493704,1.3229512
99.08533,97.80574,1.6999907,1.6833197
97.60195,99.39043,2.5461414,2.512692
80.66701,72.212494,0.557455,0.9954355
86.74537,90.7539,1.3885512,1.1098628
85.240486,90.863945,1.3976758,1.120477
87.32437,86.00391,0.9738938,1.0495174
86.044846,86.12749,1.0940554,1.0544447
15.541788,13.827347,2.1385126,2.1094613
41.535027,40.83417,1.6244848,1.2665397
97.070335,82.90451,0.6030807,1.3669721
96.788055,100.0,2.177606,2.2092316
12.848404,13.931107,1.3849882,1.1329622
98.078865,94.15274,1.0266707,1.2268789
38.81646,37.272896,1.3783004,1.623496
20.566084,18.51073,1.3696282,1.6891818
45.12331,46.98888,2.1438744,2.2114902
6.5334907,11.696728,2.715352,2.8274217
80.286385,83.784386,2.0929272,2.1366203
64.7269,66.19863,1.0293717,0.9914922
18.860575,16.783047,2.142883,2.3674607
93.68678,95.13051,1.2989944,1.266233
77.18363,84.66026,1.5398135,1.0309926
31.519373,29.782068,1.7906073,1.365509
52.65189,52.293934,2.681147,2.7515965
69.68651,69.486946,2.9808931,2.9466004
50.19201,41.822163,0.50833553,1.0978959
92.65778,93.74104,1.2295742,1.1708834
54.14683,57.360733,1.2337339,0.97900736
21.655045,21.083412,0.97824305,1.1105547
18.089418,12.164627,2.7152045,2.7502012
77.92985,78.903595,1.574114,1.0235355
86.36987,93.8015,2.560496,2.701024
53.072166,57.532124,1.8569684,1.9878124
92.222855,97.006195,1.5309135,1.3729218
97.234604,97.53511,2.178008,2.1751077
50.099052,48.949055,1.070454,1.0368327
10.338372,4.161331,2.7327359,2.182694
31.51153,32.763103,1.4076746,1.0512028
42.53881,40.830715,2.3915052,2.2799313
11.4923,14.671722,1.53625,1.1338608
69.292725,77.23719,1.9200922,2.05038
17.205599,7.426983,2.814077,2.3652005
53.676598,49.40719,0.811893,1.0423763
34.640644,37.190052,1.516251,1.036733
11.042471,9.857204,1.1696489,1.036278
37.17988,37.148865,2.2783995,2.272539
36.108917,35.51984,2.696804,2.6361213
46.7611,44.64466,1.002053,1.0344293
69.57512,73.40627,1.5936313,0.97687465
9.915298,5.9448013,2.424584,2.565477
79.18639,79.953,0.93598396,0.9880194
79.98496,82.19904,2.280462,2.3158522
38.642838,32.428417,2.7397623,2.7097948
38.461323,57.575634,2.5511174,2.7507527
73.09151,77.26783,1.8382723,1.9535183
37.168507,30.863314,0.7822469,1.6563641
39.978077,33.392338,0.8077982,1.1781927
93.96282,95.90783,1.3748702,1.4440668
89.03375,90.419876,2.1452978,2.167924
82.71067,78.304214,0.81637263,1.0219344
60.784756,67.105774,1.2225617,1.0031211
99.13848,99.69794,2.0352921,2.0395339
21.004248,17.4482,2.7086158,2.6807065
69.697815,77.067314,1.4727612,1.0002851
44.702198,46.985752,2.0977566,2.244249
53.400265,50.4441,0.7574316,1.0241094
42.42645,44.35903,1.9155506,1.8115189
71.995544,72.06049,1.925123,1.8449417
80.61262,87.058136,1.3231727,1.0571185
56.316185,55.509453,2.5120163,2.490959
86.87144,89.18999,2.943361,2.9310222
43.668472,43.39383,1.8991883,1.9662504
91.97988,93.412094,1.3302263,1.1707561
51.128235,51.81118,1.8275435,1.8365775
92.60373,97.11361,2.3409755,2.4451785
9.920914,7.7568283,1.4108797,1.6647527
28.975277,33.359882,1.5968122,1.759224
91.18384,92.58133,2.389199,2.4209442
76.60587,77.66585,0.7609135,0.9700304
19.621647,15.159641,2.9440386,2.7468686
59.56565,63.88952,2.4967558,2.5535948
40.667805,51.461033,2.5374854,2.6934104
25.690277,26.973955,1.4101777,1.0219197
40.402924,40.469658,1.9796203,1.9848142
30.635689,28.879677,1.7993379,1.6607574
82.3855,80.23758,0.8663879,0.9940315
13.854583,20.05404,2.1585836,2.6206207
10.871221,10.065556,0.7264727,1.4990495
80.597916,79.29399,1.8952342,1.9327624
34.96593,31.45274,0.8911721,1.0780607
38.315536,41.622562,1.4111543,1.041769
78.641304,73.51127,2.2918603,2.1899698
29.335623,27.617548,1.1669884,1.0400048
15.646983,26.254383,2.454836,2.610047
57.55626,67.389786,1.3350484,1.1615165
8.290054,7.81118,0.8955753,1.6273588
16.504976,15.492336,1.2875872,2.1016197
64.60031,68.43776,2.4802864,2.435311
45.453953,50.26271,1.6083637,1.6369393
29.200502,26.953672,0.7400862,1.2009414
83.30662,87.0462,0.9607053,1.1099776
74.52999,73.52502,1.0333368,0.9859864
8.379347,8.728615,1.128833,1.1636525
93.09851,97.32974,1.863844,1.8584496
7.945641,7.5229607,0.6173161,1.4707723
12.5466795,15.111591,1.4698373,1.9045098
71.64248,71.08851,0.88310933,0.99246615
48.95665,48.877415,1.3429688,1.0272592
50.939323,58.578773,2.9053688,2.968494
19.176353,21.051378,1.8317375,2.1512048
57.635895,58.301857,1.2307097,1.0228198
71.31395,65.1237,0.7447333,1.5706061
78.38537,82.36853,1.5640799,1.6278659
67.14558,75.97993,1.2701344,1.0034637
32.482212,25.487345,1.9560521,1.9284672
87.87724,89.44106,1.95509,1.9722095
65.8483,69.2367,2.7189326,2.7493327
80.044914,92.145744,2.033359,2.131756
87.71048,90.71276,1.9067641,1.9366446
46.70888,45.925545,2.2079487,2.1236994
85.49394,86.01123,0.9648723,1.0285685
47.18703,46.241455,2.8457704,2.8249617
29.159533,23.8033,0.5371689,1.4981505
83.52242,80.95331,2.1651826,2.0850253
35.128822,32.901344,2.7860227,2.8819842
98.13307,98.71623,1.423379,1.420026
70.55395,68.53214,2.4180326,2.31929
6.1146507,11.304317,2.7675421,2.5806785
55.10387,60.466507,2.7546394,2.8490725
74.64335,81.41978,1.329938,1.010976
52.8671,51.34745,1.7534341,1.2374052
70.53015,69.6821,1.1743175,0.970922
74.279564,77.20252,2.6838512,2.7197618
91.365746,94.07286,1.7012806,1.7225643
83.46355,84.319534,1.7413303,1.7560717
75.0104,86.733536,2.1133955,2.3684301
87.374535,77.99345,0.5164643,0.9830511
21.624653,15.433704,0.5505072,1.2824372
45.47103,43.696106,2.16181,2.1269991
92.94975,85.24309,0.66884565,1.1441056
11.150308,5.679928,2.9944355,2.591936
93.694,93.672104,2.64897,2.6265814
26.050978,23.903692,0.9301369,1.045929
0.040583484,0.0,0.9070554,2.4022696
37.502018,40.20242,1.49603,1.0835111
60.540867,59.199245,1.7497338,1.7494073
72.18053,79.92045,1.3690896,0.98634875
56.389805,60.53527,1.3959109,1.0090322
24.606766,22.100302,1.1222247,1.0658054
31.078537,23.27624,0.56777203,1.0169826
95.77567,96.6116,2.0958076,2.0985096
92.66722,97.779106,2.0943177,2.180242
26.79033,22.530453,1.1656475,1.9940047
92.9604,97.461586,1.4716709,1.3572352
54.353485,51.370037,0.9898202,1.0687774
50.627026,43.606842,0.97879493,1.3737261
28.064545,24.685188,2.6709814,2.7899373
75.02654,75.118965,2.6363218,2.5498543
36.44725,36.01848,1.1215757,1.0342427
65.517296,68.076294,2.5963547,2.5946546
49.213966,54.507774,1.0288988,0.9730379
15.527499,10.564587,2.7742417,2.6963935
90.511215,96.82329,1.4067571,1.3517642
20.71676,19.582518,2.0168734,1.9270895
48.10414,46.441425,2.367615,2.317628
89.72098,87.520905,0.71972686,1.0773742
34.246567,33.968452,2.7338395,2.8121738
61.53923,55.50961,0.65468276,0.996454
29.870636,27.477602,2.93762,2.8985424
19.849474,19.83336,1.6434492,1.3064368
40.01267,39.333942,1.1436756,1.0488974
39.87599,45.473267,2.0130336,2.1828082
68.14804,84.77344,2.7010012,2.8373506
58.75782,49.140064,0.58201563,1.3138372
57.313507,50.75305,0.59489083,1.0181837
45.433838,44.01664,2.406132,2.3716578
32.34569,35.337364,1.7113134,1.6449647
69.75115,66.257095,2.0504708,1.9292141
72.198944,72.07798,1.1663215,0.9758645
74.935974,75.00591,1.8030176,1.7613286
66.78408,69.64145,1.1793222,0.98412657
16.416094,13.945347,1.7087222,1.0627742
80.7857,80.84082,0.85392755,1.0008534
30.986843,27.316614,0.94210815,1.0710045
32.377934,29.09573,0.8122324,1.154774
95.22217,94.721756,1.138267,1.2212315
35.64449,43.016365,1.8765799,1.9986894
79.43275,83.770935,2.1331282,2.190723
90.82479,95.07535,1.4416227,1.2483923
67.96832,68.387115,2.141752,2.1397023
0.09309919,4.762291,2.6259735,2.3366184
41.166416,40.91725,1.8856099,1.8916352
57.532726,64.359116,1.5096766,1.0024517
76.643,78.88826,1.7647464,1.734498
48.27091,48.90547,2.6144834,2.6322532
10.855835,5.293934,2.9347904,2.7105796
20.404303,14.536972,2.7373762,2.7338035
32.2576,30.390493,2.3907733,2.359354
83.62048,76.44858,0.5586644,0.9870468
95.208565,94.91489,1.439121,1.3548981
75.91589,75.800644,1.859377,1.8802639
99.722755,97.94574,1.3653688,1.5467144
51.10817,43.095463,2.6470969,2.5161114
35.300213,35.09822,2.8220875,2.8313708
64.679405,47.822334,2.963175,2.8148155
25.308077,30.360983,2.060576,2.1580167
52.708645,48.98593,1.9078872,1.9294581
0.5883489,3.5092888,2.1106324,2.3509765
10.884972,10.1316185,0.58603173,1.3417943
4.9302893,7.0899353,1.5122048,2.2329264
73.00374,72.31095,2.1350222,2.0300426
73.26147,76.00827,2.9872015,2.894853
86.177216,90.21887,2.0206144,2.0547926
25.852613,33.44469,2.6182098,2.8087916
23.108784,20.06338,0.8933738,1.6405054
10.421404,10.826748,1.6026614,1.0232836
91.174866,94.20409,1.3310889,1.5980532
42.540833,43.973473,1.2956163,1.0484974
69.64154,64.1584,0.73132557,1.0121033
72.14833,68.846245,1.0267981,1.412491
92.186646,95.236,1.5865097,1.4880494
39.893356,30.447023,2.987865,2.638578
92.61101,87.156296,0.81914353,1.0700073
65.86219,69.72896,1.2521249,1.391245
89.99088,93.47087,1.4766519,1.6588564
93.23773,92.18934,2.3062534,2.2888098
98.44695,97.680176,1.6142608,1.6374366
19.562674,19.115265,2.1306405,2.207886
37.921883,34.69808,0.83347124,1.0476139
50.193153,48.125008,2.481535,2.676118
66.940735,66.4887,2.2502444,2.2460155
71.63118,66.686935,2.5872474,2.466498
33.80123,33.192734,2.1451635,2.1274004
29.760534,28.199533,0.8579224,1.0638025
21.5868,18.198778,0.6666244,1.0930331
8.885474,7.1440125,2.1790223,2.1432352
93.02869,83.32617,0.52399874,1.0567701
19.548367,16.941483,1.0776837,1.133266
45.146816,50.76156,2.8372593,2.8814483
43.316765,44.357124,2.7002141,2.4181976
11.377194,11.308342,1.4878435,1.838967
18.065327,12.273216,2.6752677,2.3459103
53.02416,50.279373,2.704679,2.600815
40.11128,49.482086,2.5228739,2.7924051
90.05539,93.77574,1.3984485,1.1789254
40.280727,34.209965,2.882543,2.7974415
84.34086,82.83801,2.466757,2.3987362
20.077408,21.022858,1.4002287,1.048394
10.350666,16.108196,1.7549224,2.0055768
80.57748,77.62439,0.7911234,0.9876692
62.51977,65.51521,2.1187646,2.1153023
75.71331,68.868515,2.3767097,2.3130307
97.19134,96.16408,1.3589466,1.482644
60.17872,52.258163,0.57953376,1.112772
32.505203,33.53266,1.528397,1.883759
83.992714,73.97201,0.7234323,1.2273996
81.40259,73.46987,0.5030917,0.98395514
90.56292,88.84385,1.866745,1.812385
72.36645,63.24248,0.517145,1.0096899
26.071934,30.487337,2.1343684,2.2570286
73.70092,79.25019,1.6892033,1.5539068
62.22077,62.95452,1.9454188,1.9577111
62.163765,69.28549,1.5876771,1.2139312
93.34703,95.67287,1.8088553,1.7878094
69.16598,80.51982,1.522578,1.2526277
15.761592,16.94183,1.3998435,1.0726682
20.396105,17.902592,1.8942021,1.8234359
57.530464,55.08265,1.0585288,1.4060106
95.80644,96.72084,2.21546,2.2054362
11.342929,11.28014,0.686464,2.373939
24.560863,22.275984,2.4157872,2.3469954
61.830338,60.781525,2.9211278,2.8834047
16.379807,18.195847,2.4673216,2.4743395
49.39663,50.18296,2.5017729,2.5211835
89.51117,90.827255,2.2714353,2.2678869
93.2747,93.56112,2.3613126,2.3420467
42.910362,36.697006,0.7467008,0.9948927
90.71909,93.35314,1.6170236,1.5493077
88.79444,86.295876,0.8432444,1.3758032
7.712587,4.6166534,2.445666,2.2413018
66.92988,73.03196,2.096882,2.1029234
41.638496,43.739647,1.5795208,1.1145608
72.61626,77.19685,1.3373998,0.97290784
37.13938,38.129803,1.6870258,1.7744958
77.4356,80.899506,1.6374104,1.524721
58.32826,57.366592,1.8564658,1.8461139
22.088634,21.877922,1.799978,1.9459219
45.892635,47.54292,1.6646905,0.9934069
77.84276,79.57486,2.9027827,2.8024201
69.66515,73.477455,2.1423106,2.10825
41.191956,44.530476,1.3548063,1.0101883
22.653751,22.004555,0.9640488,1.0678511
59.809734,60.531532,1.7140568,1.5846742
34.230972,30.12111,0.6012485,1.2194912
31.316288,29.164465,2.9013708,2.8786526
68.049126,59.377083,0.6584765,1.0346836
64.77105,57.20381,2.3513021,2.2408056
88.78212,89.260345,2.459276,2.4742165
90.33463,83.731766,0.80405396,1.615774
90.77988,74.90922,0.59843725,1.4480448
31.668985,34.40925,1.2970629,1.6102105
91.01593,94.362434,1.9961385,2.0114653
88.2342,91.22589,2.7305157,2.751348
57.051884,59.783455,1.3606291,1.0327868
85.48761,83.24065,0.7722557,1.0071815
85.48627,90.8002,1.5978062,1.2269776
55.90985,48.49911,0.60187125,1.0400221
7.4960766,10.884029,0.9480218,2.337807
29.264505,26.910767,1.3915954,1.0581965
9.29218,13.085304,2.0196643,2.9011722
39.410866,39.771614,2.5752528,2.6241896
70.11965,63.11892,0.7148943,1.3680652
62.26243,72.50619,2.0053742,2.0753784
80.81475,74.676834,2.272466,2.2881932
14.093804,13.557156,2.447893,2.7008843
36.355972,34.3691,2.0862076,2.1129997
35.433186,33.202736,1.7796743,1.3667777
30.369978,25.253874,0.60099226,1.0549055
84.436966,93.269745,1.3854793,1.1585705
99.774414,93.150185,0.76297325,1.2375329
36.712322,36.144207,1.1911262,1.1458638
12.389809,14.55949,2.206473,2.573318
43.219112,44.621265,2.0871496,2.102795
39.550728,31.937664,2.646215,2.5104527
35.194412,30.723759,1.3306195,1.0281374
37.75997,37.411396,2.093172,2.0424862
38.377342,35.31191,2.8296545,2.7524467
38.499897,35.111584,0.9505552,1.0696265
69.39588,72.50619,2.8606803,2.921684
86.48063,92.716934,1.3573391,1.1467497
3.0276482,17.1945,0.74752647,2.5911443
54.750362,55.038948,1.8636514,1.9387057
11.785051,9.582699,0.50101006,1.0873215
33.88137,42.987755,2.7805488,2.8268747
53.026115,48.778954,1.9889303,1.9445246
65.30177,59.348927,2.5269172,2.4421647
86.94987,86.128174,2.0250642,1.9366914
66.93508,64.81199,0.74253845,0.98974276
52.93985,49.06569,0.79947245,1.0248863
3.975946,10.104809,0.5777414,2.4150825
58.892136,61.5707,2.9489,2.9187346
59.606583,59.099022,1.0126237,0.9974285
77.28975,87.24085,1.4207083,1.2132487
83.424675,76.71617,0.7079753,1.0321288
19.0289,17.07793,0.8338329,1.126544
28.84857,22.845621,2.8419597,2.7576566
10.179165,9.503803,0.87474734,1.309862
23.415895,24.404865,1.4716609,1.0636728
10.48119,14.696163,0.7697937,1.2264698
95.65608,92.22621,0.97523075,1.148303
57.888096,62.346107,2.470267,2.2766206
49.31167,47.07762,1.1026517,0.9994339
93.44195,87.943344,0.72030854,1.1288021
75.454124,76.429474,2.6893575,2.6517508
49.81849,54.402767,1.6519581,1.4333119
67.33138,79.58097,2.770106,2.8045373
59.039154,68.77115,2.8769743,2.9436932
45.701183,48.027016,1.858181,1.8957158
64.94572,66.03439,2.2707944,2.2704034
90.324196,85.764984,0.61747634,1.0613042
93.90996,87.33702,0.7937269,1.1579182
54.769432,49.25822,0.67413926,1.0261955
32.24464,33.24918,2.16438,2.179396
94.43239,95.145454,1.8254151,1.8182985
55.201103,62.081783,2.533135,2.52026
26.389372,24.669102,2.4447467,2.437804
42.724606,44.38981,2.5377274,2.5598748
69.485016,82.49331,2.1475937,2.2162948
64.605965,68.0986,1.666644,1.8379561
3.2923577,13.169903,0.5983674,2.776772
68.001396,65.88011,2.409043,2.565337
79.67174,82.267975,2.2014525,2.195151
61.0467,60.609215,1.8003771,1.8221086
39.690903,40.517097,2.4132926,2.415213
62.797207,58.20768,2.672865,2.6402357
49.89324,61.089832,1.5208318,1.6594619
5.6211777,11.435764,1.9570723,2.4950275
10.977442,21.250294,2.420437,2.3827205
19.06929,18.080462,1.9617004,1.9553385
13.374149,12.680622,0.5822612,1.241231
27.155428,26.90692,1.0025396,1.0528715
30.770947,34.256374,1.4406065,1.0228577
59.19231,51.33414,0.6414814,1.0286047
28.826511,31.737478,1.0437155,2.0362585
44.685875,53.922314,2.4804332,2.7908614
75.74996,72.003716,2.7005994,2.5926893
71.76594,72.7508,2.013239,2.0026824
46.199394,46.160854,1.9475107,1.9159994
4.4294977,11.744175,2.452042,2.7067783
74.020615,68.80893,2.1362464,1.9808416
43.533344,38.83102,1.0403465,1.0129188
70.49247,73.48026,2.0292418,1.8324705
58.195786,60.561264,2.0509002,2.0797904
65.35595,60.237892,1.6228412,1.150563
92.6304,93.50484,2.4166777,2.409359
69.598755,77.32091,1.485922,1.0182147
34.4717,28.054617,0.6636489,1.160837
46.84945,49.48297,1.4610686,1.0098169
51.75013,57.1713,1.3439511,1.0922129
79.03939,83.80333,1.6027594,1.0482271
47.10581,46.41282,1.0407897,1.0628192
64.70189,69.0648,2.5638745,2.534172
97.572876,98.23169,2.3430097,2.3648746
73.32196,68.40477,0.57176214,1.0065092
87.224754,89.20619,1.6240308,1.6645741
64.5616,61.749374,0.96428955,1.1122193
62.396255,56.937233,2.906006,2.7937768
89.6724,84.10045,0.6974535,1.0229572
40.919834,52.764496,2.7971933,2.940634
77.0246,76.21651,2.7493796,2.7263942
20.637613,16.81845,1.9887428,1.9564865
65.724525,68.79939,1.9337765,1.8956398
23.888653,17.576565,2.7428281,2.5955098
64.762405,65.960365,2.7691422,2.7443347
14.041336,12.952923,2.095651,2.149801
78.80989,81.18359,1.6629374,1.6321874
56.36596,60.413174,1.3590317,1.0042832
98.559425,96.108215,2.9845583,3.0
87.67885,88.82505,1.7360401,1.7444582
92.66246,91.25656,0.94618815,1.1400177
41.541714,42.366955,1.2656912,1.049419
42.968716,42.10339,2.6607838,2.6908543
43.43043,39.264313,0.7526665,1.0407093
18.614815,14.898815,2.4475641,2.159722
99.427864,89.728165,0.8738109,1.3334972
36.225338,35.426304,1.2603065,1.795858
38.256073,41.203094,1.4977747,1.0378083
12.480876,11.119362,1.9704866,2.2323875
92.45112,92.1922,2.593051,2.5595407
20.422014,27.696829,2.790988,2.9076815
68.09417,68.54878,2.6460927,2.6058064
70.61752,74.97092,1.6175735,1.4397553
6.0456,5.066311,0.50461406,1.0375707
49.907555,54.57022,1.3579793,1.0006561
2.5974195,1.7567749,1.3838614,1.145124
44.817123,55.240753,2.1194837,2.4768715
4.306005,11.297787,1.7559408,1.4884758
41.772705,42.030083,1.4098686,1.0295825
79.173836,78.38309,0.8099839,0.98689574
72.572266,73.41651,1.6858648,1.6489259
63.916565,62.89669,2.9861333,2.914747
49.10424,38.52786,0.78982574,1.0318029
11.035409,8.671242,2.5572298,2.546175
58.43285,61.667717,1.3126366,1.0060029
73.88144,78.293,1.7201805,1.7449306
52.182907,57.38447,1.1063997,1.033762
90.655334,80.48513,2.4696612,2.334774
86.28059,87.0835,2.0406272,2.006802
8.344342,13.989353,2.7405605,2.273051
75.223404,73.188576,2.8591228,2.866004
66.507385,63.842667,2.321393,2.246087
99.61357,88.4944,0.52235854,1.0669122
50.634716,50.107647,2.310107,2.210832
99.48666,95.786316,1.2131516,1.4299027
71.445435,75.72528,1.333617,0.97978777
67.88273,69.78616,2.0498064,2.0757432
65.86468,60.612118,0.68668014,0.9981561
11.76461,17.665298,2.00607,2.4421937
53.71672,58.49373,1.6792897,1.8261598
34.546078,31.900314,0.89463234,1.0785894
42.971577,44.204132,2.4252627,2.452226
94.96688,96.47795,1.0446751,1.286315
71.81856,67.61187,2.8855546,2.8821642
99.35209,98.29231,1.9334893,1.9519483
79.24339,85.29085,2.0900836,2.1801867
17.891855,8.628799,2.6475701,2.0497494
67.375496,68.74033,1.0157506,1.0911856
67.538155,67.38497,2.7355783,2.7199202
64.05293,63.194366,2.3017547,2.2631292
6.0548086,9.979057,2.8330686,1.2607535
62.371403,57.481415,2.465264,2.3712184
18.738205,16.35368,0.60127455,0.9705102
87.30773,88.97621,2.1553757,2.1629672
70.96417,65.63167,0.8751551,1.074969
79.2168,80.33948,2.6666973,2.6732383
40.61466,36.090416,1.0906711,1.052001
42.04244,42.0665,2.8698022,2.8720236
38.018295,40.237225,1.4631647,1.3628569
28.62434,23.630188,0.79421777,1.2907256
5.299621,5.045315,1.2422531,1.2618788
17.990091,15.5232315,0.58854765,1.1320794
74.39968,81.66356,1.2740821,1.0180416
68.07926,76.0661,1.5860535,1.2630465
49.47282,50.092262,2.6579916,2.6396792
6.5214267,9.158287,0.953472,2.418061
64.75997,69.30412,1.3078874,1.0005388
25.385628,29.603748,1.6999451,2.0639944
27.790863,37.19725,2.8481476,2.9739964
53.17341,53.51317,2.9032702,2.901604
19.557245,20.033987,1.2847557,1.086974
9.494133,19.694973,2.611914,2.8449683
82.20533,83.32262,2.4737043,2.531992
62.18779,60.343803,1.0181946,0.9753231
40.907394,40.94038,1.918127,1.9190438
56.767242,59.854103,1.3080653,1.0052843
41.334183,40.651215,1.7595836,1.7247949
27.490532,28.849089,1.1600562,1.0311818
4.9619203,7.040184,1.7492539,2.7296054
23.620163,21.586823,2.077091,2.0096834
7.188963,3.6235466,1.0631334,1.4316145
21.496807,19.743517,0.93371415,1.0629612
74.47807,77.02417,1.124463,1.0218107
88.64228,92.884636,1.5268776,1.3522639
27.568697,27.31218,1.9171792,1.9102753
74.161316,74.58499,1.8650421,1.8773296
60.341057,67.20447,2.92239,2.965137
7.823578,9.612076,2.4881256,2.5709314
67.59153,66.123535,2.874314,2.8888035
88.39225,89.52296,1.0801617,1.0992668
26.557783,21.755386,0.9669719,1.2337264
41.541973,41.28901,1.6559659,1.6436821
41.17818,37.47626,2.0984488,2.1176527
54.150513,54.373653,2.1384745,2.1079283
86.030174,87.43766,2.421123,2.422974
27.311619,27.991451,1.1176276,1.3435758
47.66796,47.4933,1.6627674,1.280854
19.369741,14.025562,2.0651243,2.0529914
94.40708,95.55684,2.58068,2.5860877
34.156754,34.123604,2.7289183,2.7220907
95.54311,96.53146,2.7357218,2.7610776
75.920074,75.26793,2.7065434,2.6434174
18.380163,17.606682,1.2735881,1.9057622
84.63369,91.63136,1.4451392,1.140578
2.275655,4.857685,1.031943,1.922797
6.845008,13.837921,1.8701516,2.8317573
76.25646,89.02196,1.4218197,1.0736284
37.4538,41.5017,2.690184,2.6258264
10.114531,8.761753,1.8750246,1.8213563
16.01141,20.9572,1.4246172,1.9376051
75.291916,77.851746,0.8785904,0.98749214
72.236244,77.76889,1.369315,0.97918177
66.51678,72.39566,2.5811517,2.5136833
