true_cbf,pred_cbf,true_att,pred_att
1.1564991,6.0723076,1.6202266,2.1247354
73.55399,75.48421,1.8552415,1.8971494
59.37541,64.485886,2.4530916,2.4417362
61.17423,56.67082,0.72118753,1.0096502
2.896089,1.8910103,2.7908807,1.8443569
11.967427,8.299301,2.597155,2.139299
94.41376,94.89372,1.9351194,1.9574882
83.955055,86.88272,2.3883455,2.4422688
28.165813,26.268728,1.0239103,1.0488749
54.907738,59.68694,1.3870697,1.0067894
52.51123,54.802654,0.75166035,1.0043528
93.25665,92.1771,2.6132135,2.5481853
9.6157675,9.653198,2.0584385,2.0412903
87.826935,92.52375,1.2999678,1.2078912
20.596333,20.716383,2.449647,2.2252722
30.734447,30.842094,1.7288402,1.6342194
93.967705,94.000595,2.3831615,2.3346248
56.268063,57.394096,1.9631112,2.0563116
2.9409993,7.521801,2.9450214,1.2962006
93.07967,93.637054,1.3127618,1.2549602
72.52924,65.778244,2.1163487,1.9485621
81.54141,86.04464,2.0207484,2.0625958
5.832674,4.5345955,2.5024107,2.6405213
26.003447,23.150257,0.5084481,1.0862379
36.687057,36.929398,1.9460654,1.909098
78.19421,78.471924,2.2366908,2.2458286
4.183142,9.306187,2.008609,1.5241389
92.73199,89.117905,0.71251863,0.95714587
19.872602,20.89679,1.7840109,2.017294
88.32245,92.61585,2.5005498,2.5420432
16.298937,14.907177,1.9988707,2.1163108
23.794207,24.27466,1.1561805,1.4049137
75.760796,78.11213,0.8717549,0.9331398
72.34029,76.118576,2.2822287,2.310042
80.43078,89.469604,1.4367347,1.16762
25.74639,25.30688,2.2506866,2.236403
79.96995,84.922966,1.608909,1.2950615
36.19346,34.92243,1.0336478,1.0146468
81.76641,82.304245,2.2949588,2.3002806
82.41607,83.88216,0.9795279,0.9117577
94.90578,91.82287,1.3379858,1.3198959
10.267626,16.355747,1.6781133,1.2670726
9.773277,6.0982857,0.88601375,1.7313399
98.06707,90.92823,1.047137,1.2773957
93.66888,90.26793,0.9650566,1.08992
43.50308,42.835854,0.94105285,1.0128981
84.11336,90.1828,2.578543,2.6011007
96.390114,90.648315,0.7712285,1.0786736
28.919245,31.168375,1.4375579,1.0603361
89.746284,90.523415,1.0610763,1.0731775
13.314322,14.148415,1.917766,1.9128339
67.4617,67.43871,2.7800944,2.7841277
19.393707,23.021603,2.0442998,1.605557
66.01165,65.6892,2.2085917,2.1794162
42.921432,38.220577,2.877579,2.8179355
10.753798,8.002884,2.6335385,1.6594074
53.179943,53.265896,2.4442198,2.4522824
10.654949,11.102272,1.0652405,1.1362624
83.121124,81.25132,2.9613404,2.9212718
80.81221,83.557755,2.57672,2.5848784
52.94199,53.395973,1.9591739,1.9696941
64.50952,68.37649,1.7179115,1.2855816
42.6538,38.50821,0.7855216,1.0024722
73.905594,67.30954,1.9688736,1.9519153
26.968044,24.53379,0.6750607,1.0928559
4.9019513,4.9757576,0.84778094,1.0208514
96.17719,96.579865,1.4975691,1.4712423
10.678392,18.787188,1.7423776,2.2871752
85.431656,91.236145,1.4966351,1.6565564
93.87466,94.348656,2.5914419,2.5766776
85.39487,85.49994,2.5644042,2.5550141
87.09184,91.93634,2.903043,2.8934512
51.750446,52.580685,1.4583015,1.0144391
41.52793,36.367947,0.8216476,1.1405666
21.559685,19.706026,2.2186258,2.272192
52.85416,48.352448,0.5261534,0.9702691
71.79351,72.79923,1.7490262,1.7008673
75.848175,70.64668,0.50871724,0.9274477
76.64305,81.04775,2.5520117,2.6163301
43.862003,43.6059,2.732912,2.7284074
87.89865,86.9641,1.7186291,1.7584827
51.139427,51.94206,2.2556686,2.2846165
87.80268,92.00439,2.7322395,2.7666183
66.777115,70.83003,2.5468173,2.4262662
31.383514,29.359188,0.80339783,1.0370815
45.48025,41.206505,0.7706972,1.1201606
50.65087,50.875954,2.7582147,2.6691632
54.00662,58.224197,2.9019563,2.8890858
97.457504,99.15504,2.198091,2.3093004
96.179985,97.70239,1.2926443,1.4765275
86.607635,87.21974,1.7825813,1.8055465
24.007154,30.057735,1.9396844,1.9734547
36.196495,39.276405,2.521017,2.6236176
17.858456,16.17889,0.91560555,1.1336031
94.235535,95.73215,1.4524446,1.3867705
87.82389,87.55529,1.8413343,1.8143866
50.918068,55.601322,2.4317653,2.8135834
23.185133,22.433578,2.0412405,2.0076604
67.71025,70.92717,1.0952113,0.95477825
29.828793,32.4142,1.585529,1.5728204
15.486176,8.727272,2.189249,1.8268822
80.0271,88.099625,1.4975317,1.0262115
80.3338,87.6275,1.2777627,0.94255656
31.30297,28.523708,1.0733961,1.070488
59.766438,61.194195,1.7203653,1.6253526
60.598904,57.326645,1.85352,1.7586975
68.20124,63.142143,2.2613087,2.1444545
18.497128,17.358803,2.5378468,2.4916167
6.198287,8.930073,2.6421251,2.5733356
16.234707,16.231941,1.203302,1.0749695
83.95667,83.04194,0.67285305,0.94763577
27.651884,28.76689,1.6691895,1.2733649
6.6064234,6.5491867,0.7079763,0.9962552
88.26891,93.50859,1.3406334,1.2703176
19.214762,9.597935,2.9214606,2.6628377
92.97417,93.458435,2.0588186,2.0433002
48.97667,42.79994,0.69477975,1.0174894
74.25128,75.91875,0.89881414,0.9135768
73.679955,73.27649,2.877337,2.9246855
74.92188,76.66612,2.5918376,2.598899
5.8864717,6.1268234,1.5937406,1.2698708
57.17945,56.76738,2.6138606,2.6083295
75.89088,86.28383,1.4387186,0.92208797
21.787157,20.24043,1.6935046,1.2196187
28.062372,26.041862,0.72561723,2.1854715
19.05794,19.106766,1.8127728,1.7576269
20.467367,28.444988,1.3516262,1.6615525
71.867714,84.95011,1.4596211,0.90963376
77.11243,77.94913,2.3077428,2.3542852
48.988987,37.956684,2.991315,2.4929914
74.95481,78.677475,0.78760993,0.86431
77.66248,77.95212,0.7620501,0.91713303
81.143166,78.04155,2.1678572,2.1320245
83.62321,91.94993,1.4916635,1.1483185
24.813566,24.64144,0.87630737,1.6049851
42.129578,43.67474,1.1272639,1.0321593
58.21199,60.456474,1.8145651,1.8559898
7.244636,6.3460083,0.5297368,1.0111945
20.755894,20.747725,1.699605,1.4961674
71.235664,71.25981,1.8600869,1.8649641
58.932606,58.68287,2.074932,2.1118453
48.64652,50.588387,1.7233429,1.791687
95.586685,97.554146,2.4957554,2.5458279
25.529839,26.51556,1.1126027,1.100249
16.473595,20.894402,1.7521595,2.0124881
60.799477,62.920166,2.9374795,2.8814168
62.803734,57.197964,0.6127997,1.5634817
36.444733,33.484947,0.7952227,1.0055984
68.15133,68.90173,2.8110275,2.8246274
89.824745,91.28972,1.2587554,1.2490375
5.7149153,3.8271866,2.8148024,2.6334798
52.496967,58.121933,1.6615473,1.1132743
51.729286,54.42015,1.8158448,1.9040213
73.68811,81.58868,1.1989939,0.8991255
0.37860036,4.809391,2.8565218,1.9254725
69.924515,72.15678,1.7320733,1.7213341
21.389,22.594194,1.2809556,1.1428256
59.285023,65.837845,1.0967926,0.9733904
53.401157,50.455902,0.8545707,1.0504363
45.134987,41.968956,0.6919237,1.0189099
75.36082,89.66006,2.5386343,2.6771016
30.645334,39.57791,1.4315745,1.084923
73.42469,67.69153,0.6152476,0.96499264
42.129105,44.24101,2.0069952,2.1677837
16.500195,15.915752,1.4893175,1.0181766
4.5026264,6.2964897,1.1380187,1.2286515
13.197831,13.540188,2.830591,2.786407
9.940635,13.247765,1.8106835,1.7084029
85.646965,92.71104,1.2094373,1.1204743
21.466055,20.349922,1.5355095,1.0315151
36.582764,31.362505,0.6558944,1.003594
87.00906,88.94983,2.5563083,2.5659845
92.320885,91.58705,2.8222759,2.805708
1.0683336,6.2913513,2.1655972,2.19543
4.7318144,2.6570282,2.610673,1.8199219
62.23796,62.075027,2.0206876,2.0337424
94.51771,93.934456,1.2179434,1.2830412
26.531357,26.153685,2.2754948,2.246025
45.621315,37.815525,2.7508943,2.4780955
96.15268,88.4673,0.60001117,0.95284635
79.6112,67.84146,0.6562438,1.7411014
10.250744,13.073627,0.81260383,1.2767813
77.46681,75.40836,2.370797,2.3252945
92.16413,94.55968,2.2701824,2.2726414
95.16798,97.410355,2.4957972,2.5512562
9.682482,13.508183,0.5078425,1.3687066
10.883847,14.745491,1.0071524,1.3811891
29.964195,37.51996,2.320295,2.41545
74.73112,76.63661,1.8486928,1.8516148
69.37862,70.035904,2.594845,2.6523368
75.42966,79.97787,1.6106777,1.6296949
91.64866,92.102936,1.1819955,1.1108747
82.48093,82.661224,2.834479,2.8254669
51.386757,46.339603,0.5783402,1.015404
91.08684,92.94226,2.135118,2.197314
53.948864,58.054474,1.5302513,1.0373805
13.01172,16.718079,0.68810606,0.9615532
10.967068,10.043785,1.8235737,1.182742
36.677444,33.89929,2.5644033,2.545865
55.017937,51.43606,2.3942566,2.323514
58.975094,58.503696,1.8856683,1.9100789
97.31558,94.421234,1.240858,1.3491712
21.018044,17.177082,0.645953,1.5923533
56.76434,57.44562,1.9380455,1.9809526
70.00593,73.6942,2.0209098,2.0186813
16.533228,12.166725,1.3000058,1.8533163
15.364513,12.073406,2.1091487,2.0122292
66.98171,70.08907,2.2297869,2.3119218
41.7859,39.728294,0.7936103,1.0109352
91.252464,89.345825,2.6256666,2.559562
73.01671,78.1371,2.4017234,2.5570834
91.67075,93.60593,1.6434519,1.4847159
7.997511,6.276264,2.8552823,2.7865815
26.295673,23.232538,2.5856087,2.5595782
33.348286,31.15455,1.8730717,1.8651185
23.647375,24.37544,1.0697732,1.8783981
27.078426,29.346758,2.4656172,2.5536473
92.481674,89.364426,2.063777,1.9783937
26.680752,26.91649,2.059348,2.0620937
46.641598,35.656097,2.8350127,2.70996
6.443882,9.135334,1.4178624,1.574451
62.824577,69.19978,0.921603,0.9523295
50.77855,48.882103,2.5394015,2.5106845
75.01011,75.79427,2.4027655,2.4083688
45.63601,50.141735,2.2026606,2.2009842
26.275778,29.968895,1.5621272,1.0173855
44.214016,46.38596,2.85087,2.8095062
51.426327,57.21643,2.512057,2.4964335
63.49664,68.697495,1.3973517,1.0148237
96.865234,94.27231,1.7229548,1.673589
34.35354,36.359203,0.8725081,1.0767329
87.67442,86.25746,2.7831955,2.7833195
97.610275,92.49508,0.90224105,1.17527
47.6394,46.403915,1.791494,1.8323945
80.68792,84.6803,1.9019023,1.9914935
36.091522,37.034126,2.152435,2.1306381
47.15958,49.96121,1.3104767,1.0264395
68.30726,73.988014,1.2070272,0.92584634
12.534798,9.81094,1.9251162,2.138731
48.063995,46.046627,2.470701,2.4397936
92.881035,92.32669,2.9782584,2.9557583
75.182655,73.884,1.8926662,1.8903339
21.396154,11.302944,1.8698196,1.2928481
0.9991323,1.2627983,1.0303571,1.6744592
17.969002,21.020369,1.8679088,1.8041891
36.77564,34.817833,0.8240281,1.0277836
45.103935,36.496376,0.6007624,0.9498309
35.126373,40.63109,2.4738994,2.584755
85.04482,90.90431,1.471882,1.6166217
34.783398,36.98463,1.3278381,1.0298595
76.79357,72.03994,2.9327068,2.8717299
67.17524,64.39612,0.6866307,0.97023165
48.720398,46.319153,1.843502,1.890842
2.6100123,2.3566132,1.2016453,1.7925586
11.277007,11.758041,1.832968,1.6955734
13.347136,11.938538,2.6565845,2.549966
82.50369,86.122826,0.97071266,0.9046326
71.31824,73.01989,1.6536545,1.5560628
14.837451,17.092724,2.1351995,2.0529497
32.20521,20.875582,2.9286873,2.4921987
0.9898234,5.2658386,1.0913408,1.3944612
94.26573,93.97815,2.9255724,2.9253378
41.983185,41.02771,2.288504,2.2726567
99.26657,98.57382,1.6077456,1.6016793
34.27042,30.936712,2.136644,1.9719055
54.18697,53.51778,1.8232731,1.8170835
2.8524575,6.8152084,1.4256614,1.2964776
14.902584,16.577229,2.1743457,1.7355953
38.81034,38.59439,2.131884,1.888659
56.213005,53.53969,1.9697005,1.9639881
34.72839,33.688545,1.2107751,0.99294233
60.353844,61.807182,1.0696914,1.0045714
31.813677,29.59844,2.507702,2.5292714
71.04074,74.80755,2.1006713,2.1350198
23.603062,23.137266,1.2355934,1.3285242
26.200209,13.114834,2.9700186,2.8961515
35.587025,20.781744,2.3699899,1.3010861
85.66999,86.23509,2.2344484,2.2468386
68.02753,66.92473,2.4001672,2.315122
37.244595,48.120033,1.2397777,1.025106
8.330697,5.444351,0.97058904,1.5308461
80.55401,90.50621,1.5081878,1.1011262
49.993114,42.31013,0.60427856,1.0942925
51.343403,52.439835,1.6913912,1.6981448
0.53719044,5.647766,1.2089454,2.0064354
16.188526,18.736937,0.6838234,2.4053922
90.27898,86.868546,2.118576,2.0805502
52.414627,51.371536,0.7849789,0.9884191
29.643051,28.581823,1.570397,1.0699393
68.11347,78.43495,1.5156368,0.963066
94.5656,95.275314,1.5756285,1.478272
18.879974,14.020916,2.1575756,1.329865
59.641132,60.549843,1.6878767,1.6730493
76.239365,78.4128,2.4939644,2.5080268
20.071867,18.450415,0.80804837,1.045382
16.406254,19.256512,1.6422614,1.0573871
30.849749,35.6815,1.3665671,1.0297034
54.7618,67.30023,2.5889604,2.7761633
69.19627,66.560974,2.7730196,2.666028
36.644382,37.72167,1.1907445,1.0497344
58.946644,58.365093,1.6277851,1.6460363
34.992508,31.090097,0.78549093,0.9870096
86.72653,89.99425,1.1630033,1.0752444
94.50352,95.41557,2.9267993,2.8859913
80.74446,84.36861,2.7552917,2.789526
8.3077135,6.7460175,2.4649384,2.478212
96.81853,97.73355,2.462615,2.4743228
41.219883,53.36446,2.9006248,2.797305
20.168884,23.105528,1.5298887,1.0609684
2.7278476,2.2843056,2.3447018,1.6162806
43.597004,51.541176,2.2957873,2.4483533
66.52635,67.809525,2.2012153,2.2110693
26.282547,15.449493,0.90457743,1.3748014
31.646168,31.595764,1.1140543,1.0950139
3.66453,12.032619,1.3001022,2.3819888
71.49353,68.585556,1.7293471,1.7550609
57.2579,53.576424,2.1813252,2.1275334
88.70292,88.659996,1.9107451,1.9264276
10.441482,6.260578,2.3194163,2.2392964
16.624386,25.55958,1.5999205,1.9975224
61.225662,65.38075,2.0305748,1.998455
9.403685,6.988308,2.9946153,1.3590336
29.849754,29.744715,1.7483562,1.6800159
54.219025,53.395023,1.0664129,1.0023308
92.11451,91.56027,1.0422839,1.2689428
88.15794,96.614975,2.4959714,2.5346923
34.195976,28.095692,2.660874,2.496455
53.473534,54.788376,1.3532126,1.0356433
39.103436,38.988953,2.183093,2.1284475
31.295784,39.16253,1.9204273,2.1136818
43.294704,43.445835,1.716691,1.685501
15.526379,7.4455338,2.6693459,2.2945888
54.32555,50.20586,1.918501,1.963264
27.328043,29.577425,0.5434654,1.0013422
34.88353,38.472507,1.5117004,1.0210328
7.921836,8.144592,2.4824452,2.1346965
14.222381,10.8736,2.6940722,1.231807
77.836716,79.31929,2.2375038,2.3850367
97.59194,96.87796,2.0976372,2.1072624
47.170647,61.756634,2.6569307,2.732651
34.956234,24.563568,2.6587348,2.2421584
37.494713,38.13209,1.311051,1.0237143
21.431366,19.214123,0.60275275,1.1196663
32.088455,34.855522,1.2285872,0.9846567
0.72792786,4.0812187,2.4249191,2.18845
72.92871,63.132088,2.9608853,2.8716893
14.688405,19.67454,1.5949117,1.1119595
68.10662,67.26369,0.8883184,0.9669753
5.509812,3.1891022,2.616904,1.2969218
73.95746,82.154015,1.2724633,0.8953417
55.68685,66.79618,2.5153131,2.5732217
33.381668,33.46089,2.4956334,2.4484248
70.00829,70.835495,2.3222022,2.335192
31.10259,41.20346,1.6346956,2.0190802
57.87446,56.89114,1.0867163,1.1180997
20.797222,21.389711,1.2871482,1.0680912
83.61673,84.626816,1.9586416,1.8770595
38.185196,43.455746,1.5436864,0.99945444
89.97632,94.77228,1.4398214,1.3262336
0.24846457,2.993473,1.7169392,2.284027
36.407196,40.329292,1.517993,1.0122035
89.93218,91.854645,1.1401181,1.2176719
36.953632,40.10475,1.3111329,1.011687
52.72591,58.407684,1.5442994,1.0241792
39.646202,35.853348,0.7327398,1.0195811
3.743795,7.482437,1.6591842,1.8990781
77.55346,87.7504,1.4732057,0.9501691
59.65764,58.789192,2.844626,2.7778597
73.728874,74.57614,0.8918954,0.9261089
96.45748,89.8383,0.6095304,1.0410454
87.810165,84.70149,2.179066,2.18436
22.606218,17.180191,2.3693159,2.4587307
67.77426,67.67143,1.8797263,1.8891445
18.882767,20.942282,1.1990023,1.0367849
76.3489,76.532265,2.2482507,2.2552238
44.157696,43.61609,1.7202333,1.6975834
63.366196,57.352654,0.60792273,1.051863
5.702939,8.709862,2.1501565,1.1649878
16.143417,8.888302,2.715821,2.1863961
88.58686,92.66403,2.4785285,2.491763
96.30836,95.234,1.5179954,1.388087
19.336052,18.431675,1.8381727,1.3332276
75.833046,77.802826,1.7609043,1.6417441
92.327095,96.93942,2.2312775,2.2859845
81.396,83.17952,2.585157,2.586161
91.656204,92.94971,1.7990589,1.8087425
63.52174,59.625954,0.7015235,1.0328183
88.94477,90.2592,2.8987646,2.8890958
55.35255,63.2351,1.6329079,1.4205434
95.8466,93.77334,1.0498403,1.237567
85.562164,85.92792,2.1074836,2.115621
72.01107,68.61479,2.433245,2.3703117
1.5845952,2.9756699,1.1353033,1.3684204
49.989403,47.01172,0.7183361,1.032609
33.13979,30.624743,2.9173245,2.991903
33.249485,29.005087,1.9587662,1.7968167
93.93951,95.16516,2.5446599,2.5577044
9.004101,10.297222,2.1312137,1.5363022
2.6163087,14.14201,0.9818977,2.5113976
90.5867,91.33243,2.3159468,2.3295197
90.09996,85.401596,0.81380653,1.0985677
76.25215,82.58609,2.8002508,2.8659627
9.514802,11.704632,2.5553472,2.6349714
9.599992,3.1828117,2.7663808,2.3189158
33.24642,34.966133,2.1281703,2.0865357
56.664154,55.022163,2.9842873,2.9249043
7.121491,12.106689,0.8240011,2.4615455
98.81225,99.07422,1.9928339,2.1341887
3.3147123,3.766468,2.4833255,2.382973
83.233185,90.41344,1.3358973,1.0053607
71.9145,70.7833,2.3352695,2.3282433
90.26628,93.607635,2.770984,2.7738342
8.533199,17.82695,2.235576,2.4330277
45.269196,42.92995,0.87044007,1.0094457
70.8833,77.13973,1.1875584,0.91620505
30.699266,31.492767,2.0390022,1.9868505
48.54675,57.1567,1.2475113,0.9910335
0.5684461,10.447643,1.1105406,2.1814573
84.40688,89.03174,1.7366271,1.3350534
74.73182,79.24989,1.1487893,0.9059511
24.604729,24.675987,0.79265,1.0130191
7.970234,14.007164,2.22541,2.2790518
13.157235,11.395676,0.7867306,1.748793
72.18451,56.40799,2.9566996,2.9127345
17.079025,17.96519,1.5610005,1.0464922
31.470383,39.39259,1.0431682,1.053961
50.760357,47.119728,0.76818496,1.0515472
85.19972,85.33821,2.1888134,2.2152114
23.048183,22.67544,0.87338614,1.647314
36.99195,33.60841,0.73160577,1.077311
99.00342,98.113625,1.9540461,1.9743398
30.343552,35.342266,0.93813634,1.3279952
25.034237,24.287188,1.7312305,1.5914308
42.92831,44.702602,2.3381963,2.4146743
17.31805,22.736612,2.2577293,2.196307
1.358529,2.5724869,1.0627612,1.8909817
78.79255,72.92148,1.8391721,1.7882705
98.799385,98.51032,1.9523638,1.9684958
8.756656,7.9221497,0.50961787,1.4922076
3.0448966,3.0486336,0.59447074,1.2921296
71.05923,66.100075,0.53638744,0.9619035
2.635191,2.2546768,2.9559429,2.212957
0.7342987,11.007095,2.154939,2.1253617
85.34398,90.118645,1.489933,0.98017853
74.79807,74.48815,2.1373384,2.154937
2.0315528,3.6374474,1.5989741,1.9362329
37.951984,32.63434,1.9266977,1.9896765
29.702019,27.923347,0.8297251,1.071775
62.328983,72.335304,1.5511854,1.0769668
4.377349,7.178444,2.3619142,2.0309448
9.772888,7.413616,0.9353583,2.1607957
48.36147,42.68271,0.756216,1.0388875
90.734,94.28153,1.4159182,1.2856727
22.661678,30.65593,1.5060282,1.1250174
12.073208,11.771244,0.92733175,1.0694196
89.14872,91.109436,1.8161987,1.8527064
79.89067,84.83901,1.1392394,0.90251195
48.120804,43.920357,2.6693082,2.681228
9.194447,5.5561295,2.6773872,2.199833
82.46195,85.221855,1.608634,1.4235553
30.47626,38.57641,2.7079287,2.7794347
13.765035,13.350204,1.8165703,2.3089411
12.643588,19.449589,1.5629631,1.9213451
10.439342,12.105164,1.6856195,1.3932921
37.683525,35.312706,1.8974043,2.0014024
23.009905,20.878103,1.9155291,1.4078748
46.050068,61.638084,2.2952693,2.5649557
5.990454,6.457081,1.500789,1.5498594
69.73887,63.73408,0.682105,1.012167
54.418056,58.1172,2.2479682,2.2474353
64.53064,58.711155,0.6432245,1.072712
78.20043,69.097015,0.6162579,1.2332337
35.159737,54.01646,2.921873,2.789976
20.234661,21.70973,1.4522209,1.7205886
43.882847,45.244164,2.015276,2.016118
89.41287,87.946236,1.6642001,1.6716913
70.95884,71.17814,1.7899481,1.7998619
14.333907,16.974682,1.5945004,1.0412166
56.285152,58.03756,1.6545893,1.4589934
0.41890305,7.2800903,1.4314827,2.724096
23.119844,19.499489,2.3382816,2.0770888
86.363754,87.252716,2.4912798,2.4919693
47.926964,41.46118,2.3058865,2.281551
90.890625,96.24339,2.7451572,2.7626982
4.243392,11.797169,2.380099,2.4159687
56.49879,56.931194,2.472187,2.4915247
87.872574,87.116714,2.1103706,2.094877
83.54414,76.17264,0.57186174,0.9497441
53.176777,49.692257,0.7589089,1.0238347
65.92372,65.33822,1.0810366,0.98588985
1.4665345,3.295063,1.5483468,2.2607946
18.21375,20.409887,0.75389457,1.7651502
50.71589,63.338833,2.9689727,2.9064527
55.79191,57.5818,2.3121378,2.3455496
59.04871,64.676605,0.8189596,0.9685477
84.003105,90.35776,1.5890169,1.4965245
0.43064547,4.821789,1.3659861,2.183413
35.11862,29.700434,2.489187,2.3205833
34.979286,39.262047,1.7338101,1.9934447
61.309784,64.639656,1.073642,0.9657284
31.781664,31.570982,1.3201948,1.186835
62.89039,64.47902,1.0333865,0.9657982
49.590816,49.7894,0.92073256,0.9837231
9.646186,7.913803,1.6672083,1.1756759
57.401913,51.691196,2.518856,2.419804
43.538784,48.7254,2.4858916,2.6474693
89.82379,89.898766,2.0861135,2.0816007
89.38277,91.36777,1.1599675,1.1072791
93.04174,97.301605,1.6844119,1.7386361
97.62519,97.09775,2.5770595,2.6069152
90.78243,97.48993,1.9651396,2.0272522
21.929848,21.80975,1.8541465,1.8304436
24.54394,24.024815,1.2690681,1.2724595
66.5471,78.92941,2.5359023,2.6239572
21.955435,21.172585,2.150336,2.066597
2.231728,17.34798,0.66334313,2.7711775
20.867603,25.007261,0.6111781,1.8442434
59.676487,61.908424,2.148569,2.2140672
37.302216,39.28416,1.2932936,1.1716177
63.456436,78.11153,2.8058152,2.9035625
22.921091,20.397497,1.7216634,1.616843
93.43605,93.52644,1.3028374,1.2190259
40.935295,40.198685,1.8895853,1.8288007
75.95052,75.97116,1.7825084,1.791695
77.13144,78.31583,1.6806039,1.6579216
69.39985,68.90312,1.7684418,1.2553134
69.48109,78.21185,1.2838244,0.92144364
95.54431,97.2422,1.9865204,1.9684993
93.064766,95.60709,2.1336432,2.1270566
47.597324,45.699715,0.9005477,1.0203251
91.21463,87.464584,0.7670216,0.95514095
21.679495,25.691828,1.3780568,1.1803827
25.236376,22.883076,2.9620655,2.8634968
14.413846,8.638905,2.9614227,1.9454472
97.49684,99.00537,2.1058593,2.1032073
90.07251,90.1855,2.1803617,2.2035706
89.000656,92.31749,2.216628,2.2594028
95.128944,89.321884,0.78334564,1.2830756
18.455177,6.9304276,2.6217465,2.2040524
62.519142,57.91242,0.8380864,1.3202618
2.2062652,2.6635284,2.5386539,2.0983453
4.3281794,15.591469,2.9906774,2.4977753
38.111153,35.38342,2.4189534,2.5470963
4.9515038,27.141958,1.4405649,2.8002682
18.354038,13.073387,0.57554656,1.6645874
51.393368,55.479347,2.593679,2.699075
6.897821,11.810303,1.1658299,1.7072533
49.229626,47.01668,2.0793016,2.0179303
13.545779,12.374832,1.9305842,1.8721071
98.4002,97.35585,1.7942501,1.7875788
99.27187,91.66956,0.6266555,1.1040547
38.7686,27.488419,2.8383176,2.6444144
71.9514,63.03586,0.5034636,0.9728607
67.27629,67.08948,2.2919307,2.3096273
85.67759,86.057556,0.86874974,0.89665395
23.754004,27.297903,1.8120205,1.9535271
77.07842,78.66626,1.9365358,2.0203495
63.695168,63.17585,0.94750166,0.9968441
68.995674,69.140045,2.8838162,2.8764496
61.230278,63.580856,2.7321289,2.7579775
39.48551,42.65391,1.5319759,1.0161755
44.105675,44.748707,1.798597,1.7046932
34.915127,31.553585,1.8257236,1.8499562
97.89176,91.133575,2.9257312,2.8713484
87.40014,89.01164,2.511186,2.5276191
88.29591,86.39067,0.71883655,0.91296816
73.422356,72.37749,2.133923,2.1128945
8.516971,7.249012,2.1436622,1.8408023
45.21561,45.252113,0.58871675,1.0059055
97.26581,98.16664,1.8908029,1.9254073
26.34226,27.679846,2.620457,2.3575275
7.151235,6.4656677,0.9715933,1.158734
40.348312,41.775665,2.240174,2.2051463
20.37158,20.847366,1.2850597,1.0160416
15.139806,17.615772,1.2141432,1.4582
29.94508,33.43789,1.5026852,1.0422287
14.374505,15.975399,1.9633132,1.9859889
84.33425,87.60275,1.0898767,0.94550943
8.0211525,7.1679153,0.62830704,2.1348977
70.45174,66.9323,1.9446244,1.9007331
4.8080316,9.271629,1.1329587,2.5894985
28.258133,28.07969,1.9647332,1.9289736
21.706438,16.738495,1.1878558,1.67693
10.944926,6.891861,1.9436897,2.0406327
86.91622,86.64697,2.9886994,2.8824306
90.40081,91.92279,2.3522134,2.3601625
24.940763,23.926594,0.95020735,1.0035199
42.787956,42.5992,1.7327913,1.7268783
40.028255,32.56099,2.047646,1.7137804
62.479813,56.307014,0.6062005,1.0136003
95.25703,93.73572,1.8602911,1.9109198
3.221106,2.8169518,2.7081943,1.6737518
95.03841,91.949036,2.0823994,2.0383105
45.879074,41.85398,1.2105117,1.343576
69.28378,80.420166,1.2279408,0.90162325
29.52578,28.838871,1.3036397,1.0654612
65.47169,65.05797,2.2499197,2.2030756
61.84452,59.189247,0.81599605,0.9721666
55.615784,50.086205,0.5773905,1.8088965
9.9865465,6.4098053,1.7724496,2.376474
79.91779,80.57839,0.7642549,0.90216225
51.14135,52.92179,2.8510203,2.8679707
49.66974,50.46825,2.5892432,2.568561
91.24604,94.46054,2.1429465,2.2887008
74.3114,74.32956,2.4577172,2.4757528
17.34878,17.424149,1.9504058,2.0793207
69.904076,75.23447,1.356807,1.681182
50.276585,52.27443,2.500257,2.5330267
18.531902,17.848003,0.85230935,1.054959
93.18168,91.75838,2.921926,2.8643165
89.1641,88.153564,2.2104547,2.2411275
35.441643,36.94132,1.6481622,1.0101635
78.08585,78.24203,2.2454743,2.164842
91.20169,92.717804,1.5945858,1.456074
7.9981194,6.5950813,1.8542184,1.720296
33.856197,37.587555,1.7902358,1.9682049
27.38636,26.29151,2.3358243,2.2261183
1.1359633,3.0198326,2.1523292,2.237369
99.733635,99.21538,1.9625852,1.9926851
77.76118,81.76956,2.2083304,2.2667706
41.57482,42.85259,1.0251603,1.0163734
44.469845,49.369602,2.8628721,2.7831717
53.298233,49.224277,1.9336346,1.7470968
13.538278,13.24213,1.009534,1.3738014
66.24426,71.489334,1.2061226,0.9502165
17.99183,17.728302,1.8436695,1.7973266
10.648848,11.850395,1.3812443,1.1011602
19.11181,19.17727,2.0734184,2.0301127
67.99238,60.319656,0.5501602,0.9937374
97.05981,96.36495,1.7570394,1.8267467
24.395338,24.7138,1.6489229,0.9995466
63.352436,70.643684,1.4144561,1.0088627
28.007883,25.136087,0.6401577,1.0356088
97.45041,97.59613,2.4221826,2.4212751
76.30546,81.19371,1.0185015,0.90353054
62.209995,58.95222,0.94766957,1.0379722
86.57847,91.44838,2.507392,2.52506
49.367283,54.177658,1.6567951,1.7491204
91.382774,91.88446,2.4825618,2.4749103
56.919254,56.38509,2.4816158,2.4834392
62.41046,66.287415,1.6001886,1.5364721
64.28122,64.07787,2.1144893,2.1478996
56.51344,67.44345,2.9617717,3.0
72.93405,72.310295,1.8611094,1.9239999
69.0391,62.394737,2.3584697,2.374036
73.35852,83.69951,1.4151771,0.90058386
39.003765,43.30126,1.5620631,1.1077926
24.080103,20.889694,1.1285046,1.7918749
69.38189,74.37125,2.0405881,2.1183133
16.11173,13.531872,1.0181197,1.0986531
77.95725,75.40409,0.6939912,0.9355192
26.172623,17.557129,0.9906248,1.1879086
48.858433,56.3562,2.5526984,2.6332326
93.66982,96.009926,2.5176778,2.5238335
93.07046,91.390976,2.3370998,2.3425493
55.268627,56.403557,2.5379655,2.547617
87.251335,88.3326,2.0667577,2.078285
22.327576,22.045284,1.5250348,1.1148937
23.520227,30.032635,2.600328,2.7455416
0.6118195,2.0186462,1.8329313,1.4482177
75.62564,77.39345,2.592471,2.603904
45.122356,46.466873,2.9241154,2.8156123
31.012737,32.7409,1.582862,1.6251496
65.049995,68.72215,1.7467456,2.0081167
58.645416,62.174767,2.0678465,2.0960453
42.84053,42.351597,1.6137508,1.0870833
44.809284,46.834324,0.896356,1.0031446
29.729782,24.795301,0.63469034,1.0765849
35.779907,34.760605,2.8312037,2.7197962
42.11385,42.02426,2.2080343,2.2006
5.153609,9.233498,2.6701303,1.6059308
33.830013,38.18564,1.5189841,1.0074866
47.310543,48.93709,1.1747178,1.0353544
1.7777927,8.994385,2.8679476,1.962371
30.381918,32.979065,1.4257084,1.0184834
97.216415,96.14573,1.7631071,1.7534406
33.616226,33.966545,1.9007012,1.9163868
95.27277,94.90603,1.7220829,1.7301219
24.699526,22.792149,1.3105241,1.0949739
45.711803,41.55184,0.6566399,0.9988336
56.875202,65.00796,1.2694486,1.1488764
14.527498,12.905659,0.6538605,1.0683329
64.779625,64.81072,2.6589344,2.6335633
83.98813,85.74042,2.037268,2.045948
17.52775,19.43545,1.1650897,1.3083439
93.53088,95.53931,1.951733,1.9619722
61.20624,56.996056,0.9053017,1.0474734
34.345936,33.22017,1.8225336,1.7788507
73.92318,78.612686,1.0092394,1.0319457
46.385033,49.541267,1.3626668,1.0512289
62.618954,65.87171,2.1960995,2.2400079
48.775913,42.24402,0.7451163,1.5901423
15.6775875,16.170177,2.2091217,1.4058359
5.205519,6.918564,1.509996,2.770367
29.308159,6.748787,2.955218,2.416174
38.51809,53.25173,2.1017709,2.291714
34.261852,38.859917,1.5014775,1.0028701
38.539158,47.269375,1.2924422,1.0977485
76.02588,77.36156,1.0079287,0.98428744
25.420824,30.762077,1.1326537,1.1467496
58.356598,55.534485,2.3590486,2.3352046
68.2546,66.80983,2.4427414,2.4135733
74.83745,75.51904,2.754913,2.7607107
8.286895,6.913067,2.7809784,2.5468621
3.7241294,4.4931526,1.8977762,1.7746918
79.15575,72.76142,2.380834,2.4176736
1.8371546,1.9608078,1.6684004,1.827276
62.695347,61.38653,1.767895,1.7553668
24.22788,20.229687,0.880563,1.4576209
62.109734,62.18789,2.0323336,2.102976
8.343552,11.41795,2.532321,2.1280777
93.00886,92.71527,2.0121531,2.0039148
36.99996,37.322792,1.6632588,1.30435
40.60654,45.502342,1.6815622,1.8364403
67.50016,68.63869,2.4116237,2.4449737
77.765594,74.484436,0.7519963,0.9688781
36.364075,30.514412,1.0142096,1.7648045
11.933653,8.191944,2.598529,2.387161
37.39078,41.823666,1.4797237,1.0086969
27.613153,28.759302,1.2076296,1.135304
38.088978,39.030052,0.72010314,1.0150483
44.248146,47.59791,1.5849222,1.1240447
39.950356,35.858185,0.61491406,1.0298169
82.461075,81.775246,2.1795607,2.171707
97.19715,95.90671,2.2898412,2.2818346
58.375988,61.331703,0.7992136,0.99587435
13.993321,13.239048,1.0798976,1.2871838
35.773952,35.0768,2.0724673,2.0543103
60.656353,65.708755,1.6099162,1.1696923
47.65493,47.251682,0.8892857,1.0660028
38.50944,35.845833,0.68104446,1.0487447
57.243313,66.83727,2.8279004,2.8275707
43.71867,43.897285,1.0625058,1.0269301
90.57717,94.61801,1.3995228,1.267376
10.212112,5.443447,2.8588727,2.5476222
20.740707,13.355701,2.338643,2.144542
51.434814,51.385822,1.6484175,1.7326196
26.026657,24.805517,1.4353158,1.0026629
75.12834,73.49724,0.77838624,0.9389601
89.34211,93.217224,2.8503845,2.8005934
27.856142,27.066183,2.6702666,2.81863
90.334305,86.751465,1.7809983,1.7464912
95.67089,92.95125,2.854612,2.783011
75.95204,74.51599,2.335132,2.1917517
43.183746,42.56383,1.717397,1.8736871
88.42926,92.62559,1.4375589,1.1798034
28.71701,15.196239,2.3872895,2.0973895
48.2798,63.650547,2.4869168,2.63307
23.402987,16.285114,2.5689428,2.1194594
53.178394,50.1135,0.7999637,1.026129
50.598305,49.47149,2.9995632,2.9578276
76.825386,76.27885,2.5144129,2.5299654
26.03755,26.163418,1.1633675,1.0152118
33.671158,33.918137,2.008689,1.9692916
34.906128,30.665167,0.8570854,1.0688546
36.977062,35.83563,2.523066,2.5483904
81.72775,80.10669,2.0614402,1.9603717
28.383648,23.633583,2.3856535,2.2887275
96.067345,91.01475,0.8134256,1.0476851
36.784332,42.82704,1.5981699,1.4989719
59.1072,56.8097,2.3507404,2.3234348
52.111206,47.514965,0.56842804,1.0064323
93.93563,99.1916,1.97534,2.0756154
33.825027,40.802002,2.6088586,2.4042346
50.16542,50.241932,2.572749,2.4402556
52.00858,50.878315,2.2139187,2.1855824
28.259066,27.899086,1.9527347,1.90773
49.162525,48.02298,1.8171849,1.7786614
19.39035,7.1488686,2.6802657,2.18619
59.644886,61.889694,2.5448499,2.5897214
68.14275,67.336464,1.7865695,1.6969225
98.7006,89.36775,0.51654285,0.997301
34.503845,34.259216,1.9354607,1.9182358
8.414109,6.455658,1.1668282,1.4658351
88.78377,88.39712,2.8833077,2.8914273
58.210293,63.94324,1.5441293,1.0417244
21.59033,25.28399,1.1479884,1.0640208
2.2432647,6.5636406,0.90891397,1.8535144
80.30482,86.50627,2.726342,2.7935371
50.45457,50.15987,2.225786,2.207408
53.71706,53.58046,1.8947122,1.9096783
38.490185,43.268356,1.477911,1.0199678
96.967735,95.54602,2.657995,2.6218665
32.426556,35.312874,2.5851288,2.560006
6.9253316,7.396633,2.5462346,2.5197747
79.37277,87.00587,1.3330452,0.9158771
20.426733,11.451656,2.234693,1.4157406
55.366554,62.00927,1.5884298,0.9746537
96.57844,97.44758,2.1691506,2.2034423
52.02291,53.48247,2.4178386,2.4668636
37.335632,28.354855,0.5134521,1.137751
82.77681,74.898605,0.7931806,1.4234469
46.929203,47.258133,1.690739,1.6191516
30.925356,20.600876,0.69307464,1.7789329
72.03101,66.44241,0.5707011,0.98406553
5.2176313,4.607872,1.4391282,1.5056614
29.11625,30.488283,1.300087,1.0701762
51.22667,55.241524,1.2400835,0.97372186
58.417015,58.614388,2.8674662,2.8662827
5.5031557,4.0054207,2.7978356,1.6058214
38.76587,38.01919,1.0861666,1.15011
6.15529,6.861038,2.0892015,1.8388928
52.70901,51.114067,2.3338325,2.361472
20.484766,18.795086,0.8079397,1.8431907
62.684772,66.76225,2.4514518,2.4511335
98.31456,97.21063,2.0999608,2.1001062
20.945284,13.392418,2.293801,1.9298557
80.99315,83.643585,1.0216664,0.9005668
24.164385,29.27207,1.9998653,2.1241891
89.55945,89.92375,2.4251802,2.4308834
87.00242,85.436325,2.3007033,2.2781658
44.999123,43.23135,2.4919195,2.5066428
74.8679,74.76983,0.8616286,0.9395193
24.884502,20.40795,2.9931674,2.8993547
88.47643,96.738144,2.5305686,2.607329
97.415085,87.80473,0.66994447,0.96679646
59.218567,59.128796,1.7387571,1.5977175
6.703179,11.463997,1.478013,2.5640683
36.30972,37.494537,2.0910714,2.175609
59.225838,62.556145,2.5403106,2.5556617
68.53869,77.16211,1.3872166,0.91378486
46.49831,48.198524,1.0998296,1.5662789
72.45574,77.706406,2.4706223,2.5626392
52.741035,52.2271,2.973074,2.934286
32.78648,28.730646,0.6062138,1.2012305
17.546505,19.592226,0.99635816,1.577021
63.85764,65.536514,2.1541271,2.1918252
47.243805,47.068768,0.8177818,0.9950007
96.81376,97.71384,2.8207765,2.8924632
82.62392,77.79287,0.562104,0.91009206
55.471573,58.743202,1.444604,1.1017164
60.335957,59.276268,2.3326273,2.3601081
12.588402,14.212158,0.93734,1.2542522
95.11849,95.04764,1.2995864,1.3249266
26.381773,23.802254,0.6585869,1.0198694
66.0785,72.30875,1.4665474,1.0729657
32.59821,31.98501,1.8653992,1.7748345
69.55662,58.74362,2.8873563,2.7637653
98.820404,97.76468,2.0071564,2.1329625
29.712421,33.513084,1.6448659,1.4385183
53.54651,52.234013,1.1298165,1.0417731
8.178846,6.46587,0.8748554,1.2075312
22.27175,23.3988,0.56035435,1.0290254
68.19949,71.957245,2.0977957,2.1861534
44.114384,42.019493,2.6422856,2.6071446
46.47434,44.77802,1.1803765,0.9918493
74.87736,80.21346,0.74346906,0.91667855
41.615803,42.66671,1.1638494,1.0304022
87.66,85.0401,0.7048812,1.0921501
47.45189,49.295006,1.8990166,1.9865155
78.58015,87.0798,1.8816004,2.154405
27.070597,31.355293,1.4815332,1.0140619
40.25806,41.529778,1.0209734,1.0939813
37.710438,35.014816,1.1838708,0.9823105
67.34343,71.31633,2.614784,2.6410897
50.99246,45.18601,0.6101431,0.9963762
41.97346,48.12113,1.5207381,1.069416
44.74251,39.47507,0.5902018,1.3654585
39.720737,30.585207,2.7663853,2.5493238
99.20275,96.59377,1.593609,1.5537091
75.54347,70.14557,0.5265248,0.95464253
93.18582,91.60843,0.9794977,1.0605878
99.51774,96.895615,1.6413928,1.6481445
24.374401,24.508862,1.2392294,1.0300865
94.294106,88.46275,0.74527675,0.9630379
91.08244,90.94273,2.1051745,2.1037257
18.047123,7.8474007,2.4462457,2.0874145
2.6172326,10.725761,2.2642863,1.4571514
68.16504,68.490395,2.3727777,2.3823137
71.36635,72.43286,1.833993,1.8369722
81.16551,87.49342,1.3516741,0.9372448
7.903878,6.0315895,2.2610583,2.0609374
28.855284,25.680874,0.5574918,1.0608453
69.92875,74.6882,1.1298925,0.9284009
31.826159,31.229319,2.1079936,1.9868565
28.613031,30.15281,1.3830566,1.028165
39.95124,39.787926,2.4548862,2.670788
30.355482,30.778566,0.747811,1.42244
65.32369,71.52711,0.9501496,0.941373
62.00884,42.563614,2.8149407,2.4885504
41.63405,37.399937,2.327615,2.2132373
94.773476,86.94739,0.51656544,0.935468
58.87709,62.30356,1.1465197,1.1339743
30.29196,29.985832,1.04479,1.3972268
22.309855,29.372845,1.2963367,2.0753818
97.71656,93.58778,1.165723,1.6278132
6.603092,7.044735,2.3790207,2.2196722
41.643177,44.3498,1.8959291,2.0192513
70.34228,71.73853,2.0557256,2.0666525
68.059006,67.86772,0.794749,0.9309881
68.533844,80.511955,1.1993737,0.8956063
71.85255,69.587944,2.8689446,2.8370407
45.767975,45.41883,2.1485264,2.1361268
52.291325,52.871098,2.466739,2.4727063
25.350079,26.1885,1.8759084,1.8067523
10.365389,10.803005,0.93425435,1.1664418
18.803705,14.592392,0.874827,1.3742802
39.42256,40.019817,2.6316051,2.6718588
0.9741359,10.396202,2.3540769,1.5845202
46.17391,43.822,0.74957186,1.0212696
38.62652,38.44331,1.8498797,1.8367648
96.326225,97.741516,1.8966777,1.9560188
97.262344,93.751,1.1167018,1.2397821
53.026585,47.748444,0.7280548,0.9971808
24.672886,24.32075,1.6653005,1.2719138
11.7563305,11.886726,1.3596348,1.1475708
15.573154,12.286591,2.7617526,2.1984787
87.66976,84.72689,2.2516847,2.2784295
70.99417,72.19998,2.3560638,2.3863153
56.90894,52.875614,2.2817304,2.211843
37.842434,41.541363,1.454893,1.4802049
62.656178,60.47845,0.8749118,0.99659437
75.884,79.748505,0.80119693,0.91036886
50.966904,48.177727,1.8209461,1.7366757
29.005539,26.988482,0.80247694,1.0419798
58.826595,60.42399,1.1918015,1.0394492
38.154247,42.708557,1.9847193,2.2714262
42.868557,43.04721,0.95876324,1.0681369
83.46886,82.62126,1.8617985,1.9200882
43.104313,46.287827,2.5671875,2.6001472
27.490107,26.575006,2.9685893,2.906408
95.33139,95.22603,1.6078006,1.6339234
22.87692,21.501394,2.5696175,2.5358844
27.540064,20.635149,2.7656035,2.0452805
2.8796146,10.2822,0.5215307,1.1406889
70.97046,77.03176,1.2936012,1.0307096
74.480606,76.16922,2.21035,2.2410483
61.953484,63.523365,1.1211456,0.9914915
44.61279,44.786068,2.8622072,2.8457577
22.2227,20.858067,2.3000755,2.2673824
67.664734,63.76576,1.0419449,1.2023333
61.66714,61.162495,1.802711,1.8091176
45.12776,45.65212,2.5957673,2.5782995
1.5873947,8.115612,2.142707,1.2167957
51.209244,51.85345,2.0160315,2.0023289
77.533134,77.249916,1.9582276,1.9468033
25.798187,27.854338,2.277576,2.292798
22.283037,19.465618,0.8845389,1.1611518
73.70649,87.21985,1.4775993,1.0013936
40.29,40.48036,2.3343546,2.4130187
55.05763,49.228313,2.2324226,2.0902495
43.72401,44.479324,1.9372871,1.9625969
30.29413,25.271622,1.6952173,1.0034268
97.08813,94.19507,2.758419,2.7022889
52.47212,56.680992,1.3798307,1.0197608
7.327099,7.4713554,1.604286,1.4427339
53.537884,62.493446,2.3835242,2.4698226
57.130283,52.894215,2.3716338,2.3335814
52.57364,53.88026,2.740697,2.757102
16.05448,17.473644,2.0053837,1.6407566
18.83837,12.117996,0.70194376,1.2281976
90.906715,95.337555,1.8711067,1.9509846
8.806285,8.613113,2.1766417,2.0579407
57.219784,69.67284,2.7852917,2.9431021
32.07741,28.197216,2.9477816,2.880077
88.046524,85.868324,0.8366744,0.92677075
30.623455,30.16983,2.6732023,2.6856182
70.72433,73.85754,2.2025294,2.2543614
18.552696,14.255806,1.3028198,1.2779436
62.754887,54.02554,2.7047956,2.4966536
44.918762,38.354248,2.9382782,2.6475067
69.31611,75.38661,1.3256664,0.9221169
29.159918,28.088503,2.7105792,2.6155322
6.983333,5.698654,2.799016,2.8550305
18.88496,18.917276,2.0117059,1.9934564
88.886635,89.7101,2.7032077,2.7069302
38.763477,39.09817,1.8726505,1.8455307
59.875954,50.290253,2.87375,2.6053998
88.050575,88.55401,0.92184484,1.3300977
23.754711,22.881922,2.2546942,2.2192576
57.65369,57.36358,2.6739616,2.516779
15.954798,14.332966,1.753495,1.4207833
46.97886,40.192944,2.1610222,2.0694487
8.735555,9.551205,1.5333576,1.2751559
5.080925,9.408558,1.7269158,2.5363848
15.871935,19.187393,2.5114455,2.3739896
91.070984,95.65227,1.3769517,1.3929923
42.43203,43.30043,1.157778,1.1169564
95.094795,94.072655,1.0734155,1.3013642
50.26607,45.93416,0.6640488,1.0280241
94.25211,95.27573,2.9176283,2.9080873
23.641605,21.157299,0.87722427,1.0865055
69.99213,71.03438,2.0762658,2.1009405
57.78361,65.83811,1.5246825,0.9829659
0.97454816,5.16061,1.590762,2.3351464
84.432945,85.637924,2.570157,2.5793445
29.103191,28.466263,2.0621984,2.0295208
77.19443,78.526054,0.71855897,0.90438455
97.58676,97.025375,2.3237748,2.3433414
61.663494,53.343567,0.5233331,0.98925835
79.91689,73.545654,0.56518596,0.9888099
37.94462,36.443504,2.2669106,2.1456766
61.9341,62.68036,2.6720684,2.641954
47.456745,36.58604,2.9989564,2.766078
12.865161,12.747631,2.208395,2.1973958
74.05194,71.03466,0.682361,0.9541451
28.28109,37.565777,1.8203398,2.233347
68.53914,78.65506,1.5971252,1.7682778
96.78946,97.332924,2.5627022,2.559944
78.61625,79.88684,2.5069954,2.4664268
77.35769,73.73013,2.9392283,2.905934
24.641142,26.646582,1.4631276,1.0197947
19.384804,16.026817,0.66009766,1.2321849
5.241242,4.684597,1.7457379,1.3408182
47.18806,44.998386,2.5355825,2.50294
41.237015,31.364908,2.9672112,2.7506895
46.101994,57.736546,2.8731554,2.9447174
78.6791,78.37,2.333648,2.3349624
76.87101,83.82861,2.2199929,2.273945
81.54614,75.00632,2.3514922,2.3021417
51.111237,55.005478,1.6025087,1.0123096
74.4191,76.0343,0.6306686,0.9217794
36.552814,34.18386,0.84245676,1.5562158
95.62782,94.36464,1.2005917,1.5337025
39.12943,45.367027,1.5221188,1.0902244
32.32867,38.08283,2.8573034,2.8069892
52.79662,49.51374,0.6087362,1.9100393
16.931269,17.1193,2.0085082,2.0022757
96.640274,92.69858,1.0300851,1.2895126
36.312695,37.086994,2.1584613,2.2403038
3.1841326,1.7861176,2.625212,1.3965297
43.349274,43.21688,2.229645,2.2201993
12.188873,12.039249,1.5546374,1.388369
62.105843,70.57452,2.666422,2.8100133
29.762411,31.171177,2.2315423,2.3334968
76.37405,78.435776,2.4070263,2.4383738
74.87598,80.86284,1.0503222,1.0614738
89.32747,92.22798,2.0442963,1.8252512
93.97203,94.02104,1.2625248,1.2585531
87.31791,88.565796,1.7245648,1.7372806
6.5127497,9.539005,2.4446087,1.6162591
63.114063,60.910564,2.6470008,2.6118927
15.18327,14.304428,1.1350495,1.1003697
95.60236,95.53668,2.693259,2.6817017
9.462558,9.186333,2.909852,2.3784153
61.061172,60.83127,2.1414428,2.1390378
75.37202,80.12195,0.9675176,0.88585013
37.530567,37.56662,1.8829241,1.8820869
97.77693,88.354546,0.5063406,0.9837515
75.44339,83.32738,1.2194048,0.89701736
11.764632,10.0265465,2.9679453,2.431363
32.947243,33.45992,2.533339,2.525714
50.195786,57.02924,1.4509587,0.99840903
4.065638,3.5747032,1.3134408,1.6264272
33.633068,34.067177,2.6730742,2.615468
57.572628,56.296482,2.2219002,2.156831
7.246673,7.6459312,1.8244356,1.8640186
80.16589,87.17157,2.1151912,2.1960757
61.72158,70.35112,2.566202,2.6541388
9.772015,24.538696,2.1059592,2.8140025
2.9646616,4.817028,2.7611156,2.318656
80.7294,85.77819,1.448356,0.9469929
69.12042,70.71554,2.7092736,2.6846428
97.951324,96.81963,1.6039519,1.6334016
7.7091618,8.617329,2.9054713,1.6672544
97.173256,90.58708,0.8552046,1.194418
61.41367,61.447834,1.7488753,1.7653843
53.130802,53.04204,2.9127429,2.8971505
13.43688,17.546665,1.4082415,1.1141267
67.626396,64.32131,2.9318538,2.8752656
58.462105,62.644882,1.1978701,1.0100918
9.00313,5.5613327,1.6239936,1.685504
48.460285,42.83202,2.779442,2.558222
78.93624,76.73431,0.62043124,0.89206165
42.30856,41.86435,2.2181954,2.1974008
52.02335,56.366432,1.4380422,1.0230538
5.8745174,6.074005,1.3642437,2.5295691
97.6175,96.63627,2.8844254,2.9390368
95.260544,89.00267,0.65961015,0.98997945
2.9029229,6.5422554,2.7571855,2.2613997
96.77086,89.07579,0.7408906,0.9647865
91.8262,94.98903,2.421637,2.5011988
63.044914,76.94826,1.0769993,1.7524136
8.823259,10.235996,2.7383265,2.1675973
3.430249,6.111149,0.66218287,2.1056113
79.19453,88.721115,1.466244,0.985802
26.558277,30.026997,1.6939244,2.0234296
94.2465,95.529785,2.5758252,2.6653209
12.551992,13.11557,1.0168324,1.9711869
27.24119,29.602148,1.3739815,1.0330529
29.724138,30.826826,2.5296881,2.5147738
86.93183,87.045616,2.951487,2.8814118
68.81219,74.87026,1.2430031,0.91206867
86.52046,86.40049,2.3699064,2.36227
78.03125,80.22595,2.9521618,2.9439719
10.155363,13.915981,2.5381906,2.7896519
52.76365,52.8619,1.0654483,1.026984
91.58848,90.116234,2.8977478,2.8358598
16.891418,17.904736,1.9141643,1.5776061
75.44731,76.360855,2.601003,2.5979729
87.21185,75.27673,2.5893939,2.3592715
21.73302,21.012274,2.130023,2.105585
57.60278,52.92352,2.4345253,2.4630163
16.59537,17.66507,1.2059324,1.0923557
81.86527,83.00601,2.0255816,2.0322998
28.846493,26.58028,0.701663,1.0926454
74.50997,73.17073,0.97193444,1.2106822
62.50782,57.47583,0.8421988,1.0893958
37.236492,37.573208,2.6052027,2.454193
19.329378,16.515896,2.649622,2.657474
18.939743,22.562765,1.4648902,1.1462989
41.30555,44.451313,1.5802574,1.1323724
15.611217,15.304466,2.2990222,2.0398517
80.845535,81.73311,2.2253554,2.2350042
11.640739,8.51144,2.1050088,1.6732519
32.666893,33.887596,0.74458325,0.9924993
17.364885,16.44212,0.99067634,1.8677366
48.751568,35.370445,2.9339426,2.5588589
32.318886,35.7014,1.473352,1.0306356
54.920918,53.711365,1.9285731,1.9415817
83.68359,83.62627,1.8575072,1.8670614
28.768908,28.096298,1.7493145,1.0800731
66.63249,66.74195,1.9781393,1.998071
50.588657,54.59455,1.4904283,0.9919484
80.76849,79.33035,0.74710894,0.8986981
13.394176,12.616081,1.0621657,1.0862737
95.45542,96.27896,2.4235134,2.500978
49.320107,44.66615,0.73724705,1.018873
46.995216,53.61214,1.7994576,1.7483158
93.95057,93.02168,2.0113804,2.0261967
93.06787,94.065414,1.8780825,1.9083008
97.30396,96.579895,1.5577445,1.4668487
91.763145,93.662094,2.9728785,2.931087
1.5792835,5.066078,2.8816006,2.8248708
73.52898,76.40237,1.8275462,1.7306374
15.970436,16.566082,1.3872132,1.037828
27.627756,31.387829,2.158117,2.1002696
55.667015,62.523182,1.5308362,1.0077372
56.994167,53.99384,0.65760416,1.0084391
39.73996,40.708702,2.7708645,2.7520041
72.37234,72.37979,0.98846936,0.998113
73.070816,72.5403,0.97271025,0.99248165
37.06941,30.901667,2.860908,2.6841424
3.565259,3.423252,2.1035826,2.3258152
40.950523,39.814964,2.40934,2.3955956
73.793396,73.36832,2.7385647,2.7053242
12.557083,13.38829,0.59993035,1.4072849
23.020271,20.96555,0.82756853,1.3751262
32.932423,32.513874,2.596225,2.584681
39.75404,36.35134,1.1100944,1.0167131
40.515896,44.445816,1.5675424,1.0563115
27.506788,29.209356,1.0723085,1.0344698
59.692486,66.81094,1.232202,1.0120475
63.33271,65.779015,1.2086102,0.96979105
29.70102,29.906633,1.8118827,1.7878852
2.0242026,4.228241,1.6026458,2.4336567
76.66409,83.23218,1.2564666,0.91247195
21.235273,24.423843,1.2400867,1.1698623
90.81249,92.371216,2.4711568,2.5139782
14.746492,11.062759,0.65212893,1.1792252
1.9715551,3.967678,2.388705,2.528468
65.105354,60.078476,0.6597223,0.99978536
33.21403,27.616812,2.867725,2.5970922
25.38306,24.718718,0.91717577,1.0930359
89.342735,86.89046,2.0330348,2.0905852
69.047935,69.147705,1.8621765,1.7506074
7.9102798,10.026012,2.9766955,1.2837772
92.9528,93.4999,2.323219,2.3203826
4.058005,4.512333,2.5457838,2.2732186
33.154137,34.814213,1.1919551,1.5456012
54.980495,49.848255,0.6361702,1.034204
41.80635,38.088955,2.1388028,2.0630302
20.411787,18.120796,2.297999,2.4408693
74.37828,74.339836,2.2459428,2.260092
21.492157,16.079712,2.4121633,2.461954
83.90256,87.67317,1.8296516,1.8447742
1.9563389,3.237503,2.9537444,2.167964
90.40019,86.04008,0.52108884,0.9159851
8.919334,19.254908,1.341945,2.46262
88.5893,90.92795,1.161538,1.036586
33.091167,36.41838,1.6387086,1.5854571
81.805565,83.43406,0.59236956,0.8734833
68.831604,76.11796,1.269123,0.9187791
3.4275756,13.529057,2.3491442,1.1566368
67.90068,71.86234,0.7780577,0.9455433
95.51974,90.945366,1.0434613,1.266289
67.079025,74.07224,1.3770092,1.0727487
22.691633,18.203886,2.6632695,2.6769729
0.36782685,6.2019424,2.0990105,2.7069368
95.31309,95.33269,2.808054,2.705293
62.3246,70.12639,1.5218024,0.9239571
24.135029,24.259655,1.2403092,1.1141927
14.43822,12.359043,1.1661606,2.4086483
44.468857,50.52835,1.9018234,2.0668623
66.94915,67.87877,1.0201334,0.9375602
51.301197,48.942406,2.642312,2.383504
50.43,61.264633,1.3159608,0.9319853
82.27561,84.33836,2.609971,2.6222312
26.771624,17.64566,0.9313093,1.4393436
78.200676,81.20281,1.8556639,1.8557677
71.64329,77.61025,1.2409528,0.9378918
22.58525,23.10218,2.0303795,2.0618958
56.185226,56.948288,0.6353858,0.9728556
32.415054,36.475548,1.4217412,1.5538731
21.786722,15.035355,2.811965,2.4885688
96.580864,96.32883,2.033663,2.0637646
20.818228,14.758678,2.718548,2.289872
37.818634,37.14343,2.7142305,2.6605523
6.5235567,3.4216309,1.4300879,2.2244594
88.56952,87.000015,0.8395233,0.9193367
36.533913,41.730484,1.4648887,1.026437
53.678425,53.614853,2.9744635,2.9397008
77.1086,79.012375,1.0049647,0.9158607
80.152885,87.1569,1.754631,1.8572984
68.721466,70.855225,1.9708095,2.0162575
5.91091,8.544369,1.2400829,2.5082312
81.37881,80.12356,0.7044137,0.90453684
86.33456,83.00846,2.6871204,2.635334
88.704475,89.0488,1.8515123,1.875574
1.0851446,2.6239166,2.3107023,2.707375
4.277285,8.256622,1.5402583,2.417315
0.69518757,8.499706,2.2362926,1.3109473
77.24643,78.53128,0.7706771,0.90291333
70.79766,71.82156,1.9548442,1.9640056
27.708715,35.03351,2.6841228,2.6161616
54.814644,61.273796,1.4470465,0.96936965
74.41332,73.10032,1.8249158,1.8341216
50.297623,45.460304,2.8986812,2.8003
68.92438,63.45865,0.61540675,0.9847469
26.75818,29.149405,1.577977,1.1144483
69.10338,68.96664,1.7695942,1.7738903
0.39548647,6.2088165,2.0355725,2.0185392
21.216434,20.788126,1.7109656,1.4086235
71.94183,71.762375,0.9575343,0.9532854
29.81387,23.449348,0.59067523,1.0614774
70.39623,67.617516,2.1183424,2.0798419
48.04932,45.99116,0.8445977,1.0884095
30.64886,32.267296,1.3183312,1.0267247
44.151176,42.1373,2.393134,2.286618
47.12118,48.0872,0.903789,1.2782617
33.588036,36.623405,1.7105088,1.4893696
62.43682,79.35426,2.377895,2.5308104
66.65903,53.925785,2.8600054,2.8060071
95.198364,96.01402,1.4417573,1.3812133
35.926983,31.56271,2.645362,2.3740554
15.97396,13.291576,2.4190001,2.2341385
40.407364,36.08517,0.96959746,1.058193
78.80871,71.87975,0.53500634,0.9953856
93.343475,92.307205,1.0853152,1.170113
64.716255,72.03615,1.5679181,0.95108813
94.98543,93.6967,1.1493335,1.2204568
16.975891,16.146622,2.5135398,2.349106
48.04997,51.08931,1.527602,1.0072057
15.069771,19.290327,1.44124,1.7525277
73.61075,74.29634,1.7569861,1.7446612
8.699773,9.145771,1.5809408,1.8265996
44.11267,46.777504,1.6331494,1.3092105
91.81987,92.958206,1.7352312,1.7503843
76.69139,80.06183,1.758575,1.6374599
83.79438,86.40009,1.010005,0.9102453
38.525444,43.752335,1.7424138,1.812155
23.662046,10.327007,2.6326919,2.4170635
72.03942,64.95297,0.5731463,0.9710414
5.43547,8.82864,2.6314988,2.5284963
48.510387,46.465717,1.7030367,1.5652002
63.474346,63.636684,2.619447,2.580717
43.685555,43.95944,2.2418826,2.2385328
1.7633326,5.7118683,2.868976,1.5685687
40.621918,42.375706,1.8154991,1.9220676
55.058666,54.64968,1.4682106,1.2015406
63.615414,65.731735,1.0975754,0.9884869
59.847137,59.27483,2.841726,2.8249936
85.33096,89.49353,1.3563293,0.98864144
20.138096,19.59091,0.7242715,1.349463
32.75472,32.83145,1.4334375,1.2864993
61.881268,70.39347,1.2045858,0.9313358
68.874435,70.14287,2.7738721,2.7593198
53.43062,52.384396,1.7667977,0.9967486
81.9178,85.210434,1.0373242,0.9084189
86.12565,83.857025,2.6638427,2.5758107
34.95593,38.438763,1.5392579,1.0268755
30.52874,28.22022,0.6455143,1.0675751
34.31089,30.459988,0.54124177,1.4970316
28.082275,30.776337,1.2848595,1.0126858
50.6352,51.245224,1.9441838,1.9745808
46.489273,39.409782,0.57125044,1.0126355
54.148163,60.419422,1.5409406,0.9807287
13.882989,12.743076,0.68887085,1.0665692
34.63966,36.153934,1.2012421,1.4622899
23.431477,15.396568,2.5752761,2.0331798
75.55969,89.73056,1.4738039,1.0605599
97.09062,95.211174,1.147562,1.3131781
1.3347887,10.895706,0.8674747,2.3041797
59.208424,53.043945,0.56148267,1.0257041
55.532017,48.881817,0.53252494,1.0978315
29.95993,31.904932,1.3594985,1.0334959
95.372765,96.3293,1.5545096,1.4643948
96.45119,96.32805,1.445928,1.4855571
87.11562,93.16379,1.4677739,1.2127395
27.39369,26.832249,1.961128,1.8939192
13.992915,15.2598915,0.9903721,1.0267477
86.87784,87.41173,2.8325567,2.829965
34.16502,28.432314,2.9268486,2.8660088
27.000875,24.476538,2.4588356,2.0796883
31.222616,29.262102,2.51203,2.5244079
79.56613,84.432655,2.9198086,2.9550538
90.69114,91.32943,1.186281,1.0504191
17.228027,6.991703,2.8131828,1.8451192
56.098858,56.199722,0.8832237,1.1275301
46.31,44.5387,1.84983,1.807857
14.837238,14.38179,0.94522476,1.0781264
13.717154,10.048561,2.5943615,2.2433445
26.434803,33.792786,1.782995,1.9521415
21.547577,24.590496,1.2830437,1.4568416
64.30271,63.21711,1.7678806,1.6249243
70.51349,84.75476,1.5326909,0.8847213
57.099483,57.626415,2.1424797,2.2118258
84.7546,84.37419,0.79918694,0.89319384
60.261387,62.61327,1.8801924,1.9210663
30.184368,25.421507,2.2305298,1.9869617
24.394796,27.09656,2.0409083,1.8949488
76.81731,70.45528,0.6259098,0.95243835
43.178165,41.05271,2.9958766,2.802713
23.132402,22.433819,0.96814513,1.033448
1.0835848,6.8990173,1.6988133,2.3858643
83.71184,87.59975,1.9529757,2.0509481
8.601611,6.9626694,2.7886267,1.7910262
29.873255,32.117397,1.5885652,1.1497884
61.966496,63.161568,1.9300551,1.9330177
97.0513,95.33853,1.4311174,1.3842603
36.900475,30.597044,0.6152977,1.0018429
39.822,49.52561,2.4495032,2.6295023
87.83222,88.8985,2.360681,2.3600693
96.93742,89.25502,2.849333,2.808553
81.20628,87.87196,1.4462181,1.0364007
29.61822,34.19379,1.7266351,1.8869714
10.731944,10.44714,2.1734452,2.2258532
40.789837,45.62772,2.3286192,2.559575
12.7070465,17.969624,2.0066512,2.5268326
25.824877,29.945173,1.2156302,1.023089
39.542366,43.946697,2.0584118,2.0763135
8.275699,7.910904,2.089552,2.318318
80.63539,75.733925,0.68192965,0.93693066
16.113388,18.108622,1.3864236,1.032928
89.71114,87.526024,2.856739,2.8370404
70.87528,80.18552,1.547111,1.3688157
21.06632,17.180016,0.63365847,1.2202799
42.70686,40.55873,2.447092,2.3947883
99.212204,94.909134,1.1055324,1.3248854
11.698641,10.589481,0.56604236,1.0867369
40.641815,38.38063,0.84863216,1.1722093
47.999268,48.886314,2.6164274,2.6006942
63.465736,65.27736,0.9982838,0.97384745
72.76245,76.212135,2.4648526,2.454811
78.35223,81.74205,1.0369738,0.9652616
90.77727,93.66168,2.5323982,2.5537462
59.710865,61.940327,1.9635504,1.8127316
8.400495,5.4802628,0.52855,1.8419468
55.611088,54.931793,1.0078868,1.0146012
29.315907,28.660202,1.7313814,1.6686242
60.968422,60.790455,1.9107511,1.9434383
42.20649,41.288513,0.9259362,1.014811
11.90282,10.183891,2.5053372,2.2908573
78.02373,71.97538,0.5433274,1.0205384
36.768513,37.05327,0.51509476,1.0579351
52.361755,61.55089,2.2536247,2.2554708
90.16558,90.780304,1.7521303,1.7801532
84.35989,81.55989,2.0088475,2.0348923
20.884274,20.60918,1.0831119,1.0757589
35.893406,36.43467,2.2243304,2.3919075
24.311565,17.632923,2.634682,2.5081172
11.543147,8.297329,0.5368323,1.4082128
39.4527,37.060307,2.9797857,2.919057
97.752625,88.65819,0.57754683,0.9541251
19.120314,18.618048,1.8010557,1.7245412
3.1423416,8.508877,0.64206064,1.2126536
97.04264,90.31137,0.66608393,1.0193646
54.909542,62.54334,1.5869504,0.9897701
84.76962,85.12392,1.0260571,0.92148083
56.102192,56.19418,2.2507207,2.1890452
16.263672,11.931736,2.3674045,2.0790963
85.27422,85.80255,1.9716446,1.9852812
98.83058,90.70447,0.70697266,1.144747
28.322575,19.3297,2.8457367,2.7706265
34.527637,26.976532,0.53301895,1.3536396
12.143766,7.1613426,2.9835112,2.4922419
96.98668,96.478745,2.6471276,2.6773028
37.492958,40.02022,1.6410532,1.2258525
14.456436,28.294188,1.5128258,2.741543
24.975965,23.280762,1.7069916,1.3477137
1.9298271,6.04467,2.0616665,2.2775207
54.066998,54.32855,2.8661952,2.8641725
16.583729,14.987003,0.7038985,1.1421295
70.89599,67.10166,0.67934644,0.9710984
20.934658,36.743492,2.462086,2.714775
77.21692,74.690186,0.8012075,0.9622839
40.833538,38.757896,2.478242,2.4338965
38.392883,38.584282,1.0777196,1.0216107
65.666794,66.98389,1.0278752,0.9633775
69.38846,69.91228,2.8398364,2.8714206
46.99036,46.130375,2.4471505,2.4404826
17.78959,17.145435,0.9164296,1.0631349
68.39773,71.28598,2.078069,2.0481036
45.423687,56.734825,1.8342474,2.289603
32.644108,35.845894,2.2021456,2.2975502
50.334946,51.16461,1.0763488,1.0088298
59.19086,61.50477,0.72928923,0.9624383
88.95144,89.368065,2.7745533,2.718415
44.385654,45.317215,2.2056966,2.1727738
76.89676,74.35707,1.0323246,1.0172409
95.533455,98.145386,2.1915908,2.206862
27.771173,24.877007,2.4602811,2.4170372
52.97345,53.11515,1.5504159,1.3738469
25.2294,24.525799,1.0587728,1.0392256
7.0411744,7.3726997,0.85490435,1.2620211
71.3568,72.017586,2.3891046,2.4707851
43.709637,43.673462,0.935848,0.9995556
40.15518,47.688065,1.243655,0.9902221
19.08576,18.612568,2.069417,1.9984035
33.78909,31.85438,2.877987,2.852755
53.120502,43.508064,0.64192015,1.0674391
10.620315,10.403866,2.8184762,2.6080222
13.319463,12.21431,2.8324313,2.6804209
3.777602,7.010334,1.6748358,1.6824129
12.625633,10.620949,2.3792467,2.313416
27.583544,28.093225,2.001311,2.0709805
57.5893,52.030193,2.493238,2.4037983
61.427155,60.899166,2.146024,2.1267881
50.017742,49.313316,2.3116496,2.3129032
61.95484,72.49745,1.5269241,1.3038814
92.986275,95.719376,1.4878198,1.3577416
37.137886,42.239685,2.9533265,2.8263373
9.418274,5.5088043,2.2956545,2.200968
52.9483,54.80688,1.1731414,1.0088506
46.13304,43.00782,0.5452957,1.0495523
80.305695,86.70743,1.2588332,0.94776773
14.84661,13.386803,0.9235984,1.7458214
5.0313444,7.499386,1.8093197,1.5172068
73.55169,79.252144,2.7583053,2.8237195
17.436491,13.797131,1.5969987,1.2499603
81.20013,82.33327,1.3565743,1.353831
8.399951,7.4428253,2.3503673,2.152771
8.416268,19.18592,2.1938436,2.383078
11.399679,9.055595,0.5455359,1.2543757
57.849125,62.430035,1.5746092,1.1571608
64.24004,64.11542,1.7991233,1.819405
56.62547,59.747395,2.4263096,2.416716
87.45582,90.17729,1.3176403,1.0026166
58.1602,57.09561,2.6011536,2.5414357
93.92845,94.93808,2.0239015,2.0352025
33.965775,34.58252,1.9613633,1.9246843
95.36115,92.35616,1.0190284,1.2513342
45.00695,41.59232,2.723188,2.7231429
97.93615,95.86301,1.9437659,1.9162774
93.48159,92.672165,2.903877,2.8551812
53.311726,52.6006,1.0514833,1.0909098
66.47389,63.292522,0.55545676,0.9690086
83.68203,82.32039,2.5459182,2.5303836
12.833166,11.943024,1.7124542,1.8177217
47.886772,53.29233,1.2330695,1.073142
91.02332,91.073814,1.8628346,1.8800117
68.4174,60.645767,0.84952444,1.2458708
52.19008,49.172558,2.791174,2.7684703
18.060183,25.84405,0.5638618,2.4728882
48.71184,49.44435,2.8386977,2.8517509
49.948498,49.72332,2.30135,2.2891548
55.895245,53.53673,2.2043037,2.105027
67.65689,66.56619,2.280654,2.274991
37.25024,41.42676,1.6040063,1.0215917
36.256504,36.9299,1.2128013,1.058301
13.243338,12.217651,1.9191802,1.597152
14.086373,14.563892,2.5058293,2.5564556
82.77818,88.85559,1.880105,1.9306701
9.897409,5.756626,2.716188,2.3441567
77.19229,81.72234,1.9596596,2.0916622
14.800016,14.295383,2.010253,2.2282536
43.29207,45.562607,1.8913313,1.896213
22.216738,24.457489,1.1488291,1.0553381
61.770084,60.4439,2.4471917,2.3283486
38.84628,35.440067,1.659519,1.5920389
1.1545373,11.454971,1.2150651,1.9247804
97.15388,96.21341,2.0551968,2.0295472
41.034126,41.394897,1.7025263,1.5868177
66.15278,76.89935,1.4868934,0.93125784
98.14394,93.1221,2.3064997,2.2883525
40.095654,37.470947,0.75772107,1.0289749
90.39136,84.61601,0.58864456,0.88683593
64.76475,68.903,2.4628787,2.6133647
97.13243,91.1592,2.9288206,2.838801
92.26358,89.85611,2.229174,2.2061598
19.435726,11.587059,2.589218,1.9317905
11.249984,8.382969,0.629449,1.4130555
66.58465,73.67983,1.1407813,0.93525875
97.13169,96.29803,1.2847414,1.509232
21.793108,23.489742,1.800031,1.228195
67.339485,76.766235,1.6652411,0.9284548
83.03871,84.77527,0.9330619,0.89974904
32.203087,11.115147,2.9941144,2.3276873
81.5974,90.50931,1.9684168,2.0276558
94.900024,95.576614,2.1448202,2.1577272
20.812279,18.08514,0.8309451,1.2305565
27.540367,29.492682,2.2693038,1.8594227
30.063189,24.15397,0.8129656,1.3974363
23.330078,19.839045,0.63213986,1.2777047
11.205028,15.570934,2.485645,2.4543433
64.570786,69.04802,1.5871698,1.1304437
34.24057,35.26952,2.327076,2.0155225
31.934217,35.855526,1.3256106,1.6616193
31.325495,29.38574,2.0011704,2.0322673
3.2789872,12.3821945,1.6281713,1.1130408
95.15568,93.93168,1.8679453,1.8669962
86.697784,85.70769,1.7805933,1.7864387
61.33867,64.11371,2.7385437,2.7318873
1.8560435,9.9556465,1.4882195,1.8298931
99.67743,97.33199,2.7760851,2.7934723
77.42884,77.35808,2.1306634,2.154702
22.868557,17.368423,1.9477333,1.8897334
66.048874,59.380875,0.6228159,0.9961075
93.02602,89.8172,0.8667859,1.2515227
73.63336,75.68048,0.9674216,0.91409254
81.71727,79.23753,2.4721966,2.4845269
44.104565,35.665947,0.57457376,1.6710578
57.04751,56.68953,1.0612848,1.034448
29.869312,36.521996,1.2031586,1.1350057
81.21396,86.508385,1.6051902,1.3007994
78.947235,86.33735,1.493914,1.2073977
66.88141,60.53831,0.65234256,0.9798327
63.152424,69.746826,1.4628309,1.1474138
13.072982,15.812683,1.6980225,1.2203928
99.72746,99.264015,1.9402685,2.0536115
73.5708,86.27489,1.5337008,0.9318783
7.963709,14.8839,1.435316,2.0676434
49.49936,51.19782,2.905839,2.9789581
46.412292,53.402058,2.7097259,2.628992
8.214932,7.712841,1.3448378,1.1713715
37.92871,33.0979,2.6076674,2.431324
13.136806,6.0067863,2.9338157,2.1963742
12.845958,14.924522,2.9142978,2.7808745
5.878137,7.686535,2.1282134,1.5200782
65.704155,71.4665,1.3696809,0.9709681
60.20703,57.720116,0.82537115,0.99729913
94.89808,88.19461,0.64869374,0.98118407
11.763002,12.707867,2.4710476,2.1891942
69.918304,80.386086,1.547779,0.8949821
87.40933,90.31998,1.8295074,1.9197667
40.526165,41.017895,1.9809719,1.9912486
49.48197,46.205784,0.76021886,1.0280399
3.6428456,11.778473,2.9031892,1.9282691
46.74629,43.327656,2.0748272,1.9524878
96.44788,95.94267,1.2621636,1.3546187
68.83161,69.4254,1.9949144,1.9725442
94.79692,82.137726,0.60082114,0.92725587
33.685944,34.17634,1.2127088,1.5572892
27.028717,22.865755,0.52426755,1.1123164
55.897602,56.855965,2.4239824,2.455737
55.797348,55.747906,2.655045,2.6584556
28.602161,28.52929,2.42813,2.4444993
21.298027,19.367466,1.0774996,1.1803241
43.743176,41.062984,0.77249086,0.9862847
24.816355,18.150728,2.9056633,2.6077485
50.551014,52.46978,1.0208979,1.0089045
37.87888,41.832825,1.2755045,1.0091121
72.13748,67.01335,2.2438571,2.2099085
19.430557,23.635328,2.1211143,2.213857
80.17647,74.66802,0.5464774,0.937706
18.800053,22.259148,1.2941548,1.6033051
38.312603,41.89852,1.4538335,1.0374365
26.818047,28.298693,1.9552203,2.1004434
74.38333,78.518974,2.4598346,2.4974444
28.985853,22.619606,2.22069,2.176569
1.9360331,10.631054,2.80777,2.6976986
46.83775,45.29656,1.0435133,1.135088
86.47785,94.53325,2.608195,2.6315567
52.534515,55.187256,1.3329788,1.0863397
38.55782,49.45213,1.2185057,1.6554565
60.77954,60.311424,2.1782932,2.1694918
34.322025,34.191948,0.88880265,1.0298381
36.0374,43.278816,2.3213515,2.3340535
47.216404,51.979168,0.6337351,1.0128927
43.220257,46.671425,2.7819662,2.8673368
58.978996,57.752,2.9790545,2.8968973
28.073408,26.426775,0.91224045,1.0912386
88.470764,90.52733,2.386424,2.3704991
49.537533,49.883587,1.6034281,1.8083621
40.564182,35.77169,2.5696704,2.387524
95.63956,95.27435,1.8551676,1.8819093
3.8145685,5.413368,2.5395536,1.7997445
65.337685,68.10075,2.4580195,2.4439418
59.66773,55.952354,0.8560263,1.0386415
46.926952,40.4395,2.5340111,2.582326
58.74936,62.15353,1.8893126,1.9297156
30.428463,30.935123,2.500846,2.337053
78.48372,82.565994,2.1586623,2.228077
14.752149,9.501045,0.65877783,1.5131598
15.898221,14.950367,1.06352,1.0420489
81.88245,69.5685,0.53465366,1.7124557
31.805084,40.45913,2.609987,2.7679257
74.5758,73.50096,1.9672674,1.9674044
88.04071,92.39111,1.2020581,1.1202896
85.54214,85.8676,1.6939605,1.7020857
83.8881,82.922134,2.9854078,2.9025412
2.776273,10.379707,0.8313287,2.338099
55.729782,60.86509,1.5447122,1.8436207
70.30089,64.689705,0.5658027,0.9673015
42.26428,41.93605,2.7178538,2.686829
11.560545,11.240623,0.8121836,1.0755212
9.650433,9.2313,1.5786377,1.9053596
41.977093,44.89443,2.3998637,2.462921
36.027615,36.959763,2.0836742,2.0591385
14.576419,14.699348,2.230435,2.184046
49.87778,52.20132,1.6343147,1.0352623
14.809962,10.153027,2.9204922,1.9673787
46.8397,41.546116,0.67676014,1.2432902
84.90124,88.8306,2.3483436,2.3950942
15.272088,16.692219,1.7250817,1.0420967
25.645838,20.826435,2.9616868,2.891389
49.32555,42.544598,0.8141595,1.05738
24.23365,17.105457,2.3299546,1.5459231
79.83597,86.70453,1.2619205,0.91691446
40.32404,53.763367,2.4123547,2.590611
46.83306,47.15324,1.7578651,1.778651
21.242308,14.225212,2.6530967,2.255908
21.443413,25.0101,0.67560697,1.7660944
58.05869,52.229916,0.59757274,1.0237556
36.874954,40.762325,2.0016873,2.189839
54.451984,61.750896,1.6308689,1.0545076
48.280403,45.30356,0.6670644,1.0269341
33.271996,28.307285,2.6627662,2.436658
51.06191,52.97592,2.0281897,2.0575006
20.529394,20.452028,1.1689652,1.034869
20.200367,12.140995,2.9324324,2.479593
95.1389,94.36722,1.2431595,1.2969509
52.123856,52.5295,1.1424232,0.9909705
53.8661,49.826492,2.560625,2.5163515
80.59175,77.04242,2.2618492,2.2455714
61.01271,60.724762,2.3718603,2.3998098
33.128902,30.459251,0.71280986,1.1162603
37.81803,41.191124,1.4194981,1.028317
6.187183,6.970436,2.7117822,2.2254286
3.8616016,9.343388,2.0830462,1.7585956
2.1881409,5.9506493,1.3188304,1.6839534
44.13829,43.703583,2.675103,2.6944394
97.94955,94.10324,2.5264828,2.3738894
12.409334,12.927273,1.145247,1.0869787
10.626352,9.416424,2.4558785,2.3947525
50.288773,52.450867,1.1681058,1.0127759
73.10157,74.83103,2.0213473,2.0434
70.0796,71.97907,1.0105704,0.92790246
17.201195,15.765789,0.8131921,1.2120483
72.92909,70.997116,1.8667176,1.8222355
98.5716,95.08034,1.1190045,1.3528668
47.48675,49.490105,2.1432378,2.175242
18.657051,16.55251,0.83997536,1.0990019
19.458189,19.902655,1.8222784,2.0759141
81.38115,82.849945,2.0028765,2.0314054
95.68526,90.06301,0.7508297,1.0382624
44.30549,43.3285,0.9872516,0.99465823
36.065315,29.191223,0.5650908,1.0870619
70.29873,77.59294,1.2249155,0.91343594
9.683342,11.007023,0.5037588,2.2635796
10.814775,7.770195,2.413956,2.0355659
17.120573,12.169594,0.8706935,1.2933102
92.077255,91.72417,1.0190609,1.1024508
55.203014,62.935158,1.5565594,0.96816105
55.538944,57.008377,2.1557438,2.1613648
43.46201,27.871342,2.772022,2.1442115
58.261803,55.29029,0.93609345,1.0771928
79.36196,84.39552,1.0298939,0.8911308
37.506092,36.48731,2.5852287,2.5324311
61.328194,61.06424,2.771475,2.7721002
28.886469,30.308691,0.97673273,1.0636909
44.936127,48.502403,1.0863438,1.0758319
92.47135,92.71567,1.9455738,1.9834054
25.975271,28.678938,2.0225983,2.0539486
27.52613,31.47559,2.002845,2.2540848
76.84856,81.6642,2.4954376,2.5423594
39.545036,39.923504,1.0641239,1.0127296
86.76582,87.59244,0.96252805,0.95911914
89.46261,89.279205,0.98191947,0.99456996
55.64861,58.444412,0.757799,0.9923388
66.11603,69.16179,2.7486913,2.853385
55.313484,55.573795,2.7657192,2.7943683
82.32007,76.49283,0.676575,0.96214575
43.986683,39.643593,1.7815006,1.624458
55.521523,49.254337,2.7392578,2.609686
39.176792,35.621597,0.64429444,1.0261445
93.98811,87.63037,0.7050141,0.9736765
72.63101,83.58386,1.4166163,0.89317775
44.5667,44.233288,1.8710469,1.8882412
1.4694172,5.5876923,2.9311237,2.1713765
90.991585,92.30438,2.7603662,2.7239895
6.5531554,6.996647,1.6278032,2.3322165
59.045006,63.76631,0.8697422,1.0791323
84.89783,87.82508,0.9035307,0.951328
23.449865,20.35047,1.663599,1.0482407
24.11156,18.078634,2.984193,2.7776008
39.807026,42.311195,1.3499093,1.0192086
9.437387,12.840595,0.56829566,2.0096896
41.193745,33.78858,2.894872,2.7967677
17.520187,42.725483,2.8746393,2.918235
17.940472,9.787308,2.5479553,1.2489231
87.638664,80.99874,0.53868717,1.0261118
29.713434,29.978794,2.817994,2.8224218
79.30723,89.238846,2.5903726,2.7661543
20.120403,19.909649,2.4880483,2.476263
46.328693,45.43095,2.9180279,2.8769653
21.530283,21.863337,2.3365998,2.2048004
53.456577,46.876923,2.4744058,2.3421001
27.113829,13.880917,2.854687,2.68594
89.03669,88.260765,2.904823,2.8900177
4.7330275,8.476006,2.8417363,2.2574418
67.236565,68.61562,1.9470482,1.9347781
31.785282,24.22751,2.6284087,2.5717025
70.25023,63.288746,2.2748384,2.2096183
67.517815,67.20318,2.259439,2.2604349
52.24977,56.641624,2.0911574,2.1597023
76.08836,87.26564,1.4915715,1.0400925
34.059322,33.105427,2.3015914,2.234714
81.25368,87.084175,1.5983528,1.2350899
82.745155,83.25395,1.8354366,1.8357745
40.846973,34.86505,2.2208555,2.0701122
75.75573,70.44956,0.58943504,0.93326443
65.93032,61.531376,0.6433189,0.9877036
15.203873,13.37104,0.9319837,1.6486998
29.366262,32.916656,1.3911244,0.98361415
83.51209,87.71004,1.7858949,1.9305277
12.002877,3.737835,2.966702,2.1069267
31.045048,45.413464,2.0338383,2.5914342
94.622536,95.857895,2.4698484,2.4793332
92.527336,94.797806,2.0593836,2.1202981
0.9460761,2.8299828,2.4763145,2.0692775
57.575947,55.557472,2.7713203,2.7003202
7.777619,5.407959,2.2046282,2.3503366
53.760605,56.194836,1.2128555,1.0063462
24.814508,37.23621,2.2766485,2.3774714
90.72981,91.448364,2.8864818,2.8449693
5.9876137,6.228218,2.5224817,2.4873786
82.47348,83.98636,0.94358724,0.921869
36.039196,35.805748,2.282582,2.260295
65.102806,64.32474,1.8806999,2.014876
92.082794,92.68034,1.6883129,1.7300224
68.741875,69.69767,1.6866641,1.6461985
71.72672,69.923294,2.8097312,2.7945662
94.66336,87.49235,0.6231961,0.94153243
76.601456,79.25402,2.4624877,2.4565127
16.70271,11.615173,2.6000834,2.2862966
32.742958,30.830326,2.4837682,2.4781327
63.99996,64.10655,2.5616693,2.5397024
41.753746,44.480644,0.93963796,1.0132833
74.61518,79.128395,2.3877754,2.4410367
71.117615,70.1935,2.1999314,2.1437106
38.869987,38.80768,1.1181065,1.082719
20.677717,19.370676,0.88745576,1.1024559
12.780643,14.264088,2.4114506,2.3865867
93.53693,87.8249,2.6198156,2.587856
2.3030293,16.104328,2.36079,2.7667208
89.04185,89.42859,2.8587291,2.8644743
53.91467,55.19206,2.5374207,2.526382
63.84635,69.04674,1.5884305,1.1531835
56.637997,59.779705,2.0565472,2.078541
22.739822,23.008802,1.0328516,1.0886202
63.866634,63.646313,1.9654248,2.0293684
36.482384,37.247116,1.1617343,1.1491923
53.188953,47.544617,0.5152835,1.0525348
54.77328,51.278774,0.5172029,1.0235648
25.311699,39.066574,2.8135102,2.7776093
50.98099,50.086205,0.6915128,1.7647603
72.410805,84.26706,1.4963001,0.9001944
97.806725,96.89265,2.9099972,2.907497
6.5304923,6.0879517,2.1953707,2.5513933
97.68045,78.328384,0.5120612,1.3942672
36.37832,40.373993,1.4744655,1.0601304
30.4501,27.357445,2.1077375,1.9957602
63.99688,65.753654,2.4473839,2.4537416
9.052176,14.066681,1.7261829,2.3097298
33.8338,31.661346,0.6608706,1.8043541
18.049353,16.969166,1.8845185,2.1996717
1.6213832,3.1866074,1.1985819,1.50237
80.23427,82.99304,1.7054716,1.7766126
99.007614,95.7428,2.9456522,2.9298053
88.956375,88.63156,2.4749613,2.4446607
89.74728,96.72864,2.830541,2.882235
37.395424,32.089897,2.6317918,2.5177445
87.34456,77.54774,0.5613511,1.0704057
59.44225,79.28087,2.1019588,2.3919532
83.27367,93.171326,1.9396999,2.038214
85.07435,90.451614,1.2725409,1.0099623
22.569424,21.95518,1.4937518,1.2295362
3.9518661,13.665779,2.1702158,1.7429332
59.76239,58.782913,1.7348883,1.7329459
37.492558,36.275955,2.7152529,2.563769
26.80379,31.109768,1.6470162,1.694315
34.394688,36.078148,1.7241076,1.4428949
20.162329,25.57299,1.556231,1.0863262
0.5722429,14.601269,1.9057009,1.9668313
56.19321,66.3362,1.7315433,1.8397744
5.1223693,25.626719,2.7665653,2.9107575
81.95825,83.992355,2.5023487,2.5146208
3.2199411,12.003181,2.5041997,2.4268692
26.959484,29.87136,1.2624203,1.0079949
12.8048315,12.276768,0.90048254,1.675029
83.079155,88.20063,1.1744788,0.9622067
4.5654874,10.579994,1.3901151,2.192561
14.55425,6.215084,0.7834963,1.4414343
14.1178055,9.509319,2.7194881,2.6679423
69.8037,74.59453,2.3693027,2.3893118
47.775063,50.076904,1.7182617,1.676843
4.9562974,6.531437,0.5504557,2.2848449
32.05011,19.786816,2.8105683,2.22181
59.13051,58.631474,1.99395,1.9520463
84.18729,83.8264,1.8960589,1.8996276
21.877964,21.086378,1.8762038,1.8285334
69.818504,74.56015,2.6326358,2.719685
29.995493,30.043146,1.0651007,1.0543015
80.21167,86.842766,2.5231838,2.482024
19.88813,19.906618,1.6736859,1.7252554
61.85555,63.09169,2.3783414,2.4127026
87.63081,88.780045,2.5734038,2.548061
97.52695,98.24326,2.7128747,2.7676988
85.07374,85.22649,2.2176692,2.242566
56.272427,53.019768,0.90854925,1.0230612
70.688995,69.8132,1.768933,1.7522898
70.7147,71.05111,1.9120091,1.9362862
99.94309,98.73747,1.7282165,1.6570928
38.57365,42.272022,2.3161068,2.131598
52.417828,57.831856,1.495665,1.0325494
21.441196,19.65964,0.51386636,1.0985516
67.810165,66.78049,1.7176443,1.7648532
54.170586,62.205986,2.6226935,2.6651106
61.878952,60.851738,0.8944719,0.9728495
19.803831,17.455029,0.56656736,1.0362298
63.865097,59.04524,0.5492897,0.99589884
74.78716,87.18872,1.5477071,1.7682104
16.359035,21.759071,1.9515007,2.0370948
27.916544,30.781563,1.5081931,1.0312119
55.98161,54.54946,0.9281336,0.98803
76.89055,82.903625,1.1051381,0.9088238
78.58645,89.36713,1.4079387,0.9705126
36.266727,35.402275,0.6964893,0.9920994
77.79831,85.97823,1.218231,0.94054395
81.30402,85.30278,0.8506767,0.9132876
36.063908,35.292507,0.75993097,0.9997344
49.673023,50.23418,2.447033,2.4949527
11.150925,13.364346,2.12931,1.6488544
39.449257,40.729374,2.4002354,2.4311614
69.11942,66.401184,2.9356954,2.8946404
72.42983,78.42093,1.1614063,0.9008647
73.7709,75.040634,2.4199522,2.4399269
27.176619,21.703447,2.3095746,2.0218973
14.659836,23.866163,1.2643893,1.0634477
54.765408,54.665276,2.432675,2.2934525
93.293755,87.06943,1.0629605,1.1134526
85.94883,94.93558,2.5709822,2.6179986
46.411446,47.056637,1.6490399,1.2388439
6.635162,4.832493,1.9049678,1.6842003
73.7568,76.20649,1.6826184,1.330117
85.777725,83.33183,1.8865268,1.8622402
99.063416,93.05128,1.1306518,1.373122
84.85509,79.26409,2.3488643,2.2422633
86.721886,72.9887,2.9785137,2.7930121
93.723465,91.75924,2.8720472,2.8250258
36.223614,44.354595,1.9399813,2.251696
92.83503,88.31762,0.6975554,1.1763594
56.29433,56.22723,1.6498708,1.5042673
68.03249,71.681076,0.9964569,1.1246814
82.559326,84.16066,2.9059134,2.878612
17.560436,12.724384,2.3000815,2.3280342
19.09193,19.278097,1.6658968,1.3402421
70.47407,67.25906,0.6387284,1.2258636
7.1657224,10.123943,1.976353,2.0912519
94.53141,94.152626,1.6528392,1.6694365
99.3465,92.71695,0.89233947,1.1738067
46.7965,40.434273,2.529841,2.323841
73.21358,72.63878,0.82349575,0.9672497
61.299152,62.721138,1.6724256,1.5565157
24.28873,22.870659,2.181905,2.3832366
21.924858,24.892288,0.9230795,1.0995228
88.49907,79.8154,2.8483307,2.8525543
98.786156,93.75315,0.794865,1.404587
8.498737,11.8036,2.9609413,2.5947366
86.880325,77.54579,2.5636735,2.4246728
34.012947,34.150227,1.2271221,0.999997
2.1900272,3.3632622,1.9734075,2.690589
50.276264,51.394714,2.8145878,2.8248296
34.628403,32.878883,0.7586584,1.0179424
38.43995,41.618755,1.4902889,1.520166
88.59611,87.284744,1.7981282,1.8218639
50.57392,54.042908,2.8075304,2.7378306
80.55925,82.44562,2.357662,2.3500845
16.258501,17.28883,1.393173,1.086685
27.979736,26.149836,1.9034132,1.8455997
20.164093,18.11167,2.7027419,2.5474498
0.18718737,7.5855865,2.3555841,1.9224585
61.268913,63.91429,2.4164672,2.4502172
12.102507,12.755772,1.3505514,1.0729791
84.15436,88.807274,1.2041041,0.9991665
70.82402,63.00995,1.0521592,1.6005113
21.757736,21.16481,0.8932481,1.0266619
47.54645,49.823566,2.6475868,2.6852632
37.313168,32.326492,0.5322143,1.0187502
82.131516,87.86741,1.17686,0.99775344
27.523512,22.801462,0.56881696,1.7130734
98.01924,90.5824,0.68976957,1.1332994
86.582466,84.32059,2.6906402,2.6504757
44.37047,44.472366,1.1053395,1.0336063
53.31079,52.77756,2.5542262,2.5425174
9.05852,12.517044,1.3964975,2.3751063
82.475395,79.2173,0.5534186,0.87205
73.357666,84.54657,1.4916342,0.9797082
28.762285,30.383087,1.7250375,1.9763792
94.59103,87.16147,0.6829269,0.9386373
97.16489,89.96788,0.59082603,0.9789259
32.50716,33.161938,1.8974594,1.9755795
65.63589,76.0184,2.7312818,2.8632827
60.982483,57.106743,0.7718329,1.2029071
20.510069,20.704138,1.2497628,1.0729539
87.02008,90.38774,1.2479651,1.0442946
91.994,92.933395,2.6919253,2.6040232
13.171408,16.824364,1.5383499,1.6444179
39.208748,31.967632,0.80673677,1.2668163
19.364912,19.723116,1.8743145,1.1618972
21.820406,21.836021,2.0033505,1.7028708
85.70578,86.796036,2.9441566,2.897597
29.437286,26.816074,0.7655585,0.99318594
52.62198,45.70747,0.7332446,0.9994956
53.24972,51.896103,1.1817907,1.1468956
7.22375,7.5169716,1.4410181,1.4279888
3.5649164,9.570316,2.7889676,2.387332
46.07106,47.399677,1.7502669,1.4796298
3.0288835,4.735153,1.9418554,1.3584166
37.196136,35.86665,0.85241944,1.8002284
57.55314,63.855545,1.1485348,0.9804713
48.525867,49.59115,1.1499028,0.99637014
88.775475,88.54085,1.9753706,1.9827745
78.73884,79.37425,2.3347995,2.3472223
53.893394,49.098587,0.74777645,0.98813885
26.819834,26.681482,2.2045448,2.180253
46.39996,44.2769,2.2673075,2.255819
68.1035,66.47041,0.85093665,0.9791688
66.81283,72.63347,1.1550257,0.93614656
14.315322,13.641239,2.3928132,2.3641474
76.89022,76.845474,2.9121678,2.8987532
11.242981,11.376057,2.0762756,2.0313768
74.42145,82.26264,1.6641303,1.2827514
39.934143,38.332348,1.8013123,1.8506374
23.806879,19.421595,2.2144308,2.1458142
41.67922,45.039192,1.3512436,1.0302055
41.67876,42.766796,0.89364016,1.0267808
44.045452,55.49993,2.3165686,2.4067707
77.46457,76.29281,0.7466673,0.90985453
83.57538,83.75864,2.265293,2.2647712
6.075599,7.06213,1.1056138,1.2564986
66.765434,76.604324,2.1909308,2.2701824
52.543694,51.46831,0.93279463,1.0231409
30.348944,32.213165,1.3292277,1.032723
69.51235,67.11327,2.8213382,2.8231022
74.83315,83.84926,2.6295884,2.7462702
8.155663,3.5856438,2.4166324,2.533071
76.5226,88.2632,2.336647,2.4786239
21.433615,19.379831,1.033746,1.2891297
2.8711348,2.4650345,1.4987311,1.6066535
51.087753,55.00518,2.4757037,2.6251538
15.021009,13.945789,0.69615704,1.4299197
36.629963,28.301281,2.6717236,2.7117367
91.83934,84.111244,0.82450485,1.4358715
77.73264,76.34859,0.91533697,1.0272846
81.37192,78.44843,0.6546027,0.90783626
95.91999,96.95538,2.2338367,2.2630084
52.047066,64.3764,1.2220302,0.9681179
46.826485,47.22856,1.9547005,2.0217834
41.804985,40.830315,0.8898027,0.98612976
15.753142,13.368534,1.8075598,1.4461739
14.194792,7.9998436,2.4120672,2.4919975
89.496635,91.30995,2.6994996,2.6869512
6.3394895,8.753246,1.1248815,1.1491904
51.363262,48.617847,1.0689957,1.2220969
27.337759,36.025078,1.4722705,1.0146031
33.954617,35.990955,1.4384534,0.9981146
40.98324,41.523586,0.9123313,1.0691049
50.84749,50.93367,2.0632815,2.0702264
10.764447,12.282772,1.5251107,1.1118217
81.0688,81.362144,1.6598002,1.6856229
84.36194,90.39866,1.3521296,1.0548049
46.84123,49.035812,1.6293794,1.3999903
6.1326513,5.761715,2.7309234,1.5339279
27.006226,25.921247,2.3512635,2.3024278
75.99532,90.04289,1.5728091,1.0693243
96.98808,96.13464,2.1942952,2.2116477
54.103886,58.960724,1.9269136,1.9393979
7.7017264,6.2763634,2.4077463,2.4075477
76.99534,84.02684,1.0666765,0.90638125
56.795555,55.398407,1.2642219,1.3096323
12.290347,14.866238,1.1112374,1.6284943
39.942387,39.567337,2.1772013,2.1828868
97.47582,88.52814,0.55697423,0.9772673
17.973267,16.918411,0.97340024,1.2834603
17.655554,14.944656,2.6313899,2.5345142
37.128735,40.02806,1.8966238,2.0087156
24.7398,26.635717,1.437789,1.0427854
37.787956,49.41461,2.1395018,2.3989978
97.041595,94.85403,2.2432287,2.2060485
47.353638,41.47101,2.5461998,2.4527292
67.96813,61.402603,0.6850634,1.0136962
78.25032,75.01522,2.8474705,2.759852
58.712673,52.764393,2.1457179,2.0644627
38.75621,38.9504,1.0976903,1.0302367
25.179512,23.35784,2.609849,2.7920034
91.67106,91.82332,1.6962634,1.722765
87.153984,89.18019,1.0532287,1.034347
86.982834,92.93004,1.7390054,1.825649
98.47942,90.726974,0.68083256,1.0566533
35.8796,20.77181,2.861175,2.638588
25.793102,23.478697,1.8932736,1.2757001
42.25952,41.386185,1.0977559,1.0570898
35.556656,39.25308,1.7624934,1.9613769
38.00719,36.22254,2.4732964,2.4669113
53.951424,46.12528,0.507913,0.97465813
78.43983,84.367874,2.4912477,2.5158396
72.74908,66.94192,2.9880264,2.9549181
43.509254,45.44678,2.264518,2.3070035
34.563496,33.21983,2.2101352,2.1371424
71.74301,74.026566,1.6624842,1.6635476
18.036072,11.919582,1.7122824,1.5470916
55.74625,62.14566,2.6449754,2.708815
48.43655,49.026943,1.7822546,1.8241974
78.63155,85.384796,2.6632717,2.7421608
12.406329,13.158054,1.3942802,1.8174226
0.5086169,9.237091,2.0451095,1.957771
89.666115,91.70828,2.2867706,2.2679873
80.243126,78.070984,2.954864,2.9234042
92.65429,94.87782,1.5322413,1.3605254
7.527062,5.87278,2.740065,2.562903
25.022068,21.754395,1.8600827,1.4608781
94.8104,83.547844,0.6148103,0.9793257
40.917797,38.43994,0.87292784,1.200492
40.974865,36.384155,0.63128585,1.023586
89.41895,83.47122,0.51789117,0.92922646
91.47518,97.9527,2.1814194,2.2247338
99.31651,92.34549,0.8545263,1.228162
10.574988,10.531052,2.4090843,2.339218
39.8181,37.310516,1.084791,1.1105094
88.084915,91.4361,2.8041735,2.8256192
54.32273,62.125145,1.5215638,1.0063658
95.08329,86.436745,0.75703853,0.93090343
88.52744,90.78261,2.4918027,2.4921994
59.94335,60.976093,1.0272413,1.0201595
60.202774,59.328903,2.8882732,2.8598328
40.637688,33.871986,0.84745777,1.5759401
36.810677,42.441406,2.24763,2.251869
53.456448,46.613052,0.63869244,1.0059868
99.079124,89.2643,0.5219995,1.0063093
90.31827,90.251465,1.1176151,1.1599367
43.496304,45.676376,2.4344394,2.38299
34.612057,31.44406,0.88449997,1.3183444
7.7588816,9.1477585,0.7428493,2.0006056
25.125397,22.49114,2.8095307,2.739042
35.88001,31.981674,0.79107106,1.5043693
33.63421,35.527344,2.356335,2.6534455
47.569653,46.681747,0.9801884,1.0739212
7.73558,7.301861,1.5110685,1.4943328
62.491596,62.22345,2.8170934,2.814691
55.421543,49.973488,0.5428515,1.0145991
1.4828259,8.495632,0.5578411,1.4774997
63.655052,52.40587,0.67473924,1.4536685
99.56105,97.34436,2.8472273,2.8561335
70.46573,78.84078,2.4118762,2.5028338
71.42135,70.12492,2.8542504,2.8389316
47.08732,30.551195,2.7858465,2.7292216
56.18321,56.598907,2.5767722,2.5759265
66.23715,58.058716,0.79509497,1.4386896
99.30957,96.763824,2.226217,2.2336533
21.543505,37.204247,2.346651,2.8116605
30.579287,31.137598,1.8324685,1.8098717
9.240475,10.928532,2.5293078,2.5770679
85.17854,85.884384,1.7648522,1.7843735
30.61083,30.987156,1.0591924,1.0099833
9.101521,9.0094185,0.97395194,1.1224487
79.030266,80.686386,1.6748399,1.6798238
38.94344,39.605225,2.5579543,2.5474663
45.662094,46.332005,2.0993106,2.0977108
27.521685,16.66584,0.5610762,1.1494877
70.593,68.499954,2.5811644,2.580714
26.482462,27.685856,1.6284513,1.1066502
50.32606,51.178566,1.129426,1.025066
49.887722,50.17985,1.290037,1.0563574
73.28756,72.19828,2.3446813,2.3814318
90.17825,92.098206,1.2285173,1.1404078
58.20684,57.843433,1.8612089,1.874107
48.860577,50.20871,0.9658871,1.2360053
64.31059,69.43759,1.9846481,1.8622255
98.13777,96.97347,1.7283678,1.7186755
99.82522,93.78256,0.8579748,1.1925235
12.003401,9.3025055,2.685638,2.1326008
5.0018516,4.4632874,1.2370167,1.7069032
19.488375,7.787712,2.8785543,1.3270676
76.99215,78.800995,0.9795792,0.909549
36.20382,34.19714,0.65073425,1.0071278
98.22031,97.81287,2.338663,2.3134885
76.68946,89.36861,2.859056,2.8730812
19.033516,14.232388,2.6349525,2.5722537
87.98344,90.41698,1.7656641,1.5517721
40.301804,37.154186,0.707969,1.879159
74.79105,75.63956,1.9986444,2.0289633
88.27112,94.69522,2.2467213,2.1558473
2.3871124,2.7996902,2.2159467,1.8049356
97.842224,94.06581,1.0705899,1.2722522
76.275055,69.39587,2.9853275,2.9296327
26.406359,25.316875,2.708379,2.6822345
61.785236,69.099045,2.522162,2.5505252
17.501106,15.983925,2.5569003,2.2536492
92.08522,89.481445,0.8697914,1.0419255
21.957045,20.713238,1.0812975,1.0673796
24.787626,26.308369,1.4363137,1.0448773
72.07462,70.09269,0.88381344,0.9466701
60.04404,59.44467,1.7416584,1.7404077
69.46073,77.9685,0.9531466,0.890938
74.42922,76.47311,2.2388856,2.2781053
32.374912,31.678152,1.2216499,1.523741
79.590866,80.085526,1.7673116,1.8129227
81.889694,88.50302,2.636859,2.740764
37.03565,39.167408,1.0476123,1.0955601
48.39145,50.391975,2.5169356,2.5368037
16.975601,4.1325836,2.9393492,2.4925706
49.39912,48.295296,2.2388892,2.235064
43.618866,39.945244,0.8134599,0.9865701
7.859473,10.825523,1.166929,2.6149633
12.487378,12.481644,0.9873048,1.0802102
65.72439,75.649055,1.8338279,1.1616871
70.61595,65.97035,2.3658812,2.3562717
8.547112,6.379883,2.0047982,2.0891962
8.350123,8.075859,0.9063383,1.1474898
14.537366,18.266823,1.5984132,1.2433772
65.95534,61.604332,2.9710898,2.9103818
26.18626,16.639885,2.5049014,2.1538925
58.78438,59.569786,1.9595805,1.9864966
29.788021,31.302158,0.9270944,0.9871871
7.830094,7.999737,2.8392909,1.8763304
89.02065,91.23383,2.0268364,2.0343783
81.11627,87.05265,1.594894,1.1619753
45.33882,43.081932,2.371576,2.2793589
32.1332,29.16867,2.7429597,2.6792495
26.06209,12.564083,2.6634853,2.701613
62.57297,53.917522,0.6964498,1.2228632
14.97332,14.357136,2.6785033,2.8644102
59.65228,61.68525,1.9403294,1.9726441
6.3586993,7.004589,0.6064092,2.1820462
69.59605,69.15432,2.0397227,2.1003282
50.077477,54.847435,1.4671906,0.97458625
37.52746,36.18413,2.9669716,2.8952172
21.301226,18.454939,1.0392395,1.1924889
94.39548,90.498344,0.7394071,1.2023926
7.300661,9.431072,1.5603174,1.1411785
17.306097,14.406937,1.7787776,1.7684777
78.272644,81.96007,0.8140666,0.8995986
30.504158,34.70601,1.2251439,1.005955
62.545113,64.4595,2.0465724,2.0605621
22.485106,22.978199,1.1948864,1.0416718
94.63563,87.191315,0.9074484,1.2894633
12.569576,13.495388,1.3224007,1.2856559
58.848576,66.76915,1.3896811,0.9993404
97.641685,90.71983,0.79052955,1.0601531
53.704235,57.799187,1.089968,1.1140622
27.12518,29.212574,2.975833,2.815374
14.974303,15.28746,0.9031028,1.3728049
74.022285,78.87259,2.4101665,2.4518032
53.953102,52.675526,1.7743902,1.1041923
2.8922853,7.4687424,1.2939589,0.99360645
31.659632,31.572886,2.327142,2.3101764
92.64514,91.337265,0.9288487,1.0798936
16.828485,16.771175,2.1751742,2.132009
67.49502,70.215,2.8515863,2.8734536
62.799484,66.7358,1.6047217,1.1991863
78.50703,82.08797,1.9152607,2.0451145
10.206725,11.501514,1.3681372,2.0411322
34.568516,35.78454,2.5739944,2.276705
13.720791,16.803001,2.762724,2.320617
87.86363,93.657745,1.4922177,1.5598544
54.12957,51.03655,2.1053722,1.9730145
40.930428,41.70112,1.7561407,1.7661306
33.399677,35.533382,1.4222862,1.0277609
50.6439,47.62426,0.78977,1.0276599
17.47194,24.322079,1.8180424,2.2476459
20.329231,19.379309,1.01449,1.0635147
23.486217,13.996506,2.0443141,1.9024581
25.07155,26.9329,0.8748302,2.0086055
76.458,89.74632,2.3012664,2.4920123
37.641064,36.17908,2.1243021,2.051581
84.754616,94.09071,2.3585804,2.4595056
22.086403,21.75206,2.5358102,2.5473826
42.424423,42.934185,1.1239098,1.0197961
17.254358,16.098946,1.7985448,1.6531979
98.60614,97.00803,1.9801633,1.9811015
22.50616,12.631386,2.908828,1.7899015
11.303556,16.091576,1.7464771,2.3434606
41.695885,44.253834,1.1749568,1.1701667
70.871216,72.712006,1.7749246,1.7876629
43.02865,40.463646,0.8681646,1.0071728
49.52983,51.940563,1.6841854,1.418696
17.087936,18.555948,1.4988075,1.0451367
0.7834491,18.763262,1.0565288,2.8874068
84.17453,83.36966,1.0876609,0.98838234
95.06674,87.44084,0.63680726,1.0272285
83.0271,89.0603,1.2680949,0.9902951
42.534256,41.612206,0.8784337,1.0496399
59.927887,63.39253,0.78926826,0.9926097
58.435555,59.26463,1.9720116,1.9729841
50.240494,50.824627,1.069077,1.0434577
83.98294,73.261856,2.884478,2.849896
87.618645,90.89429,2.4999669,2.5060513
60.066307,54.998863,2.4599223,2.4602726
80.54462,80.78292,1.739843,1.7541951
0.8386612,5.554878,1.109549,2.362002
34.38432,38.43099,1.4365305,1.7742379
54.540203,62.279163,2.652791,2.660229
71.38972,78.59276,2.345501,2.4320138
50.16201,56.303143,2.5350578,2.6048856
85.246124,85.27791,0.7583577,0.92158616
50.002087,54.501488,1.4553311,0.988633
10.953462,10.484985,0.83139706,1.0926006
94.137146,95.22423,1.3615901,1.3384758
13.632455,12.370956,0.5282582,2.7108388
76.265205,90.0724,1.4907295,1.1851515
37.097725,32.821907,2.6662176,2.5764976
4.564557,5.7619934,2.436702,1.7224239
55.937992,59.09266,1.7547529,1.7761402
14.86054,14.759346,2.6095006,2.5599675
8.11393,7.7852592,2.9389958,1.416596
30.080797,26.555767,1.2992063,1.5477774
53.914715,54.749672,1.1555463,1.0208378
25.791286,24.455185,0.8987747,1.0419823
12.673566,16.040833,1.7590916,1.5391071
63.605484,71.46519,1.4132766,0.9727862
93.68494,91.91434,0.99397534,1.1145751
95.52853,93.13254,1.6842124,1.5721644
81.56073,88.05594,1.5697002,1.2469506
47.841766,40.515182,2.775529,2.4578934
93.7491,95.69112,1.4131534,1.5943748
2.404284,2.6394958,1.7147759,1.9614303
24.91896,25.902378,1.4822131,1.0143393
21.91796,22.926466,1.9769197,2.0500271
7.077767,11.306236,1.9244511,2.3809266
56.500034,60.0828,2.476897,2.4095979
78.54584,74.85573,1.6546671,1.8320746
17.700453,26.341291,1.4773741,1.122925
94.54284,94.61845,2.5681496,2.6156802
17.945723,13.340504,0.7756766,1.8400781
15.543215,14.809013,2.2146387,2.0055256
4.6033745,8.94598,1.0068885,2.4365554
78.08223,86.373375,2.9830596,3.0
38.259144,39.643005,2.4222798,2.4539657
64.88462,63.77077,2.2157109,2.1829243
6.323842,4.8050766,2.0721843,2.26889
59.353844,53.070564,0.57001173,1.0225217
81.682495,84.55791,2.307656,2.3400164
46.687656,50.28298,1.2315645,0.9971915
97.93899,96.605194,2.8583827,2.9309177
0.2822449,1.3845901,1.7965462,2.2456107
53.494736,60.948563,0.59796196,0.98767495
12.971978,11.873634,1.7471247,1.3759279
76.90271,78.680374,1.667419,1.6014764
24.149277,25.69589,1.3092158,1.0229499
88.15615,93.0701,2.135304,2.1807747
74.00307,73.73872,1.9108053,1.9317721
26.1107,23.585419,2.9165788,2.8481302
83.232574,83.25966,1.9045147,1.9293617
41.235188,39.045532,1.8052502,1.7594409
24.583256,24.12541,2.1849735,2.1530538
8.31305,10.387569,2.864305,2.2663817
22.627316,22.503345,1.8786321,1.9389343
21.838963,8.894218,2.7880561,2.3146706
33.935646,40.973057,1.9396114,2.1083126
38.710266,42.96213,2.346294,2.3223572
50.863155,49.90455,1.9889662,1.9922717
38.01835,42.140045,1.7504479,1.9520618
28.83872,27.814358,2.7726405,2.7688036
15.360647,15.796326,1.6698135,1.9058787
10.408422,16.169899,2.2262788,2.4065878
66.24678,69.4479,2.78656,2.7814345
54.417053,53.476097,2.8908174,2.8632615
61.58875,66.782104,1.2731895,0.9920584
28.343403,33.00302,1.7201784,2.0446205
66.62199,66.17229,2.145184,2.0954528
47.66283,45.5184,2.207469,2.2046711
24.1181,19.258823,2.2660902,2.0799618
93.647095,93.101494,1.023583,1.1914134
43.028416,43.685802,1.7539814,1.7907742
40.538036,40.87501,0.8282937,1.0691612
56.460056,60.753788,1.9848634,2.0424905
70.57871,73.74432,2.1290226,2.1793888
48.995853,48.816303,1.697844,1.6126872
47.65203,48.94415,1.9477298,1.9931337
22.24348,23.013542,1.6728997,1.424962
64.90367,64.52303,1.7688618,1.7857295
98.350365,96.809525,1.3624012,1.4357111
61.217957,62.959824,1.1790385,1.0675311
41.45411,41.44477,0.8485729,0.9834441
17.518301,13.747688,0.5070574,1.199954
81.00506,85.23486,2.092895,2.1193488
2.3213885,11.373131,0.91124755,2.0689502
51.591072,45.75061,0.67606544,1.0646691
28.267206,29.563332,2.9235373,2.7310069
93.52654,91.53564,2.6822357,2.6805906
22.844719,11.521919,2.3003783,2.2292767
57.268208,49.086212,0.51729494,0.98475957
67.60799,69.05435,2.6004422,2.626212
60.22841,51.538822,2.7733502,2.524225
65.632065,66.06335,2.0346625,2.0264218
7.0384526,6.2362175,0.80158126,1.348217
1.2076724,1.4759865,1.0412209,1.575425
3.509266,6.618717,1.3649455,2.5556917
6.9355164,6.628746,0.9266598,1.8736495
33.211403,32.544647,0.8361213,1.5207415
93.595024,97.15529,2.8603938,2.8737516
4.3873334,2.840084,2.5762687,2.2212744
3.867004,6.194767,1.7202617,2.5286748
17.967316,9.056988,2.7314065,2.3473
53.36647,46.870598,0.6425918,1.0036995
68.6601,68.141335,1.0013263,0.966493
90.84078,91.72032,1.7038738,1.3045057
40.246017,45.78828,1.4335283,1.3412478
35.335438,36.406853,1.8780807,1.8278856
22.880466,25.317842,1.0561576,1.4172537
82.68424,88.82863,1.6067144,1.1364899
13.117399,9.925434,1.4172688,1.1730891
27.656435,31.543425,1.5064846,1.1887016
4.2262025,6.1044273,2.8375854,1.2715205
49.208553,48.496983,2.393379,2.4951427
78.004555,79.590576,2.041521,2.049452
77.23913,76.03814,2.445724,2.402336
17.568235,11.84668,2.9746964,2.4228463
21.028788,24.679008,2.7247262,2.6065166
41.68427,46.90358,2.2097883,2.1752203
89.8293,90.31773,1.1182228,1.137748
6.1566014,11.489716,1.4588919,2.4985957
96.43125,92.465576,0.9473571,1.1273396
34.663956,38.87919,2.18889,2.1588464
7.3994956,10.482437,2.3225477,2.5314043
88.08676,88.985535,1.0756524,1.0542037
84.023796,79.207695,0.5332185,0.92066634
19.38831,16.01395,1.0523256,1.0360258
28.27001,28.27367,0.895099,1.0169156
16.57063,12.655262,1.9987655,1.7731082
88.352165,84.4532,2.8875854,2.7901855
17.382751,16.731972,2.0377214,1.9955024
80.741684,82.63687,2.3242557,2.357966
27.938162,28.10803,1.273778,1.0328734
76.562355,72.785614,2.7655077,2.6679373
88.01749,89.1387,2.8636348,2.8561635
33.274742,37.51583,1.1470889,1.3795636
79.595566,85.32211,1.1676301,0.90616596
18.635168,18.321516,2.5270898,2.5193598
14.622615,18.484379,2.0165658,2.4573045
26.877714,32.896065,2.356128,2.4311829
79.8848,86.975075,1.592994,1.54585
52.329887,60.099636,2.7043433,2.7650318
19.042301,11.834782,0.58520234,1.4228085
56.641106,54.76934,0.95692414,1.1062468
48.470432,48.84735,1.1351428,1.0251541
85.44174,86.25928,2.1978128,2.162249
92.92637,93.10123,2.3097968,2.308434
83.105415,86.51105,1.049315,0.91420615
38.131832,44.06744,2.503623,2.386755
63.605957,58.02456,0.72423,1.0124251
3.8152366,2.5792198,2.132484,2.4351587
99.473495,98.1035,2.3921914,2.3995566
75.28574,82.31833,2.5327263,2.5644975
75.58411,81.9591,1.1449336,0.9065109
27.68985,27.727535,1.5738441,1.6064043
85.01095,90.571594,2.8450456,2.7726803
85.94668,91.46716,1.2959769,1.094235
36.010864,37.58405,1.6310264,1.6596773
47.300285,48.97732,2.9871924,2.9577546
94.91587,97.726875,2.0405097,2.0567517
63.929276,56.603367,1.0371107,0.94260764
16.27805,19.054977,2.5753253,2.5840511
62.70573,72.98493,1.7352796,1.8086176
23.168474,23.956429,1.9313469,1.854365
40.900707,36.35162,0.5195559,1.0377828
65.99138,67.5551,2.7658615,2.7392104
44.121456,44.86916,1.3900077,1.0866318
90.39147,86.348526,2.7284493,2.6895475
23.351688,23.640617,2.6034327,2.761999
4.329384,7.4914627,2.4632392,1.8198652
20.167158,19.170696,1.3519171,1.1028665
88.59073,88.20826,0.9046706,1.0323235
32.92033,29.993568,2.7824621,2.7549262
72.39458,74.69701,2.47948,2.50252
25.798788,22.67103,1.3982741,1.4054378
59.126976,57.01513,2.950826,2.9433959
4.424572,11.1347885,1.5840075,1.3386219
82.85312,84.41269,2.6844602,2.6952386
86.43051,87.78817,2.3804476,2.437779
51.61612,52.632957,2.6217566,2.6301587
37.567196,35.651833,2.6610408,2.4611328
41.221825,38.31936,0.57084334,1.0625548
47.53069,42.628853,0.513586,1.2142407
78.30736,74.91501,2.0966983,2.0015132
94.848404,92.67816,2.800789,2.790872
66.88941,66.45488,0.9818277,1.0731528
28.300869,25.013575,2.2718017,2.0859656
75.2845,68.37758,2.7286103,2.5827518
63.36506,65.12792,1.8291441,1.8962257
24.44674,12.562984,2.920983,2.8226032
96.73806,96.4985,1.3676385,1.4207293
78.444916,84.15341,0.9524168,1.1148262
32.057877,27.25564,2.5825338,2.5582905
31.371338,26.38056,2.8527343,2.6606312
36.78764,35.090237,0.8317693,1.0158722
66.51505,77.14227,1.6000148,1.5753255
25.265867,23.825476,0.6830225,1.1973715
87.895134,91.11734,2.6895905,2.7280598
89.541275,94.531906,1.4551947,1.3058254
6.771832,6.406269,2.0562904,1.9200467
28.76598,26.27246,1.3819494,1.2437351
8.609708,8.464603,1.0185107,1.4027569
63.551285,69.22414,1.5996062,0.9637028
27.812038,32.88989,0.55985314,1.3329846
48.56465,46.367714,2.2740293,2.2158353
7.2767053,8.967941,1.4586927,1.3572748
72.752235,73.711426,1.9932284,1.9957219
47.03885,48.636692,2.1314266,2.1334746
20.17117,18.105219,2.9645638,2.880452
99.42432,94.991516,1.0780983,1.2762668
36.168198,34.706696,1.0341616,1.577363
62.5013,71.07405,1.6241086,1.5340811
75.20014,81.778595,1.0000098,0.8637929
47.414867,49.702057,0.7232417,1.645622
90.210396,93.18284,2.800726,2.823074
54.522804,66.47367,2.529185,2.5018883
54.35334,55.28518,1.1544414,1.5199312
39.967064,47.305305,1.528134,1.2273935
50.186523,65.3419,1.9784181,2.1846402
27.055445,22.572926,2.235444,2.0443416
5.6286664,6.3914833,2.525716,2.1430445
36.248505,34.855694,0.9791099,1.0173323
4.458537,5.8502007,1.6365188,2.4973722
60.213497,62.56966,1.8364527,1.865293
19.067411,17.771393,2.7731802,2.6465666
81.406265,81.90027,1.7109447,1.7349856
95.921486,96.692856,1.9746302,1.9823334
32.820618,39.483673,0.8172051,1.8530779
21.176933,19.474653,0.9116804,1.0594329
36.412926,34.463146,0.9034097,1.1198097
82.07595,73.81501,2.2464151,2.200673
80.00819,89.719635,1.4407892,1.0319142
10.060765,14.562,1.3955741,1.1366253
24.417435,22.102665,1.9549863,1.7632203
59.757088,60.236366,2.716332,2.7161033
60.180996,64.12667,1.6905584,1.8015712
24.750515,25.10796,1.1629038,1.0193422
32.910347,40.800407,2.9211073,2.8480427
94.50487,89.60435,0.9615547,1.6022788
67.266716,69.477905,2.486279,2.4839802
78.419624,81.33848,2.4836025,2.499073
30.80815,33.628815,1.4418948,1.0216963
86.51531,86.26631,1.7722038,1.7560016
66.54944,75.89052,1.3017762,0.8936928
94.25081,94.90178,1.3955462,1.5460063
91.318146,91.88718,2.876653,2.8724785
55.160576,56.796764,1.2416679,1.5105048
31.502718,34.062553,2.228068,2.1390336
19.343632,10.457531,0.93618566,1.6507475
55.04707,54.999027,0.927735,1.03614
26.860415,30.051712,1.4920675,1.035141
27.131468,23.682407,0.9682325,1.1265917
71.67705,85.67943,1.4824606,0.90081847
67.4201,69.458855,2.2396483,2.265768
86.62592,85.67322,0.9987841,1.2480317
16.327778,16.418911,0.67128277,2.1288486
48.06937,39.94255,2.7796323,2.4604206
7.7235904,9.547565,1.6916304,1.3884053
74.710754,79.08389,1.0966818,0.89727926
64.15331,65.54956,1.050494,0.98209673
42.698666,45.63637,1.8862381,1.9072897
51.854645,51.850708,2.6084666,2.5964575
35.372543,31.397816,2.492854,2.3583627
82.05491,77.12711,2.6947715,2.6064253
44.3492,35.025723,2.9888322,2.8687072
85.643295,91.250374,1.4131408,1.0791583
95.21592,94.59221,2.3914526,2.395083
72.94796,78.9845,2.8808916,2.675914
72.98301,81.59217,2.1660097,2.32336
87.36071,86.454956,2.045861,2.0021625
12.792835,10.087032,0.9922545,1.1982694
59.961773,60.870895,2.0342288,2.0493634
26.311846,25.022879,2.6716542,2.6373785
8.150695,6.5330963,2.4879587,1.5430323
68.18395,67.56466,2.3783386,2.3193264
87.10898,87.042435,2.040151,2.0053298
58.601833,61.082478,2.2912486,2.3750463
40.018463,39.71769,1.9184334,1.9621972
95.91885,97.72771,2.4583466,2.4824772
71.52712,65.52696,0.5537422,0.95967126
29.52281,31.454075,2.6308918,2.788497
54.4659,47.992702,0.74573374,1.0338255
95.241875,87.08533,0.6099409,0.92261434
45.780575,45.369118,0.9691097,1.0107083
75.68558,83.352295,1.624475,1.0743536
44.35586,49.940956,2.699082,2.7335541
64.78803,65.07147,1.6437577,1.7899314
44.80097,51.41278,1.516244,1.0057548
5.5506625,5.7188454,1.6319181,1.2755649
74.718666,79.51875,0.9723229,0.90145135
84.82978,80.55652,2.782,2.698766
46.365585,46.564873,2.5872288,2.5863898
99.21841,90.209984,2.5633254,2.359486
93.36137,94.20088,2.9444711,2.9244795
9.871711,10.057194,1.7233528,1.5365953
64.95373,64.93437,2.6122084,2.6046576
39.509087,37.60723,0.83705604,1.0289316
6.3851633,8.344639,2.0447242,1.6491171
75.03142,79.13471,2.7732334,2.8242393
68.53282,67.9525,1.8951926,1.9240297
36.09499,36.546402,1.3105612,1.0189186
1.0359025,6.281555,1.2403451,1.5921086
9.258545,16.780895,1.0640941,2.185852
72.7112,83.46271,1.1192191,0.8761496
56.218143,59.47142,2.127887,2.2319117
27.915316,27.99251,1.9603642,1.952885
43.161446,40.54918,2.3436854,2.2606602
17.857546,15.858868,0.8535549,1.1110518
98.366585,91.6154,1.1259177,1.3619576
80.57652,82.00607,0.8835197,0.8927826
28.992699,28.89113,0.9956392,1.3166629
28.079159,13.767578,2.650148,2.2720466
61.69686,63.9496,1.109313,0.96715915
5.458243,7.304863,2.3403754,1.8741161
23.04381,28.805914,0.5838112,1.0827783
19.684753,21.053669,1.5073301,1.0702868
15.260216,25.372604,0.5841131,2.2677293
89.82474,90.25911,2.9310534,2.9265347
53.056206,55.433235,1.9325353,1.9667137
31.292997,26.272839,0.67741936,1.0141845
27.15957,17.339066,2.511229,2.4808216
89.06784,84.95363,0.8295069,1.1829431
20.004812,19.931038,2.0286756,2.010007
53.459373,61.596672,1.2947171,1.7288841
22.367786,23.104578,2.0124807,2.2819207
17.119831,20.939188,0.60252494,0.9896292
34.236004,37.94243,1.4834235,1.0090942
18.585213,18.078203,1.0376568,1.0826144
6.295817,3.995922,2.5826108,1.9299409
14.243497,15.829834,1.5608202,1.0638344
10.141087,10.407005,1.2937756,1.248263
65.151596,69.46899,1.2853531,0.9921537
35.882973,29.509352,2.300649,1.978857
33.682568,37.188774,1.3755007,0.99373466
83.57723,83.839355,2.26602,2.259663
10.382587,11.6534195,1.1453526,0.9877005
34.404827,31.336771,2.0245562,1.9120337
59.66328,61.140137,0.8815742,0.9807721
70.09256,63.970062,0.81009275,1.2771363
59.484066,59.609734,2.3401546,2.3219185
24.154034,20.908678,1.7333719,1.2318307
21.563189,22.349234,0.97717345,1.0862827
9.162096,9.870285,1.4567268,1.0352775
62.955788,61.504303,2.592649,2.561603
10.47321,10.71273,2.399427,1.5275667
44.990597,43.09368,0.87599784,1.1462531
67.58883,74.49406,1.6082124,1.1360639
90.10878,87.950424,1.9156389,1.9134501
77.20726,80.298416,1.6647675,1.7048446
86.007515,86.66637,1.6230527,1.629794
5.428044,4.883503,0.50461584,1.5231178
72.708336,74.595146,0.9667061,0.9140947
45.96955,44.844616,2.7287323,2.6511667
2.9213052,2.876274,2.272487,2.223179
72.990425,84.978645,1.1812326,0.8976913
50.902897,56.595562,1.6187365,1.836436
15.992994,12.650463,2.9879727,2.892865
45.38184,42.8968,2.9425519,2.8347166
57.591873,60.926254,2.9879813,2.9851997
46.758667,47.781044,1.7478424,1.8733772
55.27571,56.448177,2.015704,2.0226178
89.96335,91.39981,2.311238,2.3562076
53.550552,66.673065,2.7512407,2.775716
66.86233,67.984,2.2627587,2.2735827
91.70524,94.40824,2.8443465,2.8370752
90.0244,92.86153,2.3304784,2.5270557
49.834473,53.730988,2.8086336,2.7279835
0.60568726,5.7851257,1.8652233,2.035833
5.8260193,5.785652,1.8922274,2.1062436
64.25885,57.91249,0.5774583,1.0194764
49.14032,49.000324,0.7681513,0.9923493
18.92093,13.711872,2.924693,2.7810342
60.264698,60.261044,2.694976,2.7023242
36.970177,30.77618,2.704963,2.4981747
16.055365,8.812229,2.5527968,2.195099
84.37264,83.77768,2.1284077,2.1261969
46.264072,42.864094,2.9751358,2.8776946
99.41085,90.91818,0.74686354,1.2544441
73.4253,80.43796,1.7590765,1.8521631
57.201057,54.348335,2.3064456,2.3414505
73.126564,75.13882,0.71383756,0.96466666
65.12167,64.74381,1.1303374,1.0773251
69.516235,82.376366,1.3712387,0.8866175
76.10251,80.10405,2.2733912,2.3301125
66.42462,70.72147,1.96404,2.019875
77.36155,89.56878,1.5373074,1.0674899
7.8428235,4.098564,2.9173489,2.0375586
99.24964,85.29351,0.5659861,1.7229714
95.16211,96.63801,2.4903104,2.4888384
91.1332,95.219406,1.562938,1.3128711
15.660172,14.170536,0.69256854,1.1434176
44.673256,47.99848,1.7017952,1.046664
27.99527,26.96218,1.0518919,0.9297592
82.18379,84.64554,2.6355414,2.6515918
71.97994,78.64758,1.6169373,1.1475666
32.689392,40.09636,2.8189144,2.84214
68.949234,76.96479,2.361532,2.3791406
50.51457,50.051247,2.3126895,2.3059185
41.196983,40.876778,1.6933706,1.4676089
34.214252,42.106567,1.4771657,1.043968
64.159225,74.68854,1.5427334,0.9199316
69.940735,72.32141,1.9897037,2.090917
48.55234,52.56692,2.0522277,2.0121076
95.20479,94.70621,1.2566465,1.312846
61.217598,57.060192,0.75433105,0.9974329
15.46674,15.030018,2.735334,2.4320607
12.992679,21.349752,0.913954,1.0939507
54.637203,61.1815,1.5318803,1.0564599
69.17528,68.985115,2.720051,2.7001457
12.564444,13.887184,1.8359132,2.1813393
83.437164,83.03434,2.9749858,2.9382102
53.819515,58.401512,2.643566,2.7797189
89.74855,95.70953,1.8490331,1.8856635
65.432465,66.57037,1.8867726,1.9168532
49.739914,50.008385,0.524801,1.0041329
16.382267,16.569984,1.3411053,1.0971673
78.683395,73.02818,0.5429303,0.9210512
43.62908,43.440056,1.0143245,1.0059733
38.01284,35.01902,0.964961,1.01334
92.898346,95.17182,2.5037696,2.5279782
39.78388,43.32202,0.85889816,1.0603163
35.600872,43.049427,1.5946765,1.4153261
19.783411,25.698103,1.8130533,2.4580328
54.536823,56.594616,2.0409348,1.9678922
12.675306,9.817387,2.6822362,2.1051495
2.0215573,3.0994606,1.9258868,1.2078705
4.3047414,9.786602,2.8431122,2.6251357
46.46134,46.079914,2.632631,2.5312285
94.97464,92.01559,2.885164,2.9024944
26.570484,25.241215,0.8644105,1.0605489
36.39786,29.056309,2.6970978,2.4570293
7.8025675,14.786846,2.3005059,1.0351074
13.655115,15.504501,1.5078083,1.0740163
16.894176,15.575413,0.8582291,1.0547507
39.865112,43.43964,1.2280055,1.7608056
51.47808,53.78023,2.1821656,2.217846
10.902052,11.535168,1.8219479,1.9408833
41.88885,48.32562,1.6715161,1.1551154
87.60559,98.31479,2.6317754,2.7246683
30.239624,31.724377,1.44022,1.3017952
28.76662,33.98851,2.4641805,2.6866682
36.60303,38.409332,1.1589127,1.0387151
22.332159,21.44819,1.333355,1.0102713
35.859333,36.60337,1.6655469,1.2991283
77.75031,73.29378,0.5530097,0.98258513
45.025757,48.743416,2.884841,2.884601
16.230505,19.582077,1.5375897,1.0864396
64.02389,64.11737,1.1216229,1.0201423
38.482536,33.36644,0.518165,1.0260328
10.713559,6.3903313,1.2695317,1.5568259
71.719765,74.783005,1.0965364,0.9267551
36.778473,29.547935,0.5130272,1.0214107
65.72217,75.19588,2.779063,2.6621199
94.634926,94.934586,1.3369578,1.3394387
47.777706,48.60656,2.7315238,2.7883081
21.902418,16.68328,2.5945122,2.1649594
35.2146,39.76973,1.320932,1.6246394
97.75457,96.27363,1.7469718,1.7347116
66.437805,66.37802,2.3032517,2.3158252
37.551617,41.08045,1.4544165,1.0315506
7.2902904,6.561653,2.1830943,1.6215665
54.023457,54.271927,2.6911726,2.659904
94.163185,93.213104,1.763338,1.7672884
3.338953,8.601498,0.9788389,2.1449018
99.19173,91.94093,0.90336514,1.1267327
57.28049,55.493595,2.0906494,2.0799518
89.962975,88.32724,2.9290926,2.9406052
77.474915,78.36427,2.820984,2.826315
75.455605,81.13258,1.4318044,1.0853889
36.472626,40.371204,2.7321072,2.5487843
22.626318,21.591516,1.6121832,1.010242
57.578423,56.774227,1.1463773,1.0947516
6.9280143,8.190002,0.693519,1.2641802
78.126976,86.29605,1.1583117,0.96259916
90.4755,82.93244,2.9142041,2.7967525
12.566197,12.903454,2.392595,2.3537936
99.93428,98.690125,1.4552122,1.5181907
13.337294,13.383644,2.9602354,2.875254
4.5169992,11.310787,0.5237034,2.255772
10.90234,5.7464905,0.61754936,1.3551513
25.715153,24.043407,1.5108957,1.0340271
93.1962,94.112885,1.2775921,1.2827308
9.266156,7.748955,2.632806,2.5523467
46.245502,45.60909,2.1823208,2.2133875
96.89943,97.00057,2.8129325,2.8194137
25.783575,25.79951,1.9921153,1.7779964
50.827515,61.8591,2.8662102,2.851255
18.140902,15.200817,2.5284235,2.448761
14.112711,15.711914,1.6344788,1.052957
98.87094,90.14058,0.77234423,1.2406743
94.806526,97.64967,1.7328815,1.7630066
73.52808,85.83313,2.4351583,2.4876673
23.021097,21.534838,0.8568692,1.058502
10.70046,11.032341,2.1495812,2.1147606
63.603477,70.72687,2.4126604,2.4788117
63.49858,67.20453,1.6707249,1.3342496
52.917652,56.512062,2.0038617,1.9973663
15.996489,13.659534,0.5421482,1.1369442
2.0578346,4.085499,2.6148622,1.9538232
1.8336138,7.003895,1.8848081,1.5050184
33.595753,35.477287,2.3304727,2.380133
99.195274,96.40222,2.845128,2.7777772
16.3034,9.550495,2.5659227,2.029228
70.46454,75.34904,2.77573,2.8522778
92.270546,90.135574,0.94974995,1.049198
52.228863,55.854786,1.2561294,1.0460681
33.78438,32.11886,2.738234,2.5213342
50.13168,49.85276,2.3624618,2.3640277
70.56828,84.806656,1.5386407,0.89584714
61.251965,61.51021,0.8559606,1.0166008
20.623255,18.102505,2.1394408,1.9736764
4.3962655,10.960648,0.8999309,2.2192376
9.736653,7.435829,2.797257,1.536558
25.757227,24.403172,0.90373623,1.0483613
91.0987,90.56918,0.97246784,1.0641196
32.258587,15.656071,2.9620697,1.4139084
53.05533,52.527733,1.9558082,1.936002
10.341565,11.407921,1.4161417,1.142065
76.41409,89.68921,2.8416145,2.830032
97.88002,97.91314,1.5692593,1.5824647
0.6332764,4.8969955,2.1399949,2.1723614
52.46059,56.820206,2.4818645,2.5451844
39.813755,41.42929,1.2075475,1.0038974
89.06862,93.41913,1.3550991,1.1964982
11.275414,12.151772,2.3596616,2.3153224
20.112429,20.797201,1.575698,1.0757098
63.96208,66.76819,2.205705,2.2061992
77.26589,91.60138,2.6996288,2.7736742
37.590416,39.088375,2.3693779,2.3725753
85.18776,86.88349,2.0261502,1.9629673
7.036771,7.4390182,2.2819648,2.2577734
53.967537,52.196472,0.77327746,0.982283
11.62359,12.690578,1.2824944,1.1029456
96.28397,94.67199,2.9708455,2.9453096
13.639211,14.110291,1.4255441,1.7716856
60.417683,61.743946,2.3990963,2.3979928
10.769123,8.120686,0.85632807,1.9534621
76.60005,80.88278,1.6497046,1.607955
31.660362,27.894154,2.7586179,2.5499432
10.933966,10.750668,1.7782221,1.1540389
17.79438,26.908102,2.055813,2.5986044
85.661934,84.95374,2.5004663,2.4983811
52.147675,43.707466,2.1006382,1.98479
28.68996,24.002209,2.9167511,2.7531252
27.349821,31.755812,2.4422364,2.6729887
8.094713,6.8056374,1.1553867,1.4770651
22.40587,20.573002,1.340347,1.7278392
54.742603,55.05538,1.7871895,1.8260412
61.059093,64.317245,2.868833,2.9312315
66.47683,68.046104,1.8649389,1.8516928
26.49643,25.710138,2.2010474,2.0717921
46.921917,41.93958,1.0849801,1.1320928
99.68082,92.129845,2.9828596,2.979931
8.660173,10.175564,2.0145454,2.0995762
10.0548725,6.424061,2.386974,2.2442696
43.80887,53.702175,2.0299547,2.0413175
3.369508,2.8217735,0.8999399,1.3729419
6.4141726,6.5049133,1.7313915,1.5449964
13.968368,10.791584,1.4717251,1.8566864
89.99704,90.2924,2.0611455,2.081801
75.89655,80.19205,1.0116569,0.89939445
18.277512,17.784435,2.2359316,1.4608088
1.6171911,10.37925,0.93355894,2.0730598
68.65339,67.85963,0.8700649,0.9699802
29.874508,33.678,1.2415689,1.0648377
27.9514,23.37098,0.6960657,1.3372023
23.273876,21.541409,0.91414905,1.1325384
87.762634,90.39568,1.2632668,1.0482429
95.18792,95.34526,2.6242745,2.622304
56.044544,55.045277,2.8935804,2.6651278
31.168715,35.535446,1.3000028,1.0177416
83.31227,80.06385,2.093952,2.0828252
64.658066,64.84134,1.0947987,1.0223588
57.45371,48.290398,0.5736686,0.9979968
14.173333,11.976891,2.2013555,2.2756064
46.93061,45.492798,0.5545642,0.9942247
97.28149,92.16275,0.69155234,1.1267402
32.96176,30.777815,2.1428034,2.0315075
29.791487,28.639645,1.0028297,1.0579712
38.92156,37.83497,1.8584609,1.763148
63.626392,65.15706,2.1519158,2.2476118
21.68504,16.766533,1.0012623,1.2575454
43.031387,38.74904,2.667015,2.670805
75.165054,75.05152,2.3237228,2.2438064
75.15819,73.99593,0.8872009,1.0225294
13.188818,14.671059,0.60408825,1.5731153
0.0432645,3.6986618,0.9274077,2.361541
19.323969,20.860636,1.2574862,1.3256421
96.39124,93.172485,0.9651965,1.2005432
69.38107,78.44856,1.2846372,0.8942031
19.5037,17.42905,2.631606,2.6072583
13.511306,7.8936806,0.5995055,1.4489634
58.75397,55.151203,2.4178004,2.291884
80.419754,78.12014,0.65562433,0.9167104
9.046383,8.693325,1.3115807,1.7494744
50.856674,50.05576,0.5486,1.0217043
31.597599,25.755459,0.82128334,1.6926316
98.338936,97.156105,1.4099871,1.4426695
8.072935,11.1095085,2.6264453,2.7208424
97.235176,89.607025,2.876743,2.7571821
14.11761,13.668217,0.5495777,1.1063519
68.29662,76.70614,1.1866843,0.9001021
72.05301,81.13373,1.6288642,1.0480088
39.804058,37.109833,0.668342,1.4378496
35.22859,36.21068,1.252515,1.0271124
5.299434,3.5151558,0.7421185,2.433168
3.166176,8.815372,2.581197,2.31628
24.818033,22.905207,1.2302369,1.0146008
30.79267,32.47267,2.4372454,2.401931
48.644295,45.447273,2.950397,2.8541207
19.457962,24.737053,1.5443568,1.6036297
95.83609,94.80737,2.289596,2.2630577
89.720085,92.72351,1.3013527,1.2121031
38.442818,49.39956,2.485526,2.7104263
10.454663,11.309444,0.7353429,1.1209527
70.766075,65.470985,0.70667034,1.1594715
90.759384,94.60315,1.4766129,1.3111737
51.54847,51.664967,2.2538283,2.3147945
79.291794,82.567505,2.6734776,2.7083385
75.447624,84.723145,1.2057483,0.9154082
74.04804,79.13409,1.1245422,0.9374841
27.266626,20.406237,2.5482771,2.262186
24.87496,16.712795,2.3304393,1.243365
19.163425,20.595161,1.4372224,1.0526276
22.44691,18.523418,0.852227,1.4515953
57.662132,72.191505,2.8279724,2.9846802
18.058575,16.966923,0.8093941,1.1300092
31.561323,30.376516,1.0556322,1.1093925
32.401077,35.51305,1.6565585,1.0757594
38.180958,40.494644,1.127233,0.99117625
74.84323,75.50726,0.8625482,0.93160796
26.059639,24.902279,1.7857594,1.5893474
41.2082,41.443665,1.1777982,1.000047
1.8939754,3.1195831,1.2503933,2.2982783
56.842674,56.599815,1.069997,1.0282724
5.073875,13.335453,2.747149,2.059945
17.540993,15.673576,0.8979147,1.1981857
38.325047,32.026627,0.6478611,0.9658756
37.025826,41.650436,1.5444387,1.005955
92.53456,95.805984,1.5116806,1.3764313
44.988922,43.410507,2.2706082,2.19056
43.505146,44.69821,2.2818983,2.2761033
5.1604943,9.550343,2.612672,2.2612948
0.8040926,0.84888077,2.8766744,1.3853325
79.26912,79.52391,2.1924462,2.204192
35.144066,37.528282,0.88423866,0.9835627
7.518705,11.360172,2.23188,2.1152148
36.596424,27.57328,2.2604594,1.6492201
4.3801107,5.7853813,1.4381453,0.99035823
65.361694,73.59524,2.6893108,2.7873073
69.697685,73.46642,0.943617,0.94518584
86.63373,82.164215,2.3818514,2.316912
96.2914,96.81133,2.0175567,2.068192
96.63198,94.25868,2.8832054,2.8617797
22.493168,19.81311,0.71564907,1.763816
98.127525,90.78379,0.5978436,1.0324541
72.54611,75.275955,0.9975814,0.9245698
46.78819,48.81556,2.488565,2.5480752
84.62662,88.8974,1.2182565,0.99227333
40.55994,44.05942,1.4105468,1.0281645
83.70825,89.31065,2.3444064,2.2996106
67.08287,64.21619,0.9102201,1.0912647
77.62796,77.70453,0.81806827,0.90389085
31.060122,28.309265,0.70874226,1.7962204
4.6727276,3.8409271,1.9427744,2.3697393
36.678005,38.258507,0.72227854,1.0044696
85.077,80.02985,0.5130717,0.88186
74.03651,84.28884,1.5606246,0.96139216
27.411299,25.427902,2.4888647,2.4596875
29.449545,30.717093,1.3491881,1.0457788
9.073847,7.9343567,0.61758685,1.2597957
47.97925,48.345734,1.8305603,1.788962
99.75161,98.04076,1.469007,1.4978974
48.807266,48.766296,0.8059718,1.0196009
87.95034,91.307556,1.2813772,1.0905669
44.444668,46.182747,0.7870044,0.99300444
54.455017,48.890247,0.7162657,1.1631789
89.12114,91.268486,1.2688755,1.0956063
94.843124,95.08979,2.0563211,2.0502317
86.00173,86.77661,2.8321424,2.838207
98.23366,95.22741,2.8346732,2.7960076
19.406305,19.09915,1.0002782,1.0329554
62.797787,61.49466,0.98916334,1.0690289
31.508013,39.754112,1.1058586,1.0077975
33.1927,36.342552,1.5631025,1.7942256
63.90327,68.3786,2.2116654,2.3413997
6.2597547,8.060822,1.050349,2.1355286
59.2051,60.07264,2.5223095,2.578936
94.59262,88.75244,0.6847797,0.9853027
4.070754,9.097893,1.2850914,2.0745938
91.85518,93.36859,2.6566086,2.6965065
15.865505,15.967724,2.6365826,2.5930254
97.771805,92.00244,1.232072,1.1062626
90.570526,78.822136,2.6013174,2.4298196
61.18486,73.423325,1.3903701,0.9827917
14.551654,15.705811,2.1383028,2.1738982
10.073062,9.679661,0.9485247,1.0708677
45.389915,48.858475,2.786059,2.6323252
62.739826,64.5001,1.7047176,1.0931287
2.672335,2.8870926,2.634257,2.4687142
31.417007,26.108393,2.6560917,2.5760164
57.83457,59.91278,1.7337258,1.7542595
59.32515,61.129925,1.125436,0.9834186
7.021732,5.9137535,1.0646063,1.2201564
58.66078,64.95481,1.5970769,1.0814016
58.47466,66.737595,2.500545,2.6128953
53.485188,59.41703,1.5466594,1.1112382
50.510612,47.563362,2.4257534,2.3582768
80.47601,87.91913,1.9619304,1.9818659
82.68895,82.234085,1.8650564,1.8163232
43.120865,42.626846,0.9701367,1.0360694
3.2622602,16.133518,2.3578448,2.6833758
84.22896,78.585754,2.8859422,2.9122186
68.63297,69.253105,2.1935778,2.243416
63.027912,63.23573,2.1521173,2.1527
95.432465,92.401794,2.3108604,2.2301478
88.16995,97.763504,2.3791997,2.4676824
28.10718,33.547104,1.7682796,2.1666408
37.65122,37.838703,2.9745271,2.929432
29.546824,27.358,2.5005307,2.3435783
89.46506,91.61467,1.0422219,1.0548208
5.35548,5.604309,0.8430214,1.2432346
73.40071,73.548195,2.3266656,2.337817
78.964935,86.14755,1.2583408,0.9231408
25.127872,28.271914,1.706377,1.7682173
98.814995,98.17588,1.505964,1.4967508
74.34117,77.65674,2.3732224,2.2796628
88.049065,91.79122,1.1549182,1.1114945
80.5626,76.2991,2.2373013,2.2117126
53.232437,53.97827,1.8284805,1.8249657
18.821184,15.398766,0.85761297,2.4838927
27.739054,25.934523,0.9159831,1.049175
57.34324,49.850048,0.5052699,1.3249683
68.77981,69.48802,0.82257986,0.92177725
19.266552,19.919304,2.4155312,2.4255464
87.887886,89.91339,2.1097012,2.1294782
21.467627,17.923515,0.60147804,1.0335387
30.575254,31.476393,1.3681,1.0342777
89.76902,95.19516,2.5983825,2.6665258
30.278952,36.560345,1.4992428,1.4731271
10.305757,17.39505,2.4045289,1.7991645
45.926636,42.397717,0.68271893,1.1237451
19.499872,11.589691,2.2529025,1.8986603
91.37338,93.6337,2.5713756,2.6119723
34.952267,36.3575,1.3626012,1.4689046
8.253631,8.004204,2.031144,2.355156
59.87424,57.77156,1.034386,1.1804537
63.449234,63.310875,2.800987,2.6986742
95.84458,92.19915,0.9473324,1.172091
6.006116,6.2031784,1.2471374,1.0007095
63.157665,68.676025,1.2887917,0.967773
4.832545,5.270096,1.9447895,2.1601605
13.866129,9.054329,2.5169024,1.9774616
88.37056,87.20177,2.3942902,2.421401
1.9699886,3.1877403,2.8063374,2.2071834
33.3773,33.3945,2.2430682,2.2240973
72.11688,72.81654,0.98131895,0.9481797
27.906828,26.95406,2.8604836,2.8214898
64.78624,63.39274,2.986433,2.9554894
31.788982,19.773655,2.682656,2.4321973
11.418367,13.843006,0.8284709,2.1256032
6.7022715,7.6287193,1.203789,1.9731499
77.570496,79.969406,2.8646352,2.8576143
40.870674,46.058834,1.5288486,1.0066297
0.15683372,3.3891258,0.79272705,2.0780373
88.67367,88.5843,1.8927326,2.0061479
43.931755,43.98109,1.7248937,1.8127326
93.52949,96.94391,2.4938397,2.5502582
24.885878,23.851967,0.87773645,1.0021319
27.253515,24.005733,2.9584143,2.882482
33.596138,34.5242,1.0749724,1.0260155
80.36578,77.9292,2.705279,2.552159
91.822685,95.34112,1.5160438,1.4306364
93.41581,94.38962,1.6148745,1.5839193
22.537315,24.518236,1.5733387,1.3282034
79.494865,87.16667,2.569286,2.7151806
60.142315,61.8898,1.3481492,1.0289621
5.761605,8.303326,1.2425189,1.5954938
64.6416,67.262634,0.8430522,0.94684935
46.423115,52.07628,1.4158853,1.6423957
46.267345,47.231148,2.7069516,2.7462204
1.5967717,5.161522,2.2909281,2.3985934
6.838425,7.3511734,1.6454109,2.0379977
76.67132,86.68415,1.4576674,1.1994363
76.72069,77.52511,2.649657,2.6362696
34.238853,36.99453,1.5968925,1.0742793
23.745716,23.666388,1.6973522,1.6596622
89.38272,93.47762,1.407082,1.1944629
82.22371,88.222595,1.2395171,0.95180315
94.57131,94.69615,2.4593046,2.4799075
58.284092,57.881584,2.2843716,2.2908597
77.13412,80.84359,0.65850544,0.92499214
53.949047,58.85064,0.75262016,0.98066634
14.442534,14.332981,1.764415,1.8233428
67.93152,67.51214,2.5322826,2.5913959
71.50208,64.560684,0.58628166,1.0266526
23.396437,23.1937,1.0771929,1.107204
63.79644,62.883034,2.4365687,2.4530435
41.06141,42.415867,1.259427,1.075397
64.40553,63.632767,0.9324821,0.9938633
7.127447,8.667694,0.69391084,2.0182953
26.94709,30.657957,1.2727132,1.6813061
19.1985,16.561337,0.58142245,1.1182426
51.60083,54.84191,1.8473577,2.0530536
76.68448,88.19874,1.5559181,0.9990842
94.84269,94.80261,2.7834246,2.7792952
62.046223,59.656372,1.813796,1.9816732
3.919834,6.4762917,1.8523581,1.9490731
74.5797,76.81021,2.1480792,2.1159482
50.199333,49.139385,1.9778503,1.9627599
2.8438518,3.6178436,0.98523766,1.7425026
41.732685,41.961605,2.7826204,2.7680254
15.633809,22.229374,0.9744058,1.1101943
4.849394,6.0650787,0.6825386,1.9453585
54.618042,55.101967,2.2531075,2.1359136
2.5486977,2.8057365,2.329087,2.5935798
43.332336,40.041786,2.4226685,2.527233
12.210825,10.012978,2.7058723,2.6228623
24.67575,17.649853,2.8288543,2.761335
84.11329,79.85376,2.263763,2.3384104
91.27399,93.283646,2.4996996,2.5237772
80.91819,85.2112,0.84833884,0.90017056
2.4473991,14.248302,0.53264153,2.0556881
44.153164,47.387146,2.6077762,2.4682274
75.550255,71.207886,0.60752577,0.9629021
13.730328,14.3749275,2.7667172,2.596466
83.37107,80.376495,2.349393,2.296792
34.829124,36.899834,1.29181,1.2421219
98.95834,98.04056,1.9291989,1.9461069
46.00363,42.104923,0.5697321,1.1278918
7.8951054,3.4165344,2.4819367,2.1664557
9.007027,12.214928,1.0830023,1.4998417
93.36291,90.025734,0.96660894,1.119797
4.9576936,9.553181,1.6374774,1.7523859
9.717983,11.567219,1.6744087,2.42108
52.63541,52.606453,1.0106173,1.0245714
52.083477,55.00264,1.0093179,1.0006757
39.910233,41.748505,1.6876485,1.2811972
10.421041,18.714119,2.738879,2.7593012
19.736212,19.016655,1.7280992,1.3839922
40.654434,43.724976,1.2315769,1.1997691
72.99307,79.06034,1.1093925,0.9281806
17.25108,19.894178,2.061531,2.0896695
47.011234,44.54181,2.308762,2.1636078
27.990528,20.805662,0.7225916,1.1571201
33.23283,47.514744,2.0441291,2.3795888
71.62031,76.13415,2.051676,1.9585375
97.87467,99.09029,2.2937787,2.3371577
30.477968,33.27391,1.9943882,1.7594907
31.91094,21.325167,2.989783,2.6842194
77.874855,83.618484,1.4347295,1.2949135
50.434654,43.07652,1.8855387,1.7712923
66.325294,61.24978,0.5900367,1.0101982
63.675396,61.30676,2.393979,2.3650565
68.76626,67.42076,1.1944797,0.95756483
82.380455,87.57432,2.5457487,2.6302702
83.88612,89.05714,1.1941847,0.985021
98.34693,98.38501,2.6979609,2.7248225
2.9745247,10.026512,2.2491434,1.8121668
71.5325,78.51706,2.738925,2.7928295
10.484772,10.366203,1.2567265,1.7694705
6.4436235,6.0458565,2.1026642,2.1532521
38.334217,34.106377,0.6591315,1.4883056
16.359173,12.520641,1.8693417,2.0808551
17.23029,11.948723,1.636764,2.0980172
73.1413,80.52606,1.0515771,0.89292055
27.351683,19.96621,2.9108646,2.6388433
61.5116,53.5148,0.511584,1.0386512
43.84511,46.664055,1.2555072,1.0207846
47.887703,50.732533,1.586322,1.0093567
92.083916,94.90164,2.254669,2.2854738
72.370224,87.175674,2.3345664,2.5511649
36.82523,39.604053,1.044389,1.5106694
39.598114,41.757008,1.6156844,1.1222067
84.54822,87.95514,2.2501988,2.322221
35.613094,24.187672,2.6620486,2.489995
79.848305,87.31142,1.6799406,1.5248277
6.8171544,12.9546585,1.8019785,2.0755253
51.830086,52.280888,1.8569871,1.9000865
19.21035,13.755577,0.8558037,1.1038508
41.457893,40.45455,0.7036381,1.3084364
6.6132746,6.5252075,2.4252803,2.2840002
97.85541,94.93205,1.9411856,1.9718539
2.006816,6.745373,1.2246032,2.297023
23.050907,31.819887,1.9779508,1.6357522
70.33829,70.70285,2.3605847,2.3713076
52.40347,56.617794,2.137597,2.1109781
57.1274,49.146523,2.3056316,2.0615373
59.212864,59.273933,1.9010979,1.9081488
25.476934,26.245934,1.4004205,1.3142838
16.714645,19.457056,1.0564901,1.0212982
56.598366,54.40835,0.51947707,1.5205543
7.048708,8.512871,1.7177161,1.6698581
78.61812,81.065926,1.5996943,1.5194185
48.515633,45.941097,0.8401811,1.0261667
46.809322,45.604935,1.894136,1.9292835
37.603065,41.1726,2.4654455,2.4198637
70.333694,73.89417,1.7298561,1.724511
3.3006928,15.560936,2.6167035,1.9845494
27.23506,23.109358,0.892447,1.1179086
63.443466,70.990234,1.4280956,1.0202391
25.768902,23.273188,1.3413864,1.1326842
75.53231,77.3502,2.5511973,2.5522795
94.75519,91.08689,0.93382436,1.1881485
49.858055,55.079304,1.4786832,0.97945094
96.013115,94.10545,1.2264358,1.3302611
41.27112,40.31375,2.3224502,2.368288
54.62582,68.418915,1.6551763,1.6370102
63.586693,72.91652,1.6004298,1.7485715
78.87745,80.00732,1.9346361,1.9549435
27.591042,22.620802,1.1016366,1.099341
51.03524,52.00971,2.8706217,2.8655756
2.1104288,2.864006,1.7326378,2.0507925
37.286446,34.50153,2.471373,2.341878
52.956573,49.5957,2.5316172,2.490437
70.929276,66.96321,2.008161,2.0171618
8.513022,10.856064,1.6658441,1.020926
56.23139,61.672256,1.2466328,0.9830448
43.27885,43.728706,1.1700954,1.0634634
57.60175,63.724712,1.0071058,0.9703846
73.540596,79.54904,1.1125431,0.92964846
99.2374,96.12605,1.2645578,1.3927773
83.27134,71.94861,2.5288668,2.4551048
9.533018,9.065998,0.9597416,1.2419329
86.85199,86.58417,2.1142313,2.1086755
57.619854,65.07627,1.4887668,1.0313148
30.214981,18.31299,2.2768857,1.977087
79.24519,84.68139,2.3061345,2.3881495
79.67824,80.74715,1.6667786,1.756747
28.898039,21.438307,2.8908827,2.802695
29.474064,31.281752,2.3209245,2.2625625
78.90028,86.148636,1.2369163,0.93019557
98.423744,96.61998,2.8368468,2.8278737
59.72047,69.279366,1.6166574,1.0468605
12.896818,10.436462,1.0630825,1.5087147
56.721077,59.651134,0.9621986,0.9824777
41.945324,44.612583,1.277614,1.01067
58.82548,59.820374,2.0475554,2.056638
52.273796,59.788345,2.1547434,2.2790234
98.43301,97.12106,2.0026598,2.0202343
73.733826,81.015526,1.2935928,0.9060865
80.596985,84.34279,2.556238,2.4547431
97.19933,87.56366,0.64465445,0.9443899
56.177948,63.630577,2.8749886,2.746941
65.46475,78.876526,2.6526196,2.8391557
52.73106,53.75373,2.1078155,2.0431695
5.7755322,8.659443,2.60807,2.4593964
66.11251,67.967255,1.6627799,1.5750188
83.25494,87.25129,2.5109215,2.5487254
18.497967,15.648243,2.5273638,2.3894422
30.18169,31.542353,2.1490643,2.21252
70.55337,81.59306,2.4291246,2.5440097
23.349674,21.324919,0.7996378,1.6996166
16.021204,21.220207,1.4463701,1.0022902
6.2453914,12.12027,1.9820123,2.1762986
10.79714,12.674763,1.5463895,1.9431478
96.77449,93.3353,0.7510751,1.1628335
18.206322,17.838192,1.8009069,1.7391087
48.40031,42.854908,2.198788,2.0094175
22.552763,22.266771,0.71876717,1.0935963
18.584911,10.476192,2.4078598,2.5665405
17.14546,18.517447,1.6720515,1.1289375
91.23202,91.36787,2.237479,2.2652607
26.559702,27.071184,1.560277,1.0138018
91.96532,96.34973,1.3770242,1.3796055
5.192533,13.981163,2.883825,1.3521903
73.585594,79.32988,1.1005204,0.8996037
24.413969,23.391045,1.7774531,1.504309
96.05498,92.748795,0.890167,1.138891
67.83944,64.89633,0.5733936,0.9785331
40.360287,35.55971,0.6081404,1.043515
60.416454,63.49423,1.9255421,1.8791618
99.1663,96.28468,1.2684568,1.3819633
29.086626,30.064833,1.6115613,1.1071408
49.261944,46.564346,2.9325738,2.9142456
41.350655,44.144684,1.267585,1.0116824
24.326143,24.877155,1.2174535,1.0468525
12.610026,13.500839,1.36577,1.0859023
43.980362,39.474106,0.6737095,1.0438819
48.90156,51.9206,2.5127704,2.5477555
26.177399,22.779362,0.63719445,1.0590507
68.00719,83.915955,2.5897336,2.8281627
11.536682,10.9938965,0.7132462,1.0782008
33.235596,36.319923,2.0727503,2.1500034
7.366581,7.998535,0.8204698,2.064117
19.663862,19.581516,2.027969,1.9868376
33.7609,32.490387,2.4753788,2.625148
86.20077,83.5859,0.68446237,0.88898593
38.428078,30.774542,2.8365088,2.6503994
83.08703,85.44901,1.9384052,1.9973974
31.80517,31.882774,2.3589587,2.3453817
85.55195,88.0372,1.7345657,1.7520773
54.17825,53.92185,1.8753479,1.9039016
64.55502,73.143745,1.5642115,1.0036118
65.319725,64.554436,1.7310033,1.6038234
87.325584,84.734924,2.896394,2.9041328
46.74158,45.625935,0.7327651,1.0391054
31.151026,31.768559,2.1393201,2.1602983
30.473291,19.789513,2.664718,2.430509
5.5176177,11.032986,1.9018488,2.3890967
57.626312,53.811005,0.6224006,1.0678396
49.01466,51.234344,1.3356676,1.0079412
26.494074,26.749584,1.7590847,1.6254613
10.327866,11.38427,1.6305401,1.2290257
21.125683,22.13494,1.5660014,1.1234071
67.36888,83.32057,2.3924785,2.4971724
16.194963,16.342922,0.8671923,1.3740194
73.74021,81.47779,1.2383947,0.8913657
41.034576,41.544353,0.7367317,1.0197613
90.14108,90.958725,1.0674775,1.1667004
1.5584061,3.6773758,2.1684418,1.8833284
97.43175,97.3905,2.1342158,2.1654656
9.670409,9.95063,2.062868,1.7168521
7.359354,9.615459,1.6216918,1.9797603
54.828274,49.579613,0.61511993,1.0153933
42.275253,42.24631,2.1345353,2.1305919
44.722107,45.585682,1.0006809,1.0114548
61.74579,56.85571,0.7050292,0.97336173
15.109076,11.683216,2.6706414,2.4974291
1.6907556,7.175041,1.9561584,1.6691219
0.7617753,1.4235725,2.3153975,1.5257615
33.079967,33.172287,1.793669,1.8382881
31.056332,27.381538,0.6592067,1.0331529
45.47357,42.67291,0.83798945,1.0438871
23.213074,19.562502,2.0625858,2.0946903
97.868965,92.820015,0.7244162,1.1587237
9.754017,7.434452,1.7436761,2.1221786
28.885508,29.07585,2.1515696,2.1560454
10.801505,7.7723427,2.9883618,2.7638874
52.34526,54.595173,2.145461,2.2437394
74.675476,92.283936,2.2167141,2.3528888
71.696785,83.34901,2.9411998,2.9463158
49.83118,42.868046,2.808959,2.7318304
47.492004,46.271114,2.1408055,2.0750992
72.527214,78.14557,1.2267168,0.9050115
57.95168,58.585373,1.0679002,1.0016062
54.33662,51.584484,0.86049485,1.0198029
59.9352,69.023026,2.0360746,2.2016864
95.22118,94.918564,1.9727567,1.9917636
65.467285,56.638786,2.4090118,2.2927957
20.135372,17.195896,2.12923,1.3742032
9.727405,10.561661,1.1684109,1.055269
94.69057,89.36535,0.79212,1.0170695
17.602749,11.224129,2.9596617,1.9332987
39.40475,39.416115,1.9291751,1.9633156
3.7918093,7.561722,1.4142355,2.5644553
94.642136,95.5231,2.9515705,2.9634612
20.730658,21.491865,2.0681236,2.1224406
73.85535,70.80065,0.6898907,0.9398662
59.469048,55.509674,0.7001713,1.0197108
84.87589,84.1402,1.6215518,1.4953408
42.50854,39.7373,0.98332995,1.006552
16.706387,3.9645233,2.8257384,1.6002618
33.982716,29.413027,0.8234378,1.0333748
79.7882,81.5183,2.8511329,2.8756928
47.184277,50.518982,1.4023662,1.0107965
60.16359,53.064247,0.69543004,1.1201415
4.935766,5.0774803,1.0055073,1.1495273
1.3966957,2.4895287,0.82675934,1.2900262
23.703375,20.420511,1.7372386,1.3390727
15.770278,16.018993,2.507751,2.4001245
18.97467,25.033,2.3358788,2.3579478
99.08618,96.49747,1.2886614,1.4127456
53.628513,57.810085,2.1741838,2.2441704
57.676605,65.52703,2.4376447,2.5278473
84.44537,85.64577,1.6456343,1.5181648
7.11869,8.004631,2.0248258,1.781649
77.53026,75.16453,1.931137,1.9014661
27.321253,20.466127,2.564548,2.325044
10.957383,8.588154,1.7499312,1.8682557
54.666317,55.745514,1.1122257,1.0206411
21.862991,17.345577,2.9563153,2.8417616
66.53622,68.67039,2.5130038,2.5341516
16.113754,17.29319,2.4676998,2.7248702
53.94889,53.242992,1.1198229,1.6230263
41.754448,41.94141,2.3534763,2.3507302
80.05417,87.90366,0.93116164,1.5251118
16.49418,15.286037,2.6083217,2.515333
41.860905,40.00584,0.6048464,1.1301895
55.91027,56.363674,2.2882085,2.3021214
64.92017,69.35709,2.0056634,1.8906198
58.2582,53.861244,0.88283527,1.0618143
44.21599,38.501076,1.837473,1.9236759
11.131124,15.819344,2.1113691,2.199391
18.43167,16.572311,2.2946618,2.2002401
62.217922,72.00371,1.4496704,0.95008904
17.598383,14.7441635,2.532893,2.273083
30.509527,30.369602,0.98230964,1.1706549
62.527817,68.399254,1.0577004,0.97489536
67.36561,71.77345,1.7586014,1.7274755
70.31106,71.622925,1.9182364,1.9305384
73.960396,81.05323,1.9836609,1.9758959
32.897797,31.043222,0.87131655,1.1010017
21.763535,23.934715,2.4463527,2.6275878
73.58641,74.68307,1.7397283,1.7714493
96.99076,96.395035,2.3754692,2.3448963
12.106006,9.347214,1.4453455,1.4120951
33.212807,33.34917,1.1159605,1.2676344
15.565664,15.656746,1.7123011,1.4759829
33.613445,35.99369,2.5620153,2.6205118
2.0758333,8.566956,2.0636864,2.5422626
0.97381294,2.3836365,0.629493,2.3215284
96.20682,95.34089,1.3713112,1.3043375
49.027,52.23114,1.9291387,1.9172057
18.19747,15.986046,2.2698934,2.3799052
52.034492,50.84957,0.9492664,1.0005572
88.839966,82.34796,0.80878496,1.0504874
21.171034,21.573048,1.0579283,1.0497344
57.982006,41.716316,2.9804444,2.4505405
99.4384,98.61117,1.5577773,1.5700698
45.259487,48.278706,1.6650691,1.4561299
36.274193,34.919388,2.094704,2.114286
92.59032,90.7301,2.12653,2.0392325
77.03655,78.545815,2.0491045,2.0805595
34.954098,30.968035,0.6676199,1.0569174
82.72542,83.7114,2.0565536,2.0686367
86.83375,87.58217,2.1489556,2.155057
79.43295,78.78672,0.5603556,1.0944524
87.43233,89.42354,2.0844672,2.0989392
17.431284,21.395828,2.2182136,1.1445496
71.59887,71.87662,1.7841219,1.4774113
86.27741,85.1492,2.8755503,2.8229876
74.29768,79.81389,1.9583852,2.0033066
35.511833,34.74822,2.2385032,2.1623573
29.734169,31.369907,1.9072194,1.8775556
26.4169,26.756842,2.7251446,2.6732621
94.09107,90.4886,1.1854527,1.4433832
24.894373,23.720793,0.69749963,1.1924989
80.35127,83.41365,0.9549902,0.91606694
68.55612,82.1524,1.5249426,0.8884727
99.10205,93.40822,0.9121521,1.1907047
26.018488,25.800829,1.3020191,1.1573459
24.75814,23.145653,0.6414437,1.7442348
57.433746,54.934093,0.910949,1.0140955
33.675835,29.619034,2.3807132,2.4258778
84.40525,84.58249,0.9763099,0.8831323
46.92628,47.169292,1.6895779,1.6261805
23.989765,14.677742,0.5172879,1.0794497
67.50927,68.66117,2.3509386,2.3817854
62.172775,70.46381,1.2636561,1.0113611
81.44806,83.821625,1.7471106,1.7353331
84.03266,78.96697,2.0947514,2.0283737
37.548058,35.360397,0.8309037,1.0288565
2.747193,3.7333374,2.6705308,1.9876089
5.8355994,19.264551,1.3711591,2.7365286
66.533394,70.83986,1.199634,0.9307171
31.21731,26.518797,0.6873417,1.1390476
25.985115,25.408455,2.0121157,2.0195088
29.490911,25.9865,0.5424248,1.0187762
55.4398,57.573544,1.8121845,1.8561822
6.529473,6.0027237,2.199184,1.1165429
18.298086,27.044065,0.5081654,2.3016407
41.405655,50.048843,1.7277938,1.9944863
35.457836,38.12335,2.4702199,2.6510425
77.77606,79.17225,2.019385,2.0407412
21.11233,21.283493,1.5808645,1.3166331
55.833828,55.33419,2.0542872,2.0422747
11.9323845,7.931717,0.7367767,1.6870556
26.772724,26.061073,2.1544242,2.0750697
30.065376,28.77232,1.8125602,1.8116164
94.01473,91.46575,1.0431688,1.1542169
54.90069,55.3199,1.1312053,1.0096275
87.80755,90.62567,1.1499035,1.0761986
75.8976,82.26671,2.2733884,2.3241806
1.0966884,12.676529,1.1910095,1.0915017
17.091908,15.8513565,0.62791175,1.0304136
56.504105,55.796814,1.7486061,1.7402618
79.793144,89.61238,1.468722,0.9939714
0.46757707,13.7594795,2.721186,1.9768509
2.4499738,5.2677536,2.2321327,1.715901
84.851944,86.09538,2.7581148,2.7629707
30.157106,28.402517,2.4663663,2.481185
94.56205,89.195694,0.8522077,0.99327844
66.01972,66.32293,1.7981654,1.9543297
37.868385,38.646233,2.1655293,2.1535296
93.34067,95.2088,2.05185,2.1226587
69.59914,65.33273,2.8384953,2.8446312
39.2489,35.665253,1.0163383,1.0432227
6.3404346,9.483364,0.56622624,1.1407022
96.70446,93.62671,1.0827868,1.2601933
31.037903,33.386124,1.390199,1.0321968
90.88787,83.5232,0.5200802,0.91539925
5.957959,6.9807205,2.066264,2.119895
92.55741,85.41855,0.63678753,0.94099975
0.9451894,1.4812698,2.2259688,1.5083812
75.31229,74.817604,2.9062068,2.8240304
67.668304,67.8769,2.4641943,2.4679546
46.12434,49.824757,2.6268523,2.5277767
83.842255,84.08285,2.2306294,2.232108
81.8125,89.67911,2.7666268,2.8073852
82.0234,82.507416,1.8147937,1.8466277
67.85822,80.69363,2.9801145,2.9644022
99.35768,95.506546,1.1679335,1.3589547
79.055244,72.956955,2.9375386,2.9138544
63.33719,63.033844,0.9413827,0.97836304
84.82546,95.24964,2.751052,2.8578935
15.257458,14.246025,1.066194,1.4033992
24.415668,18.909887,0.6957878,1.1519288
48.153572,47.397476,2.9584718,2.9242978
63.129665,62.760788,2.9526331,2.9324372
96.64572,96.23221,2.2479212,2.241741
45.12117,45.270493,2.7701418,2.7699337
17.869144,18.307585,2.9588237,2.8384955
8.052638,9.841904,2.928467,2.6731277
6.7618437,7.3326874,2.480411,2.377016
76.42918,82.221756,1.1635346,0.89681935
55.891396,60.512676,1.5804912,1.0753115
28.60265,29.243742,1.9495656,1.8847083
14.756813,16.860126,1.9059368,2.0677247
93.47489,94.28541,1.1191621,1.4025561
65.45105,67.40442,1.1773489,1.2362394
81.88362,81.469154,2.3506258,2.3492665
58.476166,67.40507,1.3005266,0.9588741
29.33477,29.033375,2.6636312,2.651061
80.92162,76.87393,2.6887624,2.6625872
30.339056,32.105484,1.7720448,1.7923427
66.67177,61.42594,2.5969565,2.278314
45.316246,42.644928,0.74233174,0.99029577
0.5706674,6.9104347,2.8354568,2.5571368
21.773897,18.022114,0.54922366,2.0939991
12.398937,17.916851,2.6936247,2.1774468
99.0519,96.253555,1.3417358,1.3938354
28.595089,33.70635,2.4989092,2.514864
91.08318,90.68232,1.75137,1.6676883
47.842045,48.59321,1.8688486,2.0238461
67.55522,57.442974,0.6084179,1.0201784
10.674889,9.987984,0.83056486,1.1509826
49.58169,56.3984,1.509659,0.99811125
81.60835,76.8027,2.8217497,2.716398
60.75328,59.61558,2.8128207,2.8059244
59.227222,67.73761,1.5251484,0.97737
31.742258,25.118761,2.0795624,1.9674592
83.730804,84.43881,2.1461782,2.1669304
6.592438,11.590641,1.5533013,1.395531
25.95056,30.21449,2.5188901,2.3467734
72.90643,75.032364,1.7656103,1.6986288
62.296722,55.657215,0.58394104,1.2257273
5.802687,8.547379,1.0942963,2.1234007
44.512123,44.485065,1.9717293,1.8406878
82.70993,80.590805,0.66086644,0.9008011
42.569885,47.075146,1.4989988,1.0594428
92.64013,83.158646,0.65195626,1.0992333
2.0343719,4.1930237,0.99114925,2.4823592
89.077644,89.35474,1.7284248,1.7441887
79.88398,83.911316,2.5201807,2.562412
19.843334,15.150574,1.15341,1.1411978
57.550095,60.66523,2.9957807,2.967545
21.921492,19.846659,1.3238406,1.1026795
70.685745,75.056046,2.0130908,2.1013854
75.752495,77.80811,2.0290747,2.0548978
4.6611295,10.360771,2.020784,1.934823
33.924137,29.401808,0.66155213,1.3663267
71.932205,78.53078,2.6701455,2.647658
72.148224,75.9201,2.175206,2.2194984
98.90494,94.154144,1.6611973,1.7219095
14.0441,21.68646,2.3443532,2.735646
43.24318,41.849884,1.336613,1.1928136
44.37083,39.772636,1.8155962,1.6438243
65.558876,76.062836,1.4001783,0.9014345
40.356064,37.82793,1.1474072,0.9848007
99.646286,96.57155,1.2727115,1.4668461
77.81841,85.8953,2.3570852,2.4359002
19.098618,9.188885,2.657047,2.4483929
86.89321,82.89261,0.806592,0.86388856
14.177054,11.417229,2.2808533,1.9071026
17.898836,14.706425,0.6433761,1.076333
42.305084,46.774345,1.7220709,2.0460815
74.05795,84.34883,1.4078252,0.89854044
96.38924,94.7648,2.5942597,2.5657365
61.67236,61.7064,1.7912389,1.7293608
20.556831,15.285797,2.8076527,2.5433948
65.1149,64.10259,2.0821533,1.9042734
26.503477,21.68305,2.4187455,2.239878
78.05909,83.5167,1.607264,1.2780533
22.883934,30.660746,1.560086,1.4734298
68.1277,64.35647,0.8147103,1.0084012
43.18854,47.799614,1.5360231,1.0346227
77.23804,80.283936,1.6523017,1.3350673
29.583937,25.262533,2.0784223,1.6444472
28.293358,31.484203,1.180138,1.1006068
54.4125,48.07787,0.57345843,1.0853086
27.883371,29.756496,2.441819,2.5093608
12.959602,9.968285,0.5743829,1.5967432
49.459217,46.93841,1.8114552,1.6539876
1.1812593,8.598095,0.735285,2.689074
3.782231,8.086456,2.982111,2.1468873
67.56943,60.625687,0.5632629,0.9823786
22.748919,22.044962,2.3152604,2.2697358
47.046696,50.324905,2.5266042,2.6375117
87.85168,82.31972,2.8403022,2.8055203
60.190697,56.25585,0.53513896,0.9612805
91.003,92.9564,0.97809076,1.1592743
7.554143,7.7388268,0.8566403,2.558212
20.613813,20.276012,2.254415,2.276002
67.50228,62.25169,0.52346486,1.1005752
4.4199724,5.4846916,2.288299,2.2655265
6.1532927,14.661076,2.8465996,2.783545
77.98151,83.403046,1.1970516,0.8964979
29.956696,37.7855,2.9388585,2.9405203
79.942894,79.25673,2.2284224,2.240058
4.9344907,3.1849403,2.5478084,1.7075125
45.52787,40.625366,0.54559153,1.0250499
60.303394,59.741135,0.9888844,0.9977799
71.62078,77.795586,1.3812504,1.021287
63.26667,64.92071,2.3352442,2.2514958
57.239807,58.201584,0.8799892,0.98611456
68.988846,65.495895,2.8808799,2.9078043
3.8554327,7.2427673,1.0139426,1.9217708
94.417534,98.51341,2.4450853,2.3782818
97.55235,96.13748,1.6269717,1.6312686
61.331768,57.780117,1.7669076,1.3588136
58.044296,61.48615,1.6913897,1.87931
67.44919,63.031128,0.85652834,1.0461388
25.166338,31.956959,1.3940358,1.0328102
54.754826,65.245544,1.3381729,0.9517393
25.801832,26.858145,0.91919804,1.0574844
43.85432,45.88567,1.2711358,0.9831258
20.438637,20.115618,1.0620018,1.0690143
38.406635,40.5026,1.2548805,0.9990146
36.847202,37.73256,1.0134025,0.9805723
73.29769,66.913315,2.3525453,2.302408
55.59589,56.41511,2.065976,2.0763478
45.955208,43.3118,2.0320594,2.0117793
21.331635,20.97061,1.9395299,1.8789494
70.206795,79.56086,1.2600149,0.8942818
38.428703,41.98922,1.472712,1.0107331
5.2821083,6.351654,0.600273,1.3530213
9.121679,14.388252,1.02296,1.1692989
19.698782,19.629053,1.9108893,1.8572557
35.37697,33.596996,2.72727,2.6894333
8.565461,8.200771,1.429936,1.5728654
36.160915,40.832077,1.7267541,1.7220532
70.90017,79.52171,2.3264875,2.4101005
89.3679,90.62408,2.7694812,2.767798
31.985037,34.36313,2.0653384,2.1483803
92.741066,95.788086,2.5343869,2.477704
89.48444,88.74875,2.6367857,2.6257467
20.28604,21.642088,1.8063368,1.0518708
70.88999,73.14732,2.7462332,2.7808118
33.42614,27.69698,0.59005797,0.99786955
48.313576,48.736065,1.7683449,1.23993
26.032246,20.011253,0.7466335,1.1210469
85.51172,81.13946,2.84804,2.8039882
32.67836,40.798874,1.4308884,1.0004253
52.842377,52.616238,2.72217,2.6829422
4.478777,12.813686,2.7693124,2.44502
65.11596,74.792694,1.4859586,0.92366606
65.049614,73.63289,2.8664584,2.7791018
52.521347,49.039898,1.7983552,1.559773
87.411766,93.00189,1.3629421,1.1384369
91.40123,80.06605,2.7469387,2.6457868
87.02362,87.64569,2.103908,2.106162
77.80807,84.38719,1.5946224,1.1525817
84.417595,89.03317,1.3056257,0.94474286
17.313967,14.841732,0.6261243,1.3546126
61.13737,64.82429,1.3277466,0.9762551
71.221344,80.45808,1.8743824,2.0404115
60.630642,49.546772,2.3164644,2.1806207
65.703,66.86209,2.5942638,2.6042516
68.90208,66.991066,2.2694635,2.2272403
97.81081,97.56958,2.8745317,2.8930874
87.464874,87.47621,0.9293291,0.9170471
99.211784,95.02475,2.9213412,2.8645926
73.50501,81.390625,1.4072022,0.96586806
78.13585,77.186,2.5804074,2.6365829
37.246994,35.2779,2.5843596,2.4518383
97.88124,97.267105,2.6856256,2.7979174
18.78881,23.683979,1.5660518,1.7559483
94.18065,94.76729,2.1224275,2.113717
30.10552,30.628325,2.0154207,2.008308
53.507477,61.3617,2.2524219,2.3717685
21.438463,24.107138,2.3944783,2.5097535
99.75028,97.65765,2.706032,2.7019339
84.33852,85.005554,2.5495098,2.539037
33.578583,31.606739,2.2025526,2.2127507
9.182264,12.648312,1.822534,2.105261
49.5735,52.35531,1.2974871,1.0224348
56.499165,55.888878,1.7931143,1.8007085
79.74987,79.34476,0.6693759,0.91263646
94.312355,85.3657,0.59192157,0.9895548
69.61668,72.62271,1.6157286,1.3331623
74.89111,74.493,2.3189597,2.3091812
51.14274,55.725048,1.7765521,1.8248732
94.259705,93.44717,1.1700743,1.2048458
19.271345,25.481808,1.9629675,1.9586346
87.458015,87.89186,2.1423783,2.0805163
53.057167,48.004147,2.4914362,2.4798634
30.631102,27.93269,0.82024634,1.1369281
69.853065,75.84914,2.7483845,2.7886107
81.12734,80.864075,2.9952354,2.9472804
72.062836,71.34265,2.2945306,2.3281128
44.27607,43.9667,0.946882,0.9838818
83.03129,83.11011,2.9867008,2.9549377
86.54342,87.2684,2.9677022,2.9439287
3.6197262,3.545189,2.6462126,2.1978922
33.21802,36.306416,1.7563266,2.0293214
45.48188,45.035477,1.951011,1.971799
51.800617,55.80179,2.7998202,2.7539701
87.92459,89.36226,1.7613825,1.7688309
27.798935,23.58509,2.8706212,2.8256078
22.246105,11.130795,2.6930907,2.4613812
5.613779,5.093113,0.9697265,1.1561513
42.03956,40.80328,2.3655777,2.2676668
92.39819,92.198685,2.984586,2.9571447
72.73955,70.30433,0.52572733,0.9494795
88.26637,85.86279,2.7182302,2.6289678
9.982221,14.938496,1.9117777,1.3243103
73.11813,70.34447,0.88522536,1.3612823
98.2509,94.497635,1.2780988,1.2636272
62.544495,61.096336,2.3886666,2.4141057
32.20062,28.552767,0.59580743,1.0587492
10.534722,9.861153,1.8796312,1.9016136
6.0613165,5.269535,1.6277385,1.58226
58.326054,63.421593,1.2476107,0.98563457
30.33384,42.504143,1.8690658,2.3492131
13.927907,14.086739,2.4379056,2.4144633
46.82342,44.002495,2.9938483,2.8634067
28.609747,30.307451,1.5905435,1.1458619
13.675291,13.988842,2.5544493,2.5278184
91.90343,87.801315,0.8274272,1.0502362
45.445755,45.815987,2.099656,2.160403
71.68919,80.55927,1.373247,0.91022533
55.986916,57.566967,2.7786145,2.8446426
96.599785,95.85695,2.1431746,2.1438954
36.80237,38.575737,2.65965,2.5124161
31.232567,31.596441,1.0219691,1.047174
25.062082,23.563656,2.6976542,2.783005
24.694283,26.876303,1.5578773,1.0282888
17.70249,18.419441,1.6189799,1.1780123
76.93367,72.658615,0.6591014,0.9454953
96.73744,98.80521,2.3416002,2.3608131
73.78632,71.55992,2.9235072,2.8958824
70.240585,64.73018,2.2161357,2.0912495
95.20381,90.590836,0.7280174,1.0135014
64.89514,68.96013,1.1081066,1.8187851
43.14855,42.871696,2.1875634,2.1778662
48.076965,47.066864,2.1298044,2.0768871
0.13260072,0.81079483,1.5717434,1.7425652
81.734764,89.011536,2.6466708,2.696015
99.30763,99.339355,1.8899702,1.9188247
57.96831,54.679756,2.0019894,2.03794
77.70569,77.49011,0.8408018,0.9010347
6.9696884,7.7793274,1.4191427,1.1551692
83.65689,80.76086,2.2879624,2.3430762
41.234646,43.596947,2.7266731,2.711924
16.158129,16.238586,0.60805297,1.0531144
91.66987,97.59065,2.4560049,2.4973164
34.88359,37.3771,1.4532611,1.1255074
94.58513,83.99724,0.7730109,1.4698493
7.0855837,5.015476,0.6458856,1.3878962
77.4257,78.50136,2.9193137,2.9088926
69.05301,69.158295,2.9358227,2.920919
54.724915,58.24734,1.5421594,0.95422715
69.328606,63.715485,0.5005195,0.9725631
12.033051,8.175728,2.5120845,2.2128057
46.649597,56.388847,2.9256206,2.8575816
53.05393,50.508278,2.7160757,2.6676269
6.371617,9.215549,1.6020743,1.9036211
17.656921,20.29995,2.1706243,1.4061276
7.2002277,11.035858,1.0423766,1.3972048
99.73566,92.40222,0.8336795,1.1884642
26.801111,29.102839,1.5613238,1.0535128
13.320664,17.734886,1.3162441,1.4292183
55.72821,55.068012,0.9229432,0.991954
29.46022,30.478895,0.59688276,1.0408711
70.7777,78.33966,1.2261527,0.90210205
86.95518,82.04803,0.5709674,0.91581815
84.19995,78.42734,0.6417117,0.9042567
29.766678,35.706654,2.6938365,2.7667575
13.103253,13.676304,1.5086157,1.3807545
0.85621196,4.9922943,1.603252,2.3619332
39.73645,41.598705,1.0299395,1.0008152
7.0946584,7.121662,1.672694,1.9408545
11.67528,11.591221,0.9895377,1.1451845
71.66261,76.791115,1.1336336,0.9079394
30.799791,30.467005,0.5523463,1.0640941
97.08256,98.350296,2.2271302,2.2793555
52.517075,51.99545,1.7828487,1.7927397
70.19523,76.60871,2.2431338,2.3762197
77.074455,72.0975,0.66844136,0.9416768
26.82051,28.331564,1.4802884,1.0105147
71.24572,59.28553,0.6366047,1.530505
61.45783,60.339725,2.7666173,2.7631345
43.852665,47.42883,2.7056231,2.6729035
87.26707,93.072334,1.5368036,1.2436681
36.96776,36.63832,1.7517835,1.6596835
0.8693014,8.958412,1.9641764,1.6605474
59.778038,64.755035,1.5400695,1.1261492
31.286964,27.494312,0.7730722,1.1052004
84.08239,83.77539,2.0618043,2.1007073
81.05156,90.634026,1.6063672,1.6509095
36.68561,32.00355,2.6094382,2.596755
52.205566,52.87336,2.8525813,2.8578296
76.51257,89.37497,1.5291202,0.9738092
21.336218,20.621084,2.2308724,2.1763191
26.978497,27.727339,1.1968287,0.9912013
67.48136,65.85996,2.2117522,2.1806645
66.41009,57.573074,2.957613,2.9197154
27.855453,29.110281,1.7023268,1.3459413
66.65729,66.65055,0.9468259,0.97751766
87.39538,89.12795,1.0599527,1.0246112
60.200603,67.26629,1.216621,0.9814836
26.320147,29.628618,2.5775533,2.5932322
33.881012,40.825306,1.9677852,1.9973973
68.784386,75.38851,1.3019935,0.8944613
54.13119,61.67901,1.3293396,0.95864034
16.0777,11.832893,2.6896915,2.3495648
5.7277565,7.121681,0.62120134,1.5431969
19.762568,15.307789,2.7541118,2.5118854
78.844795,86.50072,1.6373149,1.2007368
42.252968,45.59285,1.4044816,1.0399207
57.740116,56.962547,1.7545087,1.7450593
15.478302,15.591839,2.1465096,2.0990834
82.81056,82.73712,1.9635566,1.93049
88.473236,90.044945,0.8916197,0.9883569
57.03505,57.539024,1.6174682,1.7935086
25.04594,23.671051,2.8054335,2.8836944
98.55216,94.84816,2.954168,2.8849769
88.62426,94.570526,1.6008083,1.4146961
36.186974,39.404724,1.4010456,1.0380838
67.68022,69.525894,1.9912964,2.1002707
99.454544,93.95113,1.0558449,1.2632296
63.677616,63.294624,2.1766796,2.1294322
52.19978,54.46445,1.1694918,0.99508345
57.914417,62.080837,1.193316,1.0306804
68.7974,70.49784,1.0616487,0.97729826
82.15764,82.4599,1.8467784,1.8676559
55.461926,55.31929,2.4153645,2.423437
86.2214,91.85339,2.8793733,2.8281798
68.13169,63.263405,2.1082344,2.0875196
60.8237,59.947678,2.2486415,2.255731
48.96676,45.155136,0.8259469,1.1880056
3.8700223,4.55307,0.54897684,1.307796
38.917908,43.044144,1.4627315,1.0315492
99.81068,98.381485,2.4913468,2.4975479
73.68548,74.788055,0.79175496,1.0363879
17.719526,10.828102,2.5737753,2.3723288
25.362885,17.318054,2.5673864,2.6403604
64.05484,64.28543,2.3039935,2.2792935
48.973587,48.58022,2.3117163,2.3171556
85.19734,85.65251,2.2339475,2.206576
93.523766,94.05088,2.8613784,2.8836577
9.455307,12.690201,0.6182188,1.1527811
8.38408,8.272636,0.8625206,1.2927426
15.608747,15.485466,1.7077308,1.4683039
72.96597,81.54771,1.3266629,1.1838067
73.45883,74.27586,2.0580127,2.0644376
25.076601,26.307793,1.4200064,1.0434043
19.00907,20.190702,1.4724479,1.0789785
95.28673,95.30896,2.1288333,2.1236355
73.41146,74.628006,2.4295313,2.4358823
83.52246,89.33558,1.6687068,1.7298799
29.351543,32.91056,1.8220314,1.9219499
94.23903,93.80684,1.025629,1.3245308
24.54737,24.720533,1.2406332,1.0460536
6.187299,10.007496,2.9131446,1.7473922
46.630535,59.872047,1.5155016,1.0628517
11.505766,10.400341,2.129348,1.5746149
49.78362,45.432564,0.89645267,1.0328515
97.4091,93.710945,2.7388637,2.6961977
79.02932,83.66696,0.875985,0.89066005
69.602325,80.07594,1.4286736,0.90509415
20.219105,20.992199,1.9086795,1.0065289
41.026897,36.349197,2.4946887,2.3106978
15.454847,15.3400345,0.8919069,1.178619
63.23987,69.82916,1.5759542,1.0057323
4.827673,7.8439827,2.4707754,1.9162867
8.337015,4.543041,2.7820365,2.2864835
12.052328,4.0065575,2.7457218,2.4640439
71.69829,70.09824,2.9454906,2.9028232
88.59337,92.08823,1.3142704,1.0709648
30.89114,28.962637,2.8015018,2.7848308
1.432502,10.797932,2.1642392,2.251937
67.31564,69.91087,0.6957856,0.93258256
35.428345,33.460484,1.0527241,1.0080185
50.896084,57.91898,1.4459484,0.9719728
26.996391,29.23169,1.247029,1.0924077
47.374058,46.555172,2.899867,2.9214983
55.082836,57.703472,2.233458,2.1555998
20.473866,23.09707,2.0046086,2.2246974
75.24931,65.08822,0.5395777,1.0681405
9.794685,8.837444,2.4694173,2.5481396
13.822057,16.853687,1.5606339,1.6077302
34.99633,37.842674,1.4310386,0.99969536
52.957306,59.22531,2.4914098,2.531523
39.369114,36.46427,2.0188048,1.3891094
59.632713,55.3945,1.8682741,1.8210596
64.851135,69.51734,2.4744422,2.5431688
32.41758,35.064377,1.3802599,0.98657787
55.098194,63.18786,2.1693842,2.2740197
35.188385,19.042957,2.8210146,2.4721644
73.91102,76.946915,2.8243794,2.7784874
62.757473,71.75995,1.4419746,0.9356189
93.88823,90.10591,0.8720143,1.2923446
59.69183,63.467556,1.249598,0.9819903
89.85857,93.62836,1.8441783,1.8043115
18.321201,23.77566,2.3517177,2.237761
41.122257,36.36925,2.8755984,2.6007674
63.90774,63.516693,1.8649824,1.8889631
59.443424,59.230522,2.3064418,2.2883523
65.93464,68.07892,2.9690695,2.9239588
70.83741,79.96686,1.3352437,0.8882897
93.51467,93.66533,1.6114119,1.2611537
11.244647,8.170799,0.96902865,1.6098067
90.5369,87.89071,0.6723478,1.1122613
35.335693,35.155735,2.2940652,2.2817156
11.320763,14.325535,0.96248245,1.9689671
17.537329,17.48127,1.6610087,1.7475091
51.352337,57.54784,2.1417053,2.2732828
88.25828,94.28618,1.5046549,1.2761264
13.967782,14.615242,2.6057823,2.619821
90.58473,97.9319,2.6824868,2.769621
31.78759,50.510265,2.943059,2.9971228
29.687689,25.81431,1.2600933,1.4884541
61.870106,55.126873,1.8269577,1.8067583
63.039047,65.36841,2.71642,2.5608
7.6808476,6.7832756,1.4825809,2.2329934
9.681935,8.840454,0.84642804,1.551039
28.630306,26.355234,2.9507792,2.8401735
50.63893,54.186165,1.9328271,2.1268423
15.879717,11.9209175,2.379703,2.1463933
97.83635,96.15345,2.7189426,2.7142534
33.809605,35.827858,1.2106885,0.99176645
5.3790865,4.7473526,1.9684141,1.8852701
0.058971677,4.1550713,0.86251074,2.3525057
53.28567,58.516212,1.3319819,1.0244429
45.45051,48.740814,1.4483224,1.071136
47.029316,30.39649,2.893093,2.7826896
70.532585,71.46002,2.953376,2.9331217
43.51575,44.729908,1.0092746,1.0100758
47.527573,47.58457,1.2553822,1.1130254
99.85188,93.69176,1.0501156,1.265773
32.218285,35.13293,1.2653538,1.6751657
61.16794,62.38909,1.1367211,1.0273756
79.534805,72.94332,2.8125806,2.8361187
95.28519,94.625114,1.2761533,1.2916725
2.1977768,2.335537,1.9499278,1.9313167
93.02899,93.892944,1.3509172,1.2520891
5.116864,6.7891083,0.8618341,1.734322
7.4839044,8.080055,0.87156445,2.4920483
40.09817,40.55461,2.7303767,2.700226
76.62341,87.8719,1.4967723,1.0177404
7.4564247,8.395676,2.3221774,2.394801
97.15934,96.16348,1.8466967,1.8304728
31.059332,32.9554,1.4657377,1.0118237
18.452791,15.088673,2.9014409,2.8421044
17.007578,17.90261,1.4433742,1.0616337
65.76248,64.80859,2.4073339,2.4044032
73.37105,69.48935,0.58297515,1.0079517
63.452084,67.42249,1.1327899,0.97064865
55.94156,57.174225,0.830247,0.9845978
32.439735,26.54094,2.85454,2.6230195
86.39093,87.135376,1.3535206,0.90611285
16.08006,15.142254,1.2678591,1.1584074
44.461754,47.36244,1.4837471,1.1515782
7.7659307,5.954235,0.9578891,1.2669289
20.05083,18.440142,2.850578,2.2820039
95.31302,91.1696,0.8737232,1.0405107
98.650925,97.53754,2.210404,2.2272508
27.675497,27.280464,1.917997,1.8704615
22.244555,22.180708,2.4461243,2.528918
62.139034,60.76486,0.6117769,1.0499885
91.792885,82.58879,0.559788,0.97702545
75.03147,73.29873,2.103057,2.0124924
33.402466,29.449581,1.9581957,1.6874245
78.25599,77.67801,2.5907788,2.5624087
21.908398,20.79155,1.6780262,1.6830332
77.04064,85.13669,2.7824955,2.838385
67.82607,68.9198,2.047268,2.0607252
12.476322,13.4938965,1.8984197,1.5636327
11.648028,12.0936165,1.2160103,1.0989946
37.45595,39.597923,2.1069455,2.1115017
69.84212,75.126976,1.6622826,1.5953292
14.670778,14.679462,2.115844,2.1120217
6.3554144,6.9408836,1.8352599,1.7420102
2.5818646,6.8015366,0.70614845,1.303088
0.6270266,25.537054,2.731083,2.7447276
72.12604,72.38483,0.75987023,0.90756124
70.77576,67.035286,2.1511102,2.1322005
76.75861,80.929565,2.268362,2.3608017
12.856436,12.182369,0.94085836,1.0613254
4.369015,6.3201675,1.2981849,1.8280336
76.95609,74.07376,0.65988934,0.9290268
21.137877,15.155338,2.8516395,2.734616
8.739661,12.1826935,1.3765953,1.2573626
3.2811127,4.09293,1.2366238,1.3863757
72.1789,85.36529,2.4963126,2.660901
3.025729,10.832645,0.88221264,1.5806578
63.244183,54.096954,0.5913352,1.025486
35.239094,34.789005,0.98463213,1.0002208
51.32356,52.581303,2.2704222,2.0757403
56.979633,58.04163,1.2569593,1.5783478
54.40252,60.398464,1.2918663,0.9855645
68.528076,73.51485,1.2300427,0.9699395
42.47335,47.45994,1.0499269,1.899198
73.77578,82.725266,1.3389016,0.9015991
13.2579565,9.461872,1.0988293,1.4964186
57.330734,62.400566,1.5958595,1.0778048
62.850433,64.11212,2.873178,2.8100152
0.5464928,2.5585709,0.77406466,1.9654876
28.760672,21.262815,2.9015205,2.2894144
74.919365,79.4299,1.1553324,1.2395843
41.5551,40.027306,1.7227659,1.7975727
25.463095,26.52286,1.3200053,1.2265103
31.69932,33.081497,1.71998,1.6331717
22.900131,18.507702,0.73746884,1.226497
45.656013,46.453182,1.3599333,1.0837404
74.39913,69.34549,0.65794426,1.0224352
68.6979,62.5197,0.62078834,1.012038
59.146526,64.16571,2.3369663,2.364218
94.40821,96.784454,2.4587834,2.4775436
86.88614,88.67411,1.1177385,1.0581164
47.16632,45.382343,2.8682323,2.4520319
63.551327,64.285286,1.340814,1.1844009
1.0744039,2.240612,1.8939553,2.1507611
39.487103,47.30367,2.6651514,2.6454449
7.1428065,6.625263,2.264941,2.0359378
8.871029,13.164524,2.1943195,1.0679386
29.422945,23.042124,2.2960124,2.3689022
9.85515,9.413021,2.3788505,2.115306
60.034767,60.14509,2.1322992,2.1187065
8.427103,8.654114,1.8080778,1.3466439
3.7250288,19.561476,2.3002076,2.62287
39.996017,45.762615,2.3488512,2.68989
69.22961,69.03384,1.8877189,1.9050276
7.222113,6.688587,0.7594108,1.1597679
10.888154,11.348137,1.7246383,1.552367
34.737404,34.51966,2.7553892,2.69367
33.93358,40.594265,2.7942505,2.8825188
6.2448363,26.70613,2.3915641,2.5576878
34.103657,33.29064,2.1052332,2.1080992
84.55197,90.624695,1.338014,1.060085
98.88656,97.39232,1.9411259,1.9196666
74.387,84.88649,1.3923383,0.91325945
86.17047,88.705505,1.9251287,1.9636807
77.33162,88.93737,1.473518,0.96739167
12.394012,18.477936,1.9897256,1.9551764
60.966175,57.292477,0.8391053,1.3892738
13.395692,9.041752,1.649976,1.2389495
22.37928,14.543266,2.9943304,2.5544739
96.60514,94.45413,1.112515,1.2738403
18.509836,19.674072,2.0391054,2.0780106
87.49669,85.34212,2.7721732,2.7746117
59.061687,58.974373,1.0293543,1.0438238
44.37001,41.43422,2.604479,2.5431137
49.134506,37.055042,2.9881115,2.8451796
76.64936,85.52152,1.2699536,0.9089011
23.061846,22.176933,0.9609172,1.04156
73.01187,74.22688,2.1222088,2.085774
11.787281,7.575741,1.0210725,1.9266344
41.24037,36.682446,2.0560484,1.8376462
78.08013,86.79167,1.4213423,0.9476343
12.330351,13.363689,1.5924156,1.2448225
19.240122,16.566635,0.9633379,1.2072011
6.9101486,5.882843,2.046053,1.9073389
78.00815,78.63206,2.5104995,2.4767623
91.84296,95.48092,2.5607653,2.6117234
50.124763,49.200363,0.983142,1.0314308
34.94781,37.74262,1.8218075,1.9108186
5.201308,8.508274,2.0405066,1.0917952
94.39942,95.22403,2.0469067,2.0406842
45.987244,46.643177,2.7127635,2.7096944
5.3592215,4.380104,0.53880787,1.9105769
94.00521,97.23237,1.1057916,1.4376533
38.078682,34.918995,0.9769923,0.98815066
45.640408,49.95592,0.78449255,1.0288496
80.13827,83.944115,0.96715987,0.8844633
21.086214,23.842852,1.9067422,1.8115928
73.15557,73.83424,1.961429,1.9804502
46.656513,47.042217,2.2942195,2.2838914
1.697445,4.6248093,1.158696,1.9554857
93.17958,94.45217,2.1586094,2.2154682
69.496994,78.580284,1.3607504,0.9628882
61.393635,63.117786,1.679349,1.6123346
11.102612,10.960426,2.5726674,2.4538102
84.53831,81.58,0.6821493,0.8932355
37.1855,35.028053,2.8921518,2.8556018
17.047533,13.5723,2.3412232,2.2675302
39.17787,40.383686,1.8891661,1.8131545
2.0069067,13.504528,0.8950343,1.2610279
43.92271,45.485058,1.0877066,1.0096884
69.97133,68.38539,2.025338,1.9449635
71.06081,77.012314,1.6294473,1.2176744
81.38392,81.9385,1.9243264,1.9561667
51.917164,55.260178,1.0773957,0.9790293
64.43019,60.612152,0.7819656,1.2237589
8.006617,8.64801,1.6036572,1.4175531
92.70792,89.99765,0.8784881,1.0282286
28.061563,24.528296,2.3516738,2.2289362
11.605969,13.130131,0.6370402,1.0185969
40.842987,41.020668,1.0566299,1.018212
15.109698,11.796364,2.4643548,1.2096686
28.213665,25.072037,0.96170026,1.0102613
41.418816,33.985172,0.6754977,1.0175219
89.85688,93.521034,1.3626182,1.2856328
41.795677,40.347225,1.0636089,1.2982574
75.75373,73.010025,2.0116525,1.8928154
65.12233,65.06434,2.8145096,2.771082
79.54293,72.33444,0.8493804,0.95423615
21.57753,10.082119,2.986241,2.4782748
38.071667,40.638504,2.5173817,2.5452595
73.1953,78.79137,2.5546277,2.6170807
12.193393,13.2985,1.4116687,1.081316
37.411507,34.58439,2.924096,2.8234594
50.727207,50.01025,2.9290626,2.9645972
48.033054,48.71411,2.0474813,2.0629735
48.909527,47.310394,2.6794872,2.7895265
82.822525,84.48342,1.0364765,0.9373414
1.6424319,8.527573,0.7197071,2.2259042
99.435646,98.48872,1.808174,1.7884274
48.08646,44.29085,0.54681253,1.1373326
62.68062,65.41844,1.3820779,1.0045819
63.45399,67.25215,1.850501,1.8897997
32.610123,32.486282,1.833668,1.7862499
85.055824,89.11483,2.1548622,2.152242
47.94862,42.625893,2.9459367,2.6888022
6.153164,16.380291,2.4789195,2.4206173
69.923546,69.477516,1.797448,1.7016425
84.993835,82.958984,0.71439016,0.89051896
91.6294,87.015884,0.7173996,0.9653727
15.37866,20.68599,1.6864568,1.2035167
53.847572,55.559513,2.4983883,2.4996781
75.89965,94.011154,2.6845474,2.8412519
91.18318,92.83255,1.2101924,1.206244
51.170303,56.478485,2.8589203,2.8076985
88.55329,90.486725,2.444018,2.466711
64.741806,67.806625,1.1667076,0.9802913
79.78194,89.0139,1.4182594,1.0050883
23.841888,24.71561,1.6364071,1.273769
23.47338,28.9554,1.7864788,1.0331433
21.09813,24.192457,0.72314453,1.043829
17.605017,20.056137,2.5994976,2.5290382
49.71671,51.660057,1.2381985,1.0223234
13.085875,9.018002,2.566602,2.287651
21.394312,20.863523,2.354002,2.2873998
21.126894,19.755394,2.6755018,2.1098382
14.21968,15.341049,1.2778947,1.1671174
69.30923,69.71613,2.0327501,2.042888
36.182945,36.475792,2.3208532,2.3012104
50.335426,50.913906,1.1006958,1.0625126
86.1963,87.11589,0.96122676,1.4421198
86.22838,89.260765,1.2619966,1.5926155
56.17049,48.148567,0.7212118,1.0062702
29.335709,33.22193,1.359259,0.9872629
74.562965,79.62417,1.1652427,0.9910054
30.31614,33.98172,2.010072,2.300119
10.222992,6.233631,2.549545,1.7992742
66.30181,68.071815,2.4539087,2.4525256
82.632996,89.56474,1.27259,1.0397196
26.20414,20.439863,2.565316,2.5818288
97.856255,96.73651,1.989731,1.9757342
73.721405,72.96623,2.4490337,2.4356964
29.371117,27.271528,0.55643153,1.3516188
17.578465,16.278214,0.77932346,1.0717977
13.198803,13.801155,2.406581,2.447106
77.78479,69.800934,0.791484,1.1809912
90.40681,89.94272,2.3612227,2.4163277
8.581321,6.5396767,0.65614235,1.214995
7.4440584,4.58239,2.7482378,1.9168745
30.849377,28.924143,0.81034386,1.1807894
82.44251,82.373886,2.3437319,2.1814806
19.402729,20.853676,1.1885715,1.358011
32.77434,17.309547,2.9468424,2.748962
37.98851,36.505333,2.1261704,2.241564
2.7953837,3.9466476,1.8982912,2.0870075
50.60722,50.83185,1.027847,1.0398746
54.174473,56.717964,1.6134182,1.5151933
32.6463,25.608402,0.6457899,1.0940484
93.82951,92.83082,2.8310192,2.8123474
58.388367,59.142563,2.75242,2.7324655
89.70183,92.63816,2.5951214,2.6051416
11.343687,19.117311,0.6551934,1.2378597
41.11151,43.284157,1.9213398,1.80859
15.203265,10.666523,2.9804175,2.128509
39.012028,42.61758,1.0426717,1.0354737
56.59576,56.047977,2.2134757,2.201129
45.43733,39.251175,2.1797235,2.061835
0.53878856,9.494984,2.1743965,2.1542575
49.745903,55.95937,1.4921657,1.0902038
82.870766,83.638336,1.8508439,1.846431
52.276115,55.574013,2.5262027,2.6577172
3.6874948,4.670498,2.0636,1.7169093
4.376863,4.8085976,2.8488235,1.7439365
18.311886,13.034931,2.9507613,2.574194
80.43567,76.86619,0.8547916,1.1010629
62.33824,59.39247,0.5261994,1.0292078
83.77891,85.31825,1.0364199,0.9370308
10.757943,16.83368,1.3619802,1.0107657
95.2914,97.39985,2.0704026,2.149383
19.495792,13.236279,2.22119,1.957659
12.517177,12.867043,1.9305574,1.9135692
20.937763,17.233227,0.6725526,1.2617515
4.7133107,2.062687,2.8600812,2.223271
92.39206,85.28177,2.943417,2.864581
84.41752,77.00687,2.546086,2.5626514
40.58085,35.118393,2.9905007,2.8157678
91.484474,92.33614,1.1918677,1.1422296
86.78391,86.29819,1.6787925,1.5355328
37.287136,36.920364,1.9199995,1.931659
88.71224,92.46159,2.9631155,2.9564333
11.788359,5.6235886,2.770834,2.5447772
29.847307,30.332664,1.1562545,1.4222994
45.99412,38.505695,1.8428181,1.7167983
73.891304,77.08705,1.3308744,1.0003011
75.906975,77.214966,2.6169863,2.6224744
77.40399,78.07344,0.90958095,1.1634111
87.01692,92.06699,1.381521,1.1756049
35.366096,36.937916,1.4055487,1.0020409
61.244846,56.96354,2.7562065,2.6388388
36.55182,29.732203,2.6327188,2.654551
56.78017,58.04144,1.9601909,1.9680822
30.42346,24.977806,1.2404603,1.0746114
40.43426,41.79433,1.3317885,1.0391414
56.10296,54.397106,2.4960663,2.4956737
14.935431,9.327221,2.4145937,2.4621022
19.5691,19.516613,0.8372427,1.02429
64.66133,63.237312,0.7877158,0.9757623
73.421005,72.91409,2.3755064,2.356598
47.0816,53.620407,2.5605567,2.5573263
54.59065,61.081547,1.5368404,0.9878857
99.04768,97.8936,2.3696592,2.3731346
81.05823,68.07335,2.7987905,2.6078367
78.17151,84.70068,1.2273121,1.5355406
71.59762,82.83585,1.3684582,0.9215095
86.777054,89.75087,2.514349,2.544216
9.148927,7.078171,2.043439,1.7494175
21.854673,22.112642,1.73047,1.6991546
77.08961,83.98819,1.2375642,0.91986763
84.712326,87.9906,1.7101701,1.7745838
95.85454,97.40957,1.5845017,1.4514695
96.817085,89.35943,0.6382677,1.0250254
22.391973,21.999641,2.307756,2.4186938
59.212486,70.66054,1.2600634,0.9318435
18.347824,17.161312,0.7275854,1.0377879
37.19956,35.477077,0.9397295,1.0299399
70.35473,74.37419,2.5754015,2.6189532
11.196795,9.514378,1.9104395,1.8494686
72.07555,76.48703,2.34345,2.4076893
11.526749,13.196693,1.5748752,1.0599821
80.79728,86.47094,1.5788145,1.1196976
26.66272,31.448448,1.4436276,1.7542671
1.2635825,10.4578705,1.1783131,2.0359068
75.94118,69.10245,0.68761444,1.154782
87.84529,81.71011,0.562024,0.85937345
80.50184,84.863266,2.1037295,2.1798449
91.41125,92.90772,1.5916588,1.5706543
54.267212,63.80236,1.4874225,0.92730397
45.537548,45.74051,2.43509,2.4314034
28.015982,22.785467,0.80577624,2.1586401
62.295406,52.487442,0.65830463,0.9809533
75.42752,84.528305,1.0950776,0.8897726
75.974976,82.58961,1.5588723,1.458087
21.20024,22.602106,1.3103302,1.5718573
79.336525,80.93589,1.396184,1.6589593
77.67391,78.69834,0.852713,0.9031697
90.55214,91.8725,0.82139057,1.0673773
41.11991,43.666985,1.6876965,1.6924405
43.75744,42.126213,2.5808873,2.5223951
77.04966,88.2363,1.5321759,1.1440799
53.130005,57.284416,1.5604507,1.0887282
1.407984,6.4060936,2.7073824,2.1741617
51.839123,48.109795,0.7221827,1.026875
95.685524,92.017105,0.93179524,1.1688435
81.06507,84.403984,1.312669,0.9111504
19.582012,27.894968,0.95113146,2.2216399
83.62604,87.354225,2.7532191,2.7686477
17.131433,12.111164,2.7845905,2.5184593
29.360786,27.97295,2.843518,2.802444
14.101128,13.4664955,1.9733429,2.010466
59.265347,62.378876,1.1131657,0.9787345
99.96646,94.50644,1.1024063,1.287532
31.604347,32.440094,1.817564,1.1723425
38.914795,44.65896,2.4052203,2.485622
51.132385,35.50733,2.8800483,2.6143117
4.8265266,2.7209015,2.616668,1.7192402
44.330807,40.708885,2.7268972,2.5668252
62.9353,65.856964,2.6377637,2.6470203
31.127771,31.427929,1.8174835,1.6684351
22.553396,19.782665,2.5075054,2.4844153
51.612095,48.718296,0.79101443,1.0292587
87.2379,89.2334,1.9317456,1.9523575
62.772,68.79486,2.0808997,2.159777
57.27388,56.824726,1.8695792,1.8633031
54.745304,48.06943,0.7684337,1.2196991
71.949615,81.59589,1.2044141,0.8841054
34.657135,35.927578,2.278751,2.5110838
45.096233,34.4702,2.9136784,2.8069005
92.80417,93.652,1.1507689,1.3668566
55.556488,57.857815,1.1076691,0.97983193
44.737926,45.82752,2.6964428,2.786097
53.529675,61.688072,1.3990328,0.9962965
28.153687,27.268547,2.3466055,2.3094687
81.50046,76.46723,2.9180737,2.8623018
90.49599,89.00459,1.7770602,1.6737905
90.200806,94.54069,1.2918028,1.306098
87.87894,89.43538,2.4527495,2.4683845
25.84906,23.5986,0.66091454,1.3744653
97.194145,95.07153,2.7451801,2.679903
40.984707,41.99265,2.9733212,2.9563808
39.40953,40.693787,1.6370472,1.1597047
8.103075,8.597343,2.7080216,1.6378075
53.880318,59.10778,1.8326259,1.7868116
76.95836,73.342094,0.7082983,0.9420356
48.90613,45.76063,0.7768337,1.0316305
91.43836,93.16833,2.5823336,2.5907896
33.026142,28.86161,0.6237797,1.1684773
35.828075,31.528683,0.70855045,1.0264411
44.90188,45.539234,2.491082,2.3289225
37.518967,47.862087,1.3905873,1.0031292
93.59108,91.27048,2.9526136,2.9136539
37.17008,34.608013,1.6471848,1.8087518
37.653282,39.535065,1.8047469,1.8639474
21.874441,20.251574,2.7427864,2.692787
74.99239,75.41465,2.847128,2.7702096
57.74391,71.09192,2.6879454,2.7960207
51.440807,59.032543,1.4517827,0.9803365
38.68564,42.081608,1.0911815,1.0667174
14.187904,9.85672,0.9376448,1.3584218
69.981445,70.36267,1.7591714,1.8023936
45.332005,47.01145,1.7805551,1.8246802
80.10612,76.99945,1.8650253,1.8569193
88.94239,93.31851,1.5629402,1.2386954
47.351635,45.31919,2.0624053,2.1220791
90.34729,86.219795,0.5626324,0.94502586
42.40874,42.45324,1.7464596,1.713333
93.587814,85.475006,0.5675343,1.0127755
89.17792,93.21327,1.8850254,1.8879849
86.49935,82.21399,0.5015692,0.8787742
54.86781,59.05564,2.8703704,2.85996
92.836426,88.33829,0.89283174,1.103426
12.101423,10.573696,2.8316371,1.5714418
29.714577,27.686018,0.7535318,1.0331059
91.409676,89.31416,2.6204715,2.5828974
43.38688,39.590927,0.64633226,1.0244491
38.97444,37.720726,2.3017247,2.2687974
87.62117,81.746,0.5293349,0.9573004
43.51106,40.0108,1.8419423,1.917875
15.796639,17.088013,2.440399,2.7089236
79.70893,84.81606,2.0299344,2.1973217
42.540146,40.275604,0.60136503,1.0054853
89.82162,89.743515,0.8675469,1.0432384
41.042572,31.25904,2.6188147,2.3438122
24.872862,22.129786,1.7157853,1.908984
83.94662,85.502884,1.139612,1.443137
45.093006,42.57421,2.7190652,2.715816
96.89722,96.99106,2.528594,2.5287027
92.44362,96.54452,2.1411083,2.2097414
36.456535,37.879505,2.5837376,2.556811
38.24341,35.452682,0.62993175,1.135778
42.00915,42.11632,2.3133492,2.3118079
69.13074,61.426743,0.5051816,1.0023987
34.75337,41.653294,1.4944415,1.8407705
82.7955,83.77229,1.7054647,1.7414066
94.51166,94.7018,2.761383,2.7610335
7.9375176,9.055489,2.1873376,1.9912055
97.06828,90.005394,0.68217105,1.0179433
27.458393,24.679285,0.5553838,1.0168499
20.55212,16.381939,0.5381523,1.1961213
9.835635,8.487038,2.841939,1.3806977
98.32852,96.199326,2.6816046,2.6891258
20.592093,20.799213,1.8408123,1.576757
12.420352,10.801384,0.6573071,1.2197475
45.25596,43.75526,1.0446321,1.0146346
37.639874,40.153778,2.935444,2.9433637
77.40512,75.49922,0.82246923,0.96886796
94.286644,93.77745,1.193835,1.2553449
54.327988,58.18067,2.3996494,2.503337
65.57889,65.896255,0.8570201,0.95326644
0.13946854,1.0420799,0.7036543,1.1797357
60.84256,59.5287,0.92730266,1.156218
98.81215,96.30142,1.6223098,1.4834023
23.837027,20.521137,1.9699908,1.7887194
2.462356,6.1413536,2.7947147,1.5297092
65.14913,62.155685,2.8000064,2.7293978
59.00899,66.42619,1.2769244,0.964203
57.201973,63.039856,1.4228046,1.0137644
96.31229,95.44124,2.7837803,2.7441716
64.98989,75.62601,1.6023887,1.115211
38.191105,29.836473,2.6403265,2.6408796
36.324024,46.750042,2.860874,2.945222
37.368923,36.796246,1.1160506,0.9911932
36.942314,38.884315,1.2111751,1.3855121
63.026817,67.33349,1.4349172,0.98979175
46.958183,50.31743,1.6581364,1.0606507
61.406757,66.85741,2.7197793,2.7384276
39.85975,42.208565,2.4480941,2.341159
53.017067,55.560776,1.4335763,1.3073139
99.548134,97.42408,1.5397732,1.4728281
67.42851,65.17282,1.0761031,1.0512385
99.39617,96.91481,2.11495,2.0656486
39.073383,39.355522,2.343646,2.3283272
61.34536,52.077034,2.703413,2.5564587
59.583794,66.05357,2.3890834,2.345492
40.264927,42.91766,1.3459201,1.1831986
1.030729,1.9085083,1.5911595,2.0976176
28.75907,29.18302,2.4664426,2.4100168
81.49781,86.41864,1.8806316,1.9434112
43.01169,43.984535,1.4164122,1.2192597
20.616219,22.35041,1.1858237,1.0059085
79.610794,88.01413,1.5625942,1.0692945
4.408512,7.1734505,0.9620488,1.748122
84.09273,82.98157,1.9188381,1.9347097
19.013231,17.092922,2.4163651,2.0256038
94.09844,95.22792,1.3796186,1.317733
5.869501,5.962963,1.6291887,1.1975682
6.628873,9.76247,0.88736546,1.1543497
75.74222,69.85782,0.7105272,0.9580453
70.04658,83.56963,2.5283997,2.6130857
79.26104,79.96333,2.5794108,2.5798786
55.850945,54.832687,0.79129374,1.0014263
76.24706,80.626785,1.6270176,1.1185375
15.409323,6.6414948,2.4365506,1.791912
28.513567,23.282738,2.360897,2.3765817
84.73007,88.04081,2.6493456,2.6665304
35.4711,33.734222,1.0232106,1.0310577
25.61285,23.301949,1.6806165,1.1281631
33.140003,35.532215,1.8127207,1.7387238
64.71989,62.914875,0.59827787,0.97626114
72.713394,73.32794,2.2568965,2.2672887
51.711773,56.533993,2.7329314,2.7511406
48.602882,45.460934,1.0659602,1.0140336
90.88339,92.94413,2.3676054,2.3892841
79.30197,79.403206,1.8676775,1.8784246
82.567,88.28052,1.5869294,1.2376466
51.73109,52.32801,2.2333424,2.202699
85.1911,84.01929,0.82511735,0.8913919
82.91419,77.74863,0.7942444,1.1988323
27.869043,29.393032,1.2814368,0.9924398
75.017555,76.47069,1.9344089,1.9495811
98.62801,95.62106,1.761964,1.708479
76.028275,76.37497,2.947582,2.9278393
68.069466,75.51084,1.2951492,0.91781574
83.0989,83.03689,1.8576672,1.8866743
58.32251,58.717827,2.0635862,2.0567255
3.8959255,5.6262894,2.9692626,2.9635634
45.794415,48.338333,1.3519076,1.0609529
96.08536,89.522896,0.74418175,0.995992
97.29822,95.20857,1.1565866,1.3044242
10.756915,9.911312,0.66006273,1.0907912
17.879229,13.86673,2.965865,2.0296633
38.320175,33.763977,2.179988,2.2991495
48.400635,50.672333,1.2512823,1.0237727
66.84556,64.82396,0.5496223,1.5781646
73.003716,78.48533,1.1055818,0.9086529
83.44046,85.810616,2.185875,2.2294967
30.797043,27.8878,0.81176466,1.1738162
26.823257,27.005596,1.162409,1.0968673
93.60059,94.512726,2.229244,2.2923605
27.18012,25.313446,0.516712,1.0871445
0.008608005,10.074966,2.456067,1.6060257
64.317055,50.069492,2.8658981,2.5713081
25.338251,23.589167,2.7705007,2.6934202
10.081579,9.965973,1.3237032,1.3477718
88.58481,94.72485,2.2355855,2.3339305
89.387474,89.16608,2.996923,2.9639382
6.19434,8.391201,2.1362586,1.8464789
23.306011,21.549685,1.2106749,1.0621754
75.77347,77.708115,0.92798895,0.9042379
52.870354,50.58539,2.158217,2.0547948
2.7488532,9.617462,1.309454,2.7895312
47.080673,42.19858,1.8998924,1.579367
67.19474,70.106285,2.931279,2.9178154
80.262085,77.66488,2.0297382,1.948244
97.86271,97.343994,2.763799,2.7406518
98.20744,96.64158,2.3160012,2.2067094
38.00741,38.004425,1.2620667,1.0197258
86.70365,86.24344,0.8531245,0.9084899
20.033672,19.052618,0.7799206,1.2409976
53.955406,53.524876,2.3375013,2.341669
16.1998,16.984161,1.5245035,1.0323864
56.74,56.601032,2.1066427,2.1058128
99.568954,96.293015,1.7716023,1.7009776
51.969578,46.802868,2.9477034,2.8660088
40.588593,40.377464,1.7577673,1.7497097
93.31078,94.53671,2.1437793,2.150899
80.055016,78.84461,0.8164964,0.95058185
27.71273,26.927528,2.467666,2.6365933
67.03072,79.69519,1.5831,0.90413666
28.24441,18.315876,2.9657936,2.8011985
15.913646,9.482727,2.1005523,2.5840006
55.41887,52.170155,2.845855,2.7801037
5.15854,7.7349167,0.7724284,2.2839143
42.428207,42.32727,2.2769856,2.2656925
52.037903,48.813972,2.2549725,2.219884
91.2501,86.28122,0.7590796,0.91485655
35.22534,31.296549,0.8910503,1.0139335
16.393188,16.512653,2.186827,1.9955755
95.28491,96.215866,2.0267775,2.0451741
10.437994,10.631615,0.84684145,1.2106814
13.333667,11.569023,2.417667,2.1872654
51.680992,54.749153,1.1539049,1.140538
20.005354,16.92667,1.9315082,2.2429957
77.81543,78.28285,2.269238,2.289283
23.996819,24.550468,1.3336574,2.0462606
50.46867,49.078857,1.1345763,1.0269043
15.405539,13.6678505,1.0056119,1.0942316
53.713997,54.98734,2.8040326,2.6833384
93.961555,87.365295,0.5050201,0.92942977
36.26502,15.613865,2.7464917,2.5889173
43.63817,50.92448,2.752521,2.7751098
2.4841106,10.038033,0.8970775,1.9692498
80.35345,80.16376,0.7973846,0.9001733
16.406116,14.6886635,2.225643,2.4891706
8.544453,11.972229,1.9185753,2.0959568
90.59871,97.1611,1.5194775,1.5863131
3.6242573,10.279102,1.6942052,2.1699867
94.82092,94.71405,2.2136035,2.2211945
59.874893,65.29504,1.2980566,1.0036411
64.29252,63.45492,1.8007675,1.8048168
58.595875,58.566753,2.1706734,2.107128
98.84087,96.635315,1.898843,1.8870404
39.873848,42.601208,0.76677805,1.0220068
33.008873,31.257822,2.4647543,2.4762082
5.561489,4.065033,1.4195442,2.0901172
5.6748343,6.076149,1.2619016,1.3162956
44.017204,42.67977,1.937812,2.1167
97.82954,92.13229,2.28529,2.1838112
12.862059,13.125687,2.4047623,1.3582479
68.27438,68.47273,2.9293425,2.890818
0.5700323,2.485958,0.88998467,2.334835
32.8858,33.786972,0.96779674,1.0009503
14.867939,18.4962,0.5518307,1.030966
5.5922475,9.527531,2.1580477,2.3199506
13.868275,14.120071,1.9366544,1.9379613
62.936886,60.564716,2.7089298,2.7162657
2.8939543,9.961109,0.7872349,1.3738953
7.0099034,7.971161,2.9369304,2.871739
15.433994,15.568748,0.65142494,1.7312444
69.68629,70.83998,0.97049767,0.95288837
16.629004,16.488617,0.76001066,1.1881565
21.580711,18.145018,2.4119432,2.1836174
96.20529,88.5155,0.71282226,1.0854297
21.400303,30.457651,2.805288,2.8833919
21.780842,23.303905,2.506762,2.4338782
5.364354,10.582817,2.4112687,1.8834774
44.19712,40.61074,2.7745523,2.7415397
48.665306,47.890152,1.7657061,1.7447658
73.631256,67.00358,0.69731545,1.4798533
73.43332,78.58154,1.1688472,0.92332757
80.46627,78.92311,2.1895514,2.1873095
70.878586,83.379036,2.385822,2.6090841
44.343914,28.22432,2.9626725,2.397222
12.490638,8.327198,0.66023904,1.3073646
13.406962,10.144131,1.0636505,1.6048651
42.92536,40.91697,1.1180869,0.98950326
36.405277,34.94278,1.4773784,1.0113297
65.227,55.961906,1.9317601,1.8209047
5.4069266,19.312174,2.5987742,2.5702043
32.939606,28.824228,0.5197418,1.0388138
5.0526075,4.142437,0.6344548,1.4523517
86.64699,91.16887,1.3139303,1.1605082
27.290882,27.25844,1.9321382,1.9433889
59.611324,62.4328,2.7935724,2.7747474
93.48027,95.818886,2.4824665,2.5002046
26.49739,26.972616,1.0597553,1.832795
51.941463,54.000134,2.5608783,2.5998945
76.02925,85.76689,1.3750017,1.0067334
51.411766,48.431435,0.8042951,1.0545602
20.16575,19.7118,0.9228384,1.4477533
85.17885,83.70734,0.7661006,0.91251457
35.4653,32.26943,0.6596462,1.0667143
28.245955,26.434124,2.5211577,2.480296
58.45261,53.418907,2.7847018,2.6812315
16.542728,16.941216,0.90132934,1.1198307
8.652549,9.081135,0.83493704,1.3399163
99.08533,97.80544,1.6999907,1.6345944
97.60195,98.30332,2.5461414,2.5138018
80.66701,74.74454,0.557455,0.93392783
86.74537,91.22853,1.3885512,1.0612797
85.240486,91.14552,1.3976758,1.0804634
87.32437,87.25015,0.9738938,0.94513696
86.044846,87.306175,1.0940554,0.9286827
15.541788,15.6725235,2.1385126,2.1013248
41.535027,41.611942,1.6244848,1.2596732
97.070335,84.56606,0.6030807,1.0517039
96.788055,98.113205,2.177606,2.2044349
12.848404,14.697777,1.3849882,1.133852
98.078865,93.66749,1.0266707,1.2461283
38.81646,38.330185,1.3783004,1.5632331
20.566084,18.654915,1.3696282,1.6588511
45.12331,46.7635,2.1438744,2.2114263
6.5334907,11.12188,2.715352,2.7542443
80.286385,83.07149,2.0929272,2.14273
64.7269,67.37964,1.0293717,0.95058274
18.860575,14.935436,2.142883,2.2947378
93.68678,94.47174,1.2989944,1.2955196
77.18363,85.39698,1.5398135,0.9482688
31.519373,31.098408,1.7906073,1.2324609
52.65189,52.21615,2.681147,2.7539735
69.68651,68.21313,2.9808931,2.9439924
50.19201,42.713326,0.50833553,1.095595
92.65778,93.54953,1.2295742,1.2032003
54.14683,58.436806,1.2337339,0.9752289
21.655045,21.778467,0.97824305,1.0981786
18.089418,9.784554,2.7152045,2.7122226
77.92985,81.80568,1.574114,0.9065019
86.36987,93.76672,2.560496,2.702475
53.072166,56.979046,1.8569684,1.9945486
92.222855,95.905045,1.5309135,1.3943627
97.234604,96.51076,2.178008,2.1799119
50.099052,49.748055,1.070454,1.03775
10.338372,4.3648453,2.7327359,2.1333563
31.51153,34.137276,1.4076746,1.0307915
42.53881,40.842247,2.3915052,2.2830067
11.4923,15.334618,1.53625,1.159844
69.292725,76.796074,1.9200922,2.0549378
17.205599,7.5586853,2.814077,2.2462227
53.676598,49.877277,0.811893,1.0735961
34.640644,38.545895,1.516251,1.0160728
11.042471,11.198727,1.1696489,1.0095832
37.17988,37.937748,2.2783995,2.2716446
36.108917,34.972443,2.696804,2.621285
46.7611,45.690174,1.002053,1.0376339
69.57512,75.83299,1.5936313,0.90925217
9.915298,5.2766457,2.424584,2.495279
79.18639,82.650276,0.93598396,0.87336546
79.98496,81.88919,2.280462,2.3188117
38.642838,31.779268,2.7397623,2.6916106
38.461323,57.336727,2.5511174,2.7376568
73.09151,76.66153,1.8382723,1.9615335
37.168507,31.494432,0.7822469,1.620553
39.978077,34.27426,0.8077982,1.1677079
93.96282,94.78223,1.3748702,1.4703941
89.03375,89.46271,2.1452978,2.1743543
82.71067,81.278175,0.81637263,0.9149566
60.784756,69.14142,1.2225617,0.9758674
99.13848,97.91084,2.0352921,2.0384388
21.004248,18.498564,2.7086158,2.660872
69.697815,79.88455,1.4727612,0.9073383
44.702198,47.05502,2.0977566,2.2433693
53.400265,51.537384,0.7574316,0.9976304
42.42645,44.760956,1.9155506,1.7996016
71.995544,71.96447,1.925123,1.8437133
80.61262,88.27864,1.3231727,0.95830554
56.316185,54.90623,2.5120163,2.481595
86.87144,87.905464,2.943361,2.9188113
43.668472,43.07988,1.8991883,1.9742975
91.97988,93.105,1.3302263,1.1599892
51.128235,51.427307,1.8275435,1.8465605
92.60373,96.17258,2.3409755,2.4453826
9.920914,8.1849785,1.4108797,1.624151
28.975277,33.879658,1.5968122,1.7355658
91.18384,92.0419,2.389199,2.4224463
76.60587,80.13473,0.7609135,0.8666807
19.621647,13.5948715,2.9440386,2.7160022
59.56565,63.195305,2.4967558,2.5465283
40.667805,50.94487,2.5374854,2.6841426
25.690277,28.089996,1.4101777,0.99739796
40.402924,40.824074,1.9796203,1.9852337
30.635689,29.583637,1.7993379,1.6650118
82.3855,82.80729,0.8663879,0.88499457
13.854583,18.399845,2.1585836,2.5923417
10.871221,10.606533,0.7264727,1.420879
80.597916,78.79789,1.8952342,1.937526
34.96593,32.49186,0.8911721,1.0455003
38.315536,42.667793,1.4111543,1.0363026
78.641304,73.307594,2.2918603,2.1979034
29.335623,28.91993,1.1669884,1.032096
15.646983,24.40553,2.454836,2.530211
57.55626,68.47324,1.3350484,1.0665579
8.290054,8.827576,0.8955753,1.6462673
16.504976,14.651638,1.2875872,1.9773217
64.60031,68.625046,2.4802864,2.4498017
45.453953,50.021,1.6083637,1.592693
29.200502,27.886053,0.7400862,1.1324115
83.30662,88.14986,0.9607053,1.0139593
74.52999,76.5616,1.0333368,0.916284
8.379347,9.517746,1.128833,1.1957886
93.09851,96.98259,1.863844,1.8612728
7.945641,8.504372,0.6173161,1.3482028
12.5466795,15.612568,1.4698373,1.820937
71.64248,70.53241,0.88310933,0.97388643
48.95665,50.243393,1.3429688,1.012813
50.939323,57.137947,2.9053688,2.9616544
19.176353,20.613947,1.8317375,2.1485014
57.635895,59.13127,1.2307097,0.9988074
71.31395,65.36647,0.7447333,1.5348734
78.38537,81.46226,1.5640799,1.666366
67.14558,78.14505,1.2701344,0.92430675
32.482212,25.2788,1.9560521,1.9417291
87.87724,88.47218,1.95509,1.9793981
65.8483,68.39533,2.7189326,2.745489
80.044914,91.01335,2.033359,2.135336
87.71048,90.05124,1.9067641,1.9454056
46.70888,46.244392,2.2079487,2.1275103
85.49394,87.16194,0.9648723,0.9286075
47.18703,46.309982,2.8457704,2.8061986
29.159533,24.310007,0.5371689,1.4570854
83.52242,80.274956,2.1651826,2.0900753
35.128822,28.072023,2.7860227,2.845189
98.13307,97.86914,1.423379,1.4549508
70.55395,68.60674,2.4180326,2.3375585
6.1146507,9.652821,2.7675421,2.497911
55.10387,59.671127,2.7546394,2.8376327
74.64335,83.731125,1.329938,0.89770603
52.8671,52.458725,1.7534341,1.1088006
70.53015,71.19133,1.1743175,0.94595474
74.279564,76.86522,2.6838512,2.7184038
91.365746,93.60304,1.7012806,1.7412646
83.46355,83.64767,1.7413303,1.7657675
75.0104,86.34271,2.1133955,2.3753142
87.374535,80.44372,0.5164643,0.88830173
21.624653,16.131618,0.5505072,1.2120856
45.47103,43.92813,2.16181,2.1265898
92.94975,86.41593,0.66884565,1.0190803
11.150308,4.985874,2.9944355,2.499434
93.694,93.13011,2.64897,2.6271546
26.050978,24.793633,0.9301369,1.0260558
0.040583484,1.095604,0.9070554,2.3494136
37.502018,41.210266,1.49603,1.0764353
60.540867,59.08443,1.7497338,1.7539237
72.18053,82.33975,1.3690896,0.8828619
56.389805,61.482746,1.3959109,1.0104337
24.606766,22.657843,1.1222247,1.0328252
31.078537,24.038357,0.56777203,0.989062
95.77567,95.6001,2.0958076,2.1031249
92.66722,96.89162,2.0943177,2.1891885
26.79033,22.687943,1.1656475,2.0057635
92.9604,97.39734,1.4716709,1.4585184
54.353485,52.05545,0.9898202,1.072914
50.627026,44.6746,0.97879493,1.3234894
28.064545,20.824745,2.6709814,2.7648597
75.02654,76.91952,2.6363218,2.567297
36.44725,37.443195,1.1215757,1.01579
65.517296,67.79272,2.5963547,2.5929327
49.213966,55.405018,1.0288988,0.96719855
15.527499,8.4099045,2.7742417,2.661669
90.511215,96.01393,1.4067571,1.364095
20.71676,20.179659,2.0168734,1.9176966
48.10414,46.357143,2.367615,2.3122673
89.72098,87.41847,0.71972686,0.94225866
34.246567,33.397156,2.7338395,2.7788684
61.53923,56.756657,0.65468276,0.9957408
29.870636,27.88945,2.93762,2.861368
19.849474,20.236395,1.6434492,1.3014178
40.01267,40.495777,1.1436756,1.0342155
39.87599,45.35563,2.0130336,2.1802807
68.14804,85.284584,2.7010012,2.8351274
58.75782,49.323532,0.58201563,1.3244803
57.313507,51.660797,0.59489083,1.0202065
45.433838,44.171116,2.406132,2.370202
32.34569,36.2217,1.7113134,1.6209943
69.75115,65.68804,2.0504708,1.9441293
72.198944,75.08536,1.1663215,0.91370124
74.935974,75.17981,1.8030176,1.7610393
66.78408,71.52197,1.1793222,0.94179237
16.416094,14.956478,1.7087222,1.0702465
80.7857,83.16321,0.85392755,0.89199865
30.986843,27.76752,0.94210815,1.1081789
32.377934,30.041592,0.8122324,1.1392196
95.22217,94.6133,1.138267,1.2473258
35.64449,42.433704,1.8765799,2.0064533
79.43275,83.16098,2.1331282,2.198535
90.82479,94.527306,1.4416227,1.2847939
67.96832,67.81447,2.141752,2.1439857
0.09309919,4.652809,2.6259735,2.2874093
41.166416,41.195293,1.8856099,1.8714297
57.532726,65.43356,1.5096766,0.9852639
76.643,78.121704,1.7647464,1.7632861
48.27091,48.56453,2.6144834,2.6186552
10.855835,4.5482025,2.9347904,2.5243914
20.404303,11.180855,2.7373762,2.608379
32.2576,30.877586,2.3907733,2.35052
83.62048,78.68211,0.5586644,0.90105015
95.208565,96.59369,1.439121,1.4991256
75.91589,75.8069,1.859377,1.8805237
99.722755,97.42467,1.3653688,1.5358319
51.10817,43.26916,2.6470969,2.5017827
35.300213,35.456985,2.8220875,2.8105612
64.679405,48.637783,2.963175,2.774457
25.308077,31.274813,2.060576,2.154188
52.708645,49.458702,1.9078872,1.9287547
0.5883489,4.8733635,2.1106324,2.2354658
10.884972,10.707836,0.58603173,1.355598
4.9302893,8.899464,1.5122048,2.222609
73.00374,71.91085,2.1350222,2.034583
73.26147,75.57298,2.9872015,2.9017932
86.177216,89.22299,2.0206144,2.0572388
25.852613,32.476875,2.6182098,2.7990878
23.108784,21.188232,0.8933738,1.5984979
10.421404,12.876579,1.6026614,1.06174
91.174866,93.20963,1.3310889,1.6292216
42.540833,45.02947,1.2956163,1.045351
69.64154,65.79744,0.73132557,0.99820703
72.14833,69.56278,1.0267981,1.2728693
92.186646,93.91507,1.5865097,1.4783423
39.893356,29.473707,2.987865,2.5476122
92.61101,87.78078,0.81914353,1.0073156
65.86219,71.072815,1.2521249,1.2450104
89.99088,92.42927,1.4766519,1.6715809
93.23773,91.38369,2.3062534,2.2940855
98.44695,96.98677,1.6142608,1.6117271
19.562674,19.533033,2.1306405,2.1980736
37.921883,36.119915,0.83347124,1.0347658
50.193153,48.357975,2.481535,2.6595404
66.940735,65.972466,2.2502444,2.251233
71.63118,66.08611,2.5872474,2.466222
33.80123,33.92518,2.1451635,2.1293201
29.760534,29.43378,0.8579224,1.0618804
21.5868,18.924013,0.6666244,1.0889843
8.885474,9.183262,2.1790223,2.144111
93.02869,85.11015,0.52399874,0.93644464
19.548367,17.311535,1.0776837,1.1378006
45.146816,49.44511,2.8372593,2.8874254
43.316765,44.47786,2.7002141,2.4140754
11.377194,12.20755,1.4878435,1.8147209
18.065327,10.936001,2.6752677,2.238964
53.02416,49.83938,2.704679,2.588809
40.11128,48.982742,2.5228739,2.7903554
90.05539,93.657364,1.3984485,1.2122875
40.280727,33.62432,2.882543,2.7798195
84.34086,82.325424,2.466757,2.4117405
20.077408,21.799,1.4002287,1.0310059
10.350666,15.233948,1.7549224,1.8874205
80.57748,79.96523,0.7911234,0.8952696
62.51977,65.03308,2.1187646,2.122977
75.71331,68.7116,2.3767097,2.3230832
97.19134,94.95074,1.3589466,1.4712847
60.17872,53.538403,0.57953376,1.0268471
32.505203,33.441532,1.528397,1.8695503
83.992714,76.57131,0.7234323,1.0821859
81.40259,76.04945,0.5030917,0.9150508
90.56292,88.08751,1.866745,1.8363507
72.36645,64.16979,0.517145,0.99529696
26.071934,30.817263,2.1343684,2.2550292
73.70092,78.9966,1.6892033,1.4927596
62.22077,62.781525,1.9454188,1.9627628
62.163765,70.46111,1.5876771,1.1292257
93.34703,95.059685,1.8088553,1.79333
69.16598,82.08532,1.522578,1.0492384
15.761592,17.890652,1.3998435,1.1088607
20.396105,18.299511,1.8942021,1.8018569
57.530464,55.50346,1.0585288,1.310883
95.80644,95.75397,2.21546,2.2095945
11.342929,11.714661,0.686464,2.3230515
24.560863,21.467958,2.4157872,2.3159182
61.830338,59.93956,2.9211278,2.8664594
16.379807,17.104584,2.4673216,2.441064
49.39663,49.798634,2.5017729,2.512723
89.51117,89.9622,2.2714353,2.2742248
93.2747,92.91802,2.3613126,2.344565
42.910362,37.823257,0.7467008,1.0214176
90.71909,92.262024,1.6170236,1.5440812
88.79444,87.902245,0.8432444,1.2706953
7.712587,5.9111824,2.445666,2.2153766
66.92988,72.429375,2.096882,2.106032
41.638496,44.533344,1.5795208,1.1116371
72.61626,79.507515,1.3373998,0.8661019
37.13938,38.69015,1.6870258,1.7800134
77.4356,80.71817,1.6374104,1.45459
58.32826,57.31807,1.8564658,1.8449067
22.088634,21.457579,1.799978,1.8733734
45.892635,48.91268,1.6646905,0.99275434
77.84276,80.52252,2.9027827,2.803218
69.66515,73.424706,2.1423106,2.1194158
41.191956,45.62514,1.3548063,0.9997396
22.653751,22.556288,0.9640488,1.0827963
59.809734,60.32867,1.7140568,1.5705159
34.230972,30.950283,0.6012485,1.2094088
31.316288,29.381891,2.9013708,2.8552947
68.049126,60.234325,0.6584765,1.0080647
64.77105,56.788338,2.3513021,2.246
88.78212,88.40088,2.459276,2.4848776
90.33463,83.13053,0.80405396,1.5886782
90.77988,75.5906,0.59843725,1.2970121
31.668985,35.52642,1.2970629,1.6492479
91.01593,93.46352,1.9961385,2.0169039
88.2342,90.525536,2.7305157,2.7466063
57.051884,60.330925,1.3606291,1.0336277
85.48761,85.11785,0.7722557,0.8942572
85.48627,90.96672,1.5978062,1.0882814
55.90985,49.48784,0.60187125,1.0428615
7.4960766,11.549,0.9480218,2.2859921
29.264505,27.4053,1.3915954,1.0322465
9.29218,10.716877,2.0196643,2.6456385
39.410866,39.61123,2.5752528,2.602427
70.11965,64.389084,0.7148943,1.3558967
62.26243,72.1156,2.0053742,2.0802803
80.81475,74.60855,2.272466,2.2895894
14.093804,15.678047,2.447893,2.686984
36.355972,34.615833,2.0862076,2.1266713
35.433186,34.133705,1.7796743,1.2638004
30.369978,26.237526,0.60099226,1.0646167
84.436966,93.0889,1.3854793,1.1792357
99.774414,92.51315,0.76297325,1.2372022
36.712322,37.20983,1.1911262,1.1167445
12.389809,15.812122,2.206473,2.5468302
43.219112,44.012604,2.0871496,2.1070523
39.550728,29.888145,2.646215,2.394595
35.194412,32.123993,1.3306195,1.0233405
37.75997,37.634243,2.093172,2.0448015
38.377342,34.90944,2.8296545,2.7097704
38.499897,36.38903,0.9505552,1.0558743
69.39588,71.353065,2.8606803,2.9082246
86.48063,93.043,1.3573391,1.1364093
3.0276482,16.108093,0.74752647,2.5392249
54.750362,54.55527,1.8636514,1.9493052
11.785051,10.649967,0.50101006,1.0815592
33.88137,41.58692,2.7805488,2.8218503
53.026115,47.806828,1.9889303,1.960671
65.30177,58.79249,2.5269172,2.4335637
86.94987,85.008446,2.0250642,1.9562851
66.93508,66.13744,0.74253845,0.9754762
52.93985,49.9925,0.79947245,1.0274434
3.975946,11.959648,0.5777414,2.373095
58.892136,60.56983,2.9489,2.913074
59.606583,60.07051,1.0126237,1.0005054
77.28975,87.921814,1.4207083,1.1263379
83.424675,79.75039,0.7079753,0.9245048
19.0289,17.804688,0.8338329,1.1154169
28.84857,19.79075,2.8419597,2.6931717
10.179165,10.289471,0.87474734,1.2466565
23.415895,25.338501,1.4716609,1.0459282
10.48119,15.288998,0.7697937,1.1501266
95.65608,92.07587,0.97523075,1.1568562
57.888096,62.61858,2.470267,2.2859056
49.31167,48.290386,1.1026517,0.98884434
93.44195,88.37225,0.72030854,1.032919
75.454124,78.25448,2.6893575,2.6473022
49.81849,54.47818,1.6519581,1.3756918
67.33138,79.33116,2.770106,2.8111196
59.039154,68.27612,2.8769743,2.9288304
45.701183,48.225384,1.858181,1.8816229
64.94572,65.503624,2.2707944,2.2756207
90.324196,86.48186,0.61747634,0.948702
93.90996,88.02481,0.7937269,1.0519509
54.769432,50.33008,0.67413926,1.0264504
32.24464,34.029514,2.16438,2.1792705
94.43239,94.69262,1.8254151,1.8290107
55.201103,61.608944,2.533135,2.5099897
26.389372,24.25835,2.4447467,2.4231102
42.724606,44.289135,2.5377274,2.5453393
69.485016,82.05824,2.1475937,2.2261972
64.605965,68.44946,1.666644,1.8299053
3.2923577,9.589603,0.5983674,2.6075392
68.001396,67.402695,2.409043,2.554296
79.67174,81.78737,2.2014525,2.2042856
61.0467,60.610237,1.8003771,1.8182845
39.690903,40.793674,2.4132926,2.4114683
62.797207,57.601204,2.672865,2.6352413
49.89324,61.12442,1.5208318,1.658481
5.6211777,10.108971,1.9570723,2.4544463
10.977442,18.764845,2.420437,2.312035
19.06929,19.098555,1.9617004,1.942391
13.374149,13.43232,0.5822612,1.1748395
27.155428,27.920061,1.0025396,1.0240576
30.770947,35.248146,1.4406065,1.0166358
59.19231,52.174667,0.6414814,1.0384929
28.826511,31.52228,1.0437155,1.9860959
44.685875,52.725613,2.4804332,2.7985313
75.74996,71.54454,2.7005994,2.5921366
71.76594,72.18737,2.013239,2.0078392
46.199394,45.979965,1.9475107,1.9180381
4.4294977,10.791027,2.452042,2.6837006
74.020615,68.68481,2.1362464,1.9897532
43.533344,39.99066,1.0403465,0.9983143
70.49247,73.59176,2.0292418,1.8246384
58.195786,59.982567,2.0509002,2.0844312
65.35595,61.870625,1.6228412,1.0270978
92.6304,93.092606,2.4166777,2.4191873
69.598755,80.20672,1.485922,0.91445494
34.4717,29.173199,0.6636489,1.1118712
46.84945,50.29976,1.4610686,1.0299677
51.75013,57.595734,1.3439511,1.0875666
79.03939,85.654785,1.6027594,0.931155
47.10581,47.335938,1.0407897,1.0590477
64.70189,68.588425,2.5638745,2.5341697
97.572876,97.715775,2.3430097,2.366502
73.32196,69.127815,0.57176214,0.9585986
87.224754,90.40956,1.6240308,1.6870667
64.5616,63.06047,0.96428955,1.050832
62.396255,56.123253,2.906006,2.7930152
89.6724,86.01549,0.6974535,0.9083683
40.919834,51.110405,2.7971933,2.9266446
77.0246,75.75336,2.7493796,2.724276
20.637613,16.044964,1.9887428,1.9536521
65.724525,68.475105,1.9337765,1.9105902
23.888653,16.070545,2.7428281,2.5306747
64.762405,65.82835,2.7691422,2.7376466
14.041336,13.010544,2.095651,2.0627773
78.80989,80.56995,1.6629374,1.6398989
56.36596,61.303295,1.3590317,1.0021851
98.559425,94.30459,2.9845583,2.9896662
87.67885,87.96564,1.7360401,1.7543641
92.66246,91.33063,0.94618815,1.1151506
41.541714,43.487,1.2656912,1.0470157
42.968716,41.694145,2.6607838,2.6686735
43.43043,40.554962,0.7526665,1.0283754
18.614815,16.879631,2.4475641,2.1503384
99.427864,89.1124,0.8738109,1.2353995
36.225338,35.879356,1.2603065,1.7559783
38.256073,42.41952,1.4977747,1.0282385
12.480876,10.105423,1.9704866,2.1865191
92.45112,92.11047,2.593051,2.5644069
20.422014,26.560541,2.790988,2.8525763
68.09417,68.047325,2.6460927,2.6030662
70.61752,75.80979,1.6175735,1.2966986
6.0456,6.3107185,0.50461406,0.9955559
49.907555,55.543106,1.3579793,0.99612176
2.5974195,3.102497,1.3838614,1.0825555
44.817123,54.691097,2.1194837,2.47728
4.306005,11.910389,1.7559408,1.4621648
41.772705,42.98101,1.4098686,1.04562
79.173836,80.18531,0.8099839,0.8933964
72.572266,73.26757,1.6858648,1.6401855
63.916565,61.66001,2.9861333,2.9037015
49.10424,40.12335,0.78982574,1.0384094
11.035409,11.005009,2.5572298,2.5306702
58.43285,62.103252,1.3126366,0.96272326
73.88144,77.79154,1.7201805,1.7326624
52.182907,58.155174,1.1063997,1.0175436
90.655334,81.753006,2.4696612,2.358191
86.28059,86.03041,2.0406272,2.0122497
8.344342,15.334061,2.7405605,2.2432437
75.223404,72.459335,2.8591228,2.8592577
66.507385,64.792046,2.321393,2.2698753
99.61357,89.625885,0.52235854,0.95515597
50.634716,50.155037,2.310107,2.2250113
99.48666,95.62044,1.2131516,1.4397424
71.445435,78.82158,1.333617,0.8959548
67.88273,69.37621,2.0498064,2.081501
65.86468,61.3575,0.68668014,0.9972045
11.76461,18.016973,2.00607,2.4081361
53.71672,58.694534,1.6792897,1.8093088
34.546078,33.161095,0.89463234,1.0597637
42.971577,44.314396,2.4252627,2.4450216
94.96688,95.5179,1.0446751,1.3574004
71.81856,66.45969,2.8855546,2.8787813
99.35209,97.33219,1.9334893,1.9573388
79.24339,84.36713,2.0900836,2.1851897
17.891855,8.52356,2.6475701,1.917367
67.375496,70.13149,1.0157506,1.0341792
67.538155,66.57027,2.7355783,2.716845
64.05293,62.63293,2.3017547,2.2698503
6.0548086,10.926277,2.8330686,1.1947815
62.371403,56.71746,2.465264,2.3768868
18.738205,17.376492,0.60127455,0.9875803
87.30773,88.095406,2.1553757,2.1702712
70.96417,66.23558,0.8751551,1.0219193
79.2168,80.920166,2.6666973,2.670747
40.61466,37.394447,1.0906711,1.0917225
42.04244,42.269558,2.8698022,2.8514574
38.018295,41.000435,1.4631647,1.3500053
28.62434,24.147877,0.79421777,1.283459
5.299621,5.858856,1.2422531,1.2251537
17.990091,16.321095,0.58854765,1.1284618
74.39968,84.22986,1.2740821,0.8999076
68.07926,77.67614,1.5860535,1.1041934
49.47282,49.75628,2.6579916,2.6271493
6.5214267,10.91325,0.953472,2.4082718
64.75997,71.12877,1.3078874,0.9594785
25.385628,29.841808,1.6999451,2.048374
27.790863,34.994835,2.8481476,2.9450088
53.17341,53.123676,2.9032702,2.8879838
19.557245,20.782625,1.2847557,1.0642793
9.494133,17.211456,2.611914,2.8018622
82.20533,82.93433,2.4737043,2.537762
62.18779,61.59576,1.0181946,0.9757392
40.907394,41.041504,1.918127,1.9155979
56.767242,60.70197,1.3080653,1.0033851
41.334183,41.031498,1.7595836,1.7429287
27.490532,29.714077,1.1600562,0.99386233
4.9619203,5.9944077,1.7492539,2.571854
23.620163,21.745543,2.077091,1.9915621
7.188963,6.260376,1.0631334,1.2980226
21.496807,20.514563,0.93371415,1.0535672
74.47807,79.841,1.124463,0.91977346
88.64228,92.10007,1.5268776,1.3311466
27.568697,28.012924,1.9171792,1.9217834
74.161316,74.23316,1.8650421,1.8874002
60.341057,65.40236,2.92239,2.9525886
7.823578,12.728558,2.4881256,2.5664098
67.59153,64.98115,2.874314,2.886193
88.39225,90.05669,1.0801617,1.0356026
26.557783,22.3252,0.9669719,1.1725354
41.541973,41.690884,1.6559659,1.6793671
41.17818,37.462704,2.0984488,2.093164
54.150513,54.28004,2.1384745,2.1100807
86.030174,86.76755,2.421123,2.424859
27.311619,28.692951,1.1176276,1.2993139
47.66796,48.060947,1.6627674,1.2209458
19.369741,13.465473,2.0651243,1.9806833
94.40708,94.70194,2.58068,2.590022
34.156754,33.48134,2.7289183,2.7059202
95.54311,95.70794,2.7357218,2.7498963
75.920074,74.97991,2.7065434,2.6434624
18.380163,17.73428,1.2735881,1.6644723
84.63369,91.78017,1.4451392,1.1147513
2.275655,5.4644356,1.031943,1.8089117
6.845008,12.061699,1.8701516,2.685089
76.25646,89.91614,1.4218197,0.9830127
37.4538,41.09669,2.690184,2.6085906
10.114531,10.274181,1.8750246,1.8362157
16.01141,19.759752,1.4246172,1.8814363
75.291916,79.693184,0.8785904,0.8915123
72.236244,80.46534,1.369315,0.8823749
66.51678,72.484856,2.5811517,2.5207586
